year,round,GP_name,quali_pos,gap_to_pole,constructor,driver,position,driver_confidence,constructor_relaiblity,driver_champ_pos,driver_champ_points_ratio,constructor_champ_pos,constructor_champ_points_ratio,driver_recent_form,constructor_recent_form,driver_form_momentum,driver_track_form_delta,lap_pace_delta_s,constructor_pit_time_s,constructor_mech_dnf_rate,driver_acc_dnf_rate,is_street_circuit,active_driver,active_constructor
2018,1,Australian Grand Prix,3,0.674,Ferrari,Sebastian Vettel,1,0.9,0.9,0.0,0.0,0.0,0.0,0.0,0.0,0.0,0.0,0.0,0.0,0.1,0.1,0,0,1
2018,1,Australian Grand Prix,1,0.0,Mercedes,Lewis Hamilton,2,0.9,0.9,0.0,0.0,0.0,0.0,0.0,0.0,0.0,0.0,0.0,0.0,0.1,0.1,0,1,1
2018,1,Australian Grand Prix,2,0.664,Ferrari,Kimi Räikkönen,3,0.9,0.9,0.0,0.0,0.0,0.0,0.0,0.0,0.0,0.0,0.0,0.0,0.1,0.1,0,0,1
2018,1,Australian Grand Prix,5,0.988,Red Bull,Daniel Ricciardo,4,0.9,0.9,0.0,0.0,0.0,0.0,0.0,0.0,0.0,0.0,0.0,0.0,0.1,0.1,0,0,1
2018,1,Australian Grand Prix,11,2.433,McLaren,Fernando Alonso,5,0.9,0.9,0.0,0.0,0.0,0.0,0.0,0.0,0.0,0.0,0.0,0.0,0.1,0.1,0,1,1
2018,1,Australian Grand Prix,4,0.715,Red Bull,Max Verstappen,6,0.9,0.9,0.0,0.0,0.0,0.0,0.0,0.0,0.0,0.0,0.0,0.0,0.1,0.1,0,1,1
2018,1,Australian Grand Prix,8,2.368,Renault,Nico Hülkenberg,7,0.9,0.9,0.0,0.0,0.0,0.0,0.0,0.0,0.0,0.0,0.0,0.0,0.1,0.1,0,1,0
2018,1,Australian Grand Prix,10,0.925,Mercedes,Valtteri Bottas,8,0.9,0.9,0.0,0.0,0.0,0.0,0.0,0.0,0.0,0.0,0.0,0.0,0.1,0.1,0,1,1
2018,1,Australian Grand Prix,12,2.689,McLaren,Stoffel Vandoorne,9,0.9,0.9,0.0,0.0,0.0,0.0,0.0,0.0,0.0,0.0,0.0,0.0,0.1,0.1,0,0,1
2018,1,Australian Grand Prix,9,1.897,Renault,Carlos Sainz,10,0.9,0.9,0.0,0.0,0.0,0.0,0.0,0.0,0.0,0.0,0.0,0.0,0.1,0.1,0,1,0
2018,1,Australian Grand Prix,13,2.841,Force India,Sergio Pérez,11,0.9,0.9,0.0,0.0,0.0,0.0,0.0,0.0,0.0,0.0,0.0,0.0,0.1,0.1,0,1,0
2018,1,Australian Grand Prix,15,3.339,Force India,Esteban Ocon,12,0.9,0.9,0.0,0.0,0.0,0.0,0.0,0.0,0.0,0.0,0.0,0.0,0.1,0.1,0,1,0
2018,1,Australian Grand Prix,18,3.472,Sauber,Charles Leclerc,13,0.9,0.9,0.0,0.0,0.0,0.0,0.0,0.0,0.0,0.0,0.0,0.0,0.1,0.1,0,1,0
2018,1,Australian Grand Prix,14,3.066,Williams,Lance Stroll,14,0.9,0.9,0.0,0.0,0.0,0.0,0.0,0.0,0.0,0.0,0.0,0.0,0.1,0.1,0,1,1
2018,1,Australian Grand Prix,16,3.368,Toro Rosso,Brendon Hartley,15,0.9,0.9,0.0,0.0,0.0,0.0,0.0,0.0,0.0,0.0,0.0,0.0,0.1,0.1,0,0,0
2018,1,Australian Grand Prix,7,2.175,Haas F1 Team,Romain Grosjean,16,0.9,0.9,0.0,0.0,0.0,0.0,0.0,0.0,0.0,0.0,0.0,0.0,0.1,0.1,0,0,1
2018,1,Australian Grand Prix,6,2.023,Haas F1 Team,Kevin Magnussen,17,0.9,0.9,0.0,0.0,0.0,0.0,0.0,0.0,0.0,0.0,0.0,0.0,0.1,0.1,0,0,1
2018,1,Australian Grand Prix,20,4.131,Toro Rosso,Pierre Gasly,18,0.9,0.9,0.0,0.0,0.0,0.0,0.0,0.0,0.0,0.0,0.0,0.0,0.1,0.1,0,1,0
2018,1,Australian Grand Prix,17,3.392,Sauber,Marcus Ericsson,19,0.9,0.9,0.0,0.0,0.0,0.0,0.0,0.0,0.0,0.0,0.0,0.0,0.1,0.1,0,0,0
2018,1,Australian Grand Prix,19,3.758,Williams,Sergey Sirotkin,20,0.9,0.9,0.0,0.0,0.0,0.0,0.0,0.0,0.0,0.0,0.0,0.0,0.1,0.1,0,0,1
2018,2,Bahrain Grand Prix,1,0.0,Ferrari,Sebastian Vettel,1,1.0,1.0,1.0,1.0,1.0,1.0,2.0,40.0,0.0,0.0,-1.4425,21.604,0.0,0.0,0,0,1
2018,2,Bahrain Grand Prix,3,0.166,Mercedes,Valtteri Bottas,2,1.0,1.0,8.0,0.16,2.0,0.55,2.0,22.0,0.0,4.523809523809524,0.135,21.7425,0.0,0.0,0,1,1
2018,2,Bahrain Grand Prix,4,0.262,Mercedes,Lewis Hamilton,3,1.0,1.0,2.0,0.72,2.0,0.55,-1.0,22.0,0.0,0.0,-1.871,21.7425,0.0,0.0,0,1,1
2018,2,Bahrain Grand Prix,6,1.371,Toro Rosso,Pierre Gasly,4,0.0,0.5,0.0,0.0,9.0,0.0,2.0,0.0,0.0,0.0,0.0,22.2545,0.5,0.0,0,1,0
2018,2,Bahrain Grand Prix,7,1.4,Haas F1 Team,Kevin Magnussen,5,0.0,0.0,0.0,0.0,0.0,0.0,-11.0,0.0,0.0,1.0,0.0,22.5185,1.0,0.0,0,0,1
2018,2,Bahrain Grand Prix,8,1.229,Renault,Nico Hülkenberg,6,1.0,1.0,7.0,0.24,5.0,0.175,1.0,7.0,0.0,0.0,-0.1045,23.247999999999998,0.0,0.0,0,1,0
2018,2,Bahrain Grand Prix,13,2.254,McLaren,Fernando Alonso,7,1.0,1.0,5.0,0.4,4.0,0.3,6.0,12.0,0.0,0.0,-0.543,22.5235,0.0,0.0,0,1,1
2018,2,Bahrain Grand Prix,14,2.521,McLaren,Stoffel Vandoorne,8,1.0,1.0,9.0,0.08,4.0,0.3,3.0,12.0,0.0,0.0,0.12,22.5235,0.0,0.0,0,0,1
2018,2,Bahrain Grand Prix,17,3.105,Sauber,Marcus Ericsson,9,0.0,0.5,0.0,0.0,7.0,0.0,-2.0,0.0,0.0,0.0,0.0,22.539,0.5,0.0,0,0,0
2018,2,Bahrain Grand Prix,9,1.916,Force India,Esteban Ocon,10,1.0,1.0,12.0,0.0,6.0,0.0,3.0,0.0,0.0,0.0,0.625,22.0905,0.0,0.0,0,1,0
2018,2,Bahrain Grand Prix,10,1.844,Renault,Carlos Sainz,11,1.0,1.0,10.0,0.04,5.0,0.175,-1.0,7.0,0.0,0.0,0.1585,23.247999999999998,0.0,0.0,0,1,0
2018,2,Bahrain Grand Prix,19,3.462,Sauber,Charles Leclerc,12,1.0,0.5,13.0,0.0,7.0,0.0,5.0,0.0,0.0,0.0,0.3455,22.539,0.5,0.0,0,1,0
2018,2,Bahrain Grand Prix,16,2.572,Haas F1 Team,Romain Grosjean,13,0.0,0.0,0.0,0.0,0.0,0.0,-9.0,0.0,0.0,0.0,0.0,22.5185,1.0,0.0,0,0,1
2018,2,Bahrain Grand Prix,20,3.545,Williams,Lance Stroll,14,1.0,0.5,14.0,0.0,8.0,0.0,0.0,0.0,0.0,0.0,1.03,23.450499999999998,0.5,0.0,0,1,1
2018,2,Bahrain Grand Prix,18,3.456,Williams,Sergey Sirotkin,15,0.0,0.5,0.0,0.0,8.0,0.0,-1.0,0.0,0.0,0.0,0.0,23.450499999999998,0.5,0.0,0,0,1
2018,2,Bahrain Grand Prix,12,2.198,Force India,Sergio Pérez,16,1.0,1.0,11.0,0.0,6.0,0.0,2.0,0.0,0.0,-3.057142857142857,0.4465,22.0905,0.0,0.0,0,1,0
2018,2,Bahrain Grand Prix,11,2.147,Toro Rosso,Brendon Hartley,17,1.0,0.5,15.0,0.0,9.0,0.0,1.0,0.0,0.0,0.0,1.074,22.2545,0.5,0.0,0,0,0
2018,2,Bahrain Grand Prix,2,0.143,Ferrari,Kimi Räikkönen,18,1.0,1.0,3.0,0.6,1.0,1.0,-1.0,40.0,0.0,-2.8378378378378386,-1.573,21.604,0.0,0.0,0,0,1
2018,2,Bahrain Grand Prix,15,1.416,Red Bull,Max Verstappen,19,1.0,1.0,6.0,0.32,3.0,0.5,-2.0,20.0,0.0,0.0,-0.1605,21.1965,0.0,0.0,0,1,1
2018,2,Bahrain Grand Prix,5,0.44,Red Bull,Daniel Ricciardo,20,1.0,1.0,4.0,0.48,3.0,0.5,1.0,20.0,0.0,0.0,-0.6295,21.1965,0.0,0.0,0,0,1
2018,3,Chinese Grand Prix,6,0.853,Red Bull,Daniel Ricciardo,1,0.5,0.5,8.0,0.24,4.0,0.3076923076923077,-7.0,10.0,-16.0,0.0,-0.6295,25.78875,0.5,0.0,0,0,1
2018,3,Chinese Grand Prix,3,0.53,Mercedes,Valtteri Bottas,2,1.0,1.0,3.0,0.44,2.0,0.8461538461538461,1.5,27.5,-1.0,0.0,-0.551,23.473,0.0,0.0,0,1,1
2018,3,Chinese Grand Prix,2,0.087,Ferrari,Kimi Räikkönen,3,0.5,0.75,5.0,0.3,1.0,1.0,-8.5,32.5,-15.0,0.35714285714285765,-1.573,23.1875,0.25,0.0,0,0,1
2018,3,Chinese Grand Prix,4,0.58,Mercedes,Lewis Hamilton,4,1.0,1.0,2.0,0.66,2.0,0.8461538461538461,0.0,27.5,2.0,0.0,-1.5335,23.473,0.0,0.0,0,1,1
2018,3,Chinese Grand Prix,5,0.701,Red Bull,Max Verstappen,5,0.5,0.5,10.0,0.16,4.0,0.3076923076923077,-3.0,10.0,-2.0,0.0,-0.1605,25.78875,0.5,0.0,0,1,1
2018,3,Chinese Grand Prix,7,1.399,Renault,Nico Hülkenberg,6,1.0,1.0,6.0,0.28,5.0,0.23076923076923078,1.5,7.5,1.0,0.0,0.00275,24.064249999999998,0.0,0.0,0,1,0
2018,3,Chinese Grand Prix,13,2.137,McLaren,Fernando Alonso,7,1.0,1.0,4.0,0.32,3.0,0.3384615384615385,6.0,11.0,0.0,-1.3405797101449277,-0.183,23.78025,0.0,0.0,0,1,1
2018,3,Chinese Grand Prix,1,0.0,Ferrari,Sebastian Vettel,8,1.0,0.75,1.0,1.0,1.0,1.0,1.0,32.5,-2.0,0.7730496453900706,-1.32725,23.1875,0.25,0.0,0,0,1
2018,3,Chinese Grand Prix,9,1.724,Renault,Carlos Sainz,9,1.0,1.0,13.0,0.02,5.0,0.23076923076923078,-1.0,7.5,0.0,0.0,0.47425,24.064249999999998,0.0,0.0,0,1,0
2018,3,Chinese Grand Prix,11,1.891,Haas F1 Team,Kevin Magnussen,10,0.5,0.5,9.0,0.2,7.0,0.15384615384615385,-4.5,5.0,13.0,-2.5,-0.348,23.81225,0.5,0.0,0,0,1
2018,3,Chinese Grand Prix,12,1.962,Force India,Esteban Ocon,11,1.0,1.0,14.0,0.02,9.0,0.015384615384615385,1.0,0.5,-4.0,-4.640000000000001,0.6355,23.39425,0.0,0.0,0,1,0
2018,3,Chinese Grand Prix,8,1.663,Force India,Sergio Pérez,12,1.0,1.0,15.0,0.0,9.0,0.015384615384615385,-1.0,0.5,-6.0,0.0,0.6025,23.39425,0.0,0.0,0,1,0
2018,3,Chinese Grand Prix,14,2.41,McLaren,Stoffel Vandoorne,13,1.0,1.0,11.0,0.12,3.0,0.3384615384615385,4.5,11.0,3.0,0.0,0.401,23.78025,0.0,0.0,0,0,1
2018,3,Chinese Grand Prix,18,3.19,Williams,Lance Stroll,14,1.0,0.75,18.0,0.0,10.0,0.0,3.0,0.0,6.0,0.0,1.05625,24.316499999999998,0.25,0.0,0,1,1
2018,3,Chinese Grand Prix,16,2.967,Williams,Sergey Sirotkin,15,0.5,0.75,20.0,0.0,10.0,0.0,1.0,0.0,4.0,0.0,1.415,24.316499999999998,0.25,0.0,0,0,1
2018,3,Chinese Grand Prix,20,3.819,Sauber,Marcus Ericsson,16,0.5,0.75,12.0,0.04,8.0,0.03076923076923077,3.0,1.0,10.0,0.0,1.263,23.866500000000002,0.25,0.0,0,0,0
2018,3,Chinese Grand Prix,10,1.429,Haas F1 Team,Romain Grosjean,17,0.5,0.5,17.0,0.0,7.0,0.15384615384615385,-3.0,5.0,12.0,0.0,0.404,23.81225,0.5,0.0,0,0,1
2018,3,Chinese Grand Prix,17,3.006,Toro Rosso,Pierre Gasly,18,0.5,0.75,7.0,0.24,6.0,0.18461538461538463,2.0,6.0,0.0,-5.631578947368421,-0.492,23.60475,0.25,0.0,0,1,0
2018,3,Chinese Grand Prix,19,3.359,Sauber,Charles Leclerc,19,1.0,0.75,16.0,0.0,8.0,0.03076923076923077,6.0,1.0,2.0,-2.9224137931034484,0.69875,23.866500000000002,0.25,0.0,0,1,0
2018,3,Chinese Grand Prix,15,2.7,Toro Rosso,Brendon Hartley,20,1.0,0.75,19.0,0.0,6.0,0.18461538461538463,-2.5,6.0,-7.0,0.0,0.60575,23.60475,0.25,0.0,0,0,0
2018,4,Azerbaijan Grand Prix,2,0.179,Mercedes,Lewis Hamilton,1,1.0,1.0,2.0,0.8333333333333334,1.0,1.0,0.0,28.333333333333332,0.5,1.1999999999999993,-1.3876666666666668,23.0755,0.0,0.0,1,1,1
2018,4,Azerbaijan Grand Prix,6,0.992,Ferrari,Kimi Räikkönen,2,0.6666666666666667,0.8333333333333334,5.0,0.5555555555555556,2.0,0.9882352941176471,-6.0,28.0,0.0,0.5655737704918025,-1.0225,23.112,0.16666666666666666,0.0,1,0,1
2018,4,Azerbaijan Grand Prix,8,1.049,Force India,Sergio Pérez,3,1.0,1.0,15.0,0.0,9.0,0.011764705882352941,-2.0,0.3333333333333333,-3.0,0.0,0.4993333333333333,23.17833333333333,0.0,0.0,1,1,0
2018,4,Azerbaijan Grand Prix,1,0.0,Ferrari,Sebastian Vettel,4,1.0,0.8333333333333334,1.0,1.0,2.0,0.9882352941176471,-1.6666666666666667,28.0,-4.5,2.0,-1.2356666666666667,23.112,0.16666666666666666,0.0,1,0,1
2018,4,Azerbaijan Grand Prix,10,1.853,Renault,Carlos Sainz,5,1.0,1.0,12.0,0.05555555555555555,5.0,0.29411764705882354,-0.6666666666666666,8.333333333333334,0.5,1.286458333333334,0.334,23.868,0.0,0.0,1,1,0
2018,4,Azerbaijan Grand Prix,14,2.254,Sauber,Charles Leclerc,6,1.0,0.8333333333333334,16.0,0.0,8.0,0.023529411764705882,4.0,0.6666666666666666,-2.5,4.876923076923077,0.8701666666666666,23.607166666666668,0.16666666666666666,0.0,1,1,0
2018,4,Azerbaijan Grand Prix,13,2.512,McLaren,Fernando Alonso,7,1.0,1.0,6.0,0.4074074074074074,4.0,0.32941176470588235,6.0,9.333333333333334,0.0,-0.06060606060606055,0.042166666666666665,23.826833333333337,0.0,0.0,1,1,1
2018,4,Azerbaijan Grand Prix,11,2.087,Williams,Lance Stroll,8,1.0,0.8333333333333334,18.0,0.0,10.0,0.0,3.3333333333333335,0.0,2.0,0.19029850746268728,1.047,23.78533333333333,0.16666666666666666,0.0,1,1,1
2018,4,Azerbaijan Grand Prix,16,2.991,McLaren,Stoffel Vandoorne,9,1.0,1.0,11.0,0.1111111111111111,4.0,0.32941176470588235,3.3333333333333335,9.333333333333334,-1.0,-0.34803921568627594,0.509,23.826833333333337,0.0,0.0,1,0,1
2018,4,Azerbaijan Grand Prix,19,15.856,Toro Rosso,Brendon Hartley,10,0.6666666666666667,0.6666666666666667,20.0,0.0,6.0,0.1411764705882353,-3.3333333333333335,4.0,-3.0,-4.014492753623188,0.60575,23.739833333333333,0.16666666666666666,0.3333333333333333,1,0,0
2018,4,Azerbaijan Grand Prix,18,4.043,Sauber,Marcus Ericsson,11,0.6666666666666667,0.8333333333333334,13.0,0.037037037037037035,8.0,0.023529411764705882,3.3333333333333335,0.6666666666666666,3.0,0.0,1.36125,23.607166666666668,0.16666666666666666,0.0,1,0,0
2018,4,Azerbaijan Grand Prix,17,2.998,Toro Rosso,Pierre Gasly,12,0.6666666666666667,0.6666666666666667,9.0,0.2222222222222222,6.0,0.1411764705882353,1.0,4.0,-1.5,-0.514084507042254,0.37325,23.739833333333333,0.16666666666666666,0.0,1,1,0
2018,4,Azerbaijan Grand Prix,15,2.176,Haas F1 Team,Kevin Magnussen,13,0.6666666666666667,0.6666666666666667,10.0,0.2037037037037037,7.0,0.12941176470588237,-2.6666666666666665,3.6666666666666665,6.0,0.5416666666666661,-0.0345,23.53516666666667,0.3333333333333333,0.0,1,0,1
2018,4,Azerbaijan Grand Prix,3,0.339,Mercedes,Valtteri Bottas,14,1.0,1.0,3.0,0.7407407407407407,1.0,1.0,1.3333333333333333,28.333333333333332,-0.5,1.0410958904109595,-0.759,23.0755,0.0,0.0,1,1,1
2018,4,Azerbaijan Grand Prix,20,1.853,Haas F1 Team,Romain Grosjean,15,0.6666666666666667,0.6666666666666667,17.0,0.0,7.0,0.12941176470588237,-4.333333333333333,3.6666666666666665,1.0,0.0,0.3885,23.53516666666667,0.3333333333333333,0.0,1,0,1
2018,4,Azerbaijan Grand Prix,5,0.496,Red Bull,Max Verstappen,16,0.6666666666666667,0.6666666666666667,8.0,0.3333333333333333,3.0,0.6470588235294118,-2.0,18.333333333333332,1.0,-2.053333333333333,-0.763,24.760166666666667,0.3333333333333333,0.0,1,1,1
2018,4,Azerbaijan Grand Prix,4,0.413,Red Bull,Daniel Ricciardo,17,0.6666666666666667,0.6666666666666667,4.0,0.6851851851851852,3.0,0.6470588235294118,-3.0,18.333333333333332,2.0,-2.526315789473685,-1.1575,24.760166666666667,0.3333333333333333,0.0,1,0,1
2018,4,Azerbaijan Grand Prix,9,1.568,Renault,Nico Hülkenberg,18,1.0,1.0,7.0,0.4074074074074074,5.0,0.29411764705882354,1.3333333333333333,8.333333333333334,0.0,3.5,-0.03666666666666667,23.868,0.0,0.0,1,1,0
2018,4,Azerbaijan Grand Prix,7,1.025,Force India,Esteban Ocon,19,1.0,1.0,14.0,0.018518518518518517,9.0,0.011764705882352941,1.0,0.3333333333333333,-1.0,0.0,0.4466666666666667,23.17833333333333,0.0,0.0,1,1,0
2018,4,Azerbaijan Grand Prix,12,2.388,Williams,Sergey Sirotkin,20,0.6666666666666667,0.8333333333333334,19.0,0.0,10.0,0.0,1.0,0.0,1.0,-3.447257383966245,1.359,23.78533333333333,0.16666666666666666,0.0,1,0,1
2018,5,Spanish Grand Prix,1,0.0,Mercedes,Lewis Hamilton,1,1.0,0.875,1.0,1.0,2.0,0.9649122807017544,0.25,27.5,0.6666666666666666,-2.950000000000001,-1.66175,22.400875,0.125,0.0,0,1,1
2018,5,Spanish Grand Prix,2,0.04,Mercedes,Valtteri Bottas,2,0.75,0.875,4.0,0.5714285714285714,2.0,0.9649122807017544,-1.75,27.5,-4.333333333333333,5.302469135802468,-0.759,22.400875,0.125,0.0,0,1,1
2018,5,Spanish Grand Prix,5,0.643,Red Bull,Max Verstappen,3,0.5,0.5,8.0,0.2571428571428571,3.0,0.4824561403508772,-4.25,13.75,-3.0,3.1382113821138216,-0.763,23.531375,0.25,0.25,0,1,1
2018,5,Spanish Grand Prix,3,0.132,Ferrari,Sebastian Vettel,4,1.0,0.875,2.0,0.9428571428571428,1.0,1.0,-2.0,28.5,-1.6666666666666667,2.140562248995984,-1.53575,22.5805,0.125,0.0,0,0,1
2018,5,Spanish Grand Prix,6,0.645,Red Bull,Daniel Ricciardo,5,0.5,0.5,5.0,0.5285714285714286,3.0,0.4824561403508772,-5.5,13.75,-4.666666666666667,0.0,-1.1575,23.531375,0.25,0.25,0,0,1
2018,5,Spanish Grand Prix,7,1.445,Haas F1 Team,Kevin Magnussen,6,0.75,0.625,12.0,0.15714285714285714,8.0,0.09649122807017543,-1.5,2.75,4.333333333333333,0.19411764705882284,0.6086666666666666,23.21825,0.25,0.0,0,0,1
2018,5,Spanish Grand Prix,9,1.617,Renault,Carlos Sainz,7,1.0,0.875,10.0,0.18571428571428572,5.0,0.30701754385964913,0.75,8.75,2.0,1.616279069767442,0.045,23.211374999999997,0.0,0.0,0,1,0
2018,5,Spanish Grand Prix,8,1.548,McLaren,Fernando Alonso,8,1.0,1.0,6.0,0.4,4.0,0.3157894736842105,6.0,9.0,0.0,1.8505747126436791,0.050875,23.13025,0.0,0.0,0,1,1
2018,5,Spanish Grand Prix,15,2.567,Force India,Sergio Pérez,9,1.0,0.875,9.0,0.21428571428571427,6.0,0.14035087719298245,-0.25,4.0,1.0,1.545454545454545,0.17325,24.169125,0.0,0.0,0,1,0
2018,5,Spanish Grand Prix,14,2.488,Sauber,Charles Leclerc,10,1.0,0.875,13.0,0.11428571428571428,9.0,0.08771929824561403,5.0,2.5,1.0,1.7331460674157295,0.505375,23.631375,0.125,0.0,0,1,0
2018,5,Spanish Grand Prix,19,4.052,Williams,Lance Stroll,11,1.0,0.75,15.0,0.05714285714285714,10.0,0.03508771929824561,3.25,1.0,1.0,-0.5888888888888886,0.72175,22.960625,0.125,0.0,0,1,1
2018,5,Spanish Grand Prix,20,1.617,Toro Rosso,Brendon Hartley,12,0.75,0.75,18.0,0.014285714285714285,7.0,0.11403508771929824,-0.25,3.25,2.6666666666666665,-1.0263736263736263,0.9585,23.072875,0.125,0.25,0,0,0
2018,5,Spanish Grand Prix,17,3.32,Sauber,Marcus Ericsson,13,0.75,0.875,16.0,0.02857142857142857,9.0,0.08771929824561403,4.25,2.5,3.0,-0.8478260869565215,1.7118333333333333,23.631375,0.125,0.0,0,0,0
2018,5,Spanish Grand Prix,18,3.522,Williams,Sergey Sirotkin,14,0.5,0.75,20.0,0.0,10.0,0.03508771929824561,-1.25,1.0,-2.3333333333333335,-2.873655913978494,1.359,22.960625,0.125,0.25,0,0,1
2018,5,Spanish Grand Prix,11,2.15,McLaren,Stoffel Vandoorne,15,1.0,1.0,14.0,0.11428571428571428,4.0,0.3157894736842105,4.25,9.0,1.3333333333333333,-1.627659574468085,0.8985,23.13025,0.0,0.0,0,0,1
2018,5,Spanish Grand Prix,13,2.523,Force India,Esteban Ocon,16,0.75,0.875,17.0,0.014285714285714285,6.0,0.14035087719298245,-2.25,4.0,-5.0,-2.319298245614034,0.4466666666666667,24.169125,0.0,0.25,0,1,0
2018,5,Spanish Grand Prix,4,0.439,Ferrari,Kimi Räikkönen,17,0.75,0.875,3.0,0.6857142857142857,1.0,1.0,-3.5,28.5,1.6666666666666667,0.041666666666666075,-1.1296666666666668,22.5805,0.125,0.0,0,0,1
2018,5,Spanish Grand Prix,10,1.526,Haas F1 Team,Romain Grosjean,18,0.5,0.625,19.0,0.0,8.0,0.09649122807017543,-2.0,2.75,4.666666666666667,-0.24398625429553178,0.3885,23.21825,0.25,0.25,0,0,1
2018,5,Spanish Grand Prix,12,2.29,Toro Rosso,Pierre Gasly,19,0.75,0.75,11.0,0.17142857142857143,7.0,0.11403508771929824,2.0,3.25,1.0,-2.663265306122449,0.9265,23.072875,0.125,0.0,0,1,0
2018,5,Spanish Grand Prix,16,2.75,Renault,Nico Hülkenberg,20,0.75,0.875,7.0,0.3142857142857143,5.0,0.30701754385964913,-1.25,8.75,-3.3333333333333335,-3.0404040404040416,-0.03666666666666667,23.211374999999997,0.0,0.25,0,1,0
2018,6,Monaco Grand Prix,1,0.0,Red Bull,Daniel Ricciardo,1,0.6,0.6,5.0,0.49473684210526314,3.0,0.5228758169934641,-4.2,16.0,0.0,4.220000000000001,-1.1453333333333333,23.160899999999998,0.2,0.2,1,0,1
2018,6,Monaco Grand Prix,2,0.229,Ferrari,Sebastian Vettel,2,1.0,0.8,2.0,0.8210526315789474,2.0,0.8235294117647058,-1.8,25.2,-0.75,0.0,-1.597,22.6971,0.2,0.0,1,0,1
2018,6,Monaco Grand Prix,3,0.422,Mercedes,Lewis Hamilton,3,1.0,0.9,1.0,1.0,1.0,1.0,0.2,30.6,0.25,0.0,-1.7287000000000001,22.450499999999998,0.1,0.0,1,1,1
2018,6,Monaco Grand Prix,4,0.456,Ferrari,Kimi Räikkönen,4,0.6,0.8,4.0,0.5052631578947369,2.0,0.8235294117647058,-5.4,25.2,-3.0,-2.691747572815533,-1.1296666666666668,22.6971,0.2,0.0,1,0,1
2018,6,Monaco Grand Prix,5,0.631,Mercedes,Valtteri Bottas,5,0.8,0.9,3.0,0.6105263157894737,1.0,1.0,-1.4,30.6,-0.5,1.5673076923076916,-1.02,22.450499999999998,0.1,0.0,1,1,1
2018,6,Monaco Grand Prix,6,1.251,Force India,Esteban Ocon,6,0.6,0.8,17.0,0.010526315789473684,7.0,0.11764705882352941,-2.4,3.6,-1.5,0.0,0.4466666666666667,23.822899999999997,0.1,0.2,1,1,0
2018,6,Monaco Grand Prix,10,1.411,Toro Rosso,Pierre Gasly,7,0.6,0.7,12.0,0.12631578947368421,8.0,0.08496732026143791,0.2,2.6,-2.25,3.1792452830188687,0.9265,22.9686,0.1,0.2,1,1,0
2018,6,Monaco Grand Prix,11,1.601,Renault,Nico Hülkenberg,8,0.6,0.8,8.0,0.23157894736842105,4.0,0.2679738562091503,-1.8,8.2,-1.25,-2.4610591900311523,-0.03666666666666667,23.0509,0.0,0.4,1,1,0
2018,6,Monaco Grand Prix,20,1.411,Red Bull,Max Verstappen,9,0.6,0.6,6.0,0.3473684210526316,3.0,0.5228758169934641,-3.0,16.0,1.0,2.8703703703703702,-1.0846666666666667,23.160899999999998,0.2,0.2,1,1,1
2018,6,Monaco Grand Prix,8,1.32,Renault,Carlos Sainz,10,1.0,0.8,10.0,0.2,4.0,0.2679738562091503,1.0,8.2,0.75,1.8960244648318039,0.1288,23.0509,0.0,0.0,1,1,0
2018,6,Monaco Grand Prix,17,2.455,Sauber,Marcus Ericsson,11,0.8,0.9,16.0,0.021052631578947368,9.0,0.0718954248366013,4.2,2.2,1.5,3.624242424242425,1.56775,23.314600000000002,0.1,0.0,1,0,0
2018,6,Monaco Grand Prix,9,1.344,Force India,Sergio Pérez,12,1.0,0.8,11.0,0.17894736842105263,7.0,0.11764705882352941,1.0,3.6,1.0,0.6013513513513509,0.2836,23.822899999999997,0.1,0.0,1,1,0
2018,6,Monaco Grand Prix,19,2.583,Haas F1 Team,Kevin Magnussen,13,0.8,0.6,9.0,0.2,6.0,0.12418300653594772,-1.0,3.8,3.0,2.5749999999999993,0.38525,23.158,0.2,0.0,1,0,1
2018,6,Monaco Grand Prix,12,1.63,McLaren,Stoffel Vandoorne,14,0.8,0.9,14.0,0.08421052631578947,5.0,0.26143790849673204,2.6,8.0,-1.75,2.3097345132743357,0.8985,23.4179,0.1,0.0,1,0,1
2018,6,Monaco Grand Prix,15,1.918,Haas F1 Team,Romain Grosjean,15,0.4,0.6,19.0,0.0,6.0,0.12418300653594772,-3.2,3.8,0.25,-0.0964912280701764,0.3885,23.158,0.2,0.4,1,0,1
2018,6,Monaco Grand Prix,13,1.711,Williams,Sergey Sirotkin,16,0.6,0.8,20.0,0.0,10.0,0.026143790849673203,-0.2,0.8,1.25,-1.4753623188405793,1.396,22.7768,0.1,0.2,1,0,1
2018,6,Monaco Grand Prix,18,2.513,Williams,Lance Stroll,17,1.0,0.8,15.0,0.042105263157894736,10.0,0.026143790849673203,4.2,0.8,2.0,-2.3758620689655174,0.6844,22.7768,0.1,0.0,1,1,1
2018,6,Monaco Grand Prix,14,1.904,Sauber,Charles Leclerc,18,1.0,0.9,13.0,0.09473684210526316,9.0,0.0718954248366013,4.8,2.2,-0.25,-0.32649572649572534,0.5262,23.314600000000002,0.1,0.0,1,1,0
2018,6,Monaco Grand Prix,16,2.369,Toro Rosso,Brendon Hartley,19,0.8,0.7,18.0,0.010526315789473684,8.0,0.08496732026143791,1.4,2.6,1.75,-0.4209039548022595,0.95075,22.9686,0.1,0.2,1,0,0
2018,6,Monaco Grand Prix,7,1.3,McLaren,Fernando Alonso,20,1.0,0.9,7.0,0.3368421052631579,5.0,0.26143790849673204,4.8,8.0,-1.5,-2.447478991596638,0.1413,23.4179,0.1,0.0,1,1,1
2018,7,Canadian Grand Prix,1,0.0,Ferrari,Sebastian Vettel,1,1.0,0.8333333333333334,2.0,0.8727272727272727,2.0,0.8764044943820225,-2.2,23.2,-0.4,-1.1583333333333332,-1.426,23.199,0.16666666666666666,0.0,0,0,1
2018,7,Canadian Grand Prix,2,0.093,Mercedes,Valtteri Bottas,2,0.8333333333333334,0.9166666666666666,4.0,0.6181818181818182,1.0,1.0,-1.8,31.2,-0.4,1.830578512396695,-1.12975,22.8779,0.08333333333333333,0.0,0,1,1
2018,7,Canadian Grand Prix,3,0.173,Red Bull,Max Verstappen,3,0.6666666666666667,0.6666666666666667,6.0,0.3181818181818182,3.0,0.601123595505618,-0.4,17.4,2.6,-0.9385245901639347,-1.0776666666666668,23.7869,0.16666666666666666,0.16666666666666666,0,1,1
2018,7,Canadian Grand Prix,6,0.352,Red Bull,Daniel Ricciardo,4,0.6666666666666667,0.6666666666666667,3.0,0.6545454545454545,3.0,0.601123595505618,-4.4,17.4,-0.2,-0.45731707317073145,-1.1451666666666667,23.7869,0.16666666666666666,0.16666666666666666,0,0,1
2018,7,Canadian Grand Prix,4,0.232,Mercedes,Lewis Hamilton,5,1.0,0.9166666666666666,1.0,1.0,1.0,1.0,0.4,31.2,0.2,4.790322580645162,-1.4025999999999998,22.8779,0.08333333333333333,0.0,0,1,1
2018,7,Canadian Grand Prix,5,0.331,Ferrari,Kimi Räikkönen,6,0.6666666666666667,0.8333333333333334,5.0,0.5454545454545454,2.0,0.8764044943820225,-5.2,23.2,0.2,3.7959999999999994,-0.6523333333333333,23.199,0.16666666666666666,0.0,0,0,1
2018,7,Canadian Grand Prix,7,1.152,Renault,Nico Hülkenberg,7,0.6666666666666667,0.8333333333333334,8.0,0.23636363636363636,4.0,0.25842696629213485,-1.4,7.8,0.4,2.2619047619047628,-0.04466666666666667,23.409999999999997,0.0,0.3333333333333333,0,1,0
2018,7,Canadian Grand Prix,9,1.333,Renault,Carlos Sainz,8,1.0,0.8333333333333334,9.0,0.18181818181818182,4.0,0.25842696629213485,0.8,7.8,-0.2,-2.13228346456693,0.135,23.409999999999997,0.0,0.0,0,1,0
2018,7,Canadian Grand Prix,8,1.32,Force India,Esteban Ocon,9,0.6666666666666667,0.8333333333333334,13.0,0.08181818181818182,6.0,0.14606741573033707,-3.0,5.2,-0.6,0.03437500000000071,0.13183333333333333,24.809000000000005,0.08333333333333333,0.16666666666666666,0,1,0
2018,7,Canadian Grand Prix,13,1.897,Sauber,Charles Leclerc,10,0.8333333333333334,0.8333333333333334,14.0,0.08181818181818182,9.0,0.06179775280898876,3.0,2.2,-1.8,-2.267441860465116,0.571375,23.622899999999998,0.08333333333333333,0.16666666666666666,0,1,0
2018,7,Canadian Grand Prix,16,2.283,Toro Rosso,Pierre Gasly,11,0.6666666666666667,0.6666666666666667,11.0,0.16363636363636364,7.0,0.10674157303370786,0.4,3.8,0.2,1.953846153846154,0.617625,23.3799,0.08333333333333333,0.16666666666666666,0,1,0
2018,7,Canadian Grand Prix,20,1.631,Haas F1 Team,Romain Grosjean,12,0.5,0.6666666666666667,19.0,0.0,8.0,0.10674157303370786,-1.4,3.8,1.8,-0.4083969465648849,0.3643333333333333,23.5679,0.16666666666666666,0.3333333333333333,0,0,1
2018,7,Canadian Grand Prix,11,1.842,Haas F1 Team,Kevin Magnussen,13,0.8333333333333334,0.6666666666666667,10.0,0.17272727272727273,8.0,0.10674157303370786,2.4,3.8,3.4,3.306060606060605,0.3628,23.5679,0.16666666666666666,0.0,0,0,1
2018,7,Canadian Grand Prix,10,1.631,Force India,Sergio Pérez,14,1.0,0.8333333333333334,12.0,0.15454545454545454,6.0,0.14606741573033707,0.0,5.2,-1.0,-0.3624060150375943,0.2189,24.809000000000005,0.08333333333333333,0.0,0,1,0
2018,7,Canadian Grand Prix,19,3.829,Sauber,Marcus Ericsson,15,0.8333333333333334,0.8333333333333334,17.0,0.01818181818181818,9.0,0.06179775280898876,5.8,2.2,1.6,3.067164179104477,1.3046,23.622899999999998,0.08333333333333333,0.0,0,0,0
2018,7,Canadian Grand Prix,15,2.101,McLaren,Stoffel Vandoorne,16,0.8333333333333334,0.8333333333333334,15.0,0.07272727272727272,5.0,0.2247191011235955,1.6,5.6,-1.0,0.45079365079365097,0.929,24.0008,0.16666666666666666,0.0,0,0,1
2018,7,Canadian Grand Prix,18,2.879,Williams,Sergey Sirotkin,17,0.6666666666666667,0.8333333333333334,20.0,0.0,10.0,0.02247191011235955,-0.6,0.8,-0.4,-2.014705882352942,1.20975,23.753400000000003,0.08333333333333333,0.16666666666666666,0,0,1
2018,7,Canadian Grand Prix,14,2.092,McLaren,Fernando Alonso,18,0.8333333333333334,0.8333333333333334,7.0,0.2909090909090909,5.0,0.2247191011235955,1.0,5.6,-3.8,-3.246958637469586,0.312375,24.0008,0.16666666666666666,0.0,0,1,1
2018,7,Canadian Grand Prix,12,1.823,Toro Rosso,Brendon Hartley,19,0.6666666666666667,0.6666666666666667,18.0,0.00909090909090909,7.0,0.10674157303370786,0.6,3.8,-0.8,-0.1014492753623184,0.9096666666666666,23.3799,0.08333333333333333,0.3333333333333333,0,0,0
2018,7,Canadian Grand Prix,17,2.826,Williams,Lance Stroll,20,1.0,0.8333333333333334,16.0,0.03636363636363636,10.0,0.02247191011235955,4.4,0.8,0.2,0.0,0.5586,23.753400000000003,0.08333333333333333,0.0,0,1,1
2018,8,French Grand Prix,1,0.0,Mercedes,Lewis Hamilton,1,1.0,0.9285714285714286,2.0,0.9917355371900827,1.0,1.0,0.0,30.2,-0.4,0.0,-1.3956,22.5482,0.07142857142857142,0.0,0,1,1
2018,8,French Grand Prix,4,0.676,Red Bull,Max Verstappen,2,0.7142857142857143,0.7142857142857143,6.0,0.4132231404958678,3.0,0.6504854368932039,0.4,22.8,0.8,0.0,-1.124625,22.3523,0.14285714285714285,0.14285714285714285,0,1,1
2018,8,French Grand Prix,6,0.743,Ferrari,Kimi Räikkönen,3,0.7142857142857143,0.8571428571428572,5.0,0.5619834710743802,2.0,0.9174757281553398,-2.2,24.8,3.0,0.0,-0.7425,22.962200000000003,0.14285714285714285,0.0,0,0,1
2018,8,French Grand Prix,5,0.866,Red Bull,Daniel Ricciardo,4,0.7142857142857143,0.7142857142857143,4.0,0.6942148760330579,3.0,0.6504854368932039,-1.0,22.8,3.4,0.0,-1.139375,22.3523,0.14285714285714285,0.14285714285714285,0,0,1
2018,8,French Grand Prix,3,0.371,Ferrari,Sebastian Vettel,5,1.0,0.8571428571428572,1.0,1.0,2.0,0.9174757281553398,-2.2,24.8,0.0,0.0,-1.4447999999999999,22.962200000000003,0.14285714285714285,0.0,0,0,1
2018,8,French Grand Prix,9,1.481,Haas F1 Team,Kevin Magnussen,6,0.8571428571428572,0.7142857142857143,10.0,0.15702479338842976,8.0,0.09223300970873786,1.6,1.8,-0.8,0.0,0.5675,23.3875,0.14285714285714285,0.0,0,0,1
2018,8,French Grand Prix,2,0.118,Mercedes,Valtteri Bottas,7,0.8571428571428572,0.9285714285714286,3.0,0.7107438016528925,1.0,1.0,-2.0,30.2,-0.2,0.0,-1.125625,22.5482,0.07142857142857142,0.0,0,1,1
2018,8,French Grand Prix,7,1.987,Renault,Carlos Sainz,8,1.0,0.8571428571428572,9.0,0.19834710743801653,4.0,0.27184466019417475,1.2,8.2,0.4,0.0,0.0135,23.3276,0.0,0.0,0,1,0
2018,8,French Grand Prix,12,2.086,Renault,Nico Hülkenberg,9,0.7142857142857143,0.8571428571428572,8.0,0.2644628099173554,4.0,0.27184466019417475,-1.8,8.2,-0.4,0.0,-0.04583333333333334,23.3276,0.0,0.2857142857142857,0,1,0
2018,8,French Grand Prix,8,2.026,Sauber,Charles Leclerc,10,0.8571428571428572,0.8571428571428572,14.0,0.08264462809917356,9.0,0.05825242718446602,2.2,2.0,-0.8,0.0,0.38025,23.3036,0.07142857142857142,0.14285714285714285,0,1,0
2018,8,French Grand Prix,10,1.443,Haas F1 Team,Romain Grosjean,11,0.5714285714285714,0.7142857142857143,19.0,0.0,8.0,0.09223300970873786,-0.4,1.8,1.0,0.0,0.3155,23.3875,0.14285714285714285,0.2857142857142857,0,0,1
2018,8,French Grand Prix,18,3.133,McLaren,Stoffel Vandoorne,12,0.8571428571428572,0.7857142857142857,15.0,0.06611570247933884,5.0,0.1941747572815534,0.2,3.6,-1.4,0.0,1.038625,23.7008,0.21428571428571427,0.0,0,0,1
2018,8,French Grand Prix,15,2.775,Sauber,Marcus Ericsson,13,0.8571428571428572,0.8571428571428572,17.0,0.01652892561983471,9.0,0.05825242718446602,5.0,2.0,-0.8,0.0,1.3263,23.3036,0.07142857142857142,0.0,0,0,0
2018,8,French Grand Prix,17,2.996,Toro Rosso,Brendon Hartley,14,0.5714285714285714,0.6428571428571428,18.0,0.008264462809917356,7.0,0.09223300970873786,0.4,1.4,-0.2,0.0,1.29575,23.2103,0.07142857142857142,0.42857142857142855,0,0,0
2018,8,French Grand Prix,19,3.607,Williams,Sergey Sirotkin,15,0.7142857142857143,0.7857142857142857,20.0,0.0,10.0,0.019417475728155338,-1.0,0.8,-0.4,0.0,1.175,23.423099999999998,0.07142857142857142,0.14285714285714285,0,0,1
2018,8,French Grand Prix,16,2.947,McLaren,Fernando Alonso,16,0.7142857142857143,0.7857142857142857,7.0,0.2644628099173554,5.0,0.1941747572815534,-1.0,3.6,-2.0,0.0,0.3575,23.7008,0.21428571428571427,0.0,0,1,1
2018,8,French Grand Prix,20,3.7,Williams,Lance Stroll,17,0.8571428571428572,0.7857142857142857,16.0,0.03305785123966942,10.0,0.019417475728155338,2.6,0.8,-1.8,0.0,0.427625,23.423099999999998,0.07142857142857142,0.14285714285714285,0,1,1
2018,8,French Grand Prix,13,2.425,Force India,Sergio Pérez,18,1.0,0.8571428571428572,12.0,0.14049586776859505,6.0,0.13592233009708737,0.0,5.4,0.0,0.0,0.1047,0.0,0.07142857142857142,0.0,0,1,0
2018,8,French Grand Prix,11,2.046,Force India,Esteban Ocon,19,0.7142857142857143,0.8571428571428572,13.0,0.09090909090909091,6.0,0.13592233009708737,-3.0,5.4,0.0,0.0,-0.0033333333333333335,0.0,0.07142857142857142,0.14285714285714285,0,1,0
2018,8,French Grand Prix,14,2.418,Toro Rosso,Pierre Gasly,20,0.7142857142857143,0.6428571428571428,11.0,0.1487603305785124,7.0,0.09223300970873786,1.0,1.4,0.6,0.0,0.81025,23.2103,0.07142857142857142,0.14285714285714285,0,1,0
2018,9,Austrian Grand Prix,5,0.71,Red Bull,Max Verstappen,1,0.75,0.75,6.0,0.4689655172413793,3.0,0.6919831223628692,0.8,21.8,0.4,0.0,-1.25175,22.6821,0.125,0.125,0,1,1
2018,9,Austrian Grand Prix,4,0.53,Ferrari,Kimi Räikkönen,2,0.75,0.875,5.0,0.5724137931034483,2.0,0.9029535864978903,-1.4,26.0,0.8,0.0,-1.06925,24.5758,0.125,0.0,0,0,1
2018,9,Austrian Grand Prix,3,0.334,Ferrari,Sebastian Vettel,3,1.0,0.875,2.0,0.903448275862069,2.0,0.9029535864978903,-1.2,26.0,1.0,0.0,-1.4955,24.5758,0.125,0.0,0,0,1
2018,9,Austrian Grand Prix,6,0.762,Haas F1 Team,Romain Grosjean,4,0.625,0.75,19.0,0.0,7.0,0.11392405063291139,0.8,3.2,1.2,0.0,0.22816666666666666,24.3328,0.125,0.25,0,0,1
2018,9,Austrian Grand Prix,8,0.921,Haas F1 Team,Kevin Magnussen,5,0.875,0.75,10.0,0.18620689655172415,7.0,0.11392405063291139,2.0,3.2,0.4,0.0,0.5015,24.3328,0.125,0.0,0,0,1
2018,9,Austrian Grand Prix,11,1.715,Force India,Esteban Ocon,6,0.625,0.75,13.0,0.07586206896551724,6.0,0.11814345991561181,-4.8,5.4,-1.8,0.0,-0.0395,24.6866,0.125,0.25,0,1,0
2018,9,Austrian Grand Prix,17,2.149,Force India,Sergio Pérez,7,0.875,0.75,12.0,0.11724137931034483,6.0,0.11814345991561181,-0.2,5.4,-0.2,0.0,0.057625,24.6866,0.125,0.0,0,1,0
2018,9,Austrian Grand Prix,14,1.835,McLaren,Fernando Alonso,8,0.625,0.75,8.0,0.2206896551724138,5.0,0.16877637130801687,-2.2,2.4,-1.2,0.0,0.29,23.8744,0.25,0.0,0,1,1
2018,9,Austrian Grand Prix,13,1.837,Sauber,Charles Leclerc,9,0.875,0.875,14.0,0.07586206896551724,9.0,0.05485232067510549,1.8,2.2,-0.4,0.0,0.0825,23.618000000000002,0.0625,0.125,0,1,0
2018,9,Austrian Grand Prix,20,2.349,Sauber,Marcus Ericsson,10,0.875,0.875,17.0,0.013793103448275862,9.0,0.05485232067510549,4.6,2.2,-0.4,0.0,1.1792,23.618000000000002,0.0625,0.0,0,0,0
2018,9,Austrian Grand Prix,12,1.744,Toro Rosso,Pierre Gasly,11,0.625,0.625,11.0,0.12413793103448276,8.0,0.08016877637130802,0.0,1.4,-1.0,0.0,0.6675,23.267699999999998,0.0625,0.25,0,1,0
2018,9,Austrian Grand Prix,9,1.431,Renault,Carlos Sainz,12,1.0,0.875,9.0,0.19310344827586207,4.0,0.2616033755274262,1.0,7.4,-0.2,0.0,0.019600000000000003,23.676399999999997,0.0,0.0,0,1,0
2018,9,Austrian Grand Prix,18,2.192,Williams,Sergey Sirotkin,13,0.75,0.75,20.0,0.0,10.0,0.016877637130801686,-0.4,0.8,0.6,0.0,1.154625,24.163400000000003,0.125,0.125,0,0,1
2018,9,Austrian Grand Prix,15,2.134,Williams,Lance Stroll,14,0.75,0.75,16.0,0.027586206896551724,10.0,0.016877637130801686,2.4,0.8,-0.2,0.0,0.22733333333333333,24.163400000000003,0.125,0.125,0,1,1
2018,9,Austrian Grand Prix,16,2.141,McLaren,Stoffel Vandoorne,15,0.875,0.75,15.0,0.05517241379310345,5.0,0.16877637130801687,1.2,2.4,1.0,0.0,0.9145,23.8744,0.25,0.0,0,0,1
2018,9,Austrian Grand Prix,2,0.019,Mercedes,Lewis Hamilton,16,1.0,0.9375,1.0,1.0,1.0,1.0,0.0,30.4,0.0,0.0,-1.6236,23.6831,0.0625,0.0,0,1,1
2018,9,Austrian Grand Prix,19,2.236,Toro Rosso,Brendon Hartley,17,0.625,0.625,18.0,0.006896551724137931,8.0,0.08016877637130802,2.0,1.4,1.6,0.0,1.1485,23.267699999999998,0.0625,0.375,0,0,0
2018,9,Austrian Grand Prix,7,0.866,Red Bull,Daniel Ricciardo,18,0.75,0.75,3.0,0.6620689655172414,3.0,0.6919831223628692,-1.8,21.8,-0.8,0.0,-1.16075,22.6821,0.125,0.125,0,0,1
2018,9,Austrian Grand Prix,1,0.0,Mercedes,Valtteri Bottas,19,0.875,0.9375,4.0,0.6344827586206897,1.0,1.0,-3.2,30.4,-1.2,0.0,-0.959375,23.6831,0.0625,0.0,0,1,1
2018,9,Austrian Grand Prix,10,1.546,Renault,Nico Hülkenberg,20,0.75,0.875,7.0,0.23448275862068965,4.0,0.2616033755274262,-1.4,7.4,0.4,0.0,-0.156,23.676399999999997,0.0,0.25,0,1,0
2018,10,British Grand Prix,2,0.044,Ferrari,Sebastian Vettel,1,1.0,0.8888888888888888,1.0,1.0,1.0,1.0,-0.6,26.6,0.6,0.0,-1.2625,24.925,0.1111111111111111,0.0,0,0,1
2018,10,British Grand Prix,1,0.0,Mercedes,Lewis Hamilton,2,0.8888888888888888,0.8333333333333334,2.0,0.9931506849315068,2.0,0.9595141700404858,-3.0,25.4,-3.0,0.0,-1.4085,23.830199999999998,0.16666666666666666,0.0,0,1,1
2018,10,British Grand Prix,3,0.098,Ferrari,Kimi Räikkönen,3,0.7777777777777778,0.8888888888888888,3.0,0.6917808219178082,1.0,1.0,-1.8,26.6,-0.4,0.0,-1.024,24.925,0.1111111111111111,0.0,0,0,1
2018,10,British Grand Prix,4,0.325,Mercedes,Valtteri Bottas,4,0.7777777777777778,0.8333333333333334,6.0,0.6301369863013698,2.0,0.9595141700404858,-4.6,25.4,-1.4,0.0,-0.959375,23.830199999999998,0.16666666666666666,0.0,0,1,1
2018,10,British Grand Prix,6,1.207,Red Bull,Daniel Ricciardo,5,0.6666666666666667,0.7222222222222222,4.0,0.6575342465753424,3.0,0.7651821862348178,-1.4,26.8,0.4,0.0,-1.16075,22.9649,0.16666666666666666,0.1111111111111111,0,0,1
2018,10,British Grand Prix,11,2.009,Renault,Nico Hülkenberg,6,0.6666666666666667,0.8333333333333334,9.0,0.2328767123287671,4.0,0.25101214574898784,-1.6,5.4,-0.2,0.0,-0.156,24.3873,0.05555555555555555,0.2222222222222222,0,1,0
2018,10,British Grand Prix,10,1.951,Force India,Esteban Ocon,7,0.6666666666666667,0.7777777777777778,12.0,0.13013698630136986,7.0,0.1700404858299595,-1.4,5.2,3.4,0.0,0.035,24.6763,0.1111111111111111,0.2222222222222222,0,1,0
2018,10,British Grand Prix,13,2.247,McLaren,Fernando Alonso,8,0.6666666666666667,0.7222222222222222,8.0,0.2465753424657534,6.0,0.17813765182186234,-2.2,1.6,0.0,0.0,0.34575,24.1715,0.2222222222222222,0.0,0,1,1
2018,10,British Grand Prix,7,1.352,Haas F1 Team,Kevin Magnussen,9,0.8888888888888888,0.7777777777777778,7.0,0.2534246575342466,5.0,0.19838056680161945,2.2,7.6,0.2,0.0,0.0865,24.3052,0.1111111111111111,0.0,0,0,1
2018,10,British Grand Prix,12,2.036,Force India,Sergio Pérez,10,0.8888888888888888,0.7777777777777778,11.0,0.15753424657534246,7.0,0.1700404858299595,0.8,5.2,1.0,0.0,0.2405,24.6763,0.1111111111111111,0.0,0,1,0
2018,10,British Grand Prix,17,3.204,McLaren,Stoffel Vandoorne,11,0.7777777777777778,0.7222222222222222,16.0,0.0547945205479452,6.0,0.17813765182186234,0.0,1.6,-1.2,0.0,0.5303333333333333,24.1715,0.2222222222222222,0.1111111111111111,0,0,1
2018,10,British Grand Prix,19,1.9245,Williams,Lance Stroll,12,0.7777777777777778,0.7777777777777778,17.0,0.0273972602739726,10.0,0.016194331983805668,2.0,0.0,-0.4,0.0,0.5623333333333334,24.6008,0.1111111111111111,0.1111111111111111,0,1,1
2018,10,British Grand Prix,14,2.451,Toro Rosso,Pierre Gasly,13,0.6666666666666667,0.6111111111111112,13.0,0.1232876712328767,8.0,0.07692307692307693,-0.8,1.2,-0.8,0.0,0.0775,23.4555,0.1111111111111111,0.2222222222222222,0,1,0
2018,10,British Grand Prix,18,3.36,Williams,Sergey Sirotkin,14,0.7777777777777778,0.7777777777777778,20.0,0.0,10.0,0.016194331983805668,2.2,0.0,2.6,0.0,1.0673,24.6008,0.1111111111111111,0.1111111111111111,0,0,1
2018,10,British Grand Prix,5,0.71,Red Bull,Max Verstappen,15,0.7777777777777778,0.7222222222222222,5.0,0.636986301369863,3.0,0.7651821862348178,3.8,26.8,3.0,0.0,-1.253,22.9649,0.16666666666666666,0.1111111111111111,0,1,1
2018,10,British Grand Prix,8,1.563,Haas F1 Team,Romain Grosjean,16,0.6666666666666667,0.7777777777777778,15.0,0.0821917808219178,5.0,0.19838056680161945,0.2,7.6,-0.6,-4.071428571428571,0.157125,24.3052,0.1111111111111111,0.2222222222222222,0,0,1
2018,10,British Grand Prix,16,2.564,Renault,Carlos Sainz,17,1.0,0.8333333333333334,10.0,0.1917808219178082,4.0,0.25101214574898784,-0.6,5.4,-1.6,0.0,0.21619999999999998,24.3873,0.05555555555555555,0.0,0,1,0
2018,10,British Grand Prix,15,2.357,Sauber,Marcus Ericsson,18,0.8888888888888888,0.8888888888888888,18.0,0.02054794520547945,9.0,0.06477732793522267,5.2,1.2,0.6,0.0,0.731,23.165499999999998,0.05555555555555555,0.0,0,0,0
2018,10,British Grand Prix,9,1.898,Sauber,Charles Leclerc,19,0.8888888888888888,0.8888888888888888,14.0,0.08904109589041095,9.0,0.06477732793522267,1.0,1.2,-0.8,2.25,0.2695,23.165499999999998,0.05555555555555555,0.1111111111111111,0,1,0
2018,10,British Grand Prix,20,1.9245,Toro Rosso,Brendon Hartley,20,0.5555555555555556,0.6111111111111112,19.0,0.00684931506849315,8.0,0.07692307692307693,0.6,1.2,-1.4,0.0,0.89075,23.4555,0.1111111111111111,0.3333333333333333,0,0,0
2018,11,German Grand Prix,14,1.8,Mercedes,Lewis Hamilton,1,0.9,0.85,2.0,0.9532163742690059,2.0,0.9303135888501742,-3.2,22.8,-0.2,0.0,-1.327625,24.988,0.15,0.0,0,1,1
2018,11,German Grand Prix,2,0.204,Mercedes,Valtteri Bottas,2,0.8,0.85,5.0,0.6081871345029239,2.0,0.9303135888501742,-4.6,22.8,0.0,0.0,-0.933125,24.988,0.15,0.0,0,1,1
2018,11,German Grand Prix,3,0.335,Ferrari,Kimi Räikkönen,3,0.8,0.9,3.0,0.6783625730994152,1.0,1.0,0.8,32.2,2.6,0.0,-1.1834,26.0585,0.1,0.0,0,0,1
2018,11,German Grand Prix,4,0.61,Red Bull,Max Verstappen,4,0.7,0.7,6.0,0.543859649122807,3.0,0.6933797909407665,1.4,23.8,-2.4,0.0,-1.13425,24.267899999999997,0.2,0.1,0,1,1
2018,11,German Grand Prix,7,1.348,Renault,Nico Hülkenberg,5,0.7,0.8,7.0,0.24561403508771928,4.0,0.24390243902439024,0.2,5.8,1.8,0.0,-0.0785,25.6493,0.05,0.2,0,1,0
2018,11,German Grand Prix,6,1.332,Haas F1 Team,Romain Grosjean,6,0.6,0.75,15.0,0.07017543859649122,5.0,0.17770034843205576,0.2,6.4,0.0,0.0,0.157125,25.4922,0.1,0.3,0,0,1
2018,11,German Grand Prix,10,1.562,Force India,Sergio Pérez,7,0.9,0.8,12.0,0.14035087719298245,6.0,0.17073170731707318,0.0,6.2,-0.8,0.0,0.06025,25.0152,0.1,0.0,0,1,0
2018,11,German Grand Prix,16,2.508,Force India,Esteban Ocon,8,0.7,0.8,11.0,0.14619883040935672,6.0,0.17073170731707318,-0.2,6.2,1.2,0.0,0.061625,25.0152,0.1,0.2,0,1,0
2018,11,German Grand Prix,13,2.35,Sauber,Marcus Ericsson,9,0.8,0.8,18.0,0.017543859649122806,9.0,0.05574912891986063,3.8,1.0,-1.4,0.0,0.629875,24.3632,0.1,0.1,0,0,0
2018,11,German Grand Prix,18,2.833,Toro Rosso,Brendon Hartley,10,0.5,0.6,19.0,0.005847953216374269,8.0,0.06620209059233449,-1.0,1.2,-1.6,-0.6714285714285708,0.854,24.789399999999997,0.15,0.3,0,0,0
2018,11,German Grand Prix,5,0.988,Haas F1 Team,Kevin Magnussen,11,0.9,0.75,9.0,0.22807017543859648,5.0,0.17770034843205576,1.6,6.4,-0.6,0.0,0.2097,25.4922,0.1,0.0,0,0,1
2018,11,German Grand Prix,8,1.48,Renault,Carlos Sainz,12,0.9,0.8,10.0,0.16374269005847952,4.0,0.24390243902439024,-1.2,5.8,-0.6,-0.8558558558558556,0.15425,25.6493,0.05,0.1,0,1,0
2018,11,German Grand Prix,20,3.189,McLaren,Stoffel Vandoorne,13,0.8,0.75,16.0,0.04678362573099415,7.0,0.1672473867595819,2.0,1.6,2.0,0.0,0.577625,24.951999999999998,0.2,0.1,0,0,1
2018,11,German Grand Prix,17,2.537,Toro Rosso,Pierre Gasly,14,0.7,0.6,13.0,0.10526315789473684,8.0,0.06620209059233449,0.8,1.2,1.6,0.0,0.16,24.789399999999997,0.15,0.2,0,1,0
2018,11,German Grand Prix,9,1.505,Sauber,Charles Leclerc,15,0.8,0.8,14.0,0.07602339181286549,9.0,0.05574912891986063,-1.8,1.0,-2.8,1.9250000000000007,0.15616666666666665,24.3632,0.1,0.1,0,1,0
2018,11,German Grand Prix,11,2.402,McLaren,Fernando Alonso,16,0.7,0.75,8.0,0.23391812865497075,7.0,0.1672473867595819,-1.2,1.6,1.0,0.0,0.14925,24.951999999999998,0.2,0.0,0,1,1
2018,11,German Grand Prix,19,2.994,Williams,Lance Stroll,17,0.8,0.8,17.0,0.023391812865497075,10.0,0.013937282229965157,1.8,0.0,-0.2,0.0,0.927,25.7923,0.1,0.1,0,1,1
2018,11,German Grand Prix,1,0.0,Ferrari,Sebastian Vettel,18,1.0,0.9,1.0,1.0,1.0,1.0,-0.2,32.2,0.4,0.0,-1.2994,26.0585,0.1,0.0,0,0,1
2018,11,German Grand Prix,12,2.49,Williams,Sergey Sirotkin,19,0.8,0.8,20.0,0.0,10.0,0.013937282229965157,2.2,0.0,0.0,-2.954545454545455,1.1124,25.7923,0.1,0.1,0,0,1
2018,11,German Grand Prix,15,2.106,Red Bull,Daniel Ricciardo,20,0.7,0.7,4.0,0.6198830409356725,3.0,0.6933797909407665,-1.4,23.8,0.0,-1.9777777777777779,-1.224625,24.267899999999997,0.2,0.1,0,0,1
2018,12,Hungarian Grand Prix,1,0.753,Mercedes,Lewis Hamilton,1,0.9090909090909091,0.8636363636363636,1.0,1.0,1.0,1.0,-0.6,26.4,2.6,2.3550724637681153,-1.7335,24.049699999999998,0.13636363636363635,0.0,0,1,1
2018,12,Hungarian Grand Prix,4,0.0,Ferrari,Sebastian Vettel,2,0.9090909090909091,0.8636363636363636,2.0,0.9095744680851063,2.0,0.9741935483870968,-3.6,29.2,-3.4,3.542553191489361,-1.477375,25.1652,0.09090909090909091,0.09090909090909091,0,0,1
2018,12,Hungarian Grand Prix,3,0.86,Ferrari,Kimi Räikkönen,3,0.8181818181818181,0.8636363636363636,3.0,0.6968085106382979,2.0,0.9741935483870968,0.8,29.2,0.0,4.0625,-1.5115999999999998,25.1652,0.09090909090909091,0.0,0,0,1
2018,12,Hungarian Grand Prix,12,1.874,Red Bull,Daniel Ricciardo,4,0.6363636363636364,0.6818181818181819,5.0,0.5638297872340425,3.0,0.6806451612903226,-2.4,20.8,-1.0,0.0,-1.4231666666666667,23.262,0.22727272727272727,0.09090909090909091,0,0,1
2018,12,Hungarian Grand Prix,2,0.457,Mercedes,Valtteri Bottas,5,0.8181818181818181,0.8636363636363636,4.0,0.648936170212766,1.0,1.0,-4.6,26.4,0.0,-1.42,-1.249875,24.049699999999998,0.13636363636363635,0.0,0,1,1
2018,12,Hungarian Grand Prix,6,1.911,Toro Rosso,Pierre Gasly,6,0.7272727272727273,0.6363636363636364,14.0,0.09574468085106383,8.0,0.06451612903225806,0.8,0.2,0.0,-0.9019607843137258,0.477875,23.858999999999998,0.13636363636363635,0.18181818181818182,0,1,0
2018,12,Hungarian Grand Prix,9,1.648,Haas F1 Team,Kevin Magnussen,7,0.9090909090909091,0.7727272727272727,9.0,0.2074468085106383,6.0,0.19032258064516128,-0.8,8.0,-2.4,0.0,0.1261,24.8722,0.09090909090909091,0.0,0,0,1
2018,12,Hungarian Grand Prix,11,1.542,McLaren,Fernando Alonso,8,0.6363636363636364,0.7272727272727273,8.0,0.2127659574468085,7.0,0.15483870967741936,0.4,1.6,1.6,0.0,0.14925,23.82,0.18181818181818182,0.0,0,1,1
2018,12,Hungarian Grand Prix,5,1.163,Renault,Carlos Sainz,9,0.9090909090909091,0.8181818181818181,12.0,0.14893617021276595,4.0,0.25806451612903225,-1.6,6.8,-0.4,0.0,0.138125,24.709600000000002,0.045454545454545456,0.09090909090909091,0,1,0
2018,12,Hungarian Grand Prix,10,1.235,Haas F1 Team,Romain Grosjean,10,0.6363636363636364,0.7727272727272727,13.0,0.10638297872340426,6.0,0.19032258064516128,0.2,8.0,0.0,0.0,0.070375,24.8722,0.09090909090909091,0.2727272727272727,0,0,1
2018,12,Hungarian Grand Prix,8,1.763,Toro Rosso,Brendon Hartley,11,0.5454545454545454,0.6363636363636364,19.0,0.010638297872340425,8.0,0.06451612903225806,1.2,0.2,2.2,0.0,0.803,23.858999999999998,0.13636363636363635,0.2727272727272727,0,0,0
2018,12,Hungarian Grand Prix,13,1.239,Renault,Nico Hülkenberg,12,0.7272727272727273,0.8181818181818181,7.0,0.2765957446808511,4.0,0.25806451612903225,0.0,6.8,-0.2,0.0,-0.057125,24.709600000000002,0.045454545454545456,0.18181818181818182,0,1,0
2018,12,Hungarian Grand Prix,18,2.476,Force India,Esteban Ocon,13,0.7272727272727273,0.8181818181818181,11.0,0.15425531914893617,5.0,0.19032258064516128,1.4,6.6,1.6,2.275862068965518,0.26625,24.9976,0.09090909090909091,0.18181818181818182,0,1,0
2018,12,Hungarian Grand Prix,19,2.534,Force India,Sergio Pérez,14,0.9090909090909091,0.8181818181818181,10.0,0.1595744680851064,5.0,0.19032258064516128,1.2,6.6,1.2,0.0,-0.00575,24.9976,0.09090909090909091,0.0,0,1,0
2018,12,Hungarian Grand Prix,14,1.975,Sauber,Marcus Ericsson,15,0.8181818181818181,0.8181818181818181,17.0,0.026595744680851064,9.0,0.05806451612903226,3.4,1.4,-0.4,0.0,0.674125,23.5391,0.09090909090909091,0.09090909090909091,0,0,0
2018,12,Hungarian Grand Prix,20,2.635,Williams,Sergey Sirotkin,16,0.7272727272727273,0.7272727272727273,20.0,0.0,10.0,0.012903225806451613,1.4,0.0,-0.8,0.0,1.22775,24.249299999999998,0.18181818181818182,0.09090909090909091,0,0,1
2018,12,Hungarian Grand Prix,15,1.894,Williams,Lance Stroll,17,0.7272727272727273,0.7272727272727273,18.0,0.02127659574468085,10.0,0.012903225806451613,2.0,0.0,0.2,0.0,1.19,24.249299999999998,0.18181818181818182,0.09090909090909091,0,1,1
2018,12,Hungarian Grand Prix,16,2.116,McLaren,Stoffel Vandoorne,18,0.8181818181818181,0.7272727272727273,16.0,0.0425531914893617,7.0,0.15483870967741936,3.8,1.6,1.8,0.0,0.751625,23.82,0.18181818181818182,0.09090909090909091,0,0,1
2018,12,Hungarian Grand Prix,7,0.274,Red Bull,Max Verstappen,19,0.7272727272727273,0.6818181818181819,6.0,0.5585106382978723,3.0,0.6806451612903226,-0.8,20.8,-2.2,0.0,-1.422125,23.262,0.22727272727272727,0.09090909090909091,0,1,1
2018,12,Hungarian Grand Prix,17,2.151,Sauber,Charles Leclerc,20,0.8181818181818181,0.8181818181818181,15.0,0.06914893617021277,9.0,0.05806451612903226,-2.2,1.4,-0.4,0.0,0.188625,23.5391,0.09090909090909091,0.09090909090909091,0,1,0
2018,13,Belgian Grand Prix,2,0.0,Ferrari,Sebastian Vettel,1,0.9166666666666666,0.875,2.0,0.8873239436619719,2.0,0.9710144927536232,-3.2,29.2,0.4,0.0,-1.492125,25.07,0.08333333333333333,0.08333333333333333,0,0,1
2018,13,Belgian Grand Prix,1,0.052,Mercedes,Lewis Hamilton,2,0.9166666666666666,0.875,1.0,1.0,1.0,1.0,-0.4,27.8,0.2,0.0,-1.84675,23.6204,0.125,0.0,0,1,1
2018,13,Belgian Grand Prix,7,1.053,Red Bull,Max Verstappen,3,0.6666666666666667,0.6666666666666667,6.0,0.49295774647887325,3.0,0.6463768115942029,-3.2,17.8,-2.4,0.0,-1.4743333333333333,22.8932,0.25,0.08333333333333333,0,1,1
2018,13,Belgian Grand Prix,10,0.69,Mercedes,Valtteri Bottas,4,0.8333333333333334,0.875,4.0,0.6197183098591549,1.0,1.0,-5.2,27.8,-0.6,0.0,-1.194875,23.6204,0.125,0.0,0,1,1
2018,13,Belgian Grand Prix,4,1.513,Force India,Sergio Pérez,5,0.9166666666666666,0.8333333333333334,10.0,0.14084507042253522,6.0,0.17101449275362318,3.0,6.2,1.8,0.0,0.065875,24.0753,0.08333333333333333,0.0,0,1,0
2018,13,Belgian Grand Prix,3,1.801,Force India,Esteban Ocon,6,0.75,0.8333333333333334,12.0,0.13615023474178403,6.0,0.17101449275362318,2.6,6.2,1.2,0.0,0.326875,24.0753,0.08333333333333333,0.16666666666666666,0,1,0
2018,13,Belgian Grand Prix,5,1.541,Haas F1 Team,Romain Grosjean,7,0.6666666666666667,0.7916666666666666,14.0,0.09859154929577464,5.0,0.19130434782608696,-1.4,9.4,-1.6,0.0,0.08125,24.7173,0.08333333333333333,0.25,0,0,1
2018,13,Belgian Grand Prix,9,1.819,Haas F1 Team,Kevin Magnussen,8,0.9166666666666666,0.7916666666666666,8.0,0.2112676056338028,5.0,0.19130434782608696,0.0,9.4,0.8,0.0,-0.0538,24.7173,0.08333333333333333,0.0,0,0,1
2018,13,Belgian Grand Prix,11,2.343,Toro Rosso,Pierre Gasly,9,0.75,0.6666666666666667,13.0,0.12206572769953052,8.0,0.08115942028985507,-0.2,1.8,-1.0,0.0,0.319875,23.3891,0.125,0.16666666666666666,0,1,0
2018,13,Belgian Grand Prix,14,2.345,Sauber,Marcus Ericsson,10,0.8333333333333334,0.7916666666666666,17.0,0.023474178403755867,9.0,0.05217391304347826,2.4,1.2,-1.0,0.0,0.632625,23.3476,0.125,0.08333333333333333,0,0,0
2018,13,Belgian Grand Prix,16,2.988,Renault,Carlos Sainz,11,0.9166666666666666,0.8333333333333334,11.0,0.14084507042253522,4.0,0.23768115942028986,-2.6,5.2,-1.0,0.0,0.16275,24.2091,0.041666666666666664,0.08333333333333333,0,1,0
2018,13,Belgian Grand Prix,18,3.497,Williams,Sergey Sirotkin,12,0.75,0.75,20.0,0.0,10.0,0.011594202898550725,2.0,0.0,0.6,0.0,1.278875,23.8231,0.16666666666666666,0.08333333333333333,0,0,1
2018,13,Belgian Grand Prix,19,3.633,Williams,Lance Stroll,13,0.75,0.75,18.0,0.018779342723004695,10.0,0.011594202898550725,2.2,0.0,0.2,0.0,1.2936666666666667,23.8231,0.16666666666666666,0.08333333333333333,0,1,1
2018,13,Belgian Grand Prix,12,2.364,Toro Rosso,Brendon Hartley,14,0.5833333333333333,0.6666666666666667,19.0,0.009389671361502348,8.0,0.08115942028985507,2.0,1.8,0.8,0.0,0.6803333333333333,23.3891,0.125,0.25,0,0,0
2018,13,Belgian Grand Prix,20,3.806,McLaren,Stoffel Vandoorne,15,0.75,0.7083333333333333,16.0,0.03755868544600939,7.0,0.15072463768115943,3.6,2.4,-0.2,0.0,0.6286666666666666,23.465300000000003,0.20833333333333334,0.08333333333333333,0,0,1
2018,13,Belgian Grand Prix,8,1.625,Red Bull,Daniel Ricciardo,16,0.6666666666666667,0.6666666666666667,5.0,0.5539906103286385,3.0,0.6463768115942029,-1.2,17.8,1.2,0.0,-1.517,22.8932,0.25,0.08333333333333333,0,0,1
2018,13,Belgian Grand Prix,6,0.032,Ferrari,Kimi Räikkönen,17,0.8333333333333334,0.875,3.0,0.6854460093896714,2.0,0.9710144927536232,1.0,29.2,0.2,0.0,-1.6111,25.07,0.08333333333333333,0.0,0,0,1
2018,13,Belgian Grand Prix,13,2.153,Sauber,Charles Leclerc,18,0.75,0.7916666666666666,15.0,0.06103286384976526,9.0,0.05217391304347826,-3.4,1.2,-1.2,0.0,0.15566666666666665,23.3476,0.125,0.08333333333333333,0,1,0
2018,13,Belgian Grand Prix,17,3.416,McLaren,Fernando Alonso,19,0.6666666666666667,0.7083333333333333,9.0,0.20657276995305165,7.0,0.15072463768115943,1.8,2.4,1.4,0.0,0.11116666666666668,23.465300000000003,0.20833333333333334,0.0,0,1,1
2018,13,Belgian Grand Prix,15,2.644,Renault,Nico Hülkenberg,20,0.75,0.8333333333333334,7.0,0.24413145539906103,4.0,0.23768115942028986,0.2,5.2,0.2,0.0,0.02375,24.2091,0.041666666666666664,0.16666666666666666,0,1,0
2018,14,Italian Grand Prix,3,0.175,Mercedes,Lewis Hamilton,1,0.9230769230769231,0.8846153846153846,1.0,1.0,1.0,1.0,-0.6,27.6,-0.2,0.0,-1.75825,22.504399999999997,0.11538461538461539,0.0,0,1,1
2018,14,Italian Grand Prix,1,0.0,Ferrari,Kimi Räikkönen,2,0.7692307692307692,0.8461538461538461,3.0,0.6320346320346321,2.0,0.96,-1.8,29.2,-2.8,0.0,-1.569125,23.7262,0.11538461538461539,0.0,0,0,1
2018,14,Italian Grand Prix,4,0.537,Mercedes,Valtteri Bottas,3,0.8461538461538461,0.8846153846153846,4.0,0.6233766233766234,1.0,1.0,-3.0,27.6,2.2,0.0,-1.2425,22.504399999999997,0.11538461538461539,0.0,0,1,1
2018,14,Italian Grand Prix,2,0.161,Ferrari,Sebastian Vettel,4,0.9230769230769231,0.8461538461538461,2.0,0.9264069264069265,2.0,0.96,-2.6,29.2,0.6,0.0,-1.63775,23.7262,0.11538461538461539,0.07692307692307693,0,0,1
2018,14,Italian Grand Prix,5,1.214,Red Bull,Max Verstappen,5,0.6923076923076923,0.6538461538461539,5.0,0.5194805194805194,3.0,0.6346666666666667,-2.8,14.8,0.4,0.0,-1.3495,22.2511,0.23076923076923078,0.07692307692307693,0,1,1
2018,14,Italian Grand Prix,8,1.98,Force India,Esteban Ocon,6,0.7692307692307692,0.8461538461538461,11.0,0.16017316017316016,5.0,0.20533333333333334,3.6,9.8,1.0,0.0,0.2546,23.5405,0.07692307692307693,0.15384615384615385,0,1,0
2018,14,Italian Grand Prix,16,2.769,Force India,Sergio Pérez,7,0.9230769230769231,0.8461538461538461,10.0,0.17316017316017315,5.0,0.20533333333333334,3.8,9.8,0.8,0.0,0.0115,23.5405,0.07692307692307693,0.0,0,1,0
2018,14,Italian Grand Prix,7,1.922,Renault,Carlos Sainz,8,0.9230769230769231,0.8076923076923077,12.0,0.12987012987012986,4.0,0.21866666666666668,-1.4,4.0,1.2,0.0,0.42725,23.4018,0.038461538461538464,0.07692307692307693,0,1,0
2018,14,Italian Grand Prix,10,2.375,Williams,Lance Stroll,9,0.7692307692307692,0.7692307692307692,18.0,0.017316017316017316,10.0,0.010666666666666666,2.8,0.0,0.6,0.0,1.20275,22.751199999999997,0.15384615384615385,0.07692307692307693,0,1,1
2018,14,Italian Grand Prix,12,2.613,Williams,Sergey Sirotkin,10,0.7692307692307692,0.7692307692307692,20.0,0.0,10.0,0.010666666666666666,2.4,0.0,0.4,0.0,1.21825,22.751199999999997,0.15384615384615385,0.07692307692307693,0,0,1
2018,14,Italian Grand Prix,17,2.77,Sauber,Charles Leclerc,11,0.6923076923076923,0.7692307692307692,15.0,0.05627705627705628,9.0,0.050666666666666665,-4.0,1.2,-0.6,0.0,0.2225,22.6424,0.11538461538461539,0.15384615384615385,0,1,0
2018,14,Italian Grand Prix,20,2.966,McLaren,Stoffel Vandoorne,12,0.7692307692307692,0.6923076923076923,16.0,0.03463203463203463,7.0,0.13866666666666666,3.4,2.4,-0.2,0.0,1.1398333333333333,23.048899999999996,0.19230769230769232,0.07692307692307693,0,0,1
2018,14,Italian Grand Prix,14,2.682,Renault,Nico Hülkenberg,13,0.6923076923076923,0.8076923076923077,7.0,0.22510822510822512,4.0,0.21866666666666668,-1.4,4.0,-1.6,0.0,0.18033333333333335,23.4018,0.038461538461538464,0.23076923076923078,0,1,0
2018,14,Italian Grand Prix,9,2.231,Toro Rosso,Pierre Gasly,14,0.7692307692307692,0.6923076923076923,13.0,0.12121212121212122,8.0,0.08,1.4,2.2,1.6,0.0,0.3332,22.8386,0.11538461538461539,0.15384615384615385,0,1,0
2018,14,Italian Grand Prix,19,2.929,Sauber,Marcus Ericsson,15,0.8461538461538461,0.7692307692307692,17.0,0.025974025974025976,9.0,0.050666666666666665,2.8,1.2,0.4,0.0,0.611125,22.6424,0.11538461538461539,0.07692307692307693,0,0,0
2018,14,Italian Grand Prix,11,2.55,Haas F1 Team,Kevin Magnussen,16,0.9230769230769231,0.8076923076923077,8.0,0.21212121212121213,6.0,0.20266666666666666,-0.4,9.8,-0.4,0.0,0.019600000000000003,23.5286,0.07692307692307693,0.0,0,0,1
2018,14,Italian Grand Prix,15,2.161,Red Bull,Daniel Ricciardo,17,0.6153846153846154,0.6538461538461539,6.0,0.5108225108225108,3.0,0.6346666666666667,-3.0,14.8,-1.8,0.0,-1.39,22.2511,0.23076923076923078,0.07692307692307693,0,0,1
2018,14,Italian Grand Prix,13,2.731,McLaren,Fernando Alonso,18,0.6153846153846154,0.6923076923076923,9.0,0.19047619047619047,7.0,0.13866666666666666,1.4,2.4,-0.4,0.0,0.11116666666666668,23.048899999999996,0.19230769230769232,0.07692307692307693,0,1,1
2018,14,Italian Grand Prix,18,2.815,Toro Rosso,Brendon Hartley,19,0.6153846153846154,0.6923076923076923,19.0,0.008658008658008658,8.0,0.08,1.0,2.2,-1.0,0.0,0.8173333333333334,22.8386,0.11538461538461539,0.23076923076923078,0,0,0
2018,14,Italian Grand Prix,6,1.817,Haas F1 Team,Romain Grosjean,20,0.6923076923076923,0.8076923076923077,14.0,0.11688311688311688,6.0,0.20266666666666666,-1.6,9.8,-0.2,0.0,0.094375,23.5286,0.07692307692307693,0.23076923076923078,0,0,1
2018,15,Singapore Grand Prix,1,0.0,Mercedes,Lewis Hamilton,1,0.9285714285714286,0.8928571428571429,1.0,1.0,1.0,1.0,2.6,35.6,3.2,0.0,-1.6817,23.031,0.10714285714285714,0.0,0,1,1
2018,15,Singapore Grand Prix,2,0.319,Red Bull,Max Verstappen,2,0.7142857142857143,0.6428571428571428,5.0,0.5078125,3.0,0.5975903614457831,-3.6,11.8,-0.8,0.0,-1.2653333333333332,22.8801,0.25,0.07142857142857142,0,1,1
2018,15,Singapore Grand Prix,3,0.613,Ferrari,Sebastian Vettel,3,0.9285714285714286,0.8571428571428572,2.0,0.8828125,2.0,0.9397590361445783,-3.0,28.6,-0.4,0.0,-1.655875,24.04,0.10714285714285714,0.07142857142857142,0,0,1
2018,15,Singapore Grand Prix,4,0.687,Mercedes,Valtteri Bottas,4,0.8571428571428572,0.8928571428571429,4.0,0.62109375,1.0,1.0,0.8,35.6,3.8,0.0,-1.1797,23.031,0.10714285714285714,0.0,0,1,1
2018,15,Singapore Grand Prix,5,0.779,Ferrari,Kimi Räikkönen,5,0.7857142857142857,0.8571428571428572,3.0,0.640625,2.0,0.9397590361445783,-2.4,28.6,-0.6,0.0,-1.598,24.04,0.10714285714285714,0.0,0,0,1
2018,15,Singapore Grand Prix,6,0.981,Red Bull,Daniel Ricciardo,6,0.5714285714285714,0.6428571428571428,6.0,0.4609375,3.0,0.5975903614457831,-1.2,11.8,1.8,0.0,-1.39,22.8801,0.25,0.07142857142857142,0,0,1
2018,15,Singapore Grand Prix,11,2.626,McLaren,Fernando Alonso,7,0.5714285714285714,0.6785714285714286,11.0,0.171875,7.0,0.12530120481927712,-0.8,1.6,-2.2,0.0,0.0725,23.3625,0.21428571428571427,0.07142857142857142,0,1,1
2018,15,Singapore Grand Prix,12,2.701,Renault,Carlos Sainz,8,0.9285714285714286,0.8214285714285714,12.0,0.1328125,5.0,0.20722891566265061,-1.0,4.8,0.4,0.0,0.441375,23.4894,0.03571428571428571,0.07142857142857142,0,1,0
2018,15,Singapore Grand Prix,13,2.732,Sauber,Charles Leclerc,9,0.7142857142857143,0.7857142857142857,15.0,0.05078125,9.0,0.04578313253012048,-3.6,0.6,0.4,0.0,0.45025,23.4691,0.10714285714285714,0.14285714285714285,0,1,0
2018,15,Singapore Grand Prix,10,2.435,Renault,Nico Hülkenberg,10,0.7142857142857143,0.8214285714285714,7.0,0.203125,5.0,0.20722891566265061,0.8,4.8,2.2,0.0,0.30475,23.4894,0.03571428571428571,0.21428571428571427,0,1,0
2018,15,Singapore Grand Prix,14,3.351,Sauber,Marcus Ericsson,11,0.8571428571428572,0.7857142857142857,18.0,0.0234375,9.0,0.04578313253012048,1.6,0.6,-1.2,0.0,0.772875,23.4691,0.10714285714285714,0.07142857142857142,0,0,0
2018,15,Singapore Grand Prix,18,3.849,McLaren,Stoffel Vandoorne,12,0.7857142857142857,0.6785714285714286,16.0,0.03125,7.0,0.12530120481927712,4.8,1.6,1.4,0.0,1.03775,23.3625,0.21428571428571427,0.07142857142857142,0,0,1
2018,15,Singapore Grand Prix,15,3.599,Toro Rosso,Pierre Gasly,13,0.7857142857142857,0.6785714285714286,13.0,0.109375,8.0,0.07228915662650602,0.2,2.2,-1.2,0.0,0.3942,23.994799999999998,0.14285714285714285,0.14285714285714285,0,1,0
2018,15,Singapore Grand Prix,20,5.319,Williams,Lance Stroll,14,0.7857142857142857,0.7857142857142857,17.0,0.0234375,10.0,0.016867469879518072,2.8,0.6,0.0,0.0,1.122,23.384999999999998,0.14285714285714285,0.07142857142857142,0,1,1
2018,15,Singapore Grand Prix,8,2.305,Haas F1 Team,Romain Grosjean,15,0.6428571428571428,0.7857142857142857,14.0,0.10546875,6.0,0.18313253012048192,-4.8,5.4,-3.2,0.0,0.1445,25.4369,0.07142857142857142,0.21428571428571427,0,0,1
2018,15,Singapore Grand Prix,7,1.97,Force India,Sergio Pérez,16,0.9285714285714286,0.8571428571428572,9.0,0.1796875,4.0,0.21927710843373494,3.6,9.8,-0.2,0.0,-0.0429,24.0497,0.07142857142857142,0.0,0,1,0
2018,15,Singapore Grand Prix,17,3.794,Toro Rosso,Brendon Hartley,17,0.5714285714285714,0.6785714285714286,19.0,0.0078125,8.0,0.07228915662650602,0.4,2.2,-0.6,0.0,0.8173333333333334,23.994799999999998,0.14285714285714285,0.21428571428571427,0,0,0
2018,15,Singapore Grand Prix,16,3.629,Haas F1 Team,Kevin Magnussen,18,0.9285714285714286,0.7857142857142857,8.0,0.19140625,6.0,0.18313253012048192,-2.0,5.4,-1.6,0.0,0.2933,25.4369,0.07142857142857142,0.0,0,0,1
2018,15,Singapore Grand Prix,19,5.248,Williams,Sergey Sirotkin,19,0.7857142857142857,0.7857142857142857,20.0,0.00390625,10.0,0.016867469879518072,1.8,0.6,-0.6,0.0,1.12675,23.384999999999998,0.14285714285714285,0.07142857142857142,0,0,1
2018,15,Singapore Grand Prix,9,2.35,Force India,Esteban Ocon,20,0.7857142857142857,0.8571428571428572,10.0,0.17578125,4.0,0.21927710843373494,3.0,9.8,-0.6,0.0,0.1555,24.0497,0.07142857142857142,0.14285714285714285,0,1,0
2018,16,Russian Grand Prix,2,0.145,Mercedes,Lewis Hamilton,1,0.9333333333333333,0.9,1.0,1.0,1.0,1.0,2.8,37.0,0.2,0.0,-1.8265,23.0922,0.1,0.0,0,1,1
2018,16,Russian Grand Prix,1,0.0,Mercedes,Valtteri Bottas,2,0.8666666666666667,0.9,4.0,0.608540925266904,1.0,1.0,0.8,37.0,0.0,0.0,-1.1393,23.0922,0.1,0.0,0,1,1
2018,16,Russian Grand Prix,3,0.556,Ferrari,Sebastian Vettel,3,0.9333333333333333,0.8666666666666667,2.0,0.8576512455516014,2.0,0.918141592920354,-3.2,25.6,-0.2,0.0,-1.621,24.0973,0.1,0.06666666666666667,0,0,1
2018,16,Russian Grand Prix,4,0.85,Ferrari,Kimi Räikkönen,4,0.8,0.8666666666666667,3.0,0.6192170818505338,2.0,0.918141592920354,-2.4,25.6,0.0,0.0,-1.5215,24.0973,0.1,0.0,0,0,1
2018,16,Russian Grand Prix,11,1.661,Red Bull,Max Verstappen,5,0.7333333333333334,0.6666666666666667,5.0,0.5266903914590747,3.0,0.6061946902654868,-1.6,15.0,2.0,0.0,-1.5015,23.087300000000003,0.23333333333333334,0.06666666666666667,0,1,1
2018,16,Russian Grand Prix,12,1.86,Red Bull,Daniel Ricciardo,6,0.6,0.6666666666666667,6.0,0.4483985765124555,3.0,0.6061946902654868,-1.4,15.0,-0.2,0.0,-1.39425,23.087300000000003,0.23333333333333334,0.06666666666666667,0,0,1
2018,16,Russian Grand Prix,7,2.032,Sauber,Charles Leclerc,7,0.7333333333333334,0.8,15.0,0.05338078291814947,9.0,0.046460176991150445,-0.8,1.0,2.8,0.0,0.4845,23.678900000000002,0.1,0.13333333333333333,0,1,0
2018,16,Russian Grand Prix,5,1.794,Haas F1 Team,Kevin Magnussen,8,0.9333333333333333,0.8,9.0,0.17437722419928825,6.0,0.168141592920354,-2.0,5.0,0.0,-0.16666666666666607,0.5077,25.559,0.06666666666666667,0.0,0,0,1
2018,16,Russian Grand Prix,6,2.026,Force India,Esteban Ocon,9,0.7333333333333334,0.8333333333333334,11.0,0.1601423487544484,4.0,0.2013274336283186,0.2,8.4,-2.8,-1.713178294573643,0.159,24.278100000000002,0.06666666666666667,0.2,0,1,0
2018,16,Russian Grand Prix,8,2.176,Force India,Sergio Pérez,10,0.9333333333333333,0.8333333333333334,10.0,0.16370106761565836,4.0,0.2013274336283186,1.4,8.4,-2.2,-3.0227272727272734,0.1174,24.278100000000002,0.06666666666666667,0.0,0,1,0
2018,16,Russian Grand Prix,9,2.13,Haas F1 Team,Romain Grosjean,11,0.6666666666666667,0.8,14.0,0.09608540925266904,6.0,0.168141592920354,-4.6,5.0,0.2,1.5,0.2835,25.559,0.06666666666666667,0.2,0,0,1
2018,16,Russian Grand Prix,15,3.268,Renault,Nico Hülkenberg,12,0.7333333333333334,0.8333333333333334,7.0,0.18861209964412812,5.0,0.2013274336283186,-0.2,4.2,-1.0,1.9347826086956523,0.403875,23.8881,0.03333333333333333,0.2,0,1,0
2018,16,Russian Grand Prix,10,2.608,Sauber,Marcus Ericsson,13,0.8666666666666667,0.8,18.0,0.021352313167259787,9.0,0.046460176991150445,2.8,1.0,1.2,-2.627659574468085,0.7416,23.678900000000002,0.1,0.06666666666666667,0,0,0
2018,16,Russian Grand Prix,17,4.117,McLaren,Fernando Alonso,14,0.6,0.7,8.0,0.17793594306049823,7.0,0.12831858407079647,-1.0,2.0,-0.2,4.958333333333334,-0.303,23.6839,0.2,0.06666666666666667,0,1,1
2018,16,Russian Grand Prix,20,5.05,Williams,Lance Stroll,15,0.8,0.8,17.0,0.021352313167259787,10.0,0.015486725663716814,2.6,0.6,-0.2,3.755102040816327,1.0005,23.880599999999998,0.13333333333333333,0.06666666666666667,0,1,1
2018,16,Russian Grand Prix,19,4.59,McLaren,Stoffel Vandoorne,16,0.8,0.7,16.0,0.028469750889679714,7.0,0.12831858407079647,4.8,2.0,0.0,0.0,1.03075,23.6839,0.2,0.06666666666666667,0,0,1
2018,16,Russian Grand Prix,14,3.239,Renault,Carlos Sainz,17,0.9333333333333333,0.8333333333333334,12.0,0.13523131672597866,5.0,0.2013274336283186,0.0,4.2,1.0,1.264705882352942,0.2646,23.8881,0.03333333333333333,0.06666666666666667,0,1,0
2018,16,Russian Grand Prix,18,4.225,Williams,Sergey Sirotkin,18,0.8,0.8,20.0,0.0035587188612099642,10.0,0.015486725663716814,1.0,0.6,-0.8,0.0,1.257875,23.880599999999998,0.13333333333333333,0.06666666666666667,0,0,1
2018,16,Russian Grand Prix,13,2.996,Toro Rosso,Pierre Gasly,19,0.8,0.7,13.0,0.099644128113879,8.0,0.06637168141592921,0.4,2.2,0.2,0.0,0.5202,24.0434,0.13333333333333333,0.13333333333333333,0,1,0
2018,16,Russian Grand Prix,16,3.65,Toro Rosso,Brendon Hartley,20,0.6,0.7,19.0,0.0071174377224199285,8.0,0.06637168141592921,0.4,2.2,0.0,0.0,0.81475,24.0434,0.13333333333333333,0.2,0,0,0
2018,17,Japanese Grand Prix,1,0.0,Mercedes,Lewis Hamilton,1,0.9375,0.90625,1.0,1.0,1.0,1.0,0.4,37.0,-2.4,0.0,-1.8545,25.1891,0.09375,0.0,0,1,1
2018,17,Japanese Grand Prix,2,0.227,Mercedes,Valtteri Bottas,2,0.875,0.90625,3.0,0.6176470588235294,1.0,1.0,0.6,37.0,-0.2,4.928571428571429,-1.1965,25.1891,0.09375,0.0,0,1,1
2018,17,Japanese Grand Prix,3,1.089,Red Bull,Max Verstappen,3,0.75,0.6875,5.0,0.5163398692810458,3.0,0.5898989898989899,-0.4,16.2,1.2,1.6842105263157894,-1.576,25.9095,0.21875,0.0625,0,1,1
2018,17,Japanese Grand Prix,15,2.046,Red Bull,Daniel Ricciardo,4,0.625,0.6875,6.0,0.43790849673202614,3.0,0.5898989898989899,0.8,16.2,2.2,-1.8793103448275854,-1.2728333333333333,25.9095,0.21875,0.0625,0,0,1
2018,17,Japanese Grand Prix,4,0.835,Ferrari,Kimi Räikkönen,5,0.8125,0.875,4.0,0.6078431372549019,2.0,0.8929292929292929,-2.4,28.0,0.0,-0.06355932203389791,-1.5415,26.1008,0.09375,0.0,0,0,1
2018,17,Japanese Grand Prix,9,0.519,Ferrari,Sebastian Vettel,6,0.9375,0.875,2.0,0.8366013071895425,2.0,0.8929292929292929,0.2,28.0,3.4,0.0,-1.675,26.1008,0.09375,0.0625,0,0,1
2018,17,Japanese Grand Prix,10,1.807,Force India,Sergio Pérez,7,0.9375,0.84375,10.0,0.15359477124183007,4.0,0.1898989898989899,0.4,7.0,-1.0,0.0,0.1943,25.864700000000006,0.0625,0.0,0,1,0
2018,17,Japanese Grand Prix,5,1.918,Haas F1 Team,Romain Grosjean,8,0.6875,0.8125,14.0,0.08823529411764706,6.0,0.16161616161616163,-5.0,4.2,-0.4,-2.725806451612904,0.4175,27.302699999999998,0.0625,0.1875,0,0,1
2018,17,Japanese Grand Prix,8,1.778,Force India,Esteban Ocon,9,0.75,0.84375,11.0,0.15359477124183007,4.0,0.1898989898989899,-2.0,7.0,-2.2,-1.682539682539682,0.096125,25.864700000000006,0.0625,0.1875,0,1,0
2018,17,Japanese Grand Prix,13,2.476,Renault,Carlos Sainz,10,0.9375,0.84375,12.0,0.12418300653594772,5.0,0.18383838383838383,0.2,2.2,0.2,-3.5625,0.6073999999999999,25.883699999999997,0.03125,0.0625,0,1,0
2018,17,Japanese Grand Prix,7,2.05,Toro Rosso,Pierre Gasly,11,0.75,0.65625,13.0,0.0915032679738562,8.0,0.06060606060606061,-1.4,2.0,-1.8,-2.5384615384615383,0.409625,25.9952,0.1875,0.125,0,1,0
2018,17,Japanese Grand Prix,20,3.453,Sauber,Marcus Ericsson,12,0.875,0.8125,18.0,0.0196078431372549,9.0,0.05454545454545454,1.4,1.8,-1.4,-1.0606060606060606,0.7687999999999999,25.7161,0.09375,0.0625,0,0,0
2018,17,Japanese Grand Prix,6,2.088,Toro Rosso,Brendon Hartley,13,0.5625,0.65625,19.0,0.006535947712418301,8.0,0.06060606060606061,-2.0,2.0,-2.4,-1.5074626865671643,0.8356666666666667,25.9952,0.1875,0.1875,0,0,0
2018,17,Japanese Grand Prix,18,2.813,McLaren,Fernando Alonso,14,0.625,0.71875,9.0,0.16339869281045752,7.0,0.11717171717171718,0.6,2.0,1.6,2.8088235294117645,0.24216666666666667,25.7267,0.1875,0.0625,0,1,1
2018,17,Japanese Grand Prix,19,3.281,McLaren,Stoffel Vandoorne,15,0.8125,0.71875,16.0,0.026143790849673203,7.0,0.11717171717171718,4.0,2.0,-0.8,-1.7246376811594208,1.15175,25.7267,0.1875,0.0625,0,0,1
2018,17,Japanese Grand Prix,17,2.612,Williams,Sergey Sirotkin,16,0.8125,0.8125,20.0,0.0032679738562091504,10.0,0.014141414141414142,2.4,0.6,1.4,7.366666666666667,1.2651,25.674699999999994,0.125,0.0625,0,0,1
2018,17,Japanese Grand Prix,14,2.557,Williams,Lance Stroll,17,0.8125,0.8125,17.0,0.0196078431372549,10.0,0.014141414141414142,3.2,0.6,0.6,0.0,0.9609,25.674699999999994,0.125,0.0625,0,1,1
2018,17,Japanese Grand Prix,11,1.946,Sauber,Charles Leclerc,18,0.75,0.8125,15.0,0.06862745098039216,9.0,0.05454545454545454,0.4,1.8,1.2,0.7222222222222214,0.3515,25.7161,0.09375,0.125,0,1,0
2018,17,Japanese Grand Prix,16,2.601,Renault,Nico Hülkenberg,19,0.75,0.84375,8.0,0.17320261437908496,5.0,0.18383838383838383,0.0,2.2,0.2,4.767123287671232,0.499625,25.883699999999997,0.03125,0.1875,0,1,0
2018,17,Japanese Grand Prix,12,2.459,Haas F1 Team,Kevin Magnussen,20,0.9375,0.8125,7.0,0.17320261437908496,6.0,0.16161616161616163,-1.4,4.2,0.6,0.0,0.5657000000000001,27.302699999999998,0.0625,0.0,0,0,1
2018,18,United States Grand Prix,3,0.07,Ferrari,Kimi Räikkönen,1,0.8235294117647058,0.8823529411764706,4.0,0.5921450151057401,2.0,0.8550185873605948,-2.6,25.0,-0.2,-1.6333333333333329,-1.506375,26.0315,0.08823529411764706,0.0,0,0,1
2018,18,United States Grand Prix,15,2.529,Red Bull,Max Verstappen,2,0.7647058823529411,0.7058823529411764,5.0,0.5226586102719033,3.0,0.5929368029739777,2.0,19.2,2.4,6.894736842105264,-1.7352,26.802,0.20588235294117646,0.058823529411764705,0,1,1
2018,18,United States Grand Prix,1,0.0,Mercedes,Lewis Hamilton,3,0.9411764705882353,0.9117647058823529,1.0,1.0,1.0,1.0,0.4,38.6,0.0,-1.5649350649350655,-2.0327,25.446500000000004,0.08823529411764706,0.0,0,1,1
2018,18,United States Grand Prix,2,0.061,Ferrari,Sebastian Vettel,4,0.9411764705882353,0.8823529411764706,2.0,0.797583081570997,2.0,0.8550185873605948,0.4,25.0,0.2,0.0,-1.5712000000000002,26.0315,0.08823529411764706,0.058823529411764705,0,0,1
2018,18,United States Grand Prix,4,0.379,Mercedes,Valtteri Bottas,5,0.8823529411764706,0.9117647058823529,3.0,0.6253776435045317,1.0,1.0,1.2,38.6,0.6,0.0,-1.4224,25.446500000000004,0.08823529411764706,0.0,0,1,1
2018,18,United States Grand Prix,7,1.978,Renault,Nico Hülkenberg,6,0.7058823529411764,0.8235294117647058,9.0,0.16012084592145015,5.0,0.17100371747211895,-0.8,2.0,-0.8,-1.6541666666666677,0.5228333333333334,26.1937,0.058823529411764705,0.17647058823529413,0,1,0
2018,18,United States Grand Prix,11,2.329,Renault,Carlos Sainz,7,0.9411764705882353,0.8235294117647058,12.0,0.11782477341389729,5.0,0.17100371747211895,1.6,2.0,1.4,0.4864197530864196,0.5682999999999999,26.1937,0.058823529411764705,0.058823529411764705,0,1,0
2018,18,United States Grand Prix,10,2.288,Force India,Sergio Pérez,8,0.9411764705882353,0.8529411764705882,7.0,0.16012084592145015,4.0,0.1895910780669145,0.0,8.6,-0.4,0.0,0.0531,26.0779,0.058823529411764705,0.0,0,1,0
2018,18,United States Grand Prix,14,2.969,Toro Rosso,Brendon Hartley,9,0.5882352941176471,0.6764705882352942,19.0,0.006042296072507553,8.0,0.055762081784386616,-2.8,0.4,-0.8,6.240963855421686,0.839,26.2923,0.17647058823529413,0.17647058823529413,0,0,0
2018,18,United States Grand Prix,19,3.299,Sauber,Marcus Ericsson,10,0.8823529411764706,0.7941176470588236,18.0,0.01812688821752266,9.0,0.05018587360594796,3.2,1.8,1.8,-2.8928571428571423,0.6271,26.5225,0.11764705882352941,0.058823529411764705,0,0,0
2018,18,United States Grand Prix,20,3.498,McLaren,Stoffel Vandoorne,11,0.8235294117647058,0.7352941176470589,16.0,0.02416918429003021,7.0,0.10780669144981413,5.2,1.2,1.2,0.0,1.0219,26.4353,0.17647058823529413,0.058823529411764705,0,0,1
2018,18,United States Grand Prix,13,2.613,Toro Rosso,Pierre Gasly,12,0.7647058823529411,0.6764705882352942,14.0,0.08459214501510574,8.0,0.055762081784386616,-2.2,0.4,-0.8,-1.9534883720930232,0.53875,26.2923,0.17647058823529413,0.11764705882352941,0,1,0
2018,18,United States Grand Prix,17,3.125,Williams,Sergey Sirotkin,13,0.8235294117647058,0.8235294117647058,20.0,0.0030211480362537764,10.0,0.013011152416356878,1.8,0.6,-0.6,-2.8965517241379306,1.0934000000000001,26.1264,0.11764705882352941,0.058823529411764705,0,0,1
2018,18,United States Grand Prix,18,3.243,Williams,Lance Stroll,14,0.8235294117647058,0.8235294117647058,17.0,0.01812688821752266,10.0,0.013011152416356878,3.0,0.6,-0.2,-2.1515151515151514,0.7104,26.1264,0.11764705882352941,0.058823529411764705,0,1,1
2018,18,United States Grand Prix,9,2.018,Sauber,Charles Leclerc,15,0.7058823529411764,0.7941176470588236,15.0,0.0634441087613293,9.0,0.05018587360594796,-0.4,1.8,-0.8,0.5561797752808992,0.3515,26.5225,0.11764705882352941,0.11764705882352941,0,1,0
2018,18,United States Grand Prix,5,1.257,Red Bull,Daniel Ricciardo,16,0.6470588235294117,0.7058823529411764,6.0,0.44108761329305135,3.0,0.5929368029739777,1.4,19.2,0.6,2.133333333333333,-1.575,26.802,0.20588235294117646,0.058823529411764705,0,0,1
2018,18,United States Grand Prix,8,2.013,Haas F1 Team,Romain Grosjean,17,0.7058823529411764,0.7941176470588236,13.0,0.09365558912386707,6.0,0.15613382899628253,-5.6,3.6,-0.6,-1.280219780219781,0.27475,27.8867,0.058823529411764705,0.17647058823529413,0,0,1
2018,18,United States Grand Prix,16,3.057,McLaren,Fernando Alonso,18,0.6470588235294117,0.7352941176470589,10.0,0.1510574018126888,7.0,0.10780669144981413,0.8,1.2,0.2,-0.5471014492753614,0.431,26.4353,0.17647058823529413,0.058823529411764705,0,1,1
2018,18,United States Grand Prix,6,1.908,Force India,Esteban Ocon,19,0.7647058823529411,0.8529411764705882,11.0,0.14803625377643503,4.0,0.1895910780669145,-3.2,8.6,-1.2,-2.338709677419354,0.003375,26.0779,0.058823529411764705,0.17647058823529413,0,1,0
2018,18,United States Grand Prix,12,2.495,Haas F1 Team,Kevin Magnussen,20,0.8823529411764706,0.7941176470588236,8.0,0.16012084592145015,6.0,0.15613382899628253,-3.4,3.6,-2.0,6.212765957446809,0.763125,27.8867,0.058823529411764705,0.058823529411764705,0,0,1
2018,19,Mexican Grand Prix,2,0.026,Red Bull,Max Verstappen,1,0.7777777777777778,0.6944444444444444,5.0,0.5520231213872833,3.0,0.5985790408525755,3.8,19.8,1.8,0.0,-1.7838,27.262900000000002,0.2222222222222222,0.05555555555555555,0,1,1
2018,19,Mexican Grand Prix,4,0.211,Ferrari,Sebastian Vettel,2,0.9444444444444444,0.8888888888888888,2.0,0.7976878612716763,2.0,0.8827708703374778,-0.2,27.4,-0.6,0.28125,-1.4890999999999999,25.985799999999994,0.08333333333333333,0.05555555555555555,0,0,1
2018,19,Mexican Grand Prix,6,0.571,Ferrari,Kimi Räikkönen,3,0.8333333333333334,0.8888888888888888,3.0,0.638728323699422,2.0,0.8827708703374778,0.0,27.4,2.6,1.3298969072164954,-1.5605,25.985799999999994,0.08333333333333333,0.0,0,0,1
2018,19,Mexican Grand Prix,3,0.135,Mercedes,Lewis Hamilton,4,0.9444444444444444,0.9166666666666666,1.0,1.0,1.0,1.0,0.2,37.6,-0.2,-1.112244897959183,-2.0021,25.7101,0.08333333333333333,0.0,0,1,1
2018,19,Mexican Grand Prix,5,0.401,Mercedes,Valtteri Bottas,5,0.8888888888888888,0.9166666666666666,4.0,0.6271676300578035,1.0,1.0,-0.2,37.6,-1.4,-1.383838383838385,-1.5267,25.7101,0.08333333333333333,0.0,0,1,1
2018,19,Mexican Grand Prix,7,1.068,Renault,Nico Hülkenberg,6,0.7222222222222222,0.8333333333333334,7.0,0.17630057803468208,5.0,0.1882770870337478,0.4,4.8,1.2,3.836666666666666,0.4275,27.357100000000003,0.05555555555555555,0.16666666666666666,0,1,0
2018,19,Mexican Grand Prix,9,1.43,Sauber,Charles Leclerc,7,0.6666666666666667,0.7777777777777778,15.0,0.06069364161849711,9.0,0.0497335701598579,-0.6,1.8,-0.2,-1.7920792079207928,0.3515,28.170799999999996,0.1111111111111111,0.16666666666666666,0,1,0
2018,19,Mexican Grand Prix,17,2.207,McLaren,Stoffel Vandoorne,8,0.8333333333333334,0.7222222222222222,16.0,0.023121387283236993,7.0,0.10301953818827708,6.0,1.2,0.8,-2.485294117647058,0.8195,26.720100000000002,0.16666666666666666,0.05555555555555555,0,0,1
2018,19,Mexican Grand Prix,10,1.754,Sauber,Marcus Ericsson,9,0.8888888888888888,0.7777777777777778,17.0,0.02023121387283237,9.0,0.0497335701598579,4.2,1.8,1.0,-0.5226537216828486,0.6733,28.170799999999996,0.1111111111111111,0.05555555555555555,0,0,0
2018,19,Mexican Grand Prix,15,2.069,Toro Rosso,Pierre Gasly,10,0.7777777777777778,0.6944444444444444,14.0,0.08092485549132948,8.0,0.056838365896980464,-2.4,0.4,-0.2,-3.14423076923077,0.653125,26.756400000000003,0.16666666666666666,0.1111111111111111,0,1,0
2018,19,Mexican Grand Prix,11,1.493,Force India,Esteban Ocon,11,0.7222222222222222,0.8333333333333334,11.0,0.1416184971098266,4.0,0.1882770870337478,-5.2,5.8,-2.0,8.04761904761905,0.016,26.821199999999997,0.05555555555555555,0.16666666666666666,0,1,0
2018,19,Mexican Grand Prix,19,2.93,Williams,Lance Stroll,12,0.8333333333333334,0.8333333333333334,18.0,0.017341040462427744,10.0,0.012433392539964476,2.6,0.6,-0.4,1.349056603773585,0.7894,26.6564,0.1111111111111111,0.05555555555555555,0,1,1
2018,19,Mexican Grand Prix,20,3.127,Williams,Sergey Sirotkin,13,0.8333333333333334,0.8333333333333334,20.0,0.002890173410404624,10.0,0.012433392539964476,1.4,0.6,-0.4,0.0,1.1765999999999999,26.6564,0.1111111111111111,0.05555555555555555,0,0,1
2018,19,Mexican Grand Prix,14,1.923,Toro Rosso,Brendon Hartley,14,0.6111111111111112,0.6944444444444444,19.0,0.011560693641618497,8.0,0.056838365896980464,-1.4,0.4,1.4,-3.583333333333334,0.6643333333333333,26.756400000000003,0.16666666666666666,0.16666666666666666,0,0,0
2018,19,Mexican Grand Prix,18,2.84,Haas F1 Team,Kevin Magnussen,15,0.8333333333333334,0.75,9.0,0.1531791907514451,6.0,0.1492007104795737,-5.2,1.6,-1.8,-2.1779816513761467,0.9121666666666667,29.4166,0.05555555555555555,0.05555555555555555,0,0,1
2018,19,Mexican Grand Prix,16,2.152,Haas F1 Team,Romain Grosjean,16,0.6666666666666667,0.75,13.0,0.08959537572254335,6.0,0.1492007104795737,-7.0,1.6,-1.4,-1.545454545454545,0.3118333333333333,29.4166,0.05555555555555555,0.2222222222222222,0,0,1
2018,19,Mexican Grand Prix,1,0.0,Red Bull,Daniel Ricciardo,17,0.6111111111111112,0.6944444444444444,6.0,0.42196531791907516,3.0,0.5985790408525755,0.8,19.8,-0.6,0.48648648648648596,-1.575,27.262900000000002,0.2222222222222222,0.05555555555555555,0,0,1
2018,19,Mexican Grand Prix,13,1.483,Force India,Sergio Pérez,18,0.9444444444444444,0.8333333333333334,8.0,0.16473988439306358,4.0,0.1882770870337478,0.6,5.8,0.6,0.8422619047619051,0.1975,26.821199999999997,0.05555555555555555,0.0,0,1,0
2018,19,Mexican Grand Prix,8,1.325,Renault,Carlos Sainz,19,0.9444444444444444,0.8333333333333334,12.0,0.13005780346820808,5.0,0.1882770870337478,1.4,4.8,-0.2,-2.504424778761061,0.297,27.357100000000003,0.05555555555555555,0.05555555555555555,0,1,0
2018,19,Mexican Grand Prix,12,2.098,McLaren,Fernando Alonso,20,0.6111111111111112,0.7222222222222222,10.0,0.14450867052023122,7.0,0.10301953818827708,0.8,1.2,0.0,4.1,0.431,26.720100000000002,0.16666666666666666,0.1111111111111111,0,1,1
2018,20,Brazilian Grand Prix,1,0.0,Mercedes,Lewis Hamilton,1,0.9473684210526316,0.9210526315789473,1.0,1.0,1.0,1.0,-0.4,34.0,-0.6,-1.091304347826087,-2.147,25.440800000000003,0.07894736842105263,0.0,0,1,1
2018,20,Brazilian Grand Prix,5,0.497,Red Bull,Max Verstappen,2,0.7894736842105263,0.6842105263157895,5.0,0.6033519553072626,3.0,0.6188034188034188,4.0,22.8,0.2,-0.5603448275862064,-2.1813000000000002,26.7997,0.23684210526315788,0.05263157894736842,0,1,1
2018,20,Brazilian Grand Prix,4,0.175,Ferrari,Kimi Räikkönen,3,0.8421052631578947,0.8947368421052632,3.0,0.659217877094972,2.0,0.905982905982906,0.8,28.0,0.8,-0.8461538461538458,-1.7854,25.529,0.07894736842105263,0.0,0,0,1
2018,20,Brazilian Grand Prix,6,0.499,Red Bull,Daniel Ricciardo,4,0.5789473684210527,0.6842105263157895,6.0,0.40782122905027934,3.0,0.6188034188034188,-2.0,22.8,-2.8,2.8841807909604533,-1.575,26.7997,0.23684210526315788,0.05263157894736842,0,0,1
2018,20,Brazilian Grand Prix,3,0.16,Mercedes,Valtteri Bottas,5,0.8947368421052632,0.9210526315789473,4.0,0.6340782122905028,1.0,1.0,-0.4,34.0,-0.2,0.0,-1.7549000000000001,25.440800000000003,0.07894736842105263,0.0,0,1,1
2018,20,Brazilian Grand Prix,2,0.093,Ferrari,Sebastian Vettel,6,0.9473684210526316,0.8947368421052632,2.0,0.8212290502793296,2.0,0.905982905982906,0.6,28.0,0.8,1.9749999999999996,-1.789,25.529,0.07894736842105263,0.05263157894736842,0,0,1
2018,20,Brazilian Grand Prix,8,1.054,Sauber,Charles Leclerc,7,0.6842105263157895,0.7894736842105263,15.0,0.07541899441340782,8.0,0.06153846153846154,-1.4,3.4,-0.8,2.2706611570247937,0.30033333333333334,28.4552,0.10526315789473684,0.15789473684210525,0,1,0
2018,20,Brazilian Grand Prix,9,0.958,Haas F1 Team,Romain Grosjean,8,0.6842105263157895,0.7631578947368421,13.0,0.08659217877094973,6.0,0.14358974358974358,-4.2,1.6,2.8,-2.442622950819672,0.463875,27.629,0.05263157894736842,0.21052631578947367,0,0,1
2018,20,Brazilian Grand Prix,11,1.193,Haas F1 Team,Kevin Magnussen,9,0.8421052631578947,0.7631578947368421,9.0,0.14804469273743018,6.0,0.14358974358974358,-3.6,1.6,1.6,0.0,0.801,27.629,0.05263157894736842,0.05263157894736842,0,0,1
2018,20,Brazilian Grand Prix,12,1.46,Force India,Sergio Pérez,10,0.8947368421052632,0.8157894736842105,8.0,0.15921787709497207,5.0,0.1811965811965812,-2.2,3.0,-2.8,-2.6032258064516123,0.33325,26.524,0.07894736842105263,0.0,0,1,0
2018,20,Brazilian Grand Prix,17,1.999,Toro Rosso,Brendon Hartley,11,0.631578947368421,0.7105263157894737,19.0,0.0111731843575419,9.0,0.05641025641025641,-1.2,0.6,0.2,-0.9085714285714293,0.6155,25.7605,0.15789473684210525,0.15789473684210525,0,0,0
2018,20,Brazilian Grand Prix,16,1.988,Renault,Carlos Sainz,12,0.8947368421052632,0.8157894736842105,12.0,0.12569832402234637,4.0,0.19487179487179487,-0.6,5.6,-2.0,7.063492063492063,0.316875,26.879999999999995,0.07894736842105263,0.05263157894736842,0,1,0
2018,20,Brazilian Grand Prix,10,1.335,Toro Rosso,Pierre Gasly,13,0.7894736842105263,0.7105263157894737,14.0,0.08100558659217877,9.0,0.05641025641025641,-0.4,0.6,2.0,1.6220472440944889,0.495875,25.7605,0.15789473684210525,0.10526315789473684,0,1,0
2018,20,Brazilian Grand Prix,20,2.32,McLaren,Stoffel Vandoorne,14,0.8421052631578947,0.7105263157894737,16.0,0.0335195530726257,7.0,0.10598290598290598,6.2,2.0,0.2,3.1640625,0.7587999999999999,26.3361,0.18421052631578946,0.05263157894736842,0,0,1
2018,20,Brazilian Grand Prix,13,1.489,Force India,Esteban Ocon,15,0.736842105263158,0.8157894736842105,11.0,0.13687150837988826,5.0,0.1811965811965812,-5.6,3.0,-0.4,-4.3100775193798455,0.3108333333333333,26.524,0.07894736842105263,0.15789473684210525,0,1,0
2018,20,Brazilian Grand Prix,15,1.978,Williams,Sergey Sirotkin,16,0.8421052631578947,0.8421052631578947,20.0,0.002793296089385475,10.0,0.011965811965811967,2.4,0.0,1.0,2.3820512820512807,1.195,26.1621,0.10526315789473684,0.05263157894736842,0,0,1
2018,20,Brazilian Grand Prix,18,2.121,McLaren,Fernando Alonso,17,0.5789473684210527,0.7105263157894737,10.0,0.13966480446927373,7.0,0.10598290598290598,0.2,2.0,-0.6,-2.659541984732824,0.431,26.3361,0.18421052631578946,0.10526315789473684,0,1,1
2018,20,Brazilian Grand Prix,19,2.16,Williams,Lance Stroll,18,0.8421052631578947,0.8421052631578947,18.0,0.01675977653631285,10.0,0.011965811965811967,3.8,0.0,1.2,-1.7196969696969688,0.7716000000000001,26.1621,0.10526315789473684,0.05263157894736842,0,1,1
2018,20,Brazilian Grand Prix,14,1.553,Renault,Nico Hülkenberg,19,0.736842105263158,0.8157894736842105,7.0,0.19273743016759776,4.0,0.19487179487179487,0.4,5.6,0.0,-2.1115288220551376,0.2545,26.879999999999995,0.07894736842105263,0.15789473684210525,0,1,0
2018,20,Brazilian Grand Prix,7,1.015,Sauber,Marcus Ericsson,20,0.8947368421052632,0.7894736842105263,17.0,0.025139664804469275,8.0,0.06153846153846154,3.6,3.4,-0.6,0.3638059701492544,0.5791000000000001,28.4552,0.10526315789473684,0.05263157894736842,0,0,0
2018,21,Abu Dhabi Grand Prix,1,0.0,Mercedes,Lewis Hamilton,1,0.95,0.925,1.0,1.0,1.0,1.0,-0.4,33.6,0.0,1.2063492063492074,-1.8742,24.2374,0.075,0.0,0,1,1
2018,21,Abu Dhabi Grand Prix,3,0.331,Ferrari,Sebastian Vettel,2,0.95,0.9,2.0,0.7885117493472585,2.0,0.8919354838709678,-0.2,27.6,-0.8,-1.8651960784313735,-1.5917999999999999,24.2421,0.075,0.05,0,0,1
2018,21,Abu Dhabi Grand Prix,6,0.795,Red Bull,Max Verstappen,3,0.8,0.7,5.0,0.6109660574412533,3.0,0.632258064516129,4.6,23.6,0.6,5.484184914841849,-1.9569,25.6269,0.225,0.05,0,1,1
2018,21,Abu Dhabi Grand Prix,5,0.607,Red Bull,Daniel Ricciardo,4,0.6,0.7,6.0,0.412532637075718,3.0,0.632258064516129,-1.6,23.6,0.4,-1.4999999999999991,-1.4816666666666667,25.6269,0.225,0.05,0,0,1
2018,21,Abu Dhabi Grand Prix,2,0.162,Mercedes,Valtteri Bottas,5,0.9,0.925,4.0,0.618798955613577,1.0,1.0,-0.8,33.6,-0.4,-0.9772182254196649,-1.6499000000000001,24.2374,0.075,0.0,0,1,1
2018,21,Abu Dhabi Grand Prix,11,2.188,Renault,Carlos Sainz,6,0.9,0.8,12.0,0.1174934725848564,4.0,0.18387096774193548,-0.6,4.6,0.0,0.8857142857142861,0.573875,25.5084,0.1,0.05,0,1,0
2018,21,Abu Dhabi Grand Prix,8,1.443,Sauber,Charles Leclerc,7,0.7,0.775,14.0,0.08616187989556136,8.0,0.06774193548387097,-2.0,4.2,-0.6,-2.1843971631205665,-0.07733333333333332,27.335199999999997,0.1,0.15,0,1,0
2018,21,Abu Dhabi Grand Prix,14,2.461,Force India,Sergio Pérez,8,0.9,0.825,8.0,0.1514360313315927,5.0,0.17258064516129032,0.0,3.2,2.2,0.8239436619718301,0.125375,25.973599999999998,0.075,0.0,0,1,0
2018,21,Abu Dhabi Grand Prix,7,1.398,Haas F1 Team,Romain Grosjean,9,0.7,0.775,13.0,0.09138381201044386,6.0,0.14516129032258066,-2.6,2.8,1.6,1.267132867132867,0.155,26.388299999999997,0.05,0.2,0,0,1
2018,21,Abu Dhabi Grand Prix,13,2.515,Haas F1 Team,Kevin Magnussen,10,0.85,0.775,9.0,0.14360313315926893,6.0,0.14516129032258066,-2.8,2.8,0.8,-2.083333333333334,0.2586666666666667,26.388299999999997,0.05,0.05,0,0,1
2018,21,Abu Dhabi Grand Prix,15,2.949,McLaren,Fernando Alonso,11,0.6,0.725,10.0,0.13054830287206268,7.0,0.1,-0.4,0.8,-0.6,0.0,0.868,24.9297,0.175,0.1,0,1,1
2018,21,Abu Dhabi Grand Prix,16,3.2,Toro Rosso,Brendon Hartley,12,0.65,0.725,19.0,0.010443864229765013,9.0,0.0532258064516129,0.0,0.6,1.2,5.397260273972602,0.552,24.5856,0.15,0.15,0,0,0
2018,21,Abu Dhabi Grand Prix,20,3.888,Williams,Lance Stroll,13,0.85,0.85,18.0,0.015665796344647518,10.0,0.01129032258064516,2.8,0.0,-1.0,-0.25510204081632626,0.681,24.9233,0.1,0.05,0,1,1
2018,21,Abu Dhabi Grand Prix,18,3.783,McLaren,Stoffel Vandoorne,14,0.85,0.725,16.0,0.031331592689295036,7.0,0.1,6.2,0.8,0.0,4.552702702702703,0.8016,24.9297,0.175,0.05,0,0,1
2018,21,Abu Dhabi Grand Prix,19,3.841,Williams,Sergey Sirotkin,15,0.85,0.85,20.0,0.0026109660574412533,10.0,0.01129032258064516,2.2,0.0,-0.2,1.2192393736017895,0.8952,24.9233,0.1,0.05,0,0,1
2018,21,Abu Dhabi Grand Prix,17,3.372,Toro Rosso,Pierre Gasly,16,0.8,0.725,15.0,0.07571801566579635,9.0,0.0532258064516129,-1.4,0.6,-1.0,0.4733333333333327,0.333625,24.5856,0.15,0.1,0,1,0
2018,21,Abu Dhabi Grand Prix,9,1.746,Force India,Esteban Ocon,17,0.75,0.825,11.0,0.1279373368146214,5.0,0.17258064516129032,-3.8,3.2,1.8,-1.1655629139072854,0.28875,25.973599999999998,0.075,0.15,0,1,0
2018,21,Abu Dhabi Grand Prix,12,2.338,Sauber,Marcus Ericsson,18,0.85,0.775,17.0,0.02349869451697128,8.0,0.06774193548387097,0.4,4.2,-3.2,-2.5701754385964906,0.56975,27.335199999999997,0.1,0.1,0,0,0
2018,21,Abu Dhabi Grand Prix,4,0.571,Ferrari,Kimi Räikkönen,19,0.85,0.9,3.0,0.6553524804177546,2.0,0.8919354838709678,1.0,27.6,0.2,-3.901960784313725,-1.721,24.2421,0.075,0.0,0,0,1
2018,21,Abu Dhabi Grand Prix,10,1.748,Renault,Nico Hülkenberg,20,0.7,0.8,7.0,0.1801566579634465,4.0,0.18387096774193548,-0.6,4.6,-1.0,1.0097402597402603,0.15583333333333335,25.5084,0.1,0.15,0,1,0
2019,1,Australian Grand Prix,2,0.112,Mercedes,Valtteri Bottas,1,0.9047619047619048,0.9285714285714286,5.0,0.6053921568627451,1.0,1.0,-1.2,32.0,-0.4,-3.0720430107526875,-1.5257,22.560700000000004,0.07142857142857142,0.0,0,1,1
2019,1,Australian Grand Prix,1,0.0,Mercedes,Lewis Hamilton,2,0.9523809523809523,0.9285714285714286,1.0,1.0,1.0,1.0,-0.6,32.0,-0.2,-2.1071428571428568,-1.8372,22.560700000000004,0.07142857142857142,0.0,0,1,1
2019,1,Australian Grand Prix,4,0.834,Red Bull,Max Verstappen,3,0.8095238095238095,0.7142857142857143,4.0,0.6102941176470589,3.0,0.6396946564885496,4.0,25.4,-0.6,0.11337579617834415,-2.0563000000000002,23.1571,0.21428571428571427,0.047619047619047616,0,1,1
2019,1,Australian Grand Prix,3,0.704,Ferrari,Sebastian Vettel,4,0.9523809523809523,0.8809523809523809,2.0,0.7843137254901961,2.0,0.8717557251908397,0.0,25.8,0.2,-0.29746835443038044,-1.6742000000000001,22.835199999999997,0.09523809523809523,0.047619047619047616,0,0,1
2019,1,Australian Grand Prix,5,0.956,Ferrari,Charles Leclerc,5,0.7142857142857143,0.8809523809523809,13.0,0.09558823529411764,2.0,0.8717557251908397,-1.8,25.8,0.2,0.5039308176100636,-0.16666666666666666,22.835199999999997,0.09523809523809523,0.14285714285714285,0,1,1
2019,1,Australian Grand Prix,7,1.613,Haas F1 Team,Kevin Magnussen,6,0.8571428571428572,0.7857142857142857,9.0,0.13725490196078433,6.0,0.14198473282442747,-1.6,2.6,1.2,4.1776785714285705,0.6135,24.7451,0.047619047619047616,0.047619047619047616,0,0,1
2019,1,Australian Grand Prix,11,2.054,Renault,Nico Hülkenberg,7,0.6666666666666667,0.7857142857142857,7.0,0.16911764705882354,4.0,0.18625954198473282,-3.2,6.2,-2.6,-2.1677018633540373,0.06375,23.836599999999997,0.09523809523809523,0.19047619047619047,0,1,0
2019,1,Australian Grand Prix,9,1.828,Alfa Romeo,Kimi Räikkönen,8,0.8095238095238095,0.9,3.0,0.6151960784313726,0.0,0.0,-2.0,0.0,-3.0,-2.237654320987655,-1.68575,0.0,0.1,0.0,0,0,0
2019,1,Australian Grand Prix,16,2.531,Racing Point,Lance Stroll,9,0.8571428571428572,0.9,18.0,0.014705882352941176,0.0,0.0,3.2,0.0,0.4,-1.8010517090271696,0.8054,0.0,0.1,0.047619047619047616,0,1,0
2019,1,Australian Grand Prix,15,2.025,Toro Rosso,Daniil Kvyat,10,0.9,0.7142857142857143,0.0,0.0,9.0,0.050381679389312976,0.0,0.6,0.0,1.9695121951219505,0.0,25.0525,0.16666666666666666,0.1,0,0,0
2019,1,Australian Grand Prix,17,2.534,Red Bull,Pierre Gasly,11,0.7619047619047619,0.7142857142857143,15.0,0.07107843137254902,3.0,0.6396946564885496,0.0,25.4,1.4,-2.296969696969696,0.333625,23.1571,0.21428571428571427,0.09523809523809523,0,1,1
2019,1,Australian Grand Prix,8,1.818,McLaren,Lando Norris,12,0.9,0.7380952380952381,0.0,0.0,7.0,0.09465648854961832,0.0,0.8,0.0,-0.6726907630522083,0.0,23.3356,0.16666666666666666,0.1,0,1,1
2019,1,Australian Grand Prix,10,2.046,Racing Point,Sergio Pérez,13,0.9047619047619048,0.9,8.0,0.15196078431372548,0.0,0.0,1.6,0.0,1.6,-0.5748502994011968,-0.1125,0.0,0.1,0.0,0,1,0
2019,1,Australian Grand Prix,13,2.15,Toro Rosso,Alexander Albon,14,0.9,0.7142857142857143,0.0,0.0,9.0,0.050381679389312976,0.0,0.6,0.0,-0.958333333333333,0.0,25.0525,0.16666666666666666,0.1,0,1,0
2019,1,Australian Grand Prix,14,1.945,Alfa Romeo,Antonio Giovinazzi,15,0.9,0.9,0.0,0.0,0.0,0.0,0.0,0.0,0.0,-4.150887573964496,0.0,0.0,0.1,0.1,0,0,0
2019,1,Australian Grand Prix,19,3.874,Williams,George Russell,16,0.9,0.8571428571428572,0.0,0.0,10.0,0.010687022900763359,0.0,0.0,0.0,2.370588235294118,0.0,23.4999,0.09523809523809523,0.1,0,1,1
2019,1,Australian Grand Prix,20,5.581,Williams,Robert Kubica,17,0.9,0.8571428571428572,0.0,0.0,10.0,0.010687022900763359,0.0,0.0,0.0,-1.5964912280701746,0.0,23.4999,0.09523809523809523,0.1,0,0,1
2019,1,Australian Grand Prix,6,1.34,Haas F1 Team,Romain Grosjean,18,0.7142857142857143,0.7857142857142857,14.0,0.09068627450980392,6.0,0.14198473282442747,-2.6,2.6,0.0,0.8779069767441854,0.333875,24.7451,0.047619047619047616,0.19047619047619047,0,0,1
2019,1,Australian Grand Prix,12,2.084,Renault,Daniel Ricciardo,19,0.6190476190476191,0.7857142857142857,6.0,0.4166666666666667,4.0,0.18625954198473282,-2.6,6.2,-1.0,0.8757225433526017,-1.657,23.836599999999997,0.09523809523809523,0.047619047619047616,0,0,0
2019,1,Australian Grand Prix,18,2.598,McLaren,Carlos Sainz,20,0.9047619047619048,0.7380952380952381,10.0,0.12990196078431374,7.0,0.09465648854961832,1.0,0.8,1.6,-3.1609195402298855,-0.002625,23.3356,0.16666666666666666,0.047619047619047616,0,1,1
2019,2,Bahrain Grand Prix,3,0.324,Mercedes,Lewis Hamilton,1,0.9545454545454546,0.9318181818181819,2.0,0.6923076923076923,1.0,1.0,-0.8,32.2,-0.2,0.003809523809522375,-1.5422,22.3745,0.06818181818181818,0.0,0,1,1
2019,2,Bahrain Grand Prix,4,0.39,Mercedes,Valtteri Bottas,2,0.9090909090909091,0.9318181818181819,1.0,1.0,1.0,1.0,-1.0,32.2,0.2,-2.80762987012987,-1.4161,22.3745,0.06818181818181818,0.0,0,1,1
2019,2,Bahrain Grand Prix,1,0.0,Ferrari,Charles Leclerc,3,0.7272727272727273,0.8863636363636364,5.0,0.38461538461538464,2.0,0.5,-0.4,26.6,1.4,-1.5812146892655363,-0.216375,22.712399999999995,0.09090909090909091,0.13636363636363635,0,1,1
2019,2,Bahrain Grand Prix,5,0.886,Red Bull,Max Verstappen,4,0.8181818181818181,0.7272727272727273,3.0,0.5769230769230769,3.0,0.3409090909090909,4.2,23.0,0.2,0.4752808988764041,-1.8175,22.2344,0.20454545454545456,0.045454545454545456,0,1,1
2019,2,Bahrain Grand Prix,2,0.294,Ferrari,Sebastian Vettel,5,0.9545454545454546,0.8863636363636364,4.0,0.46153846153846156,2.0,0.5,-0.8,26.6,-0.8,0.43451272501551763,-1.637,22.712399999999995,0.09090909090909091,0.045454545454545456,0,0,1
2019,2,Bahrain Grand Prix,10,1.177,McLaren,Lando Norris,6,1.0,0.7272727272727273,12.0,0.0,9.0,0.0,-4.0,0.8,0.0,4.416666666666666,1.282,22.599700000000002,0.18181818181818182,0.0,0,1,1
2019,2,Bahrain Grand Prix,9,1.156,Alfa Romeo,Kimi Räikkönen,7,0.8181818181818181,1.0,8.0,0.15384615384615385,6.0,0.09090909090909091,-1.6,4.0,0.4,-1.6229281767955808,-1.39225,25.235500000000002,0.0,0.0,0,0,0
2019,2,Bahrain Grand Prix,13,1.66,Red Bull,Pierre Gasly,8,0.7727272727272727,0.7272727272727273,11.0,0.0,3.0,0.3409090909090909,2.0,23.0,2.0,0.0,0.268875,22.2344,0.20454545454545456,0.09090909090909091,0,1,1
2019,2,Bahrain Grand Prix,12,1.647,Toro Rosso,Alexander Albon,9,1.0,0.7272727272727273,14.0,0.0,8.0,0.022727272727272728,-1.0,0.8,0.0,0.0,0.828,24.7905,0.1590909090909091,0.0,0,1,0
2019,2,Bahrain Grand Prix,14,1.89,Racing Point,Sergio Pérez,10,0.9090909090909091,1.0,13.0,0.0,7.0,0.045454545454545456,0.4,2.0,-1.2,0.0,0.15125,22.8525,0.0,0.0,0,1,0
2019,2,Bahrain Grand Prix,16,2.16,Alfa Romeo,Antonio Giovinazzi,11,1.0,1.0,15.0,0.0,6.0,0.09090909090909091,-1.0,4.0,0.0,0.0,1.505,25.235500000000002,0.0,0.0,0,0,0
2019,2,Bahrain Grand Prix,15,1.988,Toro Rosso,Daniil Kvyat,12,1.0,0.7272727272727273,10.0,0.038461538461538464,8.0,0.022727272727272728,5.0,0.8,0.0,0.0,-0.165,24.7905,0.1590909090909091,0.0,0,0,0
2019,2,Bahrain Grand Prix,6,0.891,Haas F1 Team,Kevin Magnussen,13,0.8636363636363636,0.7727272727272727,6.0,0.3076923076923077,4.0,0.18181818181818182,0.2,3.4,1.8,0.0,0.378625,24.7121,0.06818181818181818,0.045454545454545456,0,0,1
2019,2,Bahrain Grand Prix,18,2.351,Racing Point,Lance Stroll,14,0.8636363636363636,1.0,9.0,0.07692307692307693,7.0,0.045454545454545456,5.2,2.0,2.0,0.0,0.7269,22.8525,0.0,0.045454545454545456,0,1,0
2019,2,Bahrain Grand Prix,19,3.893,Williams,George Russell,15,1.0,0.8636363636363636,16.0,0.0,10.0,0.0,3.0,0.0,0.0,0.0,2.3845,23.145999999999997,0.09090909090909091,0.0,0,1,1
2019,2,Bahrain Grand Prix,20,3.933,Williams,Robert Kubica,16,1.0,0.8636363636363636,17.0,0.0,10.0,0.0,3.0,0.0,0.0,0.0,2.978,23.145999999999997,0.09090909090909091,0.0,0,0,1
2019,2,Bahrain Grand Prix,17,2.168,Renault,Nico Hülkenberg,17,0.6818181818181819,0.7727272727272727,7.0,0.23076923076923078,5.0,0.13636363636363635,-1.8,7.2,1.4,0.0,-0.0625,24.594900000000003,0.09090909090909091,0.18181818181818182,0,1,0
2019,2,Bahrain Grand Prix,11,1.622,Renault,Daniel Ricciardo,18,0.5909090909090908,0.7727272727272727,0.0,0.0,5.0,0.13636363636363635,-6.2,7.2,-3.6,0.0,-1.3305,24.594900000000003,0.09090909090909091,0.045454545454545456,0,0,0
2019,2,Bahrain Grand Prix,7,0.947,McLaren,Carlos Sainz,19,0.8636363636363636,0.7272727272727273,0.0,0.0,9.0,0.0,0.0,0.8,-1.0,0.0,-0.032,22.599700000000002,0.18181818181818182,0.045454545454545456,0,1,1
2019,2,Bahrain Grand Prix,8,1.149,Haas F1 Team,Romain Grosjean,20,0.6818181818181819,0.7727272727272727,0.0,0.0,4.0,0.18181818181818182,-4.4,3.4,-1.8,0.0,0.5351666666666667,24.7121,0.06818181818181818,0.18181818181818182,0,0,1
2019,3,Chinese Grand Prix,2,0.023,Mercedes,Lewis Hamilton,1,0.9565217391304348,0.9347826086956522,2.0,0.9772727272727273,1.0,1.0,0.0,35.8,0.8,0.0,-1.4202000000000001,22.511599999999998,0.06521739130434782,0.0,0,1,1
2019,3,Chinese Grand Prix,1,0.0,Mercedes,Valtteri Bottas,2,0.9130434782608696,0.9347826086956522,1.0,1.0,1.0,1.0,-0.4,35.8,0.6,0.0,-1.3547,22.511599999999998,0.06521739130434782,0.0,0,1,1
2019,3,Chinese Grand Prix,3,0.301,Ferrari,Sebastian Vettel,3,0.9565217391304348,0.8913043478260869,5.0,0.5,2.0,0.5517241379310345,-1.0,24.4,-0.2,0.0,-1.5932,22.767699999999998,0.08695652173913043,0.043478260869565216,0,0,1
2019,3,Chinese Grand Prix,5,0.542,Red Bull,Max Verstappen,4,0.8260869565217391,0.7391304347826086,3.0,0.6136363636363636,3.0,0.3563218390804598,1.8,22.6,-2.4,0.0,-1.6728,22.6665,0.1956521739130435,0.043478260869565216,0,1,1
2019,3,Chinese Grand Prix,4,0.318,Ferrari,Charles Leclerc,5,0.7391304347826086,0.8913043478260869,4.0,0.5909090909090909,2.0,0.5517241379310345,0.4,24.4,0.8,0.0,-0.3969,22.767699999999998,0.08695652173913043,0.13043478260869565,0,1,1
2019,3,Chinese Grand Prix,6,1.383,Red Bull,Pierre Gasly,6,0.782608695652174,0.7391304347826086,10.0,0.09090909090909091,3.0,0.3563218390804598,2.8,22.6,0.8,0.0,0.053875,22.6665,0.1956521739130435,0.08695652173913043,0,1,1
2019,3,Chinese Grand Prix,7,1.411,Renault,Daniel Ricciardo,7,0.5652173913043479,0.7391304347826086,0.0,0.0,7.0,0.06896551724137931,-5.4,4.4,0.8,0.0,-1.3305,24.2945,0.13043478260869565,0.043478260869565216,0,0,0
2019,3,Chinese Grand Prix,12,1.752,Racing Point,Sergio Pérez,8,0.9130434782608696,1.0,14.0,0.022727272727272728,9.0,0.034482758620689655,0.8,1.5,0.4,0.0,0.0785,24.90975,0.0,0.0,0,1,0
2019,3,Chinese Grand Prix,13,1.872,Alfa Romeo,Kimi Räikkönen,9,0.8260869565217391,1.0,6.0,0.22727272727272727,4.0,0.11494252873563218,-1.6,5.0,0.0,0.0,-1.02975,25.43475,0.0,0.0,0,0,0
2019,3,Chinese Grand Prix,10,1.609,Haas F1 Team,Romain Grosjean,11,0.6521739130434783,0.7608695652173914,0.0,0.0,6.0,0.09195402298850575,-5.0,3.4,-0.6,0.0,0.5351666666666667,24.0258,0.06521739130434782,0.17391304347826086,0,0,1
2019,3,Chinese Grand Prix,16,2.745,Racing Point,Lance Stroll,12,0.8695652173913043,1.0,11.0,0.045454545454545456,9.0,0.034482758620689655,5.2,1.5,0.0,0.0,0.5237,24.90975,0.0,0.043478260869565216,0,1,0
2019,3,Chinese Grand Prix,9,1.603,Haas F1 Team,Kevin Magnussen,13,0.8695652173913043,0.7608695652173914,8.0,0.18181818181818182,6.0,0.09195402298850575,0.4,3.4,0.2,0.0,0.4874,24.0258,0.06521739130434782,0.043478260869565216,0,0,1
2019,3,Chinese Grand Prix,14,1.976,McLaren,Carlos Sainz,14,0.8260869565217391,0.7173913043478262,0.0,0.0,5.0,0.09195402298850575,-3.2,2.4,-3.2,0.0,0.05925,22.770699999999998,0.17391304347826086,0.08695652173913043,0,1,1
2019,3,Chinese Grand Prix,17,3.706,Williams,George Russell,16,1.0,0.8695652173913043,16.0,0.0,10.0,0.0,3.5,0.0,1.0,0.0,2.012,23.333,0.08695652173913043,0.0,0,1,1
2019,3,Chinese Grand Prix,18,3.734,Williams,Robert Kubica,17,1.0,0.8695652173913043,17.0,0.0,10.0,0.0,3.5,0.0,1.0,0.0,2.4815,23.333,0.08695652173913043,0.0,0,0,1
2019,3,Chinese Grand Prix,15,2.42,McLaren,Lando Norris,18,1.0,0.7173913043478262,7.0,0.18181818181818182,5.0,0.09195402298850575,0.0,2.4,8.0,0.0,0.506,22.770699999999998,0.17391304347826086,0.0,0,1,1
2019,3,Chinese Grand Prix,11,1.689,Toro Rosso,Daniil Kvyat,19,1.0,0.7391304347826086,13.0,0.022727272727272728,8.0,0.034482758620689655,4.0,0.8,-2.0,0.0,0.05525,25.2342,0.15217391304347827,0.0,0,0,0
2019,3,Chinese Grand Prix,8,1.415,Renault,Nico Hülkenberg,20,0.6521739130434783,0.7391304347826086,9.0,0.13636363636363635,7.0,0.06896551724137931,-2.0,4.4,-0.2,0.0,-0.1645,24.2945,0.13043478260869565,0.17391304347826086,0,1,0
2019,4,Azerbaijan Grand Prix,1,0.0,Mercedes,Valtteri Bottas,1,0.9166666666666666,0.9375,2.0,0.9117647058823529,1.0,1.0,-0.6,40.0,-0.2,0.0,-1.3633,22.6559,0.0625,0.0,1,1,1
2019,4,Azerbaijan Grand Prix,2,0.059,Mercedes,Lewis Hamilton,2,0.9583333333333334,0.9375,1.0,1.0,1.0,1.0,0.4,40.0,0.4,0.0,-1.4725,22.6559,0.0625,0.0,1,1,1
2019,4,Azerbaijan Grand Prix,3,0.302,Ferrari,Sebastian Vettel,3,0.9583333333333334,0.8958333333333334,4.0,0.5441176470588235,2.0,0.5615384615384615,-1.4,22.8,-0.4,0.0,-1.4687999999999999,22.9313,0.08333333333333333,0.041666666666666664,1,0,1
2019,4,Azerbaijan Grand Prix,4,0.574,Red Bull,Max Verstappen,4,0.8333333333333334,0.75,3.0,0.5735294117647058,3.0,0.4,1.8,21.8,0.0,0.0,-1.4292,22.7305,0.1875,0.041666666666666664,1,1,1
2019,4,Azerbaijan Grand Prix,9,0.931,Ferrari,Charles Leclerc,5,0.75,0.8958333333333334,5.0,0.5294117647058824,2.0,0.5615384615384615,-0.2,22.8,-0.6,0.0,-0.883,22.9313,0.08333333333333333,0.125,1,1,1
2019,4,Azerbaijan Grand Prix,5,1.098,Racing Point,Sergio Pérez,6,0.9166666666666666,1.0,12.0,0.07352941176470588,8.0,0.05384615384615385,2.6,2.3333333333333335,1.8,0.0,0.0768,24.44483333333333,0.0,0.0,1,1,0
2019,4,Azerbaijan Grand Prix,10,1.441,McLaren,Carlos Sainz,7,0.8333333333333334,0.7083333333333333,18.0,0.0,7.0,0.06153846153846154,-1.0,1.6,2.2,0.0,0.17316666666666666,25.063499999999998,0.16666666666666666,0.08333333333333333,1,1,1
2019,4,Azerbaijan Grand Prix,7,1.391,McLaren,Lando Norris,8,0.6666666666666667,0.7083333333333333,8.0,0.11764705882352941,7.0,0.06153846153846154,-1.0,1.6,0.5,0.0,0.506,25.063499999999998,0.16666666666666666,0.3333333333333333,1,1,1
2019,4,Azerbaijan Grand Prix,14,2.135,Racing Point,Lance Stroll,9,0.875,1.0,14.0,0.029411764705882353,8.0,0.05384615384615385,4.6,2.3333333333333335,-0.6,0.0,0.4655,24.44483333333333,0.0,0.041666666666666664,1,1,0
2019,4,Azerbaijan Grand Prix,19,1.5430000000000001,Alfa Romeo,Kimi Räikkönen,10,0.8333333333333334,1.0,7.0,0.17647058823529413,5.0,0.09230769230769231,-1.4,4.0,0.2,0.0,-0.31525,24.91916666666667,0.0,0.0,1,0,0
2019,4,Azerbaijan Grand Prix,12,1.659,Toro Rosso,Alexander Albon,11,1.0,0.7234042553191489,13.0,0.04411764705882353,9.0,0.03076923076923077,1.0,0.6,4.0,0.0,0.305,25.881700000000002,0.14893617021276595,0.0,1,1,0
2019,4,Azerbaijan Grand Prix,8,1.645,Alfa Romeo,Antonio Giovinazzi,12,1.0,1.0,16.0,0.0,5.0,0.09230769230769231,2.0,4.0,6.0,-3.4761904761904763,1.022,24.91916666666667,0.0,0.0,1,0,0
2019,4,Azerbaijan Grand Prix,13,1.887,Haas F1 Team,Kevin Magnussen,13,0.875,0.7708333333333334,9.0,0.11764705882352941,6.0,0.06153846153846154,-1.0,3.4,-1.4,-4.48062015503876,0.3986,24.1695,0.0625,0.041666666666666664,1,0,1
2019,4,Azerbaijan Grand Prix,16,2.932,Renault,Nico Hülkenberg,14,0.625,0.7291666666666667,10.0,0.08823529411764706,4.0,0.09230769230769231,-4.6,4.0,-2.6,2.954545454545455,-0.315,24.4861,0.14583333333333334,0.16666666666666666,1,1,0
2019,4,Azerbaijan Grand Prix,17,4.567,Williams,George Russell,15,1.0,0.875,19.0,0.0,10.0,0.0,2.6666666666666665,0.0,-1.0,1.9111111111111114,1.9935,23.5252,0.08333333333333333,0.0,1,1,1
2019,4,Azerbaijan Grand Prix,18,4.96,Williams,Robert Kubica,16,1.0,0.875,20.0,0.0,10.0,0.0,2.6666666666666665,0.0,-1.0,-0.6231884057971016,2.4563333333333337,23.5252,0.08333333333333333,0.0,1,0,1
2019,4,Azerbaijan Grand Prix,20,1.5430000000000001,Red Bull,Pierre Gasly,17,0.7916666666666666,0.75,6.0,0.19117647058823528,3.0,0.4,1.8,21.8,-1.0,-1.3510638297872344,-0.142875,22.7305,0.1875,0.08333333333333333,1,1,1
2019,4,Azerbaijan Grand Prix,15,2.912,Haas F1 Team,Romain Grosjean,18,0.6666666666666667,0.7708333333333334,17.0,0.0,6.0,0.06153846153846154,-5.2,3.4,-0.2,0.4166666666666661,0.32816666666666666,24.1695,0.0625,0.16666666666666666,1,0,1
2019,4,Azerbaijan Grand Prix,6,1.186,Toro Rosso,Daniil Kvyat,19,0.6666666666666667,0.7234042553191489,15.0,0.014705882352941176,9.0,0.03076923076923077,0.0,0.6,-6.5,-3.183673469387756,0.05525,25.881700000000002,0.14893617021276595,0.3333333333333333,1,0,0
2019,4,Azerbaijan Grand Prix,11,1.982,Renault,Daniel Ricciardo,20,0.5833333333333333,0.7291666666666667,11.0,0.08823529411764706,4.0,0.09230769230769231,-2.2,4.0,3.2,0.0,-0.7836666666666666,24.4861,0.14583333333333334,0.041666666666666664,1,0,0
2019,5,Spanish Grand Prix,2,0.632,Mercedes,Lewis Hamilton,1,0.96,0.94,2.0,0.9885057471264368,1.0,1.0,0.4,41.6,0.0,-4.333333333333334,-1.7565,22.110400000000002,0.06,0.0,0,1,1
2019,5,Spanish Grand Prix,1,0.0,Mercedes,Valtteri Bottas,2,0.92,0.94,1.0,1.0,1.0,1.0,-0.2,41.6,0.4,0.0,-1.6043,22.110400000000002,0.06,0.0,0,1,1
2019,5,Spanish Grand Prix,4,0.951,Red Bull,Max Verstappen,3,0.84,0.74,4.0,0.5862068965517241,3.0,0.3699421965317919,1.2,18.2,-0.6,0.0,-1.6662000000000001,22.2519,0.2,0.04,0,1,1
2019,5,Spanish Grand Prix,3,0.866,Ferrari,Sebastian Vettel,4,0.96,0.9,3.0,0.5977011494252874,2.0,0.5722543352601156,-0.6,23.4,0.8,0.0,-1.7166,22.3909,0.08,0.04,0,0,1
2019,5,Spanish Grand Prix,5,1.182,Ferrari,Charles Leclerc,5,0.76,0.9,5.0,0.5402298850574713,2.0,0.5722543352601156,0.4,23.4,0.6,0.0,-0.9438,22.3909,0.08,0.12,0,1,1
2019,5,Spanish Grand Prix,6,1.302,Red Bull,Pierre Gasly,6,0.76,0.74,7.0,0.14942528735632185,3.0,0.3699421965317919,3.0,18.2,1.2,-1.4642857142857135,-0.32,22.2519,0.2,0.08,0,1,1
2019,5,Spanish Grand Prix,8,1.516,Haas F1 Team,Kevin Magnussen,7,0.88,0.76,10.0,0.09195402298850575,8.0,0.046242774566473986,-1.4,2.2,-0.4,-0.6491228070175428,0.5776,23.6895,0.08,0.04,0,0,1
2019,5,Spanish Grand Prix,13,2.193,McLaren,Carlos Sainz,8,0.84,0.72,12.0,0.06896551724137931,4.0,0.10404624277456648,-1.2,3.6,-0.2,-4.172413793103448,-0.3026666666666667,24.4181,0.16,0.08,0,1,1
2019,5,Spanish Grand Prix,9,1.837,Toro Rosso,Daniil Kvyat,9,0.5,0.7142857142857143,16.0,0.011494252873563218,9.0,0.023121387283236993,-3.25,0.6,-6.0,2.0127118644067803,0.05525,25.3371,0.14285714285714285,0.5,0,0,0
2019,5,Spanish Grand Prix,7,1.505,Haas F1 Team,Romain Grosjean,10,0.64,0.76,18.0,0.0,8.0,0.046242774566473986,-6.0,2.2,-0.8,0.0,0.75975,23.6895,0.08,0.16,0,0,1
2019,5,Spanish Grand Prix,12,2.039,Toro Rosso,Alexander Albon,11,1.0,0.7142857142857143,15.0,0.034482758620689655,9.0,0.023121387283236993,1.0,0.6,1.0,0.0,0.21866666666666665,25.3371,0.14285714285714285,0.0,0,1,0
2019,5,Spanish Grand Prix,10,1.893,Renault,Daniel Ricciardo,12,0.56,0.72,13.0,0.06896551724137931,7.0,0.06936416184971098,-4.4,4.0,-2.2,2.618279569892472,-0.623,23.892000000000003,0.14,0.08,0,0,0
2019,5,Spanish Grand Prix,16,2.998,Renault,Nico Hülkenberg,13,0.64,0.72,11.0,0.06896551724137931,7.0,0.06936416184971098,-3.2,4.0,1.4,10.031746031746032,0.35575,23.892000000000003,0.14,0.16,0,1,0
2019,5,Spanish Grand Prix,14,2.382,Alfa Romeo,Kimi Räikkönen,14,0.84,1.0,8.0,0.14942528735632185,6.0,0.07514450867052024,0.2,3.25,1.6,-3.640625,0.053125,23.9615,0.0,0.0,0,0,0
2019,5,Spanish Grand Prix,15,2.48,Racing Point,Sergio Pérez,15,0.92,1.0,6.0,0.14942528735632185,5.0,0.09826589595375723,2.0,4.25,-0.6,-2.5615384615384613,-0.0414,23.838375,0.0,0.0,0,1,0
2019,5,Spanish Grand Prix,18,3.258,Alfa Romeo,Antonio Giovinazzi,16,1.0,1.0,17.0,0.0,6.0,0.07514450867052024,0.0,3.25,-1.5,-1.166666666666666,0.7563333333333334,23.9615,0.0,0.0,0,0,0
2019,5,Spanish Grand Prix,19,3.666,Williams,George Russell,17,1.0,0.88,19.0,0.0,10.0,0.0,2.5,0.0,-0.3333333333333333,-1.334328358208956,2.199375,22.809199999999997,0.08,0.0,0,1,1
2019,5,Spanish Grand Prix,20,4.848,Williams,Robert Kubica,18,1.0,0.88,20.0,0.0,10.0,0.0,2.5,0.0,-0.3333333333333333,-1.867647058823529,2.6405,22.809199999999997,0.08,0.0,0,0,1
2019,5,Spanish Grand Prix,17,3.065,Racing Point,Lance Stroll,19,0.88,1.0,14.0,0.04597701149425287,5.0,0.09826589595375723,5.4,4.25,0.8,2.6521739130434785,0.2705,23.838375,0.0,0.04,0,1,0
2019,5,Spanish Grand Prix,11,1.932,McLaren,Lando Norris,20,0.75,0.72,9.0,0.13793103448275862,4.0,0.10404624277456648,-1.0,3.6,1.0,1.8571428571428577,0.15,24.4181,0.16,0.25,0,1,1
2019,6,Monaco Grand Prix,1,0.0,Mercedes,Lewis Hamilton,1,0.9615384615384616,0.9423076923076923,1.0,1.0,1.0,1.0,0.6,43.4,0.2,0.0,-1.7121,22.282500000000002,0.057692307692307696,0.0,1,1,1
2019,6,Monaco Grand Prix,4,0.781,Ferrari,Sebastian Vettel,2,0.9615384615384616,0.9038461538461539,4.0,0.5714285714285714,2.0,0.5576036866359447,-1.0,24.2,-0.4,0.9305555555555554,-1.4547,22.393800000000002,0.07692307692307693,0.038461538461538464,1,0,1
2019,6,Monaco Grand Prix,2,0.086,Mercedes,Valtteri Bottas,3,0.9230769230769231,0.9423076923076923,2.0,0.9375,1.0,1.0,0.2,43.4,0.4,-3.666666666666667,-1.6652,22.282500000000002,0.057692307692307696,0.0,1,1,1
2019,6,Monaco Grand Prix,3,0.452,Red Bull,Max Verstappen,4,0.8461538461538461,0.75,3.0,0.5892857142857143,3.0,0.4009216589861751,0.8,17.4,-0.4,0.0,-1.5144000000000002,22.535800000000002,0.19230769230769232,0.038461538461538464,1,1,1
2019,6,Monaco Grand Prix,5,0.875,Red Bull,Pierre Gasly,5,0.7692307692307692,0.75,6.0,0.1875,3.0,0.4009216589861751,2.8,17.4,-0.2,0.48666666666666636,-0.39375,22.535800000000002,0.19230769230769232,0.07692307692307693,1,1,1
2019,6,Monaco Grand Prix,9,1.251,McLaren,Carlos Sainz,6,0.8461538461538461,0.7115384615384616,11.0,0.08928571428571429,4.0,0.10138248847926268,-1.2,4.4,0.0,-3.447368421052632,-0.04666666666666666,24.322799999999997,0.15384615384615385,0.07692307692307693,1,1,1
2019,6,Monaco Grand Prix,8,1.105,Toro Rosso,Daniil Kvyat,7,0.6,0.7254901960784313,16.0,0.026785714285714284,9.0,0.027649769585253458,-2.6,1.0,-1.25,3.603896103896103,0.06916666666666667,24.727800000000002,0.13725490196078433,0.4,1,0,0
2019,6,Monaco Grand Prix,10,1.263,Toro Rosso,Alexander Albon,8,1.0,0.7254901960784313,15.0,0.026785714285714284,9.0,0.027649769585253458,1.0,1.0,0.6666666666666666,0.0,0.21025,24.727800000000002,0.13725490196078433,0.0,1,1,0
2019,6,Monaco Grand Prix,7,1.052,Renault,Daniel Ricciardo,9,0.5769230769230769,0.7307692307692308,12.0,0.05357142857142857,8.0,0.055299539170506916,-5.0,2.4,-0.6,0.0,0.304,23.975,0.1346153846153846,0.07692307692307693,1,0,0
2019,6,Monaco Grand Prix,13,1.671,Haas F1 Team,Romain Grosjean,10,0.6538461538461539,0.7692307692307692,17.0,0.008928571428571428,6.0,0.06912442396313365,-6.2,3.0,-0.2,-1.145833333333333,0.101,23.8065,0.07692307692307693,0.15384615384615385,1,0,1
2019,6,Monaco Grand Prix,12,1.558,McLaren,Lando Norris,11,0.6,0.7115384615384616,10.0,0.10714285714285714,4.0,0.10138248847926268,-2.6,4.4,-1.25,1.3728395061728396,0.15,24.322799999999997,0.15384615384615385,0.4,1,1,1
2019,6,Monaco Grand Prix,17,2.067,Racing Point,Sergio Pérez,12,0.9230769230769231,0.9,8.0,0.11607142857142858,5.0,0.07834101382488479,0.8,3.4,-1.2,0.0,0.1913,23.6499,0.0,0.0,1,1,0
2019,6,Monaco Grand Prix,11,1.504,Renault,Nico Hülkenberg,13,0.6538461538461539,0.7307692307692308,13.0,0.05357142857142857,8.0,0.055299539170506916,-0.6,2.4,2.6,0.3493975903614466,0.4086666666666667,23.975,0.1346153846153846,0.15384615384615385,1,1,0
2019,6,Monaco Grand Prix,6,0.943,Haas F1 Team,Kevin Magnussen,14,0.8846153846153846,0.7692307692307692,7.0,0.125,6.0,0.06912442396313365,-1.8,3.0,-0.4,-4.05952380952381,0.36869999999999997,23.8065,0.07692307692307693,0.038461538461538464,1,0,1
2019,6,Monaco Grand Prix,19,3.311,Williams,George Russell,15,1.0,0.8846153846153846,19.0,0.0,10.0,0.0,2.4,0.0,-0.25,0.0,2.2495,22.7244,0.07692307692307693,0.0,1,1,1
2019,6,Monaco Grand Prix,18,2.68,Racing Point,Lance Stroll,16,0.8461538461538461,0.9,14.0,0.03571428571428571,5.0,0.07834101382488479,3.6,3.4,-1.8,1.2965116279069768,-0.018,23.6499,0.0,0.07692307692307693,1,1,0
2019,6,Monaco Grand Prix,14,1.827,Alfa Romeo,Kimi Räikkönen,17,0.8461538461538461,1.0,9.0,0.11607142857142858,7.0,0.059907834101382486,3.2,2.6,3.0,10.747126436781608,0.1879,23.662200000000002,0.0,0.0,1,0,0
2019,6,Monaco Grand Prix,20,3.585,Williams,Robert Kubica,18,1.0,0.8846153846153846,20.0,0.0,10.0,0.0,2.4,0.0,-0.25,-3.5340909090909083,2.6454,22.7244,0.07692307692307693,0.0,1,0,1
2019,6,Monaco Grand Prix,15,1.81,Alfa Romeo,Antonio Giovinazzi,19,1.0,1.0,18.0,0.0,7.0,0.059907834101382486,0.5,2.6,1.0,-2.1516853932584272,0.921125,23.662200000000002,0.0,0.0,1,0,0
2019,6,Monaco Grand Prix,16,1.983,Ferrari,Charles Leclerc,20,0.7692307692307692,0.9038461538461539,5.0,0.5089285714285714,2.0,0.5576036866359447,0.2,24.2,-0.2,-2.4111111111111105,-1.0617,22.393800000000002,0.07692307692307693,0.11538461538461539,1,1,1
2019,7,Canadian Grand Prix,2,0.206,Mercedes,Lewis Hamilton,1,0.962962962962963,0.9444444444444444,1.0,1.0,1.0,1.0,0.8,42.6,0.2,-0.7271062271062272,-1.7102,22.8848,0.05555555555555555,0.0,0,1,1
2019,7,Canadian Grand Prix,1,0.0,Ferrari,Sebastian Vettel,2,0.962962962962963,0.8888888888888888,3.0,0.5985401459854015,2.0,0.5408560311284046,-0.4,23.4,0.6,1.1884057971014492,-1.5275999999999998,23.1047,0.07407407407407407,0.037037037037037035,0,0,1
2019,7,Canadian Grand Prix,3,0.68,Ferrari,Charles Leclerc,3,0.7407407407407407,0.8888888888888888,5.0,0.41605839416058393,2.0,0.5408560311284046,-0.6,23.4,-0.8,4.658602150537634,-1.23575,23.1047,0.07407407407407407,0.14814814814814814,0,1,1
2019,7,Canadian Grand Prix,6,0.855,Mercedes,Valtteri Bottas,4,0.9259259259259259,0.9444444444444444,2.0,0.8759124087591241,1.0,1.0,-0.2,42.6,-0.4,1.6861702127659566,-1.5593,22.8848,0.05555555555555555,0.0,0,1,1
2019,7,Canadian Grand Prix,11,1.379,Red Bull,Max Verstappen,5,0.8518518518518519,0.7592592592592593,4.0,0.5693430656934306,3.0,0.4280155642023346,0.4,19.0,-0.4,0.0,-1.4917,23.0954,0.18518518518518517,0.037037037037037035,0,1,1
2019,7,Canadian Grand Prix,4,0.831,Renault,Daniel Ricciardo,6,0.5925925925925926,0.7407407407407407,13.0,0.058394160583941604,8.0,0.054474708171206226,-4.0,1.6,1.0,0.020833333333333925,0.374,23.4936,0.12962962962962962,0.07407407407407407,0,0,0
2019,7,Canadian Grand Prix,7,1.084,Renault,Nico Hülkenberg,7,0.6666666666666667,0.7407407407407407,15.0,0.043795620437956206,8.0,0.054474708171206226,-1.8,1.6,-1.2,-2.912371134020619,0.7333333333333334,23.4936,0.12962962962962962,0.14814814814814814,0,1,0
2019,7,Canadian Grand Prix,5,0.839,Red Bull,Pierre Gasly,8,0.7777777777777778,0.7592592592592593,6.0,0.23357664233576642,3.0,0.4280155642023346,1.6,19.0,-1.2,3.6530612244897966,-0.617875,23.0954,0.18518518518518517,0.07407407407407407,0,1,1
2019,7,Canadian Grand Prix,18,2.026,Racing Point,Lance Stroll,9,0.8518518518518519,0.9166666666666666,16.0,0.029197080291970802,5.0,0.06614785992217899,2.6,3.0,-1.0,-0.6262626262626254,0.25725,24.3848,0.0,0.07407407407407407,0,1,0
2019,7,Canadian Grand Prix,12,1.681,Toro Rosso,Daniil Kvyat,10,0.6666666666666667,0.7358490566037736,12.0,0.06569343065693431,7.0,0.0622568093385214,-3.4,2.8,-0.8,-2.906666666666667,0.057833333333333334,25.2497,0.1320754716981132,0.3333333333333333,0,0,0
2019,7,Canadian Grand Prix,9,1.332,McLaren,Carlos Sainz,11,0.8518518518518519,0.7222222222222222,7.0,0.13138686131386862,4.0,0.11673151750972763,-0.2,6.0,1.0,1.782178217821782,-0.07475,24.8795,0.14814814814814814,0.07407407407407407,0,1,1
2019,7,Canadian Grand Prix,16,1.957,Racing Point,Sergio Pérez,12,0.9259259259259259,0.9166666666666666,9.0,0.0948905109489051,5.0,0.06614785992217899,2.4,3.0,1.6,0.07352941176470651,0.13190000000000002,24.3848,0.0,0.0,0,1,0
2019,7,Canadian Grand Prix,13,1.882,Alfa Romeo,Antonio Giovinazzi,13,1.0,1.0,18.0,0.0,9.0,0.05058365758754864,-0.4,1.8,-0.75,0.5501618122977341,0.9148,24.8101,0.0,0.0,0,0,0
2019,7,Canadian Grand Prix,15,1.869,Haas F1 Team,Romain Grosjean,14,0.6666666666666667,0.7777777777777778,17.0,0.014598540145985401,6.0,0.0622568093385214,-3.2,1.6,3.0,-3.7211538461538467,0.013333333333333334,23.5334,0.07407407407407407,0.14814814814814814,0,0,1
2019,7,Canadian Grand Prix,17,1.99,Alfa Romeo,Kimi Räikkönen,15,0.8518518518518519,1.0,10.0,0.0948905109489051,9.0,0.05058365758754864,2.4,1.8,-0.8,-1.8761904761904757,0.4051,24.8101,0.0,0.0,0,0,0
2019,7,Canadian Grand Prix,19,3.377,Williams,George Russell,16,1.0,0.8888888888888888,19.0,0.0,10.0,0.0,2.6,0.0,0.2,0.17924528301886866,1.9256,23.3577,0.07407407407407407,0.0,0,1,1
2019,7,Canadian Grand Prix,10,1.546,Haas F1 Team,Kevin Magnussen,17,0.8888888888888888,0.7777777777777778,8.0,0.10218978102189781,6.0,0.0622568093385214,-3.6,1.6,-1.8,0.0,0.5797,23.5334,0.07407407407407407,0.037037037037037035,0,0,1
2019,7,Canadian Grand Prix,20,4.153,Williams,Robert Kubica,18,1.0,0.8888888888888888,20.0,0.0,10.0,0.0,2.2,0.0,-0.2,7.2407407407407405,2.1632,23.3577,0.07407407407407407,0.0,0,0,1
2019,7,Canadian Grand Prix,14,1.78,Toro Rosso,Alexander Albon,19,1.0,0.7358490566037736,14.0,0.051094890510948905,7.0,0.0622568093385214,1.2,2.8,0.75,3.5614678899082577,0.1376,25.2497,0.1320754716981132,0.0,0,1,0
2019,7,Canadian Grand Prix,8,1.495,McLaren,Lando Norris,20,0.6666666666666667,0.7222222222222222,11.0,0.08759124087591241,4.0,0.11673151750972763,-1.6,6.0,1.0,-2.2636363636363637,-0.22916666666666666,24.8795,0.14814814814814814,0.3333333333333333,0,1,1
2019,8,French Grand Prix,1,0.0,Mercedes,Lewis Hamilton,1,0.9642857142857143,0.9464285714285714,1.0,1.0,1.0,1.0,0.6,41.6,-0.2,-1.3680823680823684,-1.8228,22.741500000000002,0.05357142857142857,0.0,0,1,1
2019,8,French Grand Prix,2,0.286,Mercedes,Valtteri Bottas,2,0.9285714285714286,0.9464285714285714,2.0,0.8209876543209876,1.0,1.0,-0.2,41.6,0.0,-2.3363095238095246,-1.5117,22.741500000000002,0.05357142857142857,0.0,0,1,1
2019,8,French Grand Prix,3,0.646,Ferrari,Charles Leclerc,3,0.75,0.8928571428571429,5.0,0.4444444444444444,2.0,0.5830508474576271,-0.2,24.8,0.4,3.6230088495575234,-1.319625,22.9845,0.07142857142857142,0.14285714285714285,0,1,1
2019,8,French Grand Prix,4,1.09,Red Bull,Max Verstappen,4,0.8571428571428572,0.7678571428571428,4.0,0.5432098765432098,3.0,0.42033898305084744,1.4,18.6,1.0,1.2333333333333343,-1.4110999999999998,22.6652,0.17857142857142858,0.03571428571428571,0,1,1
2019,8,French Grand Prix,7,1.187,Ferrari,Sebastian Vettel,5,0.9642857142857143,0.8928571428571429,3.0,0.6172839506172839,2.0,0.5830508474576271,0.0,24.8,0.4,-4.121739130434783,-1.5948,22.9845,0.07142857142857142,0.03571428571428571,0,0,1
2019,8,French Grand Prix,6,1.203,McLaren,Carlos Sainz,6,0.8571428571428572,0.7142857142857143,7.0,0.1111111111111111,4.0,0.1016949152542373,1.8,4.4,2.0,-1.0155172413793094,-0.0458,24.8279,0.16071428571428573,0.07142857142857142,0,1,1
2019,8,French Grand Prix,12,2.214,Alfa Romeo,Kimi Räikkönen,7,0.8571428571428572,1.0,11.0,0.08024691358024691,9.0,0.04406779661016949,2.4,0.6,0.0,-3.846153846153846,0.5398999999999999,24.616500000000002,0.0,0.0,0,0,0
2019,8,French Grand Prix,13,2.225,Renault,Nico Hülkenberg,8,0.6785714285714286,0.75,13.0,0.07407407407407407,5.0,0.09491525423728814,-1.8,4.4,0.0,0.8559322033898304,0.468,23.1897,0.125,0.14285714285714285,0,1,0
2019,8,French Grand Prix,5,1.099,McLaren,Lando Norris,9,0.5714285714285714,0.7142857142857143,12.0,0.07407407407407407,4.0,0.1016949152542373,-4.8,4.4,-3.2,0.0,-0.20875,24.8279,0.16071428571428573,0.2857142857142857,0,1,1
2019,8,French Grand Prix,9,1.865,Red Bull,Pierre Gasly,10,0.7857142857142857,0.7678571428571428,6.0,0.2222222222222222,3.0,0.42033898305084744,0.0,18.6,-1.6,-1.583333333333334,-0.661125,22.6652,0.17857142857142858,0.07142857142857142,0,1,1
2019,8,French Grand Prix,8,1.599,Renault,Daniel Ricciardo,11,0.6071428571428572,0.75,8.0,0.09876543209876543,5.0,0.09491525423728814,-3.0,4.4,1.0,-2.6818181818181817,0.16875,23.1897,0.125,0.07142857142857142,0,0,0
2019,8,French Grand Prix,14,2.419,Racing Point,Sergio Pérez,12,0.9285714285714286,0.9285714285714286,10.0,0.08024691358024691,6.0,0.06440677966101695,2.4,3.2,0.0,0.3606557377049189,0.1115,23.7717,0.0,0.0,0,1,0
2019,8,French Grand Prix,18,3.407,Racing Point,Lance Stroll,13,0.8571428571428572,0.9285714285714286,16.0,0.037037037037037035,6.0,0.06440677966101695,3.6,3.2,1.0,0.0,0.1495,23.7717,0.0,0.07142857142857142,0,1,0
2019,8,French Grand Prix,16,3.245,Toro Rosso,Daniil Kvyat,14,0.7142857142857143,0.7272727272727273,14.0,0.06172839506172839,7.0,0.0576271186440678,-3.6,2.6,-0.2,-1.185483870967742,-0.036,26.210500000000003,0.12727272727272726,0.2857142857142857,0,0,0
2019,8,French Grand Prix,11,2.142,Toro Rosso,Alexander Albon,15,0.8333333333333334,0.7272727272727273,15.0,0.043209876543209874,7.0,0.0576271186440678,0.4,2.6,-0.8,2.006857142857143,-0.035,26.210500000000003,0.12727272727272726,0.16666666666666666,0,1,0
2019,8,French Grand Prix,10,2.089,Alfa Romeo,Antonio Giovinazzi,16,1.0,1.0,18.0,0.0,9.0,0.04406779661016949,-0.2,0.6,0.2,-2.7698412698412698,0.6936,24.616500000000002,0.0,0.0,0,0,0
2019,8,French Grand Prix,15,2.847,Haas F1 Team,Kevin Magnussen,17,0.8928571428571429,0.7857142857142857,9.0,0.08641975308641975,8.0,0.05423728813559322,-3.6,1.6,0.0,1.6870078740157481,0.7233999999999999,23.1822,0.07142857142857142,0.03571428571428571,0,0,1
2019,8,French Grand Prix,20,4.886,Williams,Robert Kubica,18,1.0,0.8928571428571429,20.0,0.0,10.0,0.0,1.8,0.0,-0.4,-0.265625,2.1532,23.1649,0.07142857142857142,0.0,0,0,1
2019,8,French Grand Prix,19,4.47,Williams,George Russell,19,1.0,0.8928571428571429,19.0,0.0,10.0,0.0,2.4,0.0,-0.2,4.015503875968992,1.8473,23.1649,0.07142857142857142,0.0,0,1,1
2019,8,French Grand Prix,17,3.307,Haas F1 Team,Romain Grosjean,20,0.6785714285714286,0.7857142857142857,17.0,0.012345679012345678,8.0,0.05423728813559322,-0.6,1.6,2.6,-3.453846153846154,0.17425,23.1822,0.07142857142857142,0.14285714285714285,0,0,1
2019,9,Austrian Grand Prix,3,0.436,Red Bull,Max Verstappen,1,0.8620689655172413,0.7758620689655172,4.0,0.5347593582887701,3.0,0.40532544378698226,1.2,17.0,-0.2,-2.916030534351145,-1.334,24.218200000000003,0.1724137931034483,0.034482758620689655,0,1,1
2019,9,Austrian Grand Prix,1,0.0,Ferrari,Charles Leclerc,2,0.7586206896551724,0.896551724137931,5.0,0.46524064171123,2.0,0.5857988165680473,0.0,25.0,0.2,5.721212121212121,-1.265625,24.458099999999998,0.06896551724137931,0.13793103448275862,0,1,1
2019,9,Austrian Grand Prix,4,0.534,Mercedes,Valtteri Bottas,3,0.9310344827586207,0.9482758620689655,2.0,0.8074866310160428,1.0,1.0,0.0,41.6,0.2,-2.3270676691729326,-1.3931,24.1772,0.05172413793103448,0.0,0,1,1
2019,9,Austrian Grand Prix,10,0.664,Ferrari,Sebastian Vettel,4,0.9655172413793104,0.896551724137931,3.0,0.5935828877005348,2.0,0.5857988165680473,0.4,25.0,0.4,3.756218905472636,-1.4239000000000002,24.458099999999998,0.06896551724137931,0.034482758620689655,0,0,1
2019,9,Austrian Grand Prix,2,0.259,Mercedes,Lewis Hamilton,5,0.9655172413793104,0.9482758620689655,1.0,1.0,1.0,1.0,0.4,41.6,-0.2,-1.6388888888888893,-1.7574,24.1772,0.05172413793103448,0.0,0,1,1
2019,9,Austrian Grand Prix,6,1.096,McLaren,Lando Norris,6,0.625,0.7241379310344828,12.0,0.0748663101604278,4.0,0.11834319526627218,-5.0,6.4,-0.2,-1.6260504201680677,-0.14133333333333334,24.1499,0.15517241379310345,0.25,0,1,1
2019,9,Austrian Grand Prix,9,0.985,Red Bull,Pierre Gasly,7,0.7931034482758621,0.7758620689655172,6.0,0.19786096256684493,3.0,0.40532544378698226,-0.2,17.0,-0.2,3.0437956204379564,-0.39475,24.218200000000003,0.1724137931034483,0.06896551724137931,0,1,1
2019,9,Austrian Grand Prix,15,1.45,McLaren,Carlos Sainz,8,0.8620689655172413,0.7241379310344828,7.0,0.13903743315508021,4.0,0.11834319526627218,1.8,6.4,0.0,0.4057971014492763,-0.1393,24.1499,0.15517241379310345,0.06896551724137931,0,1,1
2019,9,Austrian Grand Prix,7,1.053,Alfa Romeo,Kimi Räikkönen,9,0.8620689655172413,1.0,8.0,0.10160427807486631,7.0,0.05621301775147929,2.6,1.4,0.2,1.1079136690647484,0.4527,26.007299999999997,0.0,0.0,0,0,0
2019,9,Austrian Grand Prix,8,1.176,Alfa Romeo,Antonio Giovinazzi,10,1.0,1.0,18.0,0.0,7.0,0.05621301775147929,-2.4,1.4,-2.2,-1.1904761904761898,0.7122,26.007299999999997,0.0,0.0,0,0,0
2019,9,Austrian Grand Prix,16,1.786,Racing Point,Sergio Pérez,11,0.9310344827586207,0.9375,13.0,0.06951871657754011,6.0,0.05621301775147929,2.0,2.4,-0.4,-0.40851063829787204,0.08940000000000001,25.8822,0.0,0.0,0,1,0
2019,9,Austrian Grand Prix,14,1.644,Renault,Daniel Ricciardo,12,0.6206896551724138,0.7586206896551724,9.0,0.0855614973262032,5.0,0.09467455621301775,-3.6,4.0,-0.6,-3.517605633802817,0.085875,24.619899999999998,0.1206896551724138,0.06896551724137931,0,0,0
2019,9,Austrian Grand Prix,12,1.513,Renault,Nico Hülkenberg,13,0.6896551724137931,0.7586206896551724,10.0,0.0855614973262032,5.0,0.09467455621301775,1.6,4.0,3.4,1.451748251748251,0.377,24.619899999999998,0.1206896551724138,0.13793103448275862,0,1,0
2019,9,Austrian Grand Prix,17,1.829,Racing Point,Lance Stroll,14,0.8620689655172413,0.9375,16.0,0.03208556149732621,6.0,0.05621301775147929,3.8,2.4,0.2,-2.7013888888888893,0.123375,25.8822,0.0,0.06896551724137931,0,1,0
2019,9,Austrian Grand Prix,13,1.662,Toro Rosso,Alexander Albon,15,0.8571428571428572,0.736842105263158,15.0,0.0374331550802139,8.0,0.05029585798816568,-1.0,2.6,-1.4,3.131034482758621,0.096,27.0517,0.12280701754385964,0.14285714285714285,0,1,0
2019,9,Austrian Grand Prix,11,1.487,Haas F1 Team,Romain Grosjean,16,0.6551724137931034,0.7758620689655172,17.0,0.0106951871657754,9.0,0.047337278106508875,-1.0,1.6,-0.4,0.0,0.13266666666666665,24.658800000000003,0.06896551724137931,0.13793103448275862,0,0,1
2019,9,Austrian Grand Prix,18,2.321,Toro Rosso,Daniil Kvyat,17,0.75,0.736842105263158,14.0,0.053475935828877004,8.0,0.05029585798816568,-1.6,2.6,2.0,-1.1258503401360542,0.074375,27.0517,0.12280701754385964,0.25,0,0,0
2019,9,Austrian Grand Prix,19,2.901,Williams,George Russell,18,1.0,0.896551724137931,19.0,0.0,10.0,0.0,2.2,0.0,-0.2,-1.4211711711711708,1.8985,24.6885,0.06896551724137931,0.0,0,1,1
2019,9,Austrian Grand Prix,5,1.069,Haas F1 Team,Kevin Magnussen,19,0.896551724137931,0.7758620689655172,11.0,0.0748663101604278,9.0,0.047337278106508875,-3.2,1.6,0.4,0.6429530201342271,0.8745,24.658800000000003,0.06896551724137931,0.034482758620689655,0,0,1
2019,9,Austrian Grand Prix,20,3.203,Williams,Robert Kubica,20,1.0,0.896551724137931,20.0,0.0,10.0,0.0,2.0,0.0,0.2,1.7733333333333343,2.1731,24.6885,0.06896551724137931,0.0,0,0,1
2019,10,British Grand Prix,2,0.006,Mercedes,Lewis Hamilton,1,0.9666666666666667,0.95,1.0,1.0,1.0,1.0,-0.2,38.0,-0.6,-0.629139072847682,-1.4332,25.4392,0.05,0.0,0,1,1
2019,10,British Grand Prix,1,0.0,Mercedes,Valtteri Bottas,2,0.9333333333333333,0.95,2.0,0.8426395939086294,1.0,1.0,0.2,38.0,0.2,1.7697368421052628,-1.1293,25.4392,0.05,0.0,0,1,1
2019,10,British Grand Prix,3,0.079,Ferrari,Charles Leclerc,3,0.7666666666666666,0.9,5.0,0.5329949238578681,2.0,0.628099173553719,-1.0,25.8,-1.0,-2.8316993464052285,-1.299125,24.912100000000002,0.06666666666666667,0.13333333333333333,0,1,1
2019,10,British Grand Prix,5,0.497,Red Bull,Pierre Gasly,4,0.8,0.7833333333333333,6.0,0.2182741116751269,3.0,0.465564738292011,-0.4,21.0,-0.2,-3.5519480519480515,-0.342,24.3585,0.16666666666666666,0.06666666666666667,0,1,1
2019,10,British Grand Prix,4,0.183,Red Bull,Max Verstappen,5,0.8666666666666667,0.7833333333333333,3.0,0.6395939086294417,3.0,0.465564738292011,1.6,21.0,0.4,-3.048387096774194,-1.0926,24.3585,0.16666666666666666,0.03333333333333333,0,1,1
2019,10,British Grand Prix,13,1.11,McLaren,Carlos Sainz,6,0.8666666666666667,0.7333333333333334,7.0,0.15228426395939088,4.0,0.14325068870523416,2.6,6.8,0.8,3.9615384615384617,0.053899999999999997,24.4674,0.15,0.06666666666666667,0,1,1
2019,10,British Grand Prix,7,1.089,Renault,Daniel Ricciardo,7,0.6333333333333333,0.7666666666666666,10.0,0.08121827411167512,5.0,0.0881542699724518,-1.4,4.0,2.2,3.2111010009099177,0.1348,24.8721,0.11666666666666667,0.06666666666666667,0,0,0
2019,10,British Grand Prix,12,1.453,Alfa Romeo,Kimi Räikkönen,8,0.8666666666666667,1.0,9.0,0.1065989847715736,6.0,0.06060606060606061,0.4,1.8,-2.2,0.725316455696202,0.4265,26.127699999999997,0.0,0.0,0,0,0
2019,10,British Grand Prix,17,1.628,Toro Rosso,Daniil Kvyat,9,0.7777777777777778,0.7457627118644068,14.0,0.050761421319796954,8.0,0.046831955922865015,1.2,2.6,2.8,-0.6813417190775679,0.1663,27.51,0.11864406779661017,0.2222222222222222,0,0,0
2019,10,British Grand Prix,10,1.293,Renault,Nico Hülkenberg,10,0.7,0.7666666666666666,11.0,0.08121827411167512,5.0,0.0881542699724518,1.0,4.0,-0.6,-0.18125000000000036,0.2066,24.8721,0.11666666666666667,0.13333333333333333,0,1,0
2019,10,British Grand Prix,8,0.986,McLaren,Lando Norris,11,0.6666666666666667,0.7333333333333334,8.0,0.1116751269035533,4.0,0.14325068870523416,-4.8,6.8,0.2,0.09937888198757783,-0.0013333333333333333,24.4674,0.15,0.2222222222222222,0,1,1
2019,10,British Grand Prix,9,1.252,Toro Rosso,Alexander Albon,12,0.875,0.7457627118644068,15.0,0.03553299492385787,8.0,0.046831955922865015,-1.6,2.6,-0.6,2.5555555555555554,0.177125,27.51,0.11864406779661017,0.125,0,1,0
2019,10,British Grand Prix,18,1.669,Racing Point,Lance Stroll,13,0.8666666666666667,0.9444444444444444,16.0,0.030456852791878174,7.0,0.05234159779614325,3.4,0.4,-0.4,0.0766871165644174,0.252375,25.9096,0.0,0.06666666666666667,0,1,0
2019,10,British Grand Prix,19,2.696,Williams,George Russell,14,1.0,0.9,19.0,0.0,10.0,0.0,2.0,0.0,-0.2,-1.6367595818815337,1.4799,24.977600000000002,0.06666666666666667,0.0,0,1,1
2019,10,British Grand Prix,20,3.164,Williams,Robert Kubica,15,1.0,0.9,20.0,0.0,10.0,0.0,1.6,0.0,-0.4,-0.9727272727272727,1.9557,24.977600000000002,0.06666666666666667,0.0,0,0,1
2019,10,British Grand Prix,6,0.694,Ferrari,Sebastian Vettel,16,0.9666666666666667,0.9,4.0,0.6243654822335025,2.0,0.628099173553719,1.6,25.8,1.2,-3.081927710843373,-1.2463,24.912100000000002,0.06666666666666667,0.03333333333333333,0,0,1
2019,10,British Grand Prix,15,1.556,Racing Point,Sergio Pérez,17,0.9333333333333333,0.9444444444444444,13.0,0.06598984771573604,7.0,0.05234159779614325,3.2,0.4,1.2,0.3602794411177639,0.226,25.9096,0.0,0.0,0,1,0
2019,10,British Grand Prix,11,1.356,Alfa Romeo,Antonio Giovinazzi,18,1.0,1.0,18.0,0.005076142131979695,6.0,0.06060606060606061,-2.0,1.8,0.4,-2.779761904761904,0.6937000000000001,26.127699999999997,0.0,0.0,0,0,0
2019,10,British Grand Prix,14,1.254,Haas F1 Team,Romain Grosjean,19,0.6666666666666667,0.7833333333333333,17.0,0.01015228426395939,9.0,0.0440771349862259,-1.4,1.6,-0.4,2.4191321499013814,0.236375,24.944399999999998,0.06666666666666667,0.13333333333333333,0,0,1
2019,10,British Grand Prix,16,1.569,Haas F1 Team,Kevin Magnussen,20,0.9,0.7833333333333333,12.0,0.07106598984771574,9.0,0.0440771349862259,-6.0,1.6,-2.8,-4.482352941176471,0.8165,24.944399999999998,0.06666666666666667,0.03333333333333333,0,0,1
2019,11,German Grand Prix,2,0.346,Red Bull,Max Verstappen,1,0.8709677419354839,0.7903225806451613,3.0,0.6098654708520179,3.0,0.4692874692874693,1.2,20.8,-0.4,-2.461988304093567,-0.995,25.443800000000003,0.16129032258064516,0.03225806451612903,0,1,1
2019,11,German Grand Prix,20,1.009,Ferrari,Sebastian Vettel,2,0.967741935483871,0.9032258064516129,4.0,0.5515695067264574,2.0,0.597051597051597,-0.2,24.4,-1.8,-1.750830564784053,-1.116,26.0738,0.06451612903225806,0.03225806451612903,0,0,1
2019,11,German Grand Prix,14,1.368,Toro Rosso,Daniil Kvyat,3,0.8,0.7540983606557377,14.0,0.053811659192825115,8.0,0.04668304668304668,2.8,2.6,1.6,0.7215799614643537,0.2072,27.5596,0.11475409836065574,0.2,0,0,0
2019,11,German Grand Prix,15,1.489,Racing Point,Lance Stroll,4,0.8709677419354839,0.95,16.0,0.026905829596412557,7.0,0.04668304668304668,4.8,0.4,1.4,4.080459770114943,0.29410000000000003,27.3832,0.0,0.06451612903225806,0,1,0
2019,11,German Grand Prix,7,0.865,McLaren,Carlos Sainz,5,0.8709677419354839,0.7419354838709677,7.0,0.17040358744394618,4.0,0.14742014742014742,3.0,7.6,0.4,-0.9000000000000004,-0.0581,25.754399999999997,0.14516129032258066,0.06451612903225806,0,1,1
2019,11,German Grand Prix,17,1.694,Toro Rosso,Alexander Albon,6,0.8888888888888888,0.7540983606557377,15.0,0.03139013452914798,8.0,0.04668304668304668,-2.4,2.6,-0.8,-2.625,0.1735,27.5596,0.11475409836065574,0.1111111111111111,0,1,0
2019,11,German Grand Prix,6,1.002,Haas F1 Team,Romain Grosjean,7,0.6451612903225806,0.7580645161290323,17.0,0.008968609865470852,9.0,0.03931203931203931,-1.8,0.2,-0.4,0.2881355932203391,0.3475,27.066200000000002,0.06451612903225806,0.16129032258064516,0,0,1
2019,11,German Grand Prix,12,1.022,Haas F1 Team,Kevin Magnussen,8,0.8709677419354839,0.7580645161290323,12.0,0.06278026905829596,9.0,0.03931203931203931,-7.0,0.2,-1.0,2.7833065810593896,0.979375,27.066200000000002,0.06451612903225806,0.06451612903225806,0,0,1
2019,11,German Grand Prix,1,0.0,Mercedes,Lewis Hamilton,9,0.967741935483871,0.9516129032258065,1.0,1.0,1.0,1.0,-0.2,38.0,0.0,2.3365921787709496,-1.4915999999999998,26.707900000000002,0.04838709677419355,0.0,0,1,1
2019,11,German Grand Prix,19,3.072,Williams,Robert Kubica,10,1.0,0.9032258064516129,20.0,0.0,10.0,0.0,2.2,0.0,0.6,-1.0555555555555554,1.8315,26.461900000000004,0.06451612903225806,0.0,0,0,1
2019,11,German Grand Prix,18,2.954,Williams,George Russell,11,1.0,0.9032258064516129,19.0,0.0,10.0,0.0,2.6,0.0,0.6,0.541436464088398,1.3029000000000002,26.461900000000004,0.06451612903225806,0.0,0,1,1
2019,11,German Grand Prix,5,0.752,Alfa Romeo,Kimi Räikkönen,12,0.8709677419354839,0.9473684210526316,8.0,0.11210762331838565,6.0,0.06388206388206388,1.2,2.6,0.8,-0.42307692307692335,0.3361,27.307499999999997,0.0,0.0,0,0,0
2019,11,German Grand Prix,11,1.019,Alfa Romeo,Antonio Giovinazzi,13,0.8888888888888888,0.9473684210526316,18.0,0.004484304932735426,6.0,0.06388206388206388,-3.8,2.6,-1.8,1.85655737704918,0.51325,27.307499999999997,0.0,0.1111111111111111,0,0,0
2019,11,German Grand Prix,4,0.618,Red Bull,Pierre Gasly,14,0.8064516129032258,0.7903225806451613,6.0,0.24663677130044842,3.0,0.4692874692874693,-0.2,20.8,0.2,0.0,-0.33089999999999997,25.443800000000003,0.16129032258064516,0.06451612903225806,0,1,1
2019,11,German Grand Prix,3,0.362,Mercedes,Valtteri Bottas,15,0.935483870967742,0.9516129032258065,2.0,0.8251121076233184,1.0,1.0,0.2,38.0,0.0,0.0,-1.1333,26.707900000000002,0.04838709677419355,0.0,0,1,1
2019,11,German Grand Prix,9,0.999,Renault,Nico Hülkenberg,16,0.7096774193548387,0.7741935483870968,11.0,0.07623318385650224,5.0,0.09582309582309582,0.4,5.4,-0.6,0.0,0.0958,26.079500000000003,0.11290322580645161,0.12903225806451613,0,1,0
2019,11,German Grand Prix,10,0.462,Ferrari,Charles Leclerc,17,0.7741935483870968,0.9032258064516129,5.0,0.5381165919282511,2.0,0.597051597051597,-1.0,24.4,0.0,0.0,-1.321875,26.0738,0.06451612903225806,0.12903225806451613,0,1,1
2019,11,German Grand Prix,16,1.566,McLaren,Lando Norris,18,0.7,0.7419354838709677,9.0,0.09865470852017937,4.0,0.14742014742014742,-3.6,7.6,1.2,0.0,0.002625,25.754399999999997,0.14516129032258066,0.2,0,1,1
2019,11,German Grand Prix,13,1.032,Renault,Daniel Ricciardo,19,0.6451612903225806,0.7741935483870968,10.0,0.09865470852017937,5.0,0.09582309582309582,-1.0,5.4,0.4,0.0,0.0648,26.079500000000003,0.11290322580645161,0.06451612903225806,0,0,0
2019,11,German Grand Prix,8,1.009,Racing Point,Sergio Pérez,20,0.935483870967742,0.95,13.0,0.05829596412556054,7.0,0.04668304668304668,2.8,0.4,-0.4,0.0,0.26789999999999997,27.3832,0.0,0.0,0,1,0
2019,12,Hungarian Grand Prix,3,0.197,Mercedes,Lewis Hamilton,1,0.96875,0.9375,1.0,1.0,1.0,1.0,-1.8,30.4,-1.6,0.0,-1.6497,25.9678,0.046875,0.0,0,1,1
2019,12,Hungarian Grand Prix,1,0.0,Red Bull,Max Verstappen,2,0.875,0.78125,3.0,0.72,3.0,0.530562347188264,1.6,21.4,0.4,0.0,-1.2118,24.644,0.15625,0.03125,0,1,1
2019,12,Hungarian Grand Prix,5,0.499,Ferrari,Sebastian Vettel,3,0.96875,0.890625,4.0,0.6266666666666667,2.0,0.6381418092909535,3.0,24.4,3.2,0.0,-0.947,25.0457,0.0625,0.03125,0,0,1
2019,12,Hungarian Grand Prix,4,0.471,Ferrari,Charles Leclerc,4,0.75,0.890625,5.0,0.5333333333333333,2.0,0.6381418092909535,-1.6,24.4,-0.6,0.0,-1.321875,25.0457,0.0625,0.15625,0,1,1
2019,12,Hungarian Grand Prix,8,1.28,McLaren,Carlos Sainz,5,0.875,0.734375,7.0,0.21333333333333335,4.0,0.17114914425427874,2.8,8.0,-0.2,0.0,-0.0229,25.014499999999998,0.15625,0.0625,0,1,1
2019,12,Hungarian Grand Prix,6,0.878,Red Bull,Pierre Gasly,6,0.78125,0.78125,6.0,0.24444444444444444,3.0,0.530562347188264,-2.2,21.4,-2.0,0.0,-0.1655,24.644,0.15625,0.09375,0,1,1
2019,12,Hungarian Grand Prix,10,1.469,Alfa Romeo,Kimi Räikkönen,7,0.875,0.9523809523809523,9.0,0.1111111111111111,9.0,0.06356968215158924,0.4,2.6,-0.8,0.0,0.1172,25.4574,0.0,0.0,0,0,0
2019,12,Hungarian Grand Prix,2,0.018,Mercedes,Valtteri Bottas,8,0.90625,0.9375,2.0,0.8177777777777778,1.0,1.0,-2.0,30.4,-2.2,0.0,-1.1535,25.9678,0.046875,0.03125,0,1,1
2019,12,Hungarian Grand Prix,7,1.228,McLaren,Lando Norris,9,0.6363636363636364,0.734375,10.0,0.09777777777777778,4.0,0.17114914425427874,-4.2,8.0,-0.6,0.0,-0.04466666666666667,25.014499999999998,0.15625,0.18181818181818182,0,1,1
2019,12,Hungarian Grand Prix,12,2.115,Toro Rosso,Alexander Albon,10,0.9,0.7619047619047619,15.0,0.06666666666666667,5.0,0.10268948655256724,-0.6,5.2,1.8,0.0,0.088125,26.95,0.1111111111111111,0.1,0,1,0
2019,12,Hungarian Grand Prix,17,2.537,Racing Point,Sergio Pérez,11,0.90625,0.9090909090909091,16.0,0.057777777777777775,7.0,0.07579462102689487,-0.6,2.8,-3.4,0.0,0.203375,26.3298,0.0,0.03125,0,1,0
2019,12,Hungarian Grand Prix,11,1.993,Renault,Nico Hülkenberg,12,0.6875,0.75,14.0,0.07555555555555556,6.0,0.09535452322738386,-0.6,5.0,-1.0,0.0,-0.045,25.2842,0.125,0.15625,0,1,0
2019,12,Hungarian Grand Prix,15,1.55,Haas F1 Team,Kevin Magnussen,13,0.875,0.765625,13.0,0.08,8.0,0.06356968215158924,-4.6,2.0,2.4,0.0,0.996125,26.3382,0.0625,0.0625,0,0,1
2019,12,Hungarian Grand Prix,18,2.685,Renault,Daniel Ricciardo,14,0.625,0.75,11.0,0.09777777777777778,6.0,0.09535452322738386,-1.8,5.0,-0.8,0.0,-0.0475,25.2842,0.125,0.0625,0,0,0
2019,12,Hungarian Grand Prix,13,2.12,Toro Rosso,Daniil Kvyat,15,0.8181818181818181,0.7619047619047619,8.0,0.12,5.0,0.10268948655256724,4.8,5.2,2.0,0.0,0.393,26.95,0.1111111111111111,0.18181818181818182,0,0,0
2019,12,Hungarian Grand Prix,16,2.459,Williams,George Russell,16,1.0,0.90625,20.0,0.0,10.0,0.0024449877750611247,3.2,0.2,0.6,0.0,1.8148,25.531399999999998,0.0625,0.0,0,1,1
2019,12,Hungarian Grand Prix,19,2.97,Racing Point,Lance Stroll,17,0.875,0.9090909090909091,12.0,0.08,7.0,0.07579462102689487,6.6,2.8,1.8,0.0,0.163,26.3298,0.0,0.0625,0,1,0
2019,12,Hungarian Grand Prix,14,2.232,Alfa Romeo,Antonio Giovinazzi,18,0.9,0.9523809523809523,18.0,0.0044444444444444444,9.0,0.06356968215158924,-3.4,2.6,0.4,0.0,0.2465,25.4574,0.0,0.1,0,0,0
2019,12,Hungarian Grand Prix,20,3.752,Williams,Robert Kubica,19,1.0,0.90625,19.0,0.0044444444444444444,10.0,0.0024449877750611247,3.6,0.2,1.4,0.0,2.3199,25.531399999999998,0.0625,0.0,0,0,1
2019,12,Hungarian Grand Prix,9,1.441,Haas F1 Team,Romain Grosjean,20,0.65625,0.765625,17.0,0.035555555555555556,8.0,0.06356968215158924,-2.6,2.0,-0.8,0.0,0.4615,26.3382,0.0625,0.15625,0,0,1
2019,13,Belgian Grand Prix,1,0.0,Ferrari,Charles Leclerc,1,0.7575757575757576,0.8939393939393939,5.0,0.528,2.0,0.6575342465753424,-1.6,23.2,0.0,0.0,-1.200125,24.9337,0.06060606060606061,0.15151515151515152,0,1,1
2019,13,Belgian Grand Prix,3,0.763,Mercedes,Lewis Hamilton,2,0.9696969696969697,0.9393939393939394,1.0,1.0,1.0,1.0,-1.6,28.6,0.2,0.0,-1.6439000000000001,25.697799999999994,0.045454545454545456,0.0,0,1,1
2019,13,Belgian Grand Prix,4,0.896,Mercedes,Valtteri Bottas,3,0.9090909090909091,0.9393939393939394,2.0,0.752,1.0,1.0,-3.6,28.6,-1.6,0.0,-1.199375,25.697799999999994,0.045454545454545456,0.030303030303030304,0,1,1
2019,13,Belgian Grand Prix,2,0.518,Ferrari,Sebastian Vettel,4,0.9696969696969697,0.8939393939393939,4.0,0.624,2.0,0.6575342465753424,3.6,23.2,0.6,0.0,-0.769,24.9337,0.06060606060606061,0.030303030303030304,0,0,1
2019,13,Belgian Grand Prix,14,3.009,Red Bull,Alexander Albon,5,0.9090909090909091,0.7878787878787878,15.0,0.064,3.0,0.5570776255707762,0.8,24.0,1.4,0.0,0.029,24.2939,0.15151515151515152,0.09090909090909091,0,1,1
2019,13,Belgian Grand Prix,9,2.187,Racing Point,Sergio Pérez,6,0.9090909090909091,0.9166666666666666,16.0,0.052,8.0,0.07077625570776255,-0.2,2.4,0.4,0.0,0.13925,25.929700000000004,0.0,0.030303030303030304,0,1,0
2019,13,Belgian Grand Prix,18,3.999,Toro Rosso,Daniil Kvyat,7,0.8333333333333334,0.7692307692307692,9.0,0.108,5.0,0.09817351598173515,4.0,5.2,-0.8,0.0,0.36619999999999997,25.4403,0.1076923076923077,0.16666666666666666,0,0,0
2019,13,Belgian Grand Prix,7,2.023,Renault,Nico Hülkenberg,8,0.696969696969697,0.7575757575757576,14.0,0.068,6.0,0.08904109589041095,-0.8,2.2,-0.2,0.0,0.109625,24.9117,0.12121212121212122,0.15151515151515152,0,1,0
2019,13,Belgian Grand Prix,16,3.916,Toro Rosso,Pierre Gasly,9,0.7878787878787878,0.7692307692307692,6.0,0.252,5.0,0.09817351598173515,-1.6,5.2,0.6,0.0,-0.256125,25.4403,0.1076923076923077,0.09090909090909091,0,1,0
2019,13,Belgian Grand Prix,13,2.528,Racing Point,Lance Stroll,10,0.8787878787878788,0.9166666666666666,12.0,0.072,8.0,0.07077625570776255,5.2,2.4,-1.4,0.0,0.3374,25.929700000000004,0.0,0.06060606060606061,0,1,0
2019,13,Belgian Grand Prix,12,2.328,McLaren,Lando Norris,11,0.6666666666666667,0.7424242424242424,10.0,0.096,4.0,0.1872146118721461,-2.2,10.4,2.0,0.0,-0.132625,24.8589,0.15151515151515152,0.16666666666666666,0,1,1
2019,13,Belgian Grand Prix,10,2.219,Haas F1 Team,Kevin Magnussen,12,0.8787878787878788,0.7575757575757576,13.0,0.072,9.0,0.0593607305936073,-2.8,2.0,1.8,0.0,0.63775,25.858299999999996,0.07575757575757576,0.06060606060606061,0,0,1
2019,13,Belgian Grand Prix,11,2.278,Haas F1 Team,Romain Grosjean,13,0.6363636363636364,0.7575757575757576,17.0,0.032,9.0,0.0593607305936073,-5.0,2.0,-2.4,0.0,0.36375,25.858299999999996,0.07575757575757576,0.15151515151515152,0,0,1
2019,13,Belgian Grand Prix,6,1.584,Renault,Daniel Ricciardo,14,0.6363636363636364,0.7575757575757576,11.0,0.088,6.0,0.08904109589041095,-0.6,2.2,1.2,0.0,0.151625,24.9117,0.12121212121212122,0.06060606060606061,0,0,0
2019,13,Belgian Grand Prix,19,5.029,Williams,George Russell,15,1.0,0.9090909090909091,20.0,0.0,10.0,0.00228310502283105,2.6,0.2,-0.6,0.0,1.7333,25.102899999999998,0.06060606060606061,0.0,0,1,1
2019,13,Belgian Grand Prix,8,1.621,Alfa Romeo,Kimi Räikkönen,16,0.8787878787878788,0.9565217391304348,8.0,0.124,7.0,0.0730593607305936,0.6,3.8,0.2,4.333333333333334,-0.0229,25.0665,0.0,0.0,0,0,0
2019,13,Belgian Grand Prix,20,2.219,Williams,Robert Kubica,17,1.0,0.9090909090909091,19.0,0.004,10.0,0.00228310502283105,3.4,0.2,-0.2,5.472868217054263,2.1742,25.102899999999998,0.06060606060606061,0.0,0,0,1
2019,13,Belgian Grand Prix,15,3.118,Alfa Romeo,Antonio Giovinazzi,18,0.9090909090909091,0.9565217391304348,18.0,0.004,7.0,0.0730593607305936,-4.2,3.8,-0.8,-1.795454545454545,0.382125,25.0665,0.0,0.09090909090909091,0,0,0
2019,13,Belgian Grand Prix,17,3.988,McLaren,Carlos Sainz,19,0.8787878787878788,0.7424242424242424,7.0,0.232,4.0,0.1872146118721461,3.8,10.4,1.0,-4.7333333333333325,-0.10940000000000001,24.8589,0.15151515151515152,0.06060606060606061,0,1,1
2019,13,Belgian Grand Prix,5,1.171,Red Bull,Max Verstappen,20,0.8787878787878788,0.7878787878787878,3.0,0.724,3.0,0.5570776255707762,0.2,24.0,-1.4,-5.253623188405798,-1.4168,24.2939,0.15151515151515152,0.030303030303030304,0,1,1
2019,14,Italian Grand Prix,1,0.0,Ferrari,Charles Leclerc,1,0.7647058823529411,0.8970588235294118,5.0,0.585820895522388,2.0,0.692144373673036,-1.6,25.6,0.0,-2.159574468085106,-1.219,23.450300000000002,0.058823529411764705,0.14705882352941177,0,1,1
2019,14,Italian Grand Prix,3,0.047,Mercedes,Valtteri Bottas,2,0.9117647058823529,0.9411764705882353,2.0,0.7574626865671642,1.0,1.0,-3.4,26.6,0.2,4.333333333333334,-1.197625,24.2456,0.04411764705882353,0.029411764705882353,0,1,1
2019,14,Italian Grand Prix,2,0.039,Mercedes,Lewis Hamilton,3,0.9705882352941176,0.9411764705882353,1.0,1.0,1.0,1.0,-1.4,26.6,0.2,-0.03061224489795933,-1.6225999999999998,24.2456,0.04411764705882353,0.0,0,1,1
2019,14,Italian Grand Prix,5,0.526,Renault,Daniel Ricciardo,4,0.6470588235294117,0.7647058823529411,12.0,0.08208955223880597,6.0,0.09129511677282377,-1.6,2.2,-1.0,0.0,0.407125,23.8297,0.11764705882352941,0.058823529411764705,0,0,0
2019,14,Italian Grand Prix,6,0.742,Renault,Nico Hülkenberg,5,0.7058823529411764,0.7647058823529411,14.0,0.07835820895522388,6.0,0.09129511677282377,-2.0,2.2,-1.2,2.186274509803921,0.027125,23.8297,0.11764705882352941,0.14705882352941177,0,1,0
2019,14,Italian Grand Prix,8,0.714,Red Bull,Alexander Albon,6,0.9166666666666666,0.7794117647058824,10.0,0.09701492537313433,3.0,0.5392781316348195,3.4,23.4,2.6,0.0,-0.0251,22.7605,0.14705882352941177,0.08333333333333333,0,1,1
2019,14,Italian Grand Prix,17,1.984,Racing Point,Sergio Pérez,7,0.9117647058823529,0.9230769230769231,13.0,0.07835820895522388,7.0,0.08492569002123142,0.0,4.2,0.2,0.0,0.0145,23.7428,0.0,0.029411764705882353,0,1,0
2019,14,Italian Grand Prix,20,1.201,Red Bull,Max Verstappen,8,0.8529411764705882,0.7794117647058824,3.0,0.6753731343283582,3.0,0.5392781316348195,-2.8,23.4,-3.0,0.0,-1.423625,22.7605,0.14705882352941177,0.058823529411764705,0,1,1
2019,14,Italian Grand Prix,11,1.21,Alfa Romeo,Antonio Giovinazzi,9,0.8333333333333334,0.92,18.0,0.0037313432835820895,8.0,0.06794055201698514,-3.6,2.6,0.6,0.0,0.29883333333333334,24.087699999999998,0.0,0.16666666666666666,0,0,0
2019,14,Italian Grand Prix,14,1.339,McLaren,Lando Norris,10,0.6153846153846154,0.7205882352941176,11.0,0.08955223880597014,4.0,0.1740976645435244,-1.2,8.4,1.0,9.071428571428571,-0.17466666666666666,27.056600000000003,0.17647058823529413,0.15384615384615385,0,1,1
2019,14,Italian Grand Prix,15,1.201,Toro Rosso,Pierre Gasly,11,0.7941176470588236,0.7761194029850746,6.0,0.24253731343283583,5.0,0.10828025477707007,0.0,6.8,1.6,5.12280701754386,-0.209375,23.9497,0.1044776119402985,0.08823529411764706,0,1,0
2019,14,Italian Grand Prix,9,1.191,Racing Point,Lance Stroll,12,0.8823529411764706,0.9230769230769231,15.0,0.0708955223880597,7.0,0.08492569002123142,4.8,4.2,-0.4,-2.293103448275861,0.356,23.7428,0.0,0.058823529411764705,0,1,0
2019,14,Italian Grand Prix,4,0.15,Ferrari,Sebastian Vettel,13,0.9705882352941176,0.8970588235294118,4.0,0.6305970149253731,2.0,0.692144373673036,2.8,25.6,-0.8,2.7542372881355934,-0.854,23.450300000000002,0.058823529411764705,0.029411764705882353,0,0,1
2019,14,Italian Grand Prix,18,2.493,Williams,George Russell,14,1.0,0.9117647058823529,20.0,0.0,10.0,0.0021231422505307855,3.4,0.2,0.8,0.0,1.6113,23.3818,0.058823529411764705,0.0,0,1,1
2019,14,Italian Grand Prix,10,1.208,Alfa Romeo,Kimi Räikkönen,15,0.8823529411764706,0.92,9.0,0.11567164179104478,8.0,0.06794055201698514,-2.0,2.6,-2.6,0.0,0.314,24.087699999999998,0.0,0.0,0,0,0
2019,14,Italian Grand Prix,16,1.477,Haas F1 Team,Romain Grosjean,16,0.6470588235294117,0.7647058823529411,17.0,0.029850746268656716,9.0,0.055201698513800426,-4.8,2.0,0.2,-0.2956989247311821,0.419,24.241000000000003,0.07352941176470588,0.14705882352941177,0,0,1
2019,14,Italian Grand Prix,19,3.049,Williams,Robert Kubica,17,1.0,0.9117647058823529,19.0,0.0037313432835820895,10.0,0.0021231422505307855,3.6,0.2,0.2,-4.571428571428571,2.0048,23.3818,0.058823529411764705,0.0,0,0,1
2019,14,Italian Grand Prix,12,1.308,Haas F1 Team,Kevin Magnussen,18,0.8823529411764706,0.7647058823529411,16.0,0.06716417910447761,9.0,0.055201698513800426,-2.8,2.0,0.0,8.890625,0.68625,24.241000000000003,0.07352941176470588,0.058823529411764705,0,0,1
2019,14,Italian Grand Prix,13,1.323,Toro Rosso,Daniil Kvyat,19,0.8461538461538461,0.7761194029850746,8.0,0.12313432835820895,5.0,0.10828025477707007,5.8,6.8,1.8,-2.0999999999999996,0.2801,23.9497,0.1044776119402985,0.15384615384615385,0,0,0
2019,14,Italian Grand Prix,7,0.895,McLaren,Carlos Sainz,20,0.8529411764705882,0.7205882352941176,7.0,0.21641791044776118,4.0,0.1740976645435244,3.4,8.4,-0.4,4.704545454545455,-0.120125,27.056600000000003,0.17647058823529413,0.058823529411764705,0,1,1
2019,15,Singapore Grand Prix,3,0.22,Ferrari,Sebastian Vettel,1,0.9714285714285714,0.9,5.0,0.5950704225352113,2.0,0.695049504950495,-0.2,24.6,-3.0,4.402985074626866,-0.7283999999999999,24.6228,0.05714285714285714,0.02857142857142857,0,0,1
2019,15,Singapore Grand Prix,1,0.0,Ferrari,Charles Leclerc,2,0.7714285714285715,0.9,4.0,0.6408450704225352,2.0,0.695049504950495,-1.4,24.6,0.2,-2.0588235294117645,-1.361875,24.6228,0.05714285714285714,0.14285714285714285,0,1,1
2019,15,Singapore Grand Prix,4,0.596,Red Bull,Max Verstappen,3,0.8571428571428572,0.7857142857142857,3.0,0.6514084507042254,3.0,0.5267326732673268,-0.8,19.4,2.0,-0.8260869565217401,-1.36075,24.3916,0.14285714285714285,0.05714285714285714,0,1,1
2019,15,Singapore Grand Prix,2,0.191,Mercedes,Lewis Hamilton,4,0.9714285714285714,0.9428571428571428,1.0,1.0,1.0,1.0,-1.0,28.4,0.4,1.8190476190476197,-1.6537,23.729899999999997,0.04285714285714286,0.0,0,1,1
2019,15,Singapore Grand Prix,5,0.925,Mercedes,Valtteri Bottas,5,0.9142857142857143,0.9428571428571428,2.0,0.778169014084507,1.0,1.0,-3.4,28.4,0.0,0.0,-1.19925,23.729899999999997,0.04285714285714286,0.02857142857142857,0,1,1
2019,15,Singapore Grand Prix,6,1.194,Red Bull,Alexander Albon,6,0.9230769230769231,0.7857142857142857,9.0,0.11971830985915492,3.0,0.5267326732673268,4.2,19.4,0.8,-0.4583333333333339,-0.1303,24.3916,0.14285714285714285,0.07692307692307693,0,1,1
2019,15,Singapore Grand Prix,9,1.355,McLaren,Lando Norris,7,0.6428571428571428,0.7142857142857143,14.0,0.0880281690140845,4.0,0.16435643564356436,-0.4,6.2,0.8,0.6575342465753433,-0.05366666666666666,27.907399999999996,0.18571428571428572,0.14285714285714285,0,1,1
2019,15,Singapore Grand Prix,12,2.482,Toro Rosso,Pierre Gasly,8,0.8,0.7681159420289855,6.0,0.22887323943661972,6.0,0.100990099009901,0.4,6.8,0.4,0.0,-0.084875,24.202299999999997,0.11594202898550725,0.08571428571428572,0,1,0
2019,15,Singapore Grand Prix,8,2.047,Renault,Nico Hülkenberg,9,0.7142857142857143,0.7714285714285715,11.0,0.10915492957746478,5.0,0.12871287128712872,-1.6,6.6,0.4,1.6799999999999997,-0.026375,24.2419,0.11428571428571428,0.14285714285714285,0,1,0
2019,15,Singapore Grand Prix,11,2.48,Alfa Romeo,Antonio Giovinazzi,10,0.8461538461538461,0.9259259259259259,18.0,0.01056338028169014,8.0,0.06732673267326733,-2.8,2.4,0.8,3.2368421052631575,0.3238333333333333,24.8892,0.0,0.15384615384615385,0,0,0
2019,15,Singapore Grand Prix,17,4.06,Haas F1 Team,Romain Grosjean,11,0.6571428571428571,0.7571428571428571,17.0,0.028169014084507043,9.0,0.05148514851485148,-3.8,2.0,1.0,-4.2987012987013,0.5771666666666666,24.7935,0.08571428571428572,0.14285714285714285,0,0,1
2019,15,Singapore Grand Prix,7,1.601,McLaren,Carlos Sainz,12,0.8285714285714285,0.7142857142857143,7.0,0.20422535211267606,4.0,0.16435643564356436,-0.6,6.2,-4.0,0.0,-0.2015,27.907399999999996,0.18571428571428572,0.05714285714285714,0,1,1
2019,15,Singapore Grand Prix,16,3.762,Racing Point,Lance Stroll,13,0.8857142857142857,0.9285714285714286,15.0,0.06690140845070422,7.0,0.09108910891089109,3.6,5.4,-1.2,0.0,0.3633,24.1954,0.0,0.05714285714285714,0,1,0
2019,15,Singapore Grand Prix,20,2.303,Renault,Daniel Ricciardo,14,0.6571428571428571,0.7714285714285715,8.0,0.11971830985915492,5.0,0.12871287128712872,-1.8,6.6,-0.2,-2.0666666666666673,0.253375,24.2419,0.11428571428571428,0.05714285714285714,0,0,0
2019,15,Singapore Grand Prix,15,3.74,Toro Rosso,Daniil Kvyat,15,0.7857142857142857,0.7681159420289855,10.0,0.11619718309859155,6.0,0.100990099009901,4.4,6.8,-1.4,1.9679012345679023,0.216625,24.202299999999997,0.11594202898550725,0.14285714285714285,0,0,0
2019,15,Singapore Grand Prix,19,4.969,Williams,Robert Kubica,16,1.0,0.9142857142857143,19.0,0.0035211267605633804,10.0,0.0019801980198019802,4.0,0.2,0.4,0.0,1.9649,23.7917,0.05714285714285714,0.0,0,0,1
2019,15,Singapore Grand Prix,14,3.433,Haas F1 Team,Kevin Magnussen,17,0.8571428571428572,0.7571428571428571,16.0,0.06338028169014084,9.0,0.05148514851485148,-1.2,2.0,1.6,1.9216867469879517,0.788,24.7935,0.08571428571428572,0.05714285714285714,0,0,1
2019,15,Singapore Grand Prix,13,2.641,Alfa Romeo,Kimi Räikkönen,18,0.8857142857142857,0.9259259259259259,12.0,0.10915492957746478,8.0,0.06732673267326733,-2.6,2.4,-0.6,-5.0357142857142865,0.4407,24.8892,0.0,0.0,0,0,0
2019,15,Singapore Grand Prix,10,2.303,Racing Point,Sergio Pérez,19,0.9142857142857143,0.9285714285714286,13.0,0.09507042253521127,7.0,0.09108910891089109,1.0,5.4,1.0,0.0,0.022875,24.1954,0.0,0.02857142857142857,0,1,0
2019,15,Singapore Grand Prix,18,4.65,Williams,George Russell,20,1.0,0.9142857142857143,20.0,0.0,10.0,0.0019801980198019802,4.0,0.2,0.6,-1.1744186046511622,1.6824000000000001,23.7917,0.05714285714285714,0.0,0,1,1
2019,16,Russian Grand Prix,2,0.402,Mercedes,Lewis Hamilton,1,0.9722222222222222,0.9444444444444444,1.0,1.0,1.0,1.0,-1.6,24.0,-0.6,-2.3678160919540234,-1.3109000000000002,23.8477,0.041666666666666664,0.0,0,1,1
2019,16,Russian Grand Prix,5,1.004,Mercedes,Valtteri Bottas,2,0.9166666666666666,0.9444444444444444,2.0,0.7804054054054054,1.0,1.0,-3.2,24.0,0.2,5.594696969696971,-0.845625,23.8477,0.041666666666666664,0.027777777777777776,0,1,1
2019,16,Russian Grand Prix,1,0.0,Ferrari,Charles Leclerc,3,0.7777777777777778,0.9027777777777778,3.0,0.6756756756756757,2.0,0.7476280834914611,-1.6,30.2,-0.2,-4.719101123595506,-1.242,24.787399999999998,0.05555555555555555,0.1388888888888889,0,1,1
2019,16,Russian Grand Prix,4,0.682,Red Bull,Max Verstappen,4,0.8611111111111112,0.7916666666666666,4.0,0.6756756756756757,3.0,0.5483870967741935,-0.4,19.6,0.4,-2.7333333333333325,-1.24575,24.555799999999998,0.1388888888888889,0.05555555555555555,0,1,1
2019,16,Russian Grand Prix,19,7.569,Red Bull,Alexander Albon,5,0.9285714285714286,0.7916666666666666,8.0,0.14189189189189189,3.0,0.5483870967741935,4.8,19.6,0.6,3.064102564102564,-0.1702,24.555799999999998,0.1388888888888889,0.07142857142857142,0,1,1
2019,16,Russian Grand Prix,6,1.594,McLaren,Carlos Sainz,6,0.8333333333333334,0.7222222222222222,7.0,0.19594594594594594,4.0,0.16888045540796964,-3.0,5.8,-2.4,-2.7608695652173907,-0.029166666666666667,28.413400000000003,0.18055555555555555,0.05555555555555555,0,1,1
2019,16,Russian Grand Prix,12,2.33,Racing Point,Sergio Pérez,7,0.8888888888888888,0.9,14.0,0.09121621621621621,7.0,0.0872865275142315,-0.4,5.4,-1.4,-0.5026881720430101,-0.19116666666666665,24.0368,0.03333333333333333,0.027777777777777776,0,1,0
2019,16,Russian Grand Prix,8,1.673,McLaren,Lando Norris,8,0.6666666666666667,0.7222222222222222,12.0,0.10472972972972973,4.0,0.16888045540796964,0.6,5.8,1.0,-0.3085106382978715,-0.0585,28.413400000000003,0.18055555555555555,0.13333333333333333,0,1,1
2019,16,Russian Grand Prix,14,2.261,Haas F1 Team,Kevin Magnussen,9,0.8611111111111112,0.7638888888888888,16.0,0.060810810810810814,9.0,0.04933586337760911,-1.0,2.0,0.2,0.0,0.69625,24.1978,0.08333333333333333,0.05555555555555555,0,0,1
2019,16,Russian Grand Prix,7,1.661,Renault,Nico Hülkenberg,10,0.7222222222222222,0.7777777777777778,11.0,0.11148648648648649,5.0,0.127134724857685,-1.8,5.6,-0.2,-2.9375,-0.107,24.4713,0.1111111111111111,0.1388888888888889,0,1,0
2019,16,Russian Grand Prix,15,2.605,Racing Point,Lance Stroll,11,0.8888888888888888,0.9,15.0,0.06418918918918919,7.0,0.0872865275142315,3.2,5.4,-0.4,-0.010309278350515427,0.3777,24.0368,0.03333333333333333,0.05555555555555555,0,1,0
2019,16,Russian Grand Prix,20,7.916,Toro Rosso,Daniil Kvyat,12,0.8,0.7746478873239436,10.0,0.11148648648648649,6.0,0.10436432637571158,2.8,7.2,-1.6,1.5408163265306118,0.229,24.9079,0.11267605633802817,0.13333333333333333,0,0,0
2019,16,Russian Grand Prix,16,3.212,Alfa Romeo,Kimi Räikkönen,13,0.8611111111111112,0.896551724137931,13.0,0.10472972972972973,8.0,0.06641366223908918,-4.4,1.8,-1.8,-0.9696969696969688,0.482125,25.0304,0.0,0.027777777777777776,0,0,0
2019,16,Russian Grand Prix,11,2.322,Toro Rosso,Pierre Gasly,14,0.8055555555555556,0.7746478873239436,6.0,0.23310810810810811,6.0,0.10436432637571158,1.0,7.2,0.6,2.3033333333333346,0.05775,24.9079,0.11267605633802817,0.08333333333333333,0,1,0
2019,16,Russian Grand Prix,13,2.409,Alfa Romeo,Antonio Giovinazzi,15,0.8571428571428572,0.896551724137931,18.0,0.013513513513513514,8.0,0.06641366223908918,-1.2,1.8,1.6,-0.3333333333333339,0.254625,25.0304,0.0,0.14285714285714285,0,0,0
2019,16,Russian Grand Prix,18,4.846,Williams,Robert Kubica,16,1.0,0.9027777777777778,19.0,0.0033783783783783786,10.0,0.0018975332068311196,3.6,0.2,-0.4,-1.5980392156862742,1.9179000000000002,23.962,0.05555555555555555,0.0,0,0,1
2019,16,Russian Grand Prix,17,3.728,Williams,George Russell,17,0.9333333333333333,0.9027777777777778,20.0,0.0,10.0,0.0018975332068311196,2.6,0.2,-1.4,0.3126213592233018,1.71175,23.962,0.05555555555555555,0.06666666666666667,0,1,1
2019,16,Russian Grand Prix,3,0.425,Ferrari,Sebastian Vettel,18,0.9722222222222222,0.9027777777777778,5.0,0.6554054054054054,2.0,0.7476280834914611,2.2,30.2,2.4,0.48461538461538467,-0.8488,24.787399999999998,0.05555555555555555,0.027777777777777776,0,0,1
2019,16,Russian Grand Prix,10,2.033,Renault,Daniel Ricciardo,19,0.6666666666666667,0.7777777777777778,9.0,0.11486486486486487,5.0,0.127134724857685,-0.6,5.6,1.2,0.5785714285714292,0.275375,24.4713,0.1111111111111111,0.05555555555555555,0,0,0
2019,16,Russian Grand Prix,9,1.889,Haas F1 Team,Romain Grosjean,20,0.6666666666666667,0.7638888888888888,17.0,0.02702702702702703,9.0,0.04933586337760911,-1.6,2.0,2.2,0.7830188679245289,0.615125,24.1978,0.08333333333333333,0.1388888888888889,0,0,1
2019,17,Japanese Grand Prix,3,0.229,Mercedes,Valtteri Bottas,1,0.9189189189189189,0.9459459459459459,2.0,0.7732919254658385,1.0,1.0,-0.2,32.4,3.0,2.0630841121495322,-1.0771,25.551299999999998,0.04054054054054054,0.02702702702702703,0,1,1
2019,17,Japanese Grand Prix,1,0.0,Ferrari,Sebastian Vettel,2,0.9459459459459459,0.8918918918918919,5.0,0.6024844720496895,2.0,0.7162872154115587,-4.4,29.6,-6.6,0.0,-1.016125,26.5841,0.06756756756756757,0.02702702702702703,0,0,1
2019,17,Japanese Grand Prix,4,0.238,Mercedes,Lewis Hamilton,3,0.972972972972973,0.9459459459459459,1.0,1.0,1.0,1.0,0.2,32.4,1.8,-1.6477064220183486,-1.4357,25.551299999999998,0.04054054054054054,0.0,0,1,1
2019,17,Japanese Grand Prix,6,0.787,Red Bull,Alexander Albon,4,0.9333333333333333,0.7972972972972973,8.0,0.16149068322981366,3.0,0.5446584938704028,5.4,18.8,0.6,1.57878787878788,0.0075,26.5366,0.13513513513513514,0.06666666666666667,0,1,1
2019,17,Japanese Grand Prix,7,1.24,McLaren,Carlos Sainz,5,0.8378378378378378,0.7297297297297297,7.0,0.20496894409937888,4.0,0.17688266199649738,-3.4,6.2,-0.4,0.7207207207207205,-0.0535,30.210499999999996,0.17567567567567569,0.05405405405405406,0,1,1
2019,17,Japanese Grand Prix,2,0.189,Ferrari,Charles Leclerc,6,0.7837837837837838,0.8918918918918919,3.0,0.6677018633540373,2.0,0.7162872154115587,-0.6,29.6,1.0,-0.6636904761904763,-1.4576,26.5841,0.06756756756756757,0.13513513513513514,0,1,1
2019,17,Japanese Grand Prix,9,1.715,Toro Rosso,Pierre Gasly,7,0.8108108108108107,0.7808219178082192,6.0,0.21428571428571427,6.0,0.09632224168126094,2.4,2.6,1.4,0.9882005899705018,0.219,26.595999999999997,0.1095890410958904,0.08108108108108109,0,1,0
2019,17,Japanese Grand Prix,17,3.28,Racing Point,Sergio Pérez,8,0.8918918918918919,0.90625,13.0,0.10248447204968944,7.0,0.09106830122591944,3.0,4.2,3.4,-6.421052631578947,-0.160125,25.828699999999998,0.03125,0.02702702702702703,0,1,0
2019,17,Japanese Grand Prix,12,2.281,Racing Point,Lance Stroll,9,0.8918918918918919,0.90625,16.0,0.059006211180124224,7.0,0.09106830122591944,1.8,4.2,-1.4,0.0,0.3324,25.828699999999998,0.03125,0.05405405405405406,0,1,0
2019,17,Japanese Grand Prix,14,2.499,Toro Rosso,Daniil Kvyat,10,0.8125,0.7808219178082192,12.0,0.10248447204968944,6.0,0.09632224168126094,2.2,2.6,-0.6,-1.5258620689655178,0.192,26.595999999999997,0.1095890410958904,0.125,0,0,0
2019,17,Japanese Grand Prix,8,1.4,McLaren,Lando Norris,11,0.6875,0.7297297297297297,9.0,0.10869565217391304,4.0,0.17688266199649738,1.0,6.2,0.4,-1.7970085470085468,-0.057875,30.210499999999996,0.17567567567567569,0.125,0,1,1
2019,17,Japanese Grand Prix,13,2.294,Alfa Romeo,Kimi Räikkönen,12,0.8648648648648649,0.9032258064516129,14.0,0.09627329192546584,8.0,0.06129597197898424,-2.4,1.8,2.0,-3.5593220338983045,0.64925,27.3594,0.0,0.02702702702702703,0,0,0
2019,17,Japanese Grand Prix,10,2.08,Haas F1 Team,Romain Grosjean,13,0.6486486486486487,0.7567567567567568,17.0,0.024844720496894408,9.0,0.04903677758318739,-3.6,0.4,-2.0,-1.3378151260504207,0.7601666666666667,26.063799999999997,0.08108108108108109,0.16216216216216217,0,0,1
2019,17,Japanese Grand Prix,11,2.19,Alfa Romeo,Antonio Giovinazzi,14,0.8666666666666667,0.9032258064516129,18.0,0.012422360248447204,8.0,0.06129597197898424,-1.2,1.8,0.0,1.7107142857142872,0.57525,27.3594,0.0,0.13333333333333333,0,0,0
2019,17,Japanese Grand Prix,19,1.8975,Haas F1 Team,Kevin Magnussen,15,0.8648648648648649,0.7567567567567568,15.0,0.062111801242236024,9.0,0.04903677758318739,-0.8,0.4,0.2,-2.561983471074381,0.49125,26.063799999999997,0.08108108108108109,0.05405405405405406,0,0,1
2019,17,Japanese Grand Prix,18,3.3,Williams,George Russell,16,0.875,0.8783783783783784,20.0,0.0,10.0,0.0017513134851138354,1.2,0.0,-1.4,0.25136612021857907,1.1741666666666668,25.916800000000002,0.08108108108108109,0.0625,0,1,1
2019,17,Japanese Grand Prix,20,1.8975,Williams,Robert Kubica,17,0.9375,0.8783783783783784,19.0,0.003105590062111801,10.0,0.0017513134851138354,2.2,0.0,-1.4,0.9065040650406502,1.645125,25.916800000000002,0.08108108108108109,0.0,0,0,1
2019,17,Japanese Grand Prix,5,0.787,Red Bull,Max Verstappen,18,0.8648648648648649,0.7972972972972973,4.0,0.6583850931677019,3.0,0.5446584938704028,-0.6,18.8,-0.2,3.411290322580646,-1.041125,26.5366,0.13513513513513514,0.05405405405405406,0,1,1
2019,17,Japanese Grand Prix,16,2.758,Renault,Daniel Ricciardo,19,0.6486486486486487,0.7702702702702703,10.0,0.10559006211180125,5.0,0.1190893169877408,-1.2,5.8,-0.6,-1.5999999999999996,0.275375,27.139300000000002,0.10810810810810811,0.08108108108108109,0,0,0
2019,17,Japanese Grand Prix,15,2.555,Renault,Nico Hülkenberg,20,0.7297297297297297,0.7702702702702703,11.0,0.10559006211180125,5.0,0.1190893169877408,-1.0,5.8,0.8,2.8809523809523814,-0.126,27.139300000000002,0.10810810810810811,0.13513513513513514,0,1,0
2019,18,Mexican Grand Prix,4,0.504,Mercedes,Lewis Hamilton,1,0.9736842105263158,0.9473684210526316,1.0,1.0,1.0,1.0,0.0,34.8,-0.2,-2.304461942257218,-1.5400999999999998,25.8053,0.039473684210526314,0.0,0,1,1
2019,18,Mexican Grand Prix,3,0.412,Ferrari,Sebastian Vettel,2,0.9473684210526316,0.8947368421052632,5.0,0.6272189349112426,2.0,0.7107843137254902,-5.0,29.4,-0.6,0.0,-1.482,26.6607,0.06578947368421052,0.02631578947368421,0,0,1
2019,18,Mexican Grand Prix,6,0.58,Mercedes,Valtteri Bottas,3,0.9210526315789473,0.9473684210526316,2.0,0.8106508875739645,1.0,1.0,1.4,34.8,1.6,0.0,-1.4132,25.8053,0.039473684210526314,0.02631578947368421,0,1,1
2019,18,Mexican Grand Prix,2,0.266,Ferrari,Charles Leclerc,4,0.7894736842105263,0.8947368421052632,3.0,0.6597633136094675,2.0,0.7107843137254902,-1.4,29.4,-0.8,0.0,-1.4285999999999999,26.6607,0.06578947368421052,0.13157894736842105,0,1,1
2019,18,Mexican Grand Prix,5,0.578,Red Bull,Alexander Albon,5,0.9375,0.7894736842105263,8.0,0.1893491124260355,3.0,0.5277777777777778,5.4,15.8,0.0,0.0,-0.2794,26.8611,0.14473684210526316,0.0625,0,1,1
2019,18,Mexican Grand Prix,1,0.0,Red Bull,Max Verstappen,6,0.8421052631578947,0.7894736842105263,4.0,0.6272189349112426,3.0,0.5277777777777778,-3.0,15.8,-2.4,0.0,-0.8411666666666666,26.8611,0.14473684210526316,0.05263157894736842,0,1,1
2019,18,Mexican Grand Prix,11,1.929,Racing Point,Sergio Pérez,7,0.8947368421052632,0.9117647058823529,9.0,0.10946745562130178,7.0,0.09477124183006536,3.6,5.4,0.6,0.0,-0.145625,26.106900000000003,0.029411764705882353,0.02631578947368421,0,1,0
2019,18,Mexican Grand Prix,13,2.175,Renault,Daniel Ricciardo,8,0.631578947368421,0.75,12.0,0.10059171597633136,5.0,0.1111111111111111,-2.6,5.8,-1.4,0.0,0.25066666666666665,27.458500000000004,0.10526315789473684,0.07894736842105263,0,0,0
2019,18,Mexican Grand Prix,10,1.828,Toro Rosso,Pierre Gasly,9,0.8157894736842105,0.7866666666666666,7.0,0.22189349112426035,6.0,0.10130718954248366,2.8,3.8,0.4,0.0,0.3526,26.575499999999998,0.10666666666666667,0.07894736842105263,0,1,0
2019,18,Mexican Grand Prix,12,2.127,Renault,Nico Hülkenberg,10,0.7105263157894737,0.75,13.0,0.10059171597633136,5.0,0.1111111111111111,-1.8,5.8,-0.8,0.0,-0.230125,27.458500000000004,0.10526315789473684,0.13157894736842105,0,1,0
2019,18,Mexican Grand Prix,9,1.711,Toro Rosso,Daniil Kvyat,11,0.8235294117647058,0.7866666666666666,11.0,0.10059171597633136,6.0,0.10130718954248366,3.4,3.8,1.2,0.0,0.351125,26.575499999999998,0.10666666666666667,0.11764705882352941,0,0,0
2019,18,Mexican Grand Prix,16,3.307,Racing Point,Lance Stroll,12,0.8947368421052632,0.9117647058823529,15.0,0.0621301775147929,7.0,0.09477124183006536,2.0,5.4,0.2,0.0,0.22190000000000001,26.106900000000003,0.029411764705882353,0.05263157894736842,0,1,0
2019,18,Mexican Grand Prix,7,1.256,McLaren,Carlos Sainz,13,0.8421052631578947,0.736842105263158,6.0,0.22485207100591717,4.0,0.18137254901960784,-3.6,5.8,-0.2,0.0,-0.06016666666666667,30.210500000000003,0.17105263157894737,0.05263157894736842,0,1,1
2019,18,Mexican Grand Prix,15,2.511,Alfa Romeo,Antonio Giovinazzi,14,0.875,0.9090909090909091,18.0,0.011834319526627219,8.0,0.05718954248366013,-1.0,0.6,0.2,0.0,0.55325,27.493399999999998,0.0,0.125,0,0,0
2019,18,Mexican Grand Prix,17,3.678,Haas F1 Team,Kevin Magnussen,15,0.868421052631579,0.7631578947368421,16.0,0.05917159763313609,9.0,0.0457516339869281,-0.4,0.4,0.4,0.0,0.66,26.4931,0.07894736842105263,0.05263157894736842,0,0,1
2019,18,Mexican Grand Prix,19,4.065,Williams,George Russell,16,0.8823529411764706,0.881578947368421,20.0,0.0,10.0,0.0016339869281045752,1.6,0.0,0.4,0.0,1.3898333333333333,26.366500000000002,0.07894736842105263,0.058823529411764705,0,1,1
2019,18,Mexican Grand Prix,18,3.841,Haas F1 Team,Romain Grosjean,17,0.6578947368421053,0.7631578947368421,17.0,0.023668639053254437,9.0,0.0457516339869281,-2.0,0.4,1.6,0.0,0.7435,26.4931,0.07894736842105263,0.15789473684210525,0,0,1
2019,18,Mexican Grand Prix,20,5.421,Williams,Robert Kubica,18,0.9411764705882353,0.881578947368421,19.0,0.0029585798816568047,10.0,0.0016339869281045752,2.6,0.0,0.4,0.0,2.02675,26.366500000000002,0.07894736842105263,0.0,0,0,1
2019,18,Mexican Grand Prix,14,2.209,Alfa Romeo,Kimi Räikkönen,19,0.868421052631579,0.9090909090909091,14.0,0.09171597633136094,8.0,0.05718954248366013,-2.8,0.6,-0.4,0.0,0.81475,27.493399999999998,0.0,0.02631578947368421,0,0,0
2019,18,Mexican Grand Prix,8,1.564,McLaren,Lando Norris,20,0.7058823529411764,0.736842105263158,10.0,0.10355029585798817,4.0,0.18137254901960784,0.8,5.8,-0.2,0.0,0.029625,30.210500000000003,0.17105263157894737,0.11764705882352941,0,1,1
2019,19,United States Grand Prix,1,0.0,Mercedes,Valtteri Bottas,1,0.9230769230769231,0.9487179487179487,2.0,0.7961432506887053,1.0,1.0,1.8,36.2,0.4,0.0,-1.3202,25.642500000000002,0.038461538461538464,0.02564102564102564,0,1,1
2019,19,United States Grand Prix,5,0.292,Mercedes,Lewis Hamilton,2,0.9743589743589743,0.9487179487179487,1.0,1.0,1.0,1.0,0.4,36.2,0.4,0.0,-1.346,25.642500000000002,0.038461538461538464,0.0,0,1,1
2019,19,United States Grand Prix,3,0.067,Red Bull,Max Verstappen,3,0.8461538461538461,0.7948717948717949,5.0,0.6060606060606061,3.0,0.5230061349693251,-1.0,17.4,2.0,0.0,-0.836,26.7983,0.14102564102564102,0.05128205128205128,0,1,1
2019,19,United States Grand Prix,4,0.108,Ferrari,Charles Leclerc,4,0.7948717948717949,0.8974358974358975,3.0,0.650137741046832,2.0,0.7147239263803681,-1.8,28.0,-0.4,2.6363636363636367,-1.2849000000000002,26.503899999999998,0.0641025641025641,0.1282051282051282,0,1,1
2019,19,United States Grand Prix,6,0.519,Red Bull,Alexander Albon,5,0.9411764705882353,0.7948717948717949,8.0,0.20385674931129477,3.0,0.5230061349693251,3.6,17.4,-1.8,0.0,-0.5012,26.7983,0.14102564102564102,0.058823529411764705,0,1,1
2019,19,United States Grand Prix,9,1.459,Renault,Daniel Ricciardo,6,0.641025641025641,0.7564102564102564,10.0,0.1046831955922865,5.0,0.11196319018404909,0.0,6.0,2.6,0.0,-0.073,26.8319,0.10256410256410256,0.07692307692307693,0,0,0
2019,19,United States Grand Prix,8,1.146,McLaren,Lando Norris,7,0.6666666666666667,0.7307692307692308,12.0,0.09641873278236915,4.0,0.17024539877300612,-1.8,5.8,-2.6,1.4600000000000009,0.029625,26.4052,0.16666666666666666,0.1111111111111111,0,1,1
2019,19,United States Grand Prix,7,0.818,McLaren,Carlos Sainz,8,0.8461538461538461,0.7307692307692308,7.0,0.209366391184573,4.0,0.17024539877300612,-4.4,5.8,-0.8,0.0,0.02025,26.4052,0.16666666666666666,0.05128205128205128,0,1,1
2019,19,United States Grand Prix,11,1.786,Renault,Nico Hülkenberg,9,0.717948717948718,0.7564102564102564,11.0,0.09641873278236915,5.0,0.11196319018404909,-1.2,6.0,0.6,0.0,-0.1235,26.8319,0.10256410256410256,0.1282051282051282,0,1,0
2019,19,United States Grand Prix,19,3.779,Racing Point,Sergio Pérez,10,0.8974358974358975,0.9166666666666666,9.0,0.1184573002754821,7.0,0.09815950920245399,3.8,4.8,0.2,0.0,-0.062125,25.990499999999997,0.027777777777777776,0.02564102564102564,0,1,0
2019,19,United States Grand Prix,17,2.34,Alfa Romeo,Kimi Räikkönen,11,0.8461538461538461,0.8857142857142857,14.0,0.08539944903581267,8.0,0.05368098159509203,-2.2,0.6,0.6,0.0,0.5185,26.8964,0.02857142857142857,0.02564102564102564,0,0,0
2019,19,United States Grand Prix,13,1.96,Toro Rosso,Daniil Kvyat,12,0.8333333333333334,0.7922077922077921,13.0,0.09366391184573003,6.0,0.09815950920245399,0.8,2.6,-2.6,0.0,0.357125,26.5257,0.1038961038961039,0.1111111111111111,0,0,0
2019,19,United States Grand Prix,14,1.892,Racing Point,Lance Stroll,13,0.8974358974358975,0.9166666666666666,15.0,0.05785123966942149,7.0,0.09815950920245399,2.2,4.8,0.2,0.0,0.304,25.990499999999997,0.027777777777777776,0.05128205128205128,0,1,0
2019,19,United States Grand Prix,16,2.197,Alfa Romeo,Antonio Giovinazzi,14,0.8823529411764706,0.8857142857142857,18.0,0.011019283746556474,8.0,0.05368098159509203,-0.2,0.6,0.8,0.0,0.4925,26.8964,0.02857142857142857,0.11764705882352941,0,0,0
2019,19,United States Grand Prix,15,2.129,Haas F1 Team,Romain Grosjean,15,0.6666666666666667,0.7692307692307692,17.0,0.02203856749311295,9.0,0.04294478527607362,-1.4,0.4,0.6,0.0,1.1565,26.664700000000003,0.07692307692307693,0.15384615384615385,0,0,1
2019,19,United States Grand Prix,10,1.527,Toro Rosso,Pierre Gasly,16,0.8205128205128205,0.7922077922077921,6.0,0.21212121212121213,6.0,0.09815950920245399,1.6,2.6,-1.2,0.0,0.3235,26.5257,0.1038961038961039,0.07692307692307693,0,1,0
2019,19,United States Grand Prix,18,3.343,Williams,George Russell,17,0.8888888888888888,0.8846153846153846,20.0,0.0,10.0,0.0015337423312883436,1.4,0.0,-0.2,0.0,1.4871666666666667,26.275,0.07692307692307693,0.05555555555555555,0,1,1
2019,19,United States Grand Prix,12,1.783,Haas F1 Team,Kevin Magnussen,18,0.8717948717948718,0.7692307692307692,16.0,0.05509641873278237,9.0,0.04294478527607362,0.4,0.4,0.8,-0.13888888888888928,0.4985,26.664700000000003,0.07692307692307693,0.05128205128205128,0,0,1
2019,19,United States Grand Prix,20,3.86,Williams,Robert Kubica,19,0.9444444444444444,0.8846153846153846,19.0,0.0027548209366391185,10.0,0.0015337423312883436,2.4,0.0,-0.2,0.0,2.08475,26.275,0.07692307692307693,0.0,0,0,1
2019,19,United States Grand Prix,2,0.012,Ferrari,Sebastian Vettel,20,0.9487179487179487,0.8974358974358975,4.0,0.6336088154269972,2.0,0.7147239263803681,-4.4,28.0,0.6,0.0,-1.24825,26.503899999999998,0.0641025641025641,0.02564102564102564,0,0,1
2019,20,Brazilian Grand Prix,1,0.0,Red Bull,Max Verstappen,1,0.85,0.8,4.0,0.6167979002624672,3.0,0.5266187050359712,-3.4,20.0,-2.4,0.0,-1.029,25.5733,0.1375,0.05,0,1,1
2019,20,Brazilian Grand Prix,7,1.267,Toro Rosso,Pierre Gasly,2,0.8,0.7848101265822784,8.0,0.2020997375328084,7.0,0.0920863309352518,-0.4,2.6,-2.0,0.0,0.312625,26.487000000000002,0.11392405063291139,0.075,0,1,0
2019,20,Brazilian Grand Prix,20,1.355,McLaren,Carlos Sainz,3,0.85,0.7375,7.0,0.2099737532808399,4.0,0.17410071942446043,-2.0,7.6,2.4,0.0,-0.0152,26.229899999999997,0.1625,0.05,0,1,1
2019,20,Brazilian Grand Prix,9,1.355,Alfa Romeo,Kimi Räikkönen,4,0.85,0.8918918918918919,14.0,0.08136482939632546,8.0,0.050359712230215826,0.0,0.2,2.2,0.0,0.2618333333333333,26.6798,0.02702702702702703,0.025,0,0,0
2019,20,Brazilian Grand Prix,13,1.416,Alfa Romeo,Antonio Giovinazzi,5,0.8888888888888888,0.8918918918918919,18.0,0.010498687664041995,8.0,0.050359712230215826,-0.2,0.2,0.0,0.0,0.5312,26.6798,0.02702702702702703,0.1111111111111111,0,0,0
2019,20,Brazilian Grand Prix,12,1.4,Renault,Daniel Ricciardo,6,0.65,0.7625,9.0,0.12073490813648294,5.0,0.11942446043165468,0.4,3.6,0.4,0.0,0.010833333333333334,26.7409,0.1,0.075,0,0,0
2019,20,Brazilian Grand Prix,3,0.196,Mercedes,Lewis Hamilton,7,0.975,0.95,1.0,1.0,1.0,1.0,1.2,38.0,0.8,0.0,-1.4139000000000002,25.6849,0.0375,0.0,0,1,1
2019,20,Brazilian Grand Prix,11,1.365,McLaren,Lando Norris,8,0.6842105263157895,0.7375,11.0,0.10761154855643044,4.0,0.17410071942446043,-2.4,7.6,-0.6,0.0,-0.05,26.229899999999997,0.1625,0.10526315789473684,0,1,1
2019,20,Brazilian Grand Prix,15,1.532,Racing Point,Sergio Pérez,9,0.9,0.9210526315789473,10.0,0.11548556430446194,6.0,0.09352517985611511,3.6,3.8,-0.2,0.0,0.0575,26.020100000000003,0.02631578947368421,0.025,0,1,0
2019,20,Brazilian Grand Prix,16,1.817,Toro Rosso,Daniil Kvyat,10,0.8421052631578947,0.7848101265822784,13.0,0.08923884514435695,7.0,0.0920863309352518,2.2,2.6,1.4,0.0,0.3135,26.487000000000002,0.11392405063291139,0.10526315789473684,0,0,0
2019,20,Brazilian Grand Prix,10,1.3,Haas F1 Team,Kevin Magnussen,11,0.85,0.7625,16.0,0.05249343832020997,9.0,0.04028776978417266,0.4,0.4,0.0,0.0,0.4985,26.601,0.0875,0.05,0,0,1
2019,20,Brazilian Grand Prix,18,2.623,Williams,George Russell,12,0.8947368421052632,0.875,20.0,0.0,10.0,0.0014388489208633094,0.8,0.0,-0.6,0.0,1.9391666666666667,26.2682,0.0875,0.05263157894736842,0,1,1
2019,20,Brazilian Grand Prix,8,1.202,Haas F1 Team,Romain Grosjean,13,0.675,0.7625,17.0,0.02099737532808399,9.0,0.04028776978417266,-1.4,0.4,0.0,0.0,1.286,26.601,0.0875,0.15,0,0,1
2019,20,Brazilian Grand Prix,6,0.432,Red Bull,Alexander Albon,14,0.9444444444444444,0.8,6.0,0.2204724409448819,3.0,0.5266187050359712,3.4,20.0,-0.2,0.0,-0.7451,25.5733,0.1375,0.05555555555555555,0,1,1
2019,20,Brazilian Grand Prix,14,1.418,Renault,Nico Hülkenberg,15,0.725,0.7625,12.0,0.09711286089238845,5.0,0.11942446043165468,-1.0,3.6,0.2,0.0,0.136375,26.7409,0.1,0.125,0,1,0
2019,20,Brazilian Grand Prix,19,3.111,Williams,Robert Kubica,16,0.8947368421052632,0.875,19.0,0.0026246719160104987,10.0,0.0014388489208633094,2.2,0.0,-0.2,0.0,2.1441666666666666,26.2682,0.0875,0.0,0,0,1
2019,20,Brazilian Grand Prix,2,0.128,Ferrari,Sebastian Vettel,17,0.925,0.8875,5.0,0.6036745406824147,2.0,0.6892086330935252,-6.2,25.6,-1.8,0.0,-1.4563333333333333,26.1813,0.075,0.025,0,0,1
2019,20,Brazilian Grand Prix,4,0.225,Ferrari,Charles Leclerc,18,0.8,0.8875,3.0,0.6535433070866141,2.0,0.6892086330935252,-1.8,25.6,0.0,0.0,-1.2018,26.1813,0.075,0.125,0,1,1
2019,20,Brazilian Grand Prix,17,2.033,Racing Point,Lance Stroll,19,0.9,0.9210526315789473,15.0,0.05511811023622047,6.0,0.09352517985611511,3.0,3.8,0.8,0.0,0.36169999999999997,26.020100000000003,0.02631578947368421,0.05,0,1,0
2019,20,Brazilian Grand Prix,5,0.371,Mercedes,Valtteri Bottas,20,0.925,0.95,2.0,0.8241469816272966,1.0,1.0,1.6,38.0,-0.2,0.0,-1.4649,25.6849,0.0375,0.025,0,1,1
2019,21,Abu Dhabi Grand Prix,1,0.0,Mercedes,Lewis Hamilton,1,0.975609756097561,0.9390243902439024,1.0,1.0,1.0,1.0,0.8,34.8,-0.4,0.0,-1.6630999999999998,24.4861,0.04878048780487805,0.0,0,1,1
2019,21,Abu Dhabi Grand Prix,3,0.36,Red Bull,Max Verstappen,2,0.8536585365853658,0.8048780487804879,3.0,0.6718346253229974,3.0,0.557774607703281,-3.6,20.4,-0.2,-4.636363636363637,-1.36525,24.3917,0.13414634146341464,0.04878048780487805,0,1,1
2019,21,Abu Dhabi Grand Prix,4,0.44,Ferrari,Charles Leclerc,3,0.7804878048780488,0.8658536585365854,4.0,0.6434108527131783,2.0,0.6833095577746077,-4.4,17.0,-2.6,0.0,-1.35675,24.934199999999997,0.07317073170731707,0.14634146341463414,0,1,1
2019,21,Abu Dhabi Grand Prix,2,0.194,Mercedes,Valtteri Bottas,4,0.9024390243902439,0.9390243902439024,2.0,0.8113695090439277,1.0,1.0,-1.4,34.8,-3.0,0.0,-1.794625,24.4861,0.04878048780487805,0.024390243902439025,0,1,1
2019,21,Abu Dhabi Grand Prix,5,0.56,Ferrari,Sebastian Vettel,5,0.9024390243902439,0.8658536585365854,5.0,0.5943152454780362,2.0,0.6833095577746077,-9.6,17.0,-3.4,-5.26,-1.7125,24.934199999999997,0.07317073170731707,0.04878048780487805,0,0,1
2019,21,Abu Dhabi Grand Prix,6,0.903,Red Bull,Alexander Albon,6,0.9473684210526316,0.8048780487804879,8.0,0.21705426356589147,3.0,0.557774607703281,1.8,20.4,-1.6,0.0,-0.8835,24.3917,0.13414634146341464,0.05263157894736842,0,1,1
2019,21,Abu Dhabi Grand Prix,11,2.182,Racing Point,Sergio Pérez,7,0.9024390243902439,0.9,10.0,0.11886304909560723,7.0,0.09557774607703282,6.6,4.2,3.0,0.0,0.0072,24.7747,0.05,0.024390243902439025,0,1,0
2019,21,Abu Dhabi Grand Prix,7,1.657,McLaren,Lando Norris,8,0.7,0.7439024390243902,11.0,0.11627906976744186,4.0,0.19971469329529243,-2.2,10.2,0.2,0.0,0.03075,24.798900000000003,0.15853658536585366,0.1,0,1,1
2019,21,Abu Dhabi Grand Prix,14,2.362,Toro Rosso,Daniil Kvyat,9,0.85,0.7901234567901234,14.0,0.09043927648578812,6.0,0.11840228245363767,3.4,5.6,1.2,0.0,0.3549,24.620600000000003,0.1111111111111111,0.1,0,0,0
2019,21,Abu Dhabi Grand Prix,9,1.529,McLaren,Carlos Sainz,10,0.8536585365853658,0.7439024390243902,7.0,0.2454780361757106,4.0,0.19971469329529243,2.4,10.2,4.4,0.0,-0.0156,24.798900000000003,0.15853658536585366,0.04878048780487805,0,1,1
2019,21,Abu Dhabi Grand Prix,8,1.677,Renault,Daniel Ricciardo,11,0.6585365853658536,0.7682926829268293,9.0,0.13953488372093023,5.0,0.12981455064194009,0.4,4.8,0.0,0.0,-0.18816666666666665,25.5475,0.0975609756097561,0.07317073170731707,0,0,0
2019,21,Abu Dhabi Grand Prix,10,1.931,Renault,Nico Hülkenberg,12,0.7317073170731707,0.7682926829268293,13.0,0.09560723514211886,5.0,0.12981455064194009,-1.0,4.8,0.0,0.0,0.358875,25.5475,0.0975609756097561,0.12195121951219512,0,1,0
2019,21,Abu Dhabi Grand Prix,18,3.604,Alfa Romeo,Kimi Räikkönen,13,0.8536585365853658,0.8974358974358975,12.0,0.1111111111111111,8.0,0.08131241084165478,2.0,4.4,2.0,0.0,0.184375,25.564500000000002,0.02564102564102564,0.024390243902439025,0,0,0
2019,21,Abu Dhabi Grand Prix,15,2.475,Haas F1 Team,Kevin Magnussen,14,0.8536585365853658,0.7682926829268293,16.0,0.05167958656330749,9.0,0.039942938659058486,0.8,0.4,0.4,0.0,0.532,25.289299999999997,0.08536585365853659,0.04878048780487805,0,0,1
2019,21,Abu Dhabi Grand Prix,16,3.272,Haas F1 Team,Romain Grosjean,15,0.6829268292682926,0.7682926829268293,18.0,0.020671834625323,9.0,0.039942938659058486,-3.6,0.4,-2.2,0.0,1.20375,25.289299999999997,0.08536585365853659,0.14634146341463414,0,0,1
2019,21,Abu Dhabi Grand Prix,17,3.335,Alfa Romeo,Antonio Giovinazzi,16,0.8947368421052632,0.8974358974358975,17.0,0.03617571059431524,8.0,0.08131241084165478,1.2,4.4,1.4,-2.0,0.546,25.564500000000002,0.02564102564102564,0.10526315789473684,0,0,0
2019,21,Abu Dhabi Grand Prix,19,3.938,Williams,George Russell,17,0.9,0.8780487804878049,20.0,0.0,10.0,0.0014265335235378032,2.4,0.0,1.6,0.0,1.830375,24.8438,0.08536585365853659,0.05,0,1,1
2019,21,Abu Dhabi Grand Prix,12,2.31,Toro Rosso,Pierre Gasly,18,0.8048780487804879,0.7901234567901234,6.0,0.2454780361757106,6.0,0.11840228245363767,-0.2,5.6,0.2,-4.184210526315789,0.258375,24.620600000000003,0.1111111111111111,0.07317073170731707,0,1,0
2019,21,Abu Dhabi Grand Prix,20,4.457,Williams,Robert Kubica,19,0.9,0.8780487804878049,19.0,0.002583979328165375,10.0,0.0014265335235378032,2.2,0.0,0.0,0.0,2.1936666666666667,24.8438,0.08536585365853659,0.0,0,0,1
2019,21,Abu Dhabi Grand Prix,13,2.324,Racing Point,Lance Stroll,20,0.8780487804878049,0.9,15.0,0.05426356589147287,7.0,0.09557774607703282,2.0,4.2,-1.0,0.0,0.318875,24.7747,0.05,0.04878048780487805,0,1,0
2020,1,Austrian Grand Prix,1,0.0,Mercedes,Valtteri Bottas,1,0.9047619047619048,0.9404761904761905,2.0,0.7893462469733656,1.0,1.0,-2.4,33.6,-1.0,3.4268292682926838,-1.692375,22.8997,0.047619047619047616,0.023809523809523808,0,1,1
2020,1,Austrian Grand Prix,7,0.984,Ferrari,Charles Leclerc,2,0.7857142857142857,0.8690476190476191,4.0,0.639225181598063,2.0,0.6820027063599459,-3.8,19.0,0.6,0.0,-1.12425,23.3801,0.07142857142857142,0.14285714285714285,0,1,1
2020,1,Austrian Grand Prix,4,0.687,McLaren,Lando Norris,3,0.7142857142857143,0.75,11.0,0.11864406779661017,4.0,0.19621109607577808,-2.4,8.8,-0.2,0.0,0.064125,23.2452,0.15476190476190477,0.09523809523809523,0,1,1
2020,1,Austrian Grand Prix,2,0.012,Mercedes,Lewis Hamilton,4,0.9761904761904762,0.9404761904761905,1.0,1.0,1.0,1.0,0.6,33.6,-0.2,0.0,-1.5831,22.8997,0.047619047619047616,0.0,0,1,1
2020,1,Austrian Grand Prix,8,1.032,McLaren,Carlos Sainz,5,0.8571428571428572,0.75,6.0,0.2324455205811138,4.0,0.19621109607577808,2.2,8.8,-0.2,-0.5777777777777775,0.023,23.2452,0.15476190476190477,0.047619047619047616,0,1,1
2020,1,Austrian Grand Prix,6,0.921,Racing Point,Sergio Pérez,6,0.9047619047619048,0.8809523809523809,10.0,0.12590799031476999,7.0,0.09878213802435724,6.4,4.2,-0.2,0.19565217391304301,0.0708,23.1768,0.07142857142857142,0.023809523809523808,0,1,0
2020,1,Austrian Grand Prix,12,1.366,AlphaTauri,Pierre Gasly,7,0.8095238095238095,0.9,7.0,0.23002421307506055,0.0,0.0,-0.8,0.0,-0.6,-4.48936170212766,0.166375,0.0,0.1,0.07142857142857142,0,1,0
2020,1,Austrian Grand Prix,14,1.704,Renault,Esteban Ocon,8,0.7142857142857143,0.7738095238095238,0.0,0.0,5.0,0.12313937753721245,-4.8,4.6,-1.0,2.0625,0.3025,23.0195,0.09523809523809523,0.14285714285714285,0,1,0
2020,1,Austrian Grand Prix,18,2.236,Alfa Romeo,Antonio Giovinazzi,9,0.9,0.9024390243902439,17.0,0.03389830508474576,8.0,0.07713125845737483,1.8,4.4,0.6,-5.724489795918368,0.5134,23.328200000000002,0.024390243902439025,0.1,0,0,0
2020,1,Austrian Grand Prix,11,1.267,Ferrari,Sebastian Vettel,10,0.9047619047619048,0.8690476190476191,5.0,0.5811138014527845,2.0,0.6820027063599459,-6.6,19.0,3.0,0.0,-1.5583333333333333,23.3801,0.07142857142857142,0.047619047619047616,0,0,1
2020,1,Austrian Grand Prix,20,2.818,Williams,Nicholas Latifi,11,0.9,0.8809523809523809,0.0,0.0,10.0,0.0013531799729364006,0.0,0.0,0.0,-4.098039215686274,0.0,23.2044,0.08333333333333333,0.1,0,0,1
2020,1,Austrian Grand Prix,13,1.492,AlphaTauri,Daniil Kvyat,12,0.8571428571428572,0.9,13.0,0.08958837772397095,0.0,0.0,2.8,0.0,-0.6,-3.0769230769230766,0.1911,0.0,0.1,0.09523809523809523,0,0,0
2020,1,Austrian Grand Prix,5,0.807,Red Bull,Alexander Albon,13,0.95,0.8095238095238095,8.0,0.22276029055690072,3.0,0.564276048714479,-1.0,21.2,-2.8,0.0,-1.1790999999999998,22.713600000000003,0.13095238095238096,0.05,0,1,1
2020,1,Austrian Grand Prix,19,2.285,Alfa Romeo,Kimi Räikkönen,14,0.8571428571428572,0.9024390243902439,12.0,0.10411622276029056,8.0,0.07713125845737483,2.4,4.4,0.4,0.0,0.1215,23.328200000000002,0.024390243902439025,0.023809523809523808,0,0,0
2020,1,Austrian Grand Prix,17,2.228,Williams,George Russell,15,0.9047619047619048,0.8809523809523809,20.0,0.0,10.0,0.0013531799729364006,2.8,0.0,0.4,0.0,1.86,23.2044,0.08333333333333333,0.047619047619047616,0,1,1
2020,1,Austrian Grand Prix,15,1.752,Haas F1 Team,Romain Grosjean,16,0.6904761904761905,0.7738095238095238,18.0,0.01937046004842615,9.0,0.037889039242219216,-1.2,0.0,2.4,0.0,1.1770999999999998,23.5374,0.08333333333333333,0.14285714285714285,0,0,1
2020,1,Austrian Grand Prix,16,2.225,Haas F1 Team,Kevin Magnussen,17,0.8571428571428572,0.7738095238095238,16.0,0.048426150121065374,9.0,0.037889039242219216,0.0,0.0,-0.8,0.0,0.711125,23.5374,0.08333333333333333,0.047619047619047616,0,0,1
2020,1,Austrian Grand Prix,9,1.016,Racing Point,Lance Stroll,18,0.8571428571428572,0.8809523809523809,15.0,0.05084745762711865,7.0,0.09878213802435724,-0.2,4.2,-2.2,0.0,0.40016666666666667,23.1768,0.07142857142857142,0.047619047619047616,0,1,0
2020,1,Austrian Grand Prix,10,1.084,Renault,Daniel Ricciardo,19,0.6666666666666667,0.7738095238095238,9.0,0.13075060532687652,5.0,0.12313937753721245,1.6,4.6,1.2,2.0,-0.07375,23.0195,0.09523809523809523,0.07142857142857142,0,0,0
2020,1,Austrian Grand Prix,3,0.538,Red Bull,Max Verstappen,20,0.8571428571428572,0.8095238095238095,3.0,0.6731234866828087,3.0,0.564276048714479,-3.4,21.2,0.2,-2.466666666666667,-1.4685,22.713600000000003,0.13095238095238096,0.047619047619047616,0,1,1
2020,2,Styrian Grand Prix,1,0.0,Mercedes,Lewis Hamilton,1,0.9767441860465116,0.9418604651162791,4.0,0.48,1.0,1.0,0.0,32.8,-0.6,0.0,-1.4354,22.009,0.046511627906976744,0.0,0,1,1
2020,2,Styrian Grand Prix,4,0.832,Mercedes,Valtteri Bottas,2,0.9069767441860466,0.9418604651162791,1.0,1.0,1.0,1.0,-2.8,32.8,-0.4,0.0,-1.384,22.009,0.046511627906976744,0.023255813953488372,0,1,1
2020,2,Styrian Grand Prix,2,0.113,Red Bull,Max Verstappen,3,0.8372093023255813,0.7906976744186046,0.0,0.0,9.0,0.0,-4.2,18.8,-0.8,3.2380952380952372,-1.4685,22.303900000000002,0.1511627906976744,0.046511627906976744,0,1,1
2020,2,Styrian Grand Prix,7,1.189,Red Bull,Alexander Albon,4,0.9047619047619048,0.7906976744186046,13.0,0.0,9.0,0.0,-3.0,18.8,-2.0,0.0,-1.063375,22.303900000000002,0.1511627906976744,0.047619047619047616,0,1,1
2020,2,Styrian Grand Prix,6,0.623,McLaren,Lando Norris,5,0.7272727272727273,0.7558139534883721,3.0,0.64,2.0,0.7027027027027027,-1.6,12.0,0.8,1.897435897435896,-0.063125,22.828,0.1511627906976744,0.09090909090909091,0,1,1
2020,2,Styrian Grand Prix,17,3.782,Racing Point,Sergio Pérez,6,0.9069767441860466,0.8636363636363636,6.0,0.32,7.0,0.0,4.6,4.6,-1.8,-3.212121212121213,-0.0152,22.4113,0.09090909090909091,0.023255813953488372,0,1,0
2020,2,Styrian Grand Prix,13,1.82,Racing Point,Lance Stroll,7,0.8372093023255813,0.8636363636363636,0.0,0.0,7.0,0.0,-2.6,4.6,-2.4,8.76865671641791,0.5015,22.4113,0.09090909090909091,0.046511627906976744,0,1,0
2020,2,Styrian Grand Prix,9,1.404,Renault,Daniel Ricciardo,8,0.6511627906976745,0.7674418604651163,0.0,0.0,5.0,0.10810810810810811,0.4,5.4,-1.2,0.0,-0.07375,22.407999999999998,0.10465116279069768,0.06976744186046512,0,0,0
2020,2,Styrian Grand Prix,3,0.765,McLaren,Carlos Sainz,9,0.8604651162790697,0.7558139534883721,5.0,0.4,2.0,0.7027027027027027,2.4,12.0,0.2,-3.1521739130434785,0.036,22.828,0.1511627906976744,0.046511627906976744,0,1,1
2020,2,Styrian Grand Prix,14,1.892,AlphaTauri,Daniil Kvyat,10,0.8181818181818181,0.5,12.0,0.0,4.0,0.16216216216216217,2.2,6.0,-0.6,2.4857142857142858,0.11475,21.622,0.5,0.09090909090909091,0,0,0
2020,2,Styrian Grand Prix,16,3.315,Alfa Romeo,Kimi Räikkönen,11,0.8372093023255813,0.8837209302325582,0.0,0.0,6.0,0.05405405405405406,3.2,4.8,0.8,5.866197183098592,0.059166666666666666,23.2119,0.046511627906976744,0.023255813953488372,0,0,0
2020,2,Styrian Grand Prix,15,2.386,Haas F1 Team,Kevin Magnussen,12,0.8372093023255813,0.7558139534883721,0.0,0.0,0.0,0.0,-1.0,0.0,-1.0,-1.2638888888888875,0.654,23.3988,0.10465116279069768,0.046511627906976744,0,0,1
2020,2,Styrian Grand Prix,20,1.72,Haas F1 Team,Romain Grosjean,13,0.6744186046511628,0.7558139534883721,0.0,0.0,0.0,0.0,-0.8,0.0,0.4,-4.575342465753424,1.298,23.3988,0.10465116279069768,0.13953488372093023,0,0,1
2020,2,Styrian Grand Prix,19,4.006,Alfa Romeo,Antonio Giovinazzi,14,0.9047619047619048,0.8837209302325582,9.0,0.08,6.0,0.05405405405405406,4.2,4.8,2.4,0.0,0.4352,23.2119,0.046511627906976744,0.09523809523809523,0,0,0
2020,2,Styrian Grand Prix,8,0.919,AlphaTauri,Pierre Gasly,15,0.813953488372093,0.5,7.0,0.24,4.0,0.16216216216216217,-0.2,6.0,0.6,-2.506666666666666,0.176625,21.622,0.5,0.06976744186046512,0,1,0
2020,2,Styrian Grand Prix,12,1.811,Williams,George Russell,16,0.8636363636363636,0.872093023255814,0.0,0.0,8.0,0.0,2.8,0.0,0.0,0.0,1.953125,22.7795,0.09302325581395349,0.045454545454545456,0,1,1
2020,2,Styrian Grand Prix,18,3.934,Williams,Nicholas Latifi,17,1.0,0.872093023255814,11.0,0.0,8.0,0.0,9.0,0.0,0.0,0.0,1.1785,22.7795,0.09302325581395349,0.0,0,0,1
2020,2,Styrian Grand Prix,5,0.939,Renault,Esteban Ocon,18,0.7272727272727273,0.7674418604651163,8.0,0.16,5.0,0.10810810810810811,-3.4,5.4,1.4,8.5,0.38766666666666666,22.407999999999998,0.10465116279069768,0.13636363636363635,0,1,0
2020,2,Styrian Grand Prix,11,1.803,Ferrari,Charles Leclerc,19,0.7906976744186046,0.872093023255814,2.0,0.72,3.0,0.5135135135135135,-2.0,17.6,1.8,1.4936708860759502,-1.01625,23.0844,0.06976744186046512,0.13953488372093023,0,1,1
2020,2,Styrian Grand Prix,10,1.72,Ferrari,Sebastian Vettel,20,0.9069767441860466,0.872093023255814,10.0,0.04,3.0,0.5135135135135135,-6.2,17.6,0.4,1.0250000000000004,-0.6746666666666666,23.0844,0.06976744186046512,0.046511627906976744,0,0,1
2020,3,Hungarian Grand Prix,1,0.0,Mercedes,Lewis Hamilton,1,0.9772727272727273,0.9431818181818182,2.0,0.8604651162790697,1.0,1.0,-0.6,33.4,-0.6,1.2222222222222214,-1.4743,21.8747,0.045454545454545456,0.0,0,1,1
2020,3,Hungarian Grand Prix,7,1.402,Red Bull,Max Verstappen,2,0.8409090909090909,0.7954545454545454,6.0,0.3488372093023256,3.0,0.3375,-3.4,20.6,0.8,-2.2024390243902445,-1.502875,22.0837,0.14772727272727273,0.045454545454545456,0,1,1
2020,3,Hungarian Grand Prix,2,0.107,Mercedes,Valtteri Bottas,3,0.9090909090909091,0.9431818181818182,1.0,1.0,1.0,1.0,-3.0,33.4,-0.2,-5.493975903614459,-1.320625,21.8747,0.045454545454545456,0.022727272727272728,0,1,1
2020,3,Hungarian Grand Prix,3,0.93,Racing Point,Lance Stroll,4,0.8409090909090909,0.8695652173913043,10.0,0.13953488372093023,6.0,0.0875,-2.2,6.2,0.4,-0.9642857142857135,0.169,22.389,0.08695652173913043,0.045454545454545456,0,1,0
2020,3,Hungarian Grand Prix,13,2.268,Red Bull,Alexander Albon,5,0.9090909090909091,0.7954545454545454,8.0,0.27906976744186046,3.0,0.3375,-2.4,20.6,0.6,5.827450980392156,-0.90525,22.0837,0.14772727272727273,0.045454545454545456,0,1,1
2020,3,Hungarian Grand Prix,5,1.327,Ferrari,Sebastian Vettel,6,0.8863636363636364,0.8522727272727273,15.0,0.023255813953488372,4.0,0.2375,-8.4,11.4,-2.2,0.0,-0.58375,26.627,0.06818181818181818,0.06818181818181818,0,0,1
2020,3,Hungarian Grand Prix,4,1.098,Racing Point,Sergio Pérez,7,0.9090909090909091,0.8695652173913043,5.0,0.37209302325581395,6.0,0.0875,6.0,6.2,1.4,-1.540229885057471,-0.0287,22.389,0.08695652173913043,0.022727272727272728,0,1,0
2020,3,Hungarian Grand Prix,11,2.214,Renault,Daniel Ricciardo,8,0.6590909090909092,0.7613636363636364,12.0,0.09302325581395349,5.0,0.1,-0.4,5.2,-0.8,0.795454545454545,-0.167875,22.2457,0.11363636363636363,0.06818181818181818,0,0,0
2020,3,Hungarian Grand Prix,9,1.58,McLaren,Carlos Sainz,9,0.8636363636363636,0.7613636363636364,7.0,0.3023255813953488,2.0,0.4875,2.4,14.6,0.0,-2.926966292134832,-0.0207,22.8672,0.14772727272727273,0.045454545454545456,0,1,1
2020,3,Hungarian Grand Prix,16,2.705,Haas F1 Team,Kevin Magnussen,10,0.8409090909090909,0.7613636363636364,18.0,0.0,10.0,0.0,-0.8,0.0,0.2,1.4333333333333336,0.5916666666666667,23.1197,0.10227272727272728,0.045454545454545456,0,0,1
2020,3,Hungarian Grand Prix,6,1.37,Ferrari,Charles Leclerc,11,0.7727272727272727,0.8522727272727273,4.0,0.4186046511627907,4.0,0.2375,-3.2,11.4,-1.2,-1.4395604395604398,-0.9848333333333333,26.627,0.06818181818181818,0.1590909090909091,0,1,1
2020,3,Hungarian Grand Prix,17,2.757,AlphaTauri,Daniil Kvyat,12,0.8260869565217391,0.75,14.0,0.023255813953488372,7.0,0.0875,3.4,3.5,1.2,-1.2934782608695645,0.238875,21.9095,0.25,0.08695652173913043,0,0,0
2020,3,Hungarian Grand Prix,8,1.519,McLaren,Lando Norris,13,0.7391304347826086,0.7613636363636364,3.0,0.6046511627906976,2.0,0.4875,1.0,14.6,2.6,-4.384408602150538,-0.0735,22.8672,0.14772727272727273,0.08695652173913043,0,1,1
2020,3,Hungarian Grand Prix,14,2.272,Renault,Esteban Ocon,14,0.6956521739130435,0.7613636363636364,11.0,0.09302325581395349,5.0,0.1,-3.4,5.2,0.0,-1.6063829787234045,0.38766666666666666,22.2457,0.11363636363636363,0.13043478260869565,0,1,0
2020,3,Hungarian Grand Prix,20,3.167,Alfa Romeo,Kimi Räikkönen,15,0.8409090909090909,0.8888888888888888,17.0,0.0,8.0,0.025,5.2,4.8,2.0,-1.8499999999999996,0.164,22.931900000000002,0.044444444444444446,0.022727272727272728,0,0,0
2020,3,Hungarian Grand Prix,18,2.96,Haas F1 Team,Romain Grosjean,16,0.6818181818181819,0.7613636363636364,19.0,0.0,10.0,0.0,0.4,0.0,1.2,7.3125,0.883,23.1197,0.10227272727272728,0.13636363636363635,0,0,1
2020,3,Hungarian Grand Prix,19,3.059,Alfa Romeo,Antonio Giovinazzi,17,0.9090909090909091,0.8888888888888888,13.0,0.046511627906976744,8.0,0.025,5.0,4.8,0.8,-4.262886597938145,0.5333,22.931900000000002,0.044444444444444446,0.09090909090909091,0,0,0
2020,3,Hungarian Grand Prix,12,2.138,Williams,George Russell,18,0.8695652173913043,0.875,20.0,0.0,9.0,0.0,1.4,0.0,-1.4,0.0,1.7665,22.6463,0.09090909090909091,0.043478260869565216,0,1,1
2020,3,Hungarian Grand Prix,15,2.658,Williams,Nicholas Latifi,19,1.0,0.875,16.0,0.0,9.0,0.0,5.0,0.0,-8.0,5.6262626262626245,1.11425,22.6463,0.09090909090909091,0.0,0,0,1
2020,3,Hungarian Grand Prix,10,2.061,AlphaTauri,Pierre Gasly,20,0.8181818181818181,0.75,9.0,0.13953488372093023,7.0,0.0875,-1.8,3.5,-1.6,-0.11333333333333329,0.24725,21.9095,0.25,0.06818181818181818,0,1,0
2020,4,British Grand Prix,1,0.0,Mercedes,Lewis Hamilton,1,0.9777777777777777,0.9444444444444444,1.0,1.0,1.0,1.0,-1.2,33.0,-0.6,-0.43894389438943904,-1.3778,21.5031,0.044444444444444446,0.0,0,1,1
2020,4,British Grand Prix,3,1.022,Red Bull,Max Verstappen,2,0.8444444444444444,0.8,3.0,0.5238095238095238,2.0,0.45454545454545453,-2.4,21.2,1.0,0.0,-1.251375,21.713,0.14444444444444443,0.044444444444444446,0,1,1
2020,4,British Grand Prix,4,1.124,Ferrari,Charles Leclerc,3,0.7777777777777778,0.8555555555555556,7.0,0.2857142857142857,4.0,0.2231404958677686,-4.2,10.4,-1.0,-0.19902912621359192,-0.5345,25.8099,0.06666666666666667,0.15555555555555556,0,1,1
2020,4,British Grand Prix,8,1.706,Renault,Daniel Ricciardo,4,0.6666666666666667,0.7666666666666666,11.0,0.12698412698412698,6.0,0.09917355371900827,-0.4,4.0,0.0,-0.8782051282051277,-0.099375,21.894799999999996,0.1111111111111111,0.06666666666666667,0,0,0
2020,4,British Grand Prix,5,1.479,McLaren,Lando Norris,5,0.75,0.7666666666666666,4.0,0.4126984126984127,3.0,0.33884297520661155,-0.2,13.0,-1.2,-4.771428571428572,0.053,22.4858,0.14444444444444443,0.08333333333333333,0,1,1
2020,4,British Grand Prix,9,1.906,Renault,Esteban Ocon,6,0.7083333333333333,0.7666666666666666,13.0,0.06349206349206349,6.0,0.09917355371900827,-3.4,4.0,0.0,0.2075471698113205,0.31,21.894799999999996,0.1111111111111111,0.125,0,1,0
2020,4,British Grand Prix,11,2.04,AlphaTauri,Pierre Gasly,7,0.8,0.6666666666666667,12.0,0.09523809523809523,7.0,0.05785123966942149,-2.6,2.3333333333333335,-0.8,-3.50778816199377,0.24725,22.186333333333334,0.3333333333333333,0.06666666666666667,0,1,0
2020,4,British Grand Prix,12,2.242,Red Bull,Alexander Albon,8,0.9130434782608696,0.8,5.0,0.3492063492063492,2.0,0.45454545454545453,-1.0,21.2,1.4,0.0,-0.456875,21.713,0.14444444444444443,0.043478260869565216,0,1,1
2020,4,British Grand Prix,6,1.536,Racing Point,Lance Stroll,9,0.8444444444444444,0.875,8.0,0.2857142857142857,5.0,0.2066115702479339,-2.6,9.6,-0.4,-2.3807339449541285,-0.32575,21.982400000000002,0.08333333333333333,0.044444444444444446,0,1,0
2020,4,British Grand Prix,10,2.036,Ferrari,Sebastian Vettel,10,0.8888888888888888,0.8555555555555556,10.0,0.14285714285714285,4.0,0.2231404958677686,-5.0,10.4,3.4,3.127272727272727,-0.5071666666666667,25.8099,0.06666666666666667,0.06666666666666667,0,0,1
2020,4,British Grand Prix,2,0.313,Mercedes,Valtteri Bottas,11,0.9111111111111111,0.9444444444444444,2.0,0.9206349206349206,1.0,1.0,-3.2,33.0,-0.2,-3.4009009009009006,-1.13,21.5031,0.044444444444444446,0.022222222222222223,0,1,1
2020,4,British Grand Prix,15,2.429,Williams,George Russell,12,0.875,0.8777777777777778,20.0,0.0,10.0,0.0,0.0,0.0,-1.4,-3.2886904761904754,1.152125,22.1985,0.08888888888888889,0.041666666666666664,0,1,1
2020,4,British Grand Prix,7,1.662,McLaren,Carlos Sainz,13,0.8666666666666667,0.7666666666666666,9.0,0.23809523809523808,3.0,0.33884297520661155,2.6,13.0,0.2,-0.34690265486725735,0.0831,22.4858,0.14444444444444443,0.044444444444444446,0,1,1
2020,4,British Grand Prix,17,2.861,Alfa Romeo,Antonio Giovinazzi,14,0.9130434782608696,0.8936170212765957,14.0,0.031746031746031744,8.0,0.01652892561983471,5.0,4.8,0.0,1.2042606516290721,0.4935,22.468700000000002,0.0425531914893617,0.08695652173913043,0,0,0
2020,4,British Grand Prix,20,3.402,Williams,Nicholas Latifi,15,1.0,0.8777777777777778,18.0,0.0,10.0,0.0,2.0,0.0,-6.5,-0.11449275362318723,1.5055,22.1985,0.08888888888888889,0.0,0,0,1
2020,4,British Grand Prix,19,3.34,Haas F1 Team,Romain Grosjean,16,0.6888888888888889,0.7666666666666666,19.0,0.0,9.0,0.008264462809917356,0.8,0.2,0.4,0.2086206896551719,0.80425,22.7947,0.1,0.13333333333333333,0,0,1
2020,4,British Grand Prix,18,3.063,Alfa Romeo,Kimi Räikkönen,17,0.8444444444444444,0.8936170212765957,17.0,0.0,8.0,0.01652892561983471,5.0,4.8,-0.2,-4.4512820512820515,0.36225,22.468700000000002,0.0425531914893617,0.022222222222222223,0,0,0
2020,4,British Grand Prix,14,2.441,AlphaTauri,Daniil Kvyat,18,0.8333333333333334,0.6666666666666667,15.0,0.015873015873015872,7.0,0.05785123966942149,4.2,2.3333333333333335,0.8,-1.7005649717514117,0.134875,22.186333333333334,0.3333333333333333,0.08333333333333333,0,0,0
2020,4,British Grand Prix,16,2.855,Haas F1 Team,Kevin Magnussen,19,0.8444444444444444,0.7666666666666666,16.0,0.015873015873015872,9.0,0.008264462809917356,1.6,0.2,2.4,-0.26722689075630157,0.644,22.7947,0.1,0.044444444444444446,0,0,1
2020,4,British Grand Prix,13,2.024,Racing Point,Nico Hülkenberg,20,0.7380952380952381,0.875,0.0,0.0,5.0,0.2066115702479339,-0.8,9.6,0.2,4.908333333333333,0.465375,21.982400000000002,0.08333333333333333,0.11904761904761904,0,1,0
2020,5,70th Anniversary Grand Prix,4,1.022,Red Bull,Max Verstappen,1,0.8478260869565217,0.8043478260869565,3.0,0.5909090909090909,2.0,0.5342465753424658,-2.2,20.8,0.2,6.87603305785124,-1.175875,22.8601,0.14130434782608695,0.043478260869565216,0,1,1
2020,5,70th Anniversary Grand Prix,2,0.063,Mercedes,Lewis Hamilton,2,0.9782608695652174,0.9456521739130435,1.0,1.0,1.0,1.0,-0.4,36.8,0.8,5.610655737704919,-1.4576,22.9997,0.043478260869565216,0.0,0,1,1
2020,5,70th Anniversary Grand Prix,1,0.0,Mercedes,Valtteri Bottas,3,0.9130434782608696,0.9456521739130435,2.0,0.6590909090909091,1.0,1.0,-2.0,36.8,1.2,-0.6951219512195124,-1.2327000000000001,22.9997,0.043478260869565216,0.021739130434782608,0,1,1
2020,5,70th Anniversary Grand Prix,8,1.46,Ferrari,Charles Leclerc,4,0.782608695652174,0.8586956521739131,5.0,0.375,4.0,0.2945205479452055,-1.2,13.6,3.0,-0.9596774193548381,-0.520625,27.097699999999996,0.06521739130434782,0.15217391304347827,0,1,1
2020,5,70th Anniversary Grand Prix,9,1.488,Red Bull,Alexander Albon,5,0.9166666666666666,0.8043478260869565,6.0,0.29545454545454547,2.0,0.5342465753424658,1.4,20.8,2.4,0.0,-0.24975,22.8601,0.14130434782608695,0.041666666666666664,0,1,1
2020,5,70th Anniversary Grand Prix,6,1.274,Racing Point,Lance Stroll,6,0.8478260869565217,0.86,8.0,0.22727272727272727,6.0,0.18493150684931506,-2.8,9.6,-0.2,-5.182539682539682,-0.173,23.0768,0.1,0.043478260869565216,0,1,0
2020,5,70th Anniversary Grand Prix,3,0.928,Racing Point,Nico Hülkenberg,7,0.7209302325581395,0.86,0.0,0.0,6.0,0.18493150684931506,-1.2,9.6,-0.4,0.9980314960629926,0.465375,23.0768,0.1,0.11627906976744186,0,1,0
2020,5,70th Anniversary Grand Prix,11,1.857,Renault,Esteban Ocon,8,0.72,0.7717391304347826,11.0,0.13636363636363635,5.0,0.2191780821917808,-2.4,6.4,1.0,-0.265625,0.20733333333333334,23.2083,0.10869565217391304,0.12,0,1,0
2020,5,70th Anniversary Grand Prix,10,1.624,McLaren,Lando Norris,9,0.76,0.7717391304347826,4.0,0.4090909090909091,3.0,0.3493150684931507,-0.8,11.2,-0.6,-1.9670542635658919,-0.0103,23.872600000000002,0.14130434782608695,0.08,0,1,1
2020,5,70th Anniversary Grand Prix,16,2.728,AlphaTauri,Daniil Kvyat,10,0.8,0.625,15.0,0.011363636363636364,7.0,0.08904109589041095,2.2,3.25,-2.0,-0.4120879120879124,-0.006166666666666667,23.99325,0.25,0.12,0,0,0
2020,5,70th Anniversary Grand Prix,7,1.369,AlphaTauri,Pierre Gasly,11,0.8043478260869565,0.625,12.0,0.13636363636363635,7.0,0.08904109589041095,-2.8,3.25,-0.2,-3.4942748091603058,0.3285,23.99325,0.25,0.06521739130434782,0,1,0
2020,5,70th Anniversary Grand Prix,12,1.924,Ferrari,Sebastian Vettel,12,0.8913043478260869,0.8586956521739131,13.0,0.11363636363636363,4.0,0.2945205479452055,-2.0,13.6,3.0,-2.2651515151515156,-0.33075,27.097699999999996,0.06521739130434782,0.06521739130434782,0,0,1
2020,5,70th Anniversary Grand Prix,13,1.929,McLaren,Carlos Sainz,13,0.8695652173913043,0.7717391304347826,10.0,0.17045454545454544,3.0,0.3493150684931507,-2.0,11.2,-4.6,2.7293233082706774,0.0057,23.872600000000002,0.14130434782608695,0.043478260869565216,0,1,1
2020,5,70th Anniversary Grand Prix,5,1.143,Renault,Daniel Ricciardo,14,0.6739130434782609,0.7717391304347826,9.0,0.22727272727272727,5.0,0.2191780821917808,-0.8,6.4,-0.4,-1.9358208955223883,0.03875,23.2083,0.10869565217391304,0.06521739130434782,0,0,0
2020,5,70th Anniversary Grand Prix,20,3.339,Alfa Romeo,Kimi Räikkönen,15,0.8478260869565217,0.8979591836734694,18.0,0.0,8.0,0.0136986301369863,4.2,0.4,-0.8,-0.8037037037037038,0.6265,25.088,0.04081632653061224,0.021739130434782608,0,0,0
2020,5,70th Anniversary Grand Prix,14,2.1,Haas F1 Team,Romain Grosjean,16,0.6956521739130435,0.7608695652173914,20.0,0.0,9.0,0.00684931506849315,2.4,0.2,1.6,-3.0882352941176467,0.838625,24.8324,0.09782608695652174,0.13043478260869565,0,0,1
2020,5,70th Anniversary Grand Prix,19,3.279,Alfa Romeo,Antonio Giovinazzi,17,0.9166666666666666,0.8979591836734694,14.0,0.022727272727272728,8.0,0.0136986301369863,4.0,0.4,-1.0,0.8038321167883211,0.5132000000000001,25.088,0.04081632653061224,0.08333333333333333,0,0,0
2020,5,70th Anniversary Grand Prix,15,2.301,Williams,George Russell,18,0.88,0.8804347826086957,19.0,0.0,10.0,0.0,-0.6,0.0,-0.6,0.2598343685300204,0.879125,23.625999999999998,0.08695652173913043,0.04,0,1,1
2020,5,70th Anniversary Grand Prix,18,3.276,Williams,Nicholas Latifi,19,1.0,0.8804347826086957,17.0,0.0,10.0,0.0,2.75,0.0,-1.3333333333333333,-4.323741007194245,1.26475,23.625999999999998,0.08695652173913043,0.0,0,0,1
2020,5,70th Anniversary Grand Prix,17,3.082,Haas F1 Team,Kevin Magnussen,20,0.8260869565217391,0.7608695652173914,16.0,0.011363636363636364,9.0,0.00684931506849315,1.2,0.2,-0.4,0.9833333333333343,0.6736666666666666,24.8324,0.09782608695652174,0.06521739130434782,0,0,1
2020,6,Spanish Grand Prix,1,0.0,Mercedes,Lewis Hamilton,1,0.9787234042553191,0.9468085106382979,1.0,1.0,1.0,1.0,-0.4,36.0,0.0,-0.6329787234042552,-1.2307000000000001,24.3488,0.0425531914893617,0.0,0,1,1
2020,6,Spanish Grand Prix,3,0.708,Red Bull,Max Verstappen,2,0.851063829787234,0.8085106382978724,2.0,0.719626168224299,2.0,0.6277777777777778,-1.8,22.6,0.4,-0.03990610328638411,-1.034125,24.295300000000005,0.13829787234042554,0.0425531914893617,0,1,1
2020,6,Spanish Grand Prix,2,0.059,Mercedes,Valtteri Bottas,3,0.9148936170212766,0.9468085106382979,3.0,0.6822429906542056,1.0,1.0,-2.0,36.0,0.0,4.401398601398602,-1.072,24.3488,0.0425531914893617,0.02127659574468085,0,1,1
2020,6,Spanish Grand Prix,5,1.005,Racing Point,Lance Stroll,4,0.851063829787234,0.8653846153846154,7.0,0.2616822429906542,5.0,0.22777777777777777,-1.4,11.2,1.4,5.333333333333334,-0.264625,24.308,0.09615384615384616,0.0425531914893617,0,1,0
2020,6,Spanish Grand Prix,4,0.898,Racing Point,Sergio Pérez,5,0.9111111111111111,0.8653846153846154,8.0,0.205607476635514,5.0,0.22777777777777777,3.6,11.2,-2.4,5.537931034482758,-0.17830000000000001,24.308,0.09615384615384616,0.022222222222222223,0,1,0
2020,6,Spanish Grand Prix,7,1.292,McLaren,Carlos Sainz,6,0.8723404255319149,0.7765957446808511,11.0,0.14018691588785046,4.0,0.29444444444444445,-1.8,10.6,0.2,-0.4863013698630141,-0.0154,25.2516,0.13829787234042554,0.0425531914893617,0,1,1
2020,6,Spanish Grand Prix,11,1.584,Ferrari,Sebastian Vettel,7,0.8936170212765957,0.8617021276595744,13.0,0.09345794392523364,3.0,0.3055555555555556,-2.0,11.0,0.0,-2.869387755102041,-0.065875,28.412600000000005,0.06382978723404255,0.06382978723404255,0,0,1
2020,6,Spanish Grand Prix,6,1.445,Red Bull,Alexander Albon,8,0.92,0.8085106382978724,6.0,0.3364485981308411,2.0,0.6277777777777778,2.2,22.6,0.8,-0.9729729729729737,-0.14375,24.295300000000005,0.13829787234042554,0.04,0,1,1
2020,6,Spanish Grand Prix,10,1.216,AlphaTauri,Pierre Gasly,9,0.8085106382978724,0.7,12.0,0.11214953271028037,7.0,0.07777777777777778,-2.4,2.8,0.4,-0.7897091722595082,0.197875,24.8608,0.2,0.06382978723404255,0,1,0
2020,6,Spanish Grand Prix,8,1.5,McLaren,Lando Norris,10,0.7692307692307692,0.7765957446808511,5.0,0.35514018691588783,4.0,0.29444444444444445,-0.4,10.6,0.4,-0.6799999999999997,-0.061399999999999996,25.2516,0.13829787234042554,0.07692307692307693,0,1,1
2020,6,Spanish Grand Prix,13,1.614,Renault,Daniel Ricciardo,11,0.6808510638297872,0.7765957446808511,9.0,0.18691588785046728,6.0,0.2,-2.0,7.2,-1.2,0.9496688741721862,0.002375,24.5095,0.10638297872340426,0.06382978723404255,0,0,0
2020,6,Spanish Grand Prix,12,1.608,AlphaTauri,Daniil Kvyat,12,0.8076923076923077,0.7,16.0,0.018691588785046728,7.0,0.07777777777777778,2.4,2.8,0.2,-2.447368421052632,-0.0036666666666666666,24.8608,0.2,0.11538461538461539,0,0,0
2020,6,Spanish Grand Prix,15,1.983,Renault,Esteban Ocon,13,0.7307692307692308,0.7765957446808511,10.0,0.14953271028037382,6.0,0.2,-0.2,7.2,2.2,-0.4640522875816995,0.18425,24.5095,0.10638297872340426,0.11538461538461539,0,1,0
2020,6,Spanish Grand Prix,14,1.802,Alfa Romeo,Kimi Räikkönen,14,0.851063829787234,0.9019607843137255,18.0,0.0,8.0,0.011111111111111112,4.2,0.4,0.0,-1.704545454545455,0.848125,26.2288,0.0392156862745098,0.02127659574468085,0,0,0
2020,6,Spanish Grand Prix,16,2.324,Haas F1 Team,Kevin Magnussen,15,0.8085106382978724,0.7553191489361702,17.0,0.009345794392523364,9.0,0.005555555555555556,0.4,0.2,-0.8,-3.064516129032258,0.66425,26.3591,0.09574468085106383,0.06382978723404255,0,0,1
2020,6,Spanish Grand Prix,20,3.113,Alfa Romeo,Antonio Giovinazzi,16,0.92,0.9019607843137255,15.0,0.018691588785046728,8.0,0.011111111111111112,4.2,0.4,0.2,-2.48076923076923,0.5394,26.2288,0.0392156862745098,0.08,0,0,0
2020,6,Spanish Grand Prix,18,2.515,Williams,George Russell,17,0.8846153846153846,0.8829787234042553,20.0,0.0,10.0,0.0,-1.6,0.0,-1.0,-0.1792538671519548,0.529,24.9383,0.0851063829787234,0.038461538461538464,0,1,1
2020,6,Spanish Grand Prix,19,2.948,Williams,Nicholas Latifi,18,1.0,0.8829787234042553,19.0,0.0,10.0,0.0,2.0,0.0,-2.5,0.41420534458509195,1.1385999999999998,24.9383,0.0851063829787234,0.0,0,0,1
2020,6,Spanish Grand Prix,17,2.505,Haas F1 Team,Romain Grosjean,19,0.7021276595744681,0.7553191489361702,21.0,0.0,9.0,0.005555555555555556,1.8,0.2,-0.6,0.2468553459119498,0.796,26.3591,0.09574468085106383,0.1276595744680851,0,0,1
2020,6,Spanish Grand Prix,9,1.369,Ferrari,Charles Leclerc,20,0.7872340425531915,0.8617021276595744,4.0,0.4205607476635514,3.0,0.3055555555555556,-0.6,11.0,0.6,-3.369642857142857,-0.38275,28.412600000000005,0.06382978723404255,0.14893617021276595,0,1,1
2020,7,Belgian Grand Prix,1,0.0,Mercedes,Lewis Hamilton,1,0.9791666666666666,0.9479166666666666,1.0,1.0,1.0,1.0,0.0,36.8,0.4,1.3105590062111805,-1.2920999999999998,24.9851,0.041666666666666664,0.0,0,1,1
2020,7,Belgian Grand Prix,2,0.511,Mercedes,Valtteri Bottas,2,0.9166666666666666,0.9479166666666666,3.0,0.6742424242424242,1.0,1.0,-2.2,36.8,-0.2,0.0,-1.0792,24.9851,0.041666666666666664,0.020833333333333332,0,1,1
2020,7,Belgian Grand Prix,3,0.526,Red Bull,Max Verstappen,3,0.8541666666666666,0.8125,2.0,0.7196969696969697,2.0,0.6108597285067874,1.8,27.0,3.6,0.0,-1.1040999999999999,24.3659,0.13541666666666666,0.041666666666666664,0,1,1
2020,7,Belgian Grand Prix,4,0.809,Renault,Daniel Ricciardo,4,0.6875,0.78125,10.0,0.15151515151515152,6.0,0.16289592760180996,0.2,6.4,2.2,0.0,0.0736,24.7989,0.10416666666666667,0.0625,0,0,0
2020,7,Belgian Grand Prix,6,1.144,Renault,Esteban Ocon,5,0.7407407407407407,0.78125,12.0,0.12121212121212122,6.0,0.16289592760180996,-1.0,6.4,-0.8,0.0,0.2545,24.7989,0.10416666666666667,0.1111111111111111,0,1,0
2020,7,Belgian Grand Prix,5,0.941,Red Bull,Alexander Albon,6,0.9230769230769231,0.8125,6.0,0.30303030303030304,2.0,0.6108597285067874,3.4,27.0,1.2,0.0,-0.0717,24.3659,0.13541666666666666,0.038461538461538464,0,1,1
2020,7,Belgian Grand Prix,10,1.405,McLaren,Lando Norris,7,0.7777777777777778,0.78125,7.0,0.29545454545454547,4.0,0.28054298642533937,-1.0,7.2,-0.6,0.0,0.0844,25.296699999999998,0.13541666666666666,0.07407407407407407,0,1,1
2020,7,Belgian Grand Prix,12,1.493,AlphaTauri,Pierre Gasly,8,0.8125,0.75,13.0,0.10606060606060606,7.0,0.07239819004524888,-3.2,2.0,-0.8,0.0,0.219125,24.9999,0.16666666666666666,0.0625,0,1,0
2020,7,Belgian Grand Prix,9,1.239,Racing Point,Lance Stroll,9,0.8541666666666666,0.8703703703703703,5.0,0.30303030303030304,3.0,0.2850678733031674,0.6,14.0,2.0,0.0,-0.2528,24.892699999999998,0.09259259259259259,0.041666666666666664,0,1,0
2020,7,Belgian Grand Prix,8,1.28,Racing Point,Sergio Pérez,10,0.9130434782608696,0.8703703703703703,8.0,0.24242424242424243,3.0,0.2850678733031674,2.2,14.0,-1.4,0.0,-0.1456,24.892699999999998,0.09259259259259259,0.021739130434782608,0,1,0
2020,7,Belgian Grand Prix,11,1.478,AlphaTauri,Daniil Kvyat,11,0.8148148148148149,0.75,16.0,0.015151515151515152,7.0,0.07239819004524888,2.2,2.0,-0.2,0.0,-0.028375,24.9999,0.16666666666666666,0.1111111111111111,0,0,0
2020,7,Belgian Grand Prix,16,2.491,Alfa Romeo,Kimi Räikkönen,12,0.8541666666666666,0.9056603773584906,18.0,0.0,8.0,0.00904977375565611,3.2,0.0,-1.0,0.0,0.7557999999999999,26.1128,0.03773584905660377,0.020833333333333332,0,0,0
2020,7,Belgian Grand Prix,14,2.009,Ferrari,Sebastian Vettel,13,0.8958333333333334,0.8541666666666666,11.0,0.12121212121212122,5.0,0.27601809954751133,-1.4,8.4,0.6,0.0,-0.004375,28.401699999999998,0.07291666666666667,0.0625,0,0,1
2020,7,Belgian Grand Prix,13,1.744,Ferrari,Charles Leclerc,14,0.7708333333333334,0.8541666666666666,4.0,0.3409090909090909,5.0,0.27601809954751133,-3.8,8.4,-3.2,0.0,-0.3801666666666667,28.401699999999998,0.07291666666666667,0.14583333333333334,0,1,1
2020,7,Belgian Grand Prix,17,2.586,Haas F1 Team,Romain Grosjean,15,0.7083333333333333,0.7604166666666666,21.0,0.0,9.0,0.004524886877828055,1.6,0.2,-0.2,0.0,0.8709,26.5051,0.09375,0.125,0,0,1
2020,7,Belgian Grand Prix,19,2.886,Williams,Nicholas Latifi,16,1.0,0.8854166666666666,19.0,0.0,10.0,0.0,0.4,0.0,-1.6,0.0,1.0637999999999999,25.0845,0.08333333333333333,0.0,0,0,1
2020,7,Belgian Grand Prix,20,3.062,Haas F1 Team,Kevin Magnussen,17,0.8125,0.7604166666666666,17.0,0.007575757575757576,9.0,0.004524886877828055,0.8,0.2,0.4,0.0,0.705,26.5051,0.09375,0.0625,0,0,1
2020,7,Belgian Grand Prix,18,2.698,Alfa Romeo,Antonio Giovinazzi,18,0.9230769230769231,0.9056603773584906,15.0,0.015151515151515152,8.0,0.00904977375565611,3.2,0.0,-1.0,0.0,0.48819999999999997,26.1128,0.03773584905660377,0.07692307692307693,0,0,0
2020,7,Belgian Grand Prix,15,2.216,Williams,George Russell,19,0.8888888888888888,0.8854166666666666,20.0,0.0,10.0,0.0,-1.8,0.0,-0.2,0.0,0.4791,25.0845,0.08333333333333333,0.037037037037037035,0,1,1
2020,7,Belgian Grand Prix,7,1.186,McLaren,Carlos Sainz,20,0.875,0.78125,9.0,0.17424242424242425,4.0,0.28054298642533937,-2.2,7.2,-0.4,0.0,0.0286,25.296699999999998,0.13541666666666666,0.041666666666666664,0,1,1
2020,8,Italian Grand Prix,10,1.022,AlphaTauri,Pierre Gasly,1,0.8163265306122449,0.7857142857142857,12.0,0.11464968152866242,7.0,0.07575757575757576,-1.0,2.6,2.2,0.0,0.06875,25.2055,0.14285714285714285,0.061224489795918366,0,1,0
2020,8,Italian Grand Prix,3,0.808,McLaren,Carlos Sainz,2,0.8571428571428572,0.7755102040816326,11.0,0.1464968152866242,3.0,0.25757575757575757,-3.6,5.8,-1.4,0.0,0.04125,25.4247,0.14285714285714285,0.04081632653061224,0,1,1
2020,8,Italian Grand Prix,8,1.037,Racing Point,Lance Stroll,3,0.8571428571428572,0.875,7.0,0.267515923566879,4.0,0.25,-0.6,11.8,-1.2,0.0,-0.2337,25.0912,0.08928571428571429,0.04081632653061224,0,1,0
2020,8,Italian Grand Prix,6,0.933,McLaren,Lando Norris,4,0.7857142857142857,0.7755102040816326,6.0,0.28662420382165604,3.0,0.25757575757575757,-0.6,5.8,0.4,0.0,0.06,25.4247,0.14285714285714285,0.07142857142857142,0,1,1
2020,8,Italian Grand Prix,2,0.065,Mercedes,Valtteri Bottas,5,0.9183673469387755,0.9489795918367347,3.0,0.6815286624203821,1.0,1.0,-2.6,36.8,-0.4,0.0,-1.2532999999999999,25.559199999999997,0.04081632653061224,0.02040816326530612,0,1,1
2020,8,Italian Grand Prix,7,0.977,Renault,Daniel Ricciardo,6,0.6938775510204082,0.7857142857142857,8.0,0.21019108280254778,6.0,0.22348484848484848,0.0,10.2,-0.2,0.0,-0.07659999999999999,25.267400000000002,0.10204081632653061,0.061224489795918366,0,0,0
2020,8,Italian Grand Prix,1,0.0,Mercedes,Lewis Hamilton,7,0.9795918367346939,0.9489795918367347,1.0,1.0,1.0,1.0,0.0,36.8,0.0,0.0,-1.4212,25.559199999999997,0.04081632653061224,0.0,0,1,1
2020,8,Italian Grand Prix,12,1.347,Renault,Esteban Ocon,8,0.75,0.7857142857142857,10.0,0.16560509554140126,6.0,0.22348484848484848,1.8,10.2,2.8,0.0,0.136,25.267400000000002,0.10204081632653061,0.10714285714285714,0,1,0
2020,8,Italian Grand Prix,11,1.282,AlphaTauri,Daniil Kvyat,9,0.8214285714285714,0.7857142857142857,16.0,0.012738853503184714,7.0,0.07575757575757576,1.4,2.6,-0.8,0.0,-0.018,25.2055,0.14285714285714285,0.10714285714285714,0,0,0
2020,8,Italian Grand Prix,4,0.831,Racing Point,Sergio Pérez,10,0.9148936170212766,0.875,9.0,0.21019108280254778,4.0,0.25,1.0,11.8,-1.2,0.0,-0.248,25.0912,0.08928571428571429,0.02127659574468085,0,1,0
2020,8,Italian Grand Prix,20,2.83,Williams,Nicholas Latifi,11,1.0,0.8775510204081632,19.0,0.0,10.0,0.0,0.8,0.0,0.4,-3.775862068965518,1.044,25.341199999999997,0.08163265306122448,0.0,0,0,1
2020,8,Italian Grand Prix,16,2.252,Haas F1 Team,Romain Grosjean,12,0.7142857142857143,0.7653061224489796,21.0,0.0,9.0,0.003787878787878788,0.6,0.2,-1.0,0.0,0.886,26.930799999999998,0.09183673469387756,0.12244897959183673,0,0,1
2020,8,Italian Grand Prix,14,2.039,Alfa Romeo,Kimi Räikkönen,13,0.8571428571428572,0.8909090909090909,18.0,0.0,8.0,0.007575757575757576,3.0,0.0,-0.2,0.0,0.8239,26.392200000000003,0.03636363636363636,0.02040816326530612,0,0,0
2020,8,Italian Grand Prix,19,2.7,Williams,George Russell,14,0.8571428571428572,0.8775510204081632,20.0,0.0,10.0,0.0,-1.8,0.0,0.0,0.0,0.311875,25.341199999999997,0.08163265306122448,0.03571428571428571,0,1,1
2020,8,Italian Grand Prix,9,1.177,Red Bull,Alexander Albon,15,0.9259259259259259,0.8163265306122449,4.0,0.3057324840764331,2.0,0.5984848484848485,2.6,26.2,-0.8,0.0,-0.0587,24.7529,0.1326530612244898,0.037037037037037035,0,1,1
2020,8,Italian Grand Prix,18,2.319,Alfa Romeo,Antonio Giovinazzi,16,0.8888888888888888,0.8909090909090909,15.0,0.012738853503184714,8.0,0.007575757575757576,2.2,0.0,-1.0,0.0,0.42525,26.392200000000003,0.03636363636363636,0.1111111111111111,0,0,0
2020,8,Italian Grand Prix,5,0.893,Red Bull,Max Verstappen,17,0.8571428571428572,0.8163265306122449,2.0,0.7006369426751592,2.0,0.5984848484848485,2.0,26.2,0.2,0.0,-1.1764000000000001,24.7529,0.1326530612244898,0.04081632653061224,0,1,1
2020,8,Italian Grand Prix,13,1.386,Ferrari,Charles Leclerc,18,0.7755102040816326,0.8571428571428572,5.0,0.28662420382165604,5.0,0.23106060606060605,-2.4,8.4,1.4,0.0,-0.1665,25.4787,0.07142857142857142,0.14285714285714285,0,1,1
2020,8,Italian Grand Prix,15,1.982,Haas F1 Team,Kevin Magnussen,19,0.8163265306122449,0.7653061224489796,17.0,0.006369426751592357,9.0,0.003787878787878788,0.8,0.2,0.0,0.0,0.7961666666666666,26.930799999999998,0.09183673469387756,0.061224489795918366,0,0,1
2020,8,Italian Grand Prix,17,2.264,Ferrari,Sebastian Vettel,20,0.8979591836734694,0.8571428571428572,13.0,0.10191082802547771,5.0,0.23106060606060605,0.8,8.4,2.2,0.0,0.1123,25.4787,0.07142857142857142,0.061224489795918366,0,0,1
2020,9,Tuscan Grand Prix,1,0.0,Mercedes,Lewis Hamilton,1,0.98,0.95,1.0,1.0,1.0,1.0,-1.2,32.0,-1.2,0.0,-1.4853,27.470799999999997,0.04,0.0,0,1,1
2020,9,Tuscan Grand Prix,2,0.059,Mercedes,Valtteri Bottas,2,0.92,0.95,2.0,0.7134146341463414,1.0,1.0,-3.0,32.0,-0.4,0.0,-1.134,27.470799999999997,0.04,0.02,0,1,1
2020,9,Tuscan Grand Prix,4,0.77,Red Bull,Alexander Albon,3,0.9285714285714286,0.81,6.0,0.2926829268292683,2.0,0.5622775800711743,-0.2,20.6,-2.8,0.0,-0.0694,175.62830000000002,0.14,0.03571428571428571,0,1,1
2020,9,Tuscan Grand Prix,8,1.099,Renault,Daniel Ricciardo,4,0.7,0.79,10.0,0.25,5.0,0.2526690391459075,-0.4,11.8,-0.4,0.0,-0.1918,175.74020000000002,0.1,0.06,0,0,0
2020,9,Tuscan Grand Prix,6,1.167,Racing Point,Sergio Pérez,5,0.9166666666666666,0.8793103448275862,11.0,0.2073170731707317,4.0,0.2918149466192171,-0.2,11.4,-1.2,1.7441860465116275,-0.2037,324.046,0.08620689655172414,0.020833333333333332,0,1,0
2020,9,Tuscan Grand Prix,11,1.496,McLaren,Lando Norris,6,0.7931034482758621,0.78,5.0,0.3475609756097561,3.0,0.3487544483985765,0.8,11.4,1.4,0.0,-0.1056,175.5114,0.14,0.06896551724137931,0,1,1
2020,9,Tuscan Grand Prix,12,1.71,AlphaTauri,Daniil Kvyat,7,0.8275862068965517,0.8125,15.0,0.024390243902439025,7.0,0.16725978647686832,0.8,8.0,-0.6,0.0,0.09225,175.2374,0.125,0.10344827586206896,0,0,0
2020,9,Tuscan Grand Prix,5,1.126,Ferrari,Charles Leclerc,8,0.76,0.84,7.0,0.27439024390243905,6.0,0.21708185053380782,-2.4,6.8,0.0,0.0,-0.281,25.8645,0.08,0.16,0,1,1
2020,9,Tuscan Grand Prix,13,1.71,Alfa Romeo,Kimi Räikkönen,9,0.86,0.8947368421052632,19.0,0.0,8.0,0.0071174377224199285,2.2,0.0,-0.8,0.0,0.7275,28.2284,0.03508771929824561,0.02,0,0,0
2020,9,Tuscan Grand Prix,14,1.714,Ferrari,Sebastian Vettel,10,0.88,0.84,13.0,0.0975609756097561,6.0,0.21708185053380782,0.4,6.8,-0.4,0.9166666666666661,0.228875,25.8645,0.08,0.06,0,0,1
2020,9,Tuscan Grand Prix,18,2.088,Williams,George Russell,11,0.8620689655172413,0.88,21.0,0.0,10.0,0.0,0.4,0.0,2.2,4.969387755102041,0.418875,175.9027,0.08,0.034482758620689655,0,1,1
2020,9,Tuscan Grand Prix,15,1.925,Haas F1 Team,Romain Grosjean,12,0.72,0.76,20.0,0.0,9.0,0.0035587188612099642,1.0,0.0,0.4,-4.9399999999999995,0.7332000000000001,30.325200000000002,0.1,0.12,0,0,1
2020,9,Tuscan Grand Prix,7,1.127,Racing Point,Lance Stroll,13,0.86,0.8793103448275862,4.0,0.3475609756097561,4.0,0.2918149466192171,0.6,11.4,1.2,0.0,-0.1792,324.046,0.08620689655172414,0.04,0,1,0
2020,9,Tuscan Grand Prix,10,1.153,Renault,Esteban Ocon,14,0.7586206896551724,0.79,12.0,0.18292682926829268,5.0,0.2526690391459075,2.6,11.8,0.8,-3.8076923076923084,0.073,175.74020000000002,0.1,0.10344827586206896,0,1,0
2020,9,Tuscan Grand Prix,19,2.176,Williams,Nicholas Latifi,15,1.0,0.88,18.0,0.0,10.0,0.0,3.4,0.0,2.6,-2.1886792452830193,0.686,175.9027,0.08,0.0,0,0,1
2020,9,Tuscan Grand Prix,20,2.204,Haas F1 Team,Kevin Magnussen,16,0.8,0.76,17.0,0.006097560975609756,9.0,0.0035587188612099642,-1.2,0.0,-2.0,0.8333333333333339,0.79375,30.325200000000002,0.1,0.06,0,0,1
2020,9,Tuscan Grand Prix,17,2.076,Alfa Romeo,Antonio Giovinazzi,17,0.8928571428571429,0.8947368421052632,16.0,0.012195121951219513,8.0,0.0071174377224199285,2.2,0.0,0.0,-5.072727272727272,0.5015,28.2284,0.03508771929824561,0.10714285714285714,0,0,0
2020,9,Tuscan Grand Prix,9,1.378,McLaren,Carlos Sainz,18,0.86,0.78,9.0,0.25,3.0,0.3487544483985765,-3.4,11.4,0.2,3.9821428571428577,-0.1455,175.5114,0.14,0.04,0,1,1
2020,9,Tuscan Grand Prix,3,0.327,Red Bull,Max Verstappen,19,0.84,0.81,3.0,0.6707317073170732,2.0,0.5622775800711743,-1.4,20.6,-3.4,0.0,-1.325375,175.62830000000002,0.14,0.04,0,1,1
2020,9,Tuscan Grand Prix,16,1.981,AlphaTauri,Pierre Gasly,20,0.8200000000000001,0.8125,8.0,0.2621951219512195,7.0,0.16725978647686832,2.8,8.0,3.8,2.1724137931034484,0.061,175.2374,0.125,0.06,0,1,0
2020,10,Russian Grand Prix,3,0.652,Mercedes,Valtteri Bottas,1,0.9215686274509804,0.9509803921568627,2.0,0.7105263157894737,1.0,1.0,-1.2,35.8,1.8,0.0,-1.0275999999999998,25.987599999999997,0.0392156862745098,0.0196078431372549,0,1,1
2020,10,Russian Grand Prix,2,0.563,Red Bull,Max Verstappen,2,0.8235294117647058,0.803921568627451,3.0,0.5789473684210527,2.0,0.5323076923076923,-4.8,19.0,-3.4,0.0,-1.2931666666666668,174.48200000000003,0.13725490196078433,0.058823529411764705,0,1,1
2020,10,Russian Grand Prix,1,0.0,Mercedes,Lewis Hamilton,3,0.9803921568627451,0.9509803921568627,1.0,1.0,1.0,1.0,-1.2,35.8,0.0,6.983606557377049,-1.3812,25.987599999999997,0.0392156862745098,0.0,0,1,1
2020,10,Russian Grand Prix,4,1.013,Racing Point,Sergio Pérez,4,0.9183673469387755,0.8666666666666667,9.0,0.23157894736842105,4.0,0.28307692307692306,-2.2,13.0,-2.0,3.548387096774194,-0.1656,322.9118,0.1,0.02040816326530612,0,1,0
2020,10,Russian Grand Prix,5,0.914,Renault,Daniel Ricciardo,5,0.7058823529411764,0.7843137254901961,7.0,0.2789473684210526,5.0,0.2553846153846154,-0.4,10.2,0.0,1.920634920634921,-0.32980000000000004,174.2815,0.10784313725490197,0.058823529411764705,0,0,0
2020,10,Russian Grand Prix,11,1.935,Ferrari,Charles Leclerc,6,0.7647058823529411,0.8431372549019608,8.0,0.2578947368421053,6.0,0.20307692307692307,-3.2,4.6,-0.8,-1.484375,-0.1165,24.662399999999998,0.0784313725490196,0.1568627450980392,0,1,1
2020,10,Russian Grand Prix,7,1.32,Renault,Esteban Ocon,7,0.7333333333333334,0.7843137254901961,12.0,0.15789473684210525,5.0,0.2553846153846154,1.2,10.2,-1.4,0.5435897435897434,0.112625,174.2815,0.10784313725490197,0.1,0,1,0
2020,10,Russian Grand Prix,12,1.945,AlphaTauri,Daniil Kvyat,8,0.8333333333333334,0.7777777777777778,14.0,0.05263157894736842,7.0,0.16307692307692306,2.6,8.0,1.8,3.5,0.1019,173.97719999999998,0.1111111111111111,0.1,0,0,0
2020,10,Russian Grand Prix,9,1.696,AlphaTauri,Pierre Gasly,9,0.803921568627451,0.7777777777777778,10.0,0.22631578947368422,7.0,0.16307692307692306,1.2,8.0,-1.6,0.11940298507462721,0.0465,173.97719999999998,0.1111111111111111,0.0784313725490196,0,1,0
2020,10,Russian Grand Prix,10,1.704,Red Bull,Alexander Albon,10,0.9310344827586207,0.803921568627451,5.0,0.33157894736842103,2.0,0.5323076923076923,-0.8,19.0,-0.6,-4.098039215686275,-0.1736,174.48200000000003,0.13725490196078433,0.034482758620689655,0,1,1
2020,10,Russian Grand Prix,17,3.29,Alfa Romeo,Antonio Giovinazzi,11,0.8620689655172413,0.8813559322033898,17.0,0.010526315789473684,8.0,0.012307692307692308,1.6,0.4,-0.6,0.0,0.5955,27.3008,0.03389830508474576,0.13793103448275862,0,0,0
2020,10,Russian Grand Prix,18,3.377,Haas F1 Team,Kevin Magnussen,12,0.7843137254901961,0.7549019607843137,18.0,0.005263157894736842,9.0,0.003076923076923077,0.2,0.0,1.4,2.776190476190477,0.79375,28.5182,0.09803921568627451,0.0784313725490196,0,0,1
2020,10,Russian Grand Prix,15,2.305,Ferrari,Sebastian Vettel,13,0.8823529411764706,0.8431372549019608,13.0,0.08947368421052632,6.0,0.20307692307692307,1.2,4.6,0.8,0.896713615023474,0.346875,24.662399999999998,0.0784313725490196,0.058823529411764705,0,0,1
2020,10,Russian Grand Prix,20,3.963,Alfa Romeo,Kimi Räikkönen,14,0.8627450980392157,0.8813559322033898,16.0,0.010526315789473684,8.0,0.012307692307692308,2.8,0.4,0.6,3.1111111111111107,0.7142000000000001,27.3008,0.03389830508474576,0.0196078431372549,0,0,0
2020,10,Russian Grand Prix,8,1.543,McLaren,Lando Norris,15,0.8,0.7745098039215687,4.0,0.34210526315789475,3.0,0.3261538461538461,1.8,11.0,1.0,-1.0239726027397253,-0.1066,174.41760000000002,0.13725490196078433,0.06666666666666667,0,1,1
2020,10,Russian Grand Prix,19,3.762,Williams,Nicholas Latifi,16,0.8888888888888888,0.8725490196078431,19.0,0.0,10.0,0.0,3.2,0.0,-0.2,-3.5360360360360366,0.721875,174.56300000000002,0.0784313725490196,0.1111111111111111,0,0,1
2020,10,Russian Grand Prix,16,3.288,Haas F1 Team,Romain Grosjean,17,0.7254901960784313,0.7549019607843137,21.0,0.0,9.0,0.003076923076923077,1.0,0.0,0.0,-3.493333333333333,0.8994,28.5182,0.09803921568627451,0.11764705882352941,0,0,1
2020,10,Russian Grand Prix,14,2.279,Williams,George Russell,18,0.8666666666666667,0.8725490196078431,20.0,0.0,10.0,0.0,1.2,0.0,0.8,1.5219298245614024,0.46025,174.56300000000002,0.0784313725490196,0.03333333333333333,0,1,1
2020,10,Russian Grand Prix,6,1.246,McLaren,Carlos Sainz,19,0.8431372549019608,0.7745098039215687,11.0,0.21578947368421053,3.0,0.3261538461538461,-4.0,11.0,-0.6,-4.077922077922079,-0.15033333333333335,174.41760000000002,0.13725490196078433,0.058823529411764705,0,1,1
2020,10,Russian Grand Prix,13,2.06,Racing Point,Lance Stroll,20,0.8431372549019608,0.8666666666666667,6.0,0.3,4.0,0.28307692307692306,0.0,13.0,-0.6,5.0256410256410255,-0.257125,322.9118,0.1,0.0392156862745098,0,1,0
2020,11,Eifel Grand Prix,2,0.121,Mercedes,Lewis Hamilton,1,0.9807692307692307,0.9519230769230769,1.0,1.0,1.0,1.0,-1.6,37.2,-0.4,2.537974683544304,-1.5098,27.4164,0.038461538461538464,0.0,0,1,1
2020,11,Eifel Grand Prix,3,0.198,Red Bull,Max Verstappen,2,0.8269230769230769,0.8076923076923077,3.0,0.624390243902439,2.0,0.5245901639344263,-5.4,15.8,-0.6,0.47499999999999964,-1.3873333333333333,174.7639,0.1346153846153846,0.057692307692307696,0,1,1
2020,11,Eifel Grand Prix,6,0.827,Renault,Daniel Ricciardo,3,0.7115384615384616,0.7884615384615384,6.0,0.3073170731707317,5.0,0.27049180327868855,1.4,12.6,1.8,0.0,-0.4671,174.67350000000002,0.10576923076923077,0.057692307692307696,0,0,0
2020,11,Eifel Grand Prix,9,1.061,Racing Point,Sergio Pérez,4,0.92,0.8548387096774194,9.0,0.2731707317073171,4.0,0.28415300546448086,-1.6,12.6,0.6,4.382113821138212,-0.4121,323.155,0.0967741935483871,0.02,0,1,0
2020,11,Eifel Grand Prix,10,1.092,McLaren,Carlos Sainz,5,0.8269230769230769,0.7692307692307692,11.0,0.2,3.0,0.2896174863387978,-6.6,10.6,-2.6,5.975903614457831,-0.24125,175.50060000000002,0.1346153846153846,0.07692307692307693,0,1,1
2020,11,Eifel Grand Prix,12,1.507,AlphaTauri,Pierre Gasly,6,0.8076923076923077,0.8,10.0,0.21951219512195122,7.0,0.16120218579234974,2.0,9.0,0.8,0.2142857142857153,0.09775,174.2434,0.1,0.07692307692307693,0,1,0
2020,11,Eifel Grand Prix,4,0.766,Ferrari,Charles Leclerc,7,0.7692307692307692,0.8461538461538461,7.0,0.2780487804878049,6.0,0.20218579234972678,-3.0,3.8,0.2,0.0,-0.06216666666666666,24.957600000000003,0.07692307692307693,0.15384615384615385,0,1,1
2020,11,Eifel Grand Prix,20,2.752,Racing Point,Nico Hülkenberg,8,0.7272727272727273,0.8548387096774194,15.0,0.02926829268292683,4.0,0.28415300546448086,-2.4,12.6,-1.2,2.9767441860465116,0.3115,323.155,0.0967741935483871,0.11363636363636363,0,1,0
2020,11,Eifel Grand Prix,16,2.283,Haas F1 Team,Romain Grosjean,9,0.7307692307692308,0.7596153846153846,21.0,0.0,9.0,0.00273224043715847,1.2,0.0,0.2,-0.48850574712643713,0.8442000000000001,28.6524,0.09615384615384616,0.11538461538461539,0,0,1
2020,11,Eifel Grand Prix,14,1.667,Alfa Romeo,Antonio Giovinazzi,10,0.8666666666666667,0.8852459016393442,17.0,0.00975609756097561,8.0,0.01092896174863388,2.4,0.4,0.8,0.6893939393939394,0.256,28.0308,0.03278688524590164,0.13333333333333333,0,0,0
2020,11,Eifel Grand Prix,11,1.469,Ferrari,Sebastian Vettel,11,0.8846153846153846,0.8461538461538461,13.0,0.08292682926829269,6.0,0.20218579234972678,1.6,3.8,0.4,-1.5880149812734068,0.607,24.957600000000003,0.07692307692307693,0.057692307692307696,0,0,1
2020,11,Eifel Grand Prix,19,2.548,Alfa Romeo,Kimi Räikkönen,12,0.8653846153846154,0.8852459016393442,16.0,0.00975609756097561,8.0,0.01092896174863388,3.0,0.4,0.2,-0.23333333333333428,0.6115,28.0308,0.03278688524590164,0.019230769230769232,0,0,0
2020,11,Eifel Grand Prix,15,1.856,Haas F1 Team,Kevin Magnussen,13,0.7884615384615384,0.7596153846153846,18.0,0.004878048780487805,9.0,0.00273224043715847,2.0,0.0,1.8,0.0,0.626,28.6524,0.09615384615384616,0.07692307692307693,0,0,1
2020,11,Eifel Grand Prix,18,2.543,Williams,Nicholas Latifi,14,0.9,0.875,19.0,0.0,10.0,0.0,4.0,0.0,0.8,-2.8260869565217384,0.777875,174.8084,0.07692307692307693,0.1,0,0,1
2020,11,Eifel Grand Prix,13,1.579,AlphaTauri,Daniil Kvyat,15,0.8387096774193549,0.8,14.0,0.06829268292682927,7.0,0.16120218579234974,2.2,9.0,-0.4,4.682795698924732,0.033299999999999996,174.2434,0.1,0.0967741935483871,0,0,0
2020,11,Eifel Grand Prix,8,1.047,McLaren,Lando Norris,16,0.8064516129032258,0.7692307692307692,4.0,0.3170731707317073,3.0,0.2896174863387978,0.2,10.6,-1.6,0.585106382978724,0.0038,175.50060000000002,0.1346153846153846,0.06451612903225806,0,1,1
2020,11,Eifel Grand Prix,5,0.778,Red Bull,Alexander Albon,17,0.9333333333333333,0.8076923076923077,5.0,0.3121951219512195,2.0,0.5245901639344263,-1.6,15.8,-0.8,-0.25964912280701746,-0.0405,174.7639,0.1346153846153846,0.03333333333333333,0,1,1
2020,11,Eifel Grand Prix,7,0.973,Renault,Esteban Ocon,18,0.7419354838709677,0.7884615384615384,12.0,0.17560975609756097,5.0,0.27049180327868855,0.6,12.6,-0.6,0.3645833333333339,0.05275,174.67350000000002,0.10576923076923077,0.0967741935483871,0,1,0
2020,11,Eifel Grand Prix,1,0.0,Mercedes,Valtteri Bottas,19,0.9230769230769231,0.9519230769230769,2.0,0.7853658536585366,1.0,1.0,-0.4,37.2,0.8,-1.5072164948453608,-1.2646,27.4164,0.038461538461538464,0.019230769230769232,0,1,1
2020,11,Eifel Grand Prix,17,2.295,Williams,George Russell,20,0.8709677419354839,0.875,20.0,0.0,10.0,0.0,1.0,0.0,-0.2,-3.2397959183673475,0.492625,174.8084,0.07692307692307693,0.03225806451612903,0,1,1
2020,12,Portuguese Grand Prix,1,0.186,Mercedes,Lewis Hamilton,1,0.9811320754716981,0.9433962264150944,1.0,1.0,1.0,1.0,-1.4,34.0,0.2,-2.719696969696969,-1.6422999999999999,27.5904,0.04716981132075472,0.0,0,1,1
2020,12,Portuguese Grand Prix,2,0.0,Mercedes,Valtteri Bottas,2,0.9056603773584906,0.9433962264150944,2.0,0.7,1.0,1.0,-3.8,34.0,-3.4,0.019999999999999574,-1.244875,27.5904,0.04716981132075472,0.018867924528301886,0,1,1
2020,12,Portuguese Grand Prix,3,0.413,Red Bull,Max Verstappen,3,0.8301886792452831,0.8018867924528301,3.0,0.6391304347826087,2.0,0.5396419437340153,-5.4,15.2,0.0,-5.293729372937293,-1.624,174.9511,0.14150943396226415,0.05660377358490566,0,1,1
2020,12,Portuguese Grand Prix,4,0.624,Ferrari,Charles Leclerc,4,0.7735849056603774,0.8490566037735849,8.0,0.27391304347826084,6.0,0.20460358056265984,-1.4,3.8,1.6,3.5392156862745097,-0.051875,25.120900000000002,0.07547169811320754,0.1509433962264151,0,1,1
2020,12,Portuguese Grand Prix,9,0.743,AlphaTauri,Pierre Gasly,5,0.8113207547169812,0.8181818181818181,10.0,0.23043478260869565,7.0,0.17135549872122763,3.0,10.2,1.0,-3.9708737864077666,0.14275,174.3341,0.09090909090909091,0.07547169811320754,0,1,0
2020,12,Portuguese Grand Prix,7,0.717,McLaren,Carlos Sainz,6,0.8301886792452831,0.7641509433962264,11.0,0.2217391304347826,4.0,0.2966751918158568,-5.8,10.8,0.8,3.4006410256410255,-0.208,175.58350000000002,0.14150943396226415,0.07547169811320754,0,1,1
2020,12,Portuguese Grand Prix,5,0.663,Racing Point,Sergio Pérez,7,0.9215686274509804,0.859375,5.0,0.2956521739130435,3.0,0.3069053708439898,-0.4,11.4,1.2,4.835714285714285,-0.4153,323.216,0.09375,0.0196078431372549,0,1,0
2020,12,Portuguese Grand Prix,11,1.148,Renault,Esteban Ocon,8,0.71875,0.7830188679245282,12.0,0.1565217391304348,5.0,0.2915601023017903,-2.0,15.6,-2.6,6.556603773584905,-0.14583333333333334,174.7221,0.11320754716981132,0.09375,0,1,0
2020,12,Portuguese Grand Prix,10,1.015,Renault,Daniel Ricciardo,9,0.7169811320754718,0.7830188679245282,4.0,0.3391304347826087,5.0,0.2915601023017903,1.6,15.6,0.2,-1.518691588785046,-0.693,174.7221,0.11320754716981132,0.05660377358490566,0,0,0
2020,12,Portuguese Grand Prix,15,0.98,Ferrari,Sebastian Vettel,10,0.8867924528301887,0.8490566037735849,13.0,0.07391304347826087,6.0,0.20460358056265984,0.8,3.8,-0.8,0.0,0.570875,25.120900000000002,0.07547169811320754,0.05660377358490566,0,0,1
2020,12,Portuguese Grand Prix,16,1.735,Alfa Romeo,Kimi Räikkönen,11,0.8679245283018868,0.8888888888888888,17.0,0.008695652173913044,8.0,0.01278772378516624,4.4,0.6,1.4,-5.564220183486238,0.5694,28.1505,0.031746031746031744,0.018867924528301886,0,0,0
2020,12,Portuguese Grand Prix,6,0.945,Red Bull,Alexander Albon,12,0.9032258064516129,0.8018867924528301,7.0,0.2782608695652174,2.0,0.5396419437340153,-3.6,15.2,-2.0,1.463636363636363,-0.10475,174.9511,0.14150943396226415,0.03225806451612903,0,1,1
2020,12,Portuguese Grand Prix,8,0.855,McLaren,Lando Norris,13,0.78125,0.7641509433962264,6.0,0.2826086956521739,4.0,0.2966751918158568,-1.0,10.8,-1.2,-1.7770270270270263,-0.038625,175.58350000000002,0.14150943396226415,0.0625,0,1,1
2020,12,Portuguese Grand Prix,14,1.322,Williams,George Russell,14,0.84375,0.8679245283018868,21.0,0.0,10.0,0.0,0.2,0.0,-0.8,-3.0892857142857135,0.5636666666666666,175.14130000000003,0.07547169811320754,0.0625,0,1,1
2020,12,Portuguese Grand Prix,17,1.857,Alfa Romeo,Antonio Giovinazzi,15,0.8709677419354839,0.8888888888888888,16.0,0.013043478260869565,8.0,0.01278772378516624,2.4,0.6,0.0,-1.4004424778761067,0.22883333333333333,28.1505,0.031746031746031744,0.12903225806451613,0,0,0
2020,12,Portuguese Grand Prix,19,2.042,Haas F1 Team,Kevin Magnussen,16,0.7924528301886793,0.7641509433962264,19.0,0.004347826086956522,9.0,0.0076726342710997444,2.2,0.4,0.2,-0.7578947368421041,0.5158333333333334,28.4732,0.09433962264150944,0.07547169811320754,0,0,1
2020,12,Portuguese Grand Prix,18,1.898,Haas F1 Team,Romain Grosjean,17,0.7358490566037736,0.7641509433962264,18.0,0.008695652173913044,9.0,0.0076726342710997444,3.0,0.4,1.8,-0.9499999999999993,0.6921,28.4732,0.09433962264150944,0.11320754716981132,0,0,1
2020,12,Portuguese Grand Prix,20,2.311,Williams,Nicholas Latifi,18,0.9090909090909091,0.8679245283018868,20.0,0.0,10.0,0.0,4.6,0.0,0.6,-2.540229885057472,0.78925,175.14130000000003,0.07547169811320754,0.09090909090909091,0,0,1
2020,12,Portuguese Grand Prix,13,1.262,AlphaTauri,Daniil Kvyat,19,0.84375,0.8181818181818181,14.0,0.06086956521739131,7.0,0.17135549872122763,1.8,10.2,-0.4,5.752136752136753,0.1264,174.3341,0.09090909090909091,0.09375,0,0,0
2020,12,Portuguese Grand Prix,12,1.16,Racing Point,Lance Stroll,20,0.8269230769230769,0.859375,9.0,0.24782608695652175,3.0,0.3069053708439898,-1.4,11.4,-1.4,0.3457627118644062,-0.163,323.216,0.09375,0.057692307692307696,0,1,0
2020,13,Emilia Romagna Grand Prix,2,0.097,Mercedes,Lewis Hamilton,1,0.9814814814814815,0.9444444444444444,1.0,1.0,1.0,1.0,-1.4,34.2,0.0,0.27226890756302424,-1.606,28.073200000000003,0.046296296296296294,0.0,0,1,1
2020,13,Emilia Romagna Grand Prix,1,0.0,Mercedes,Valtteri Bottas,2,0.9074074074074074,0.9444444444444444,2.0,0.69921875,1.0,1.0,-3.8,34.2,0.0,-1.5666666666666664,-1.1265,28.073200000000003,0.046296296296296294,0.018518518518518517,0,1,1
2020,13,Emilia Romagna Grand Prix,5,0.911,Renault,Daniel Ricciardo,3,0.7222222222222222,0.787037037037037,4.0,0.3125,5.0,0.27586206896551724,1.8,12.2,0.2,-0.2892561983471076,-0.4552,175.4864,0.1111111111111111,0.05555555555555555,0,0,0
2020,13,Emilia Romagna Grand Prix,8,1.087,AlphaTauri,Daniil Kvyat,4,0.8484848484848485,0.8333333333333334,14.0,0.0546875,7.0,0.17701149425287357,0.6,11.4,-1.2,-3.2622950819672134,0.1433,175.13129999999998,0.08333333333333333,0.09090909090909091,0,0,0
2020,13,Emilia Romagna Grand Prix,7,1.007,Ferrari,Charles Leclerc,5,0.7777777777777778,0.8518518518518519,5.0,0.29296875,6.0,0.21379310344827587,-1.2,6.4,0.2,-0.6520325203252035,-0.33225,25.4615,0.07407407407407407,0.14814814814814814,0,1,1
2020,13,Emilia Romagna Grand Prix,11,1.452,Racing Point,Sergio Pérez,6,0.9230769230769231,0.8484848484848485,6.0,0.2890625,3.0,0.2896551724137931,-0.4,12.0,0.0,-2.306451612903226,-0.48510000000000003,324.8245,0.09090909090909091,0.019230769230769232,0,1,0
2020,13,Emilia Romagna Grand Prix,10,1.302,McLaren,Carlos Sainz,7,0.8333333333333334,0.7685185185185185,10.0,0.23046875,4.0,0.2850574712643678,-3.0,11.2,2.8,-4.263999999999999,-0.119,176.5243,0.1388888888888889,0.07407407407407407,0,1,1
2020,13,Emilia Romagna Grand Prix,9,1.205,McLaren,Lando Norris,8,0.7878787878787878,0.7685185185185185,7.0,0.25390625,4.0,0.2850574712643678,-2.6,11.2,-1.6,2.753968253968255,0.038875,176.5243,0.1388888888888889,0.06060606060606061,0,1,1
2020,13,Emilia Romagna Grand Prix,18,2.344,Alfa Romeo,Kimi Räikkönen,9,0.8703703703703703,0.8923076923076922,17.0,0.0078125,8.0,0.011494252873563218,4.6,0.6,0.2,-4.314960629921259,0.4062,29.111900000000002,0.03076923076923077,0.018518518518518517,0,0,0
2020,13,Emilia Romagna Grand Prix,20,2.599,Alfa Romeo,Antonio Giovinazzi,10,0.875,0.8923076923076922,16.0,0.01171875,8.0,0.011494252873563218,2.8,0.6,0.4,1.6484375,0.338375,29.111900000000002,0.03076923076923077,0.125,0,0,0
2020,13,Emilia Romagna Grand Prix,19,2.378,Williams,Nicholas Latifi,11,0.9166666666666666,0.8703703703703703,20.0,0.0,10.0,0.0,4.4,0.0,-0.2,4.074418604651163,0.812,176.41340000000002,0.07407407407407407,0.08333333333333333,0,0,1
2020,13,Emilia Romagna Grand Prix,14,1.776,Ferrari,Sebastian Vettel,12,0.8888888888888888,0.8518518518518519,13.0,0.0703125,6.0,0.21379310344827587,1.6,6.4,0.8,6.476923076923077,0.369375,25.4615,0.07407407407407407,0.05555555555555555,0,0,1
2020,13,Emilia Romagna Grand Prix,15,1.885,Racing Point,Lance Stroll,13,0.8113207547169812,0.8484848484848485,11.0,0.22265625,3.0,0.2896551724137931,-3.2,12.0,-1.8,-0.781679389312977,-0.14175,324.8245,0.09090909090909091,0.07547169811320754,0,1,0
2020,13,Emilia Romagna Grand Prix,16,2.309,Haas F1 Team,Romain Grosjean,14,0.7407407407407407,0.7685185185185185,18.0,0.0078125,9.0,0.006896551724137931,2.8,0.4,-0.2,-0.4090909090909083,0.7015,29.0339,0.09259259259259259,0.1111111111111111,0,0,1
2020,13,Emilia Romagna Grand Prix,6,0.963,Red Bull,Alexander Albon,15,0.90625,0.8055555555555556,8.0,0.25,2.0,0.5195402298850574,-4.6,13.6,-1.0,-5.080200501253134,-0.0145,175.60330000000002,0.1388888888888889,0.03125,0,1,1
2020,13,Emilia Romagna Grand Prix,13,1.714,Williams,George Russell,16,0.8484848484848485,0.8703703703703703,21.0,0.0,10.0,0.0,1.0,0.0,0.8,0.6119402985074629,0.552,176.41340000000002,0.07407407407407407,0.06060606060606061,0,1,1
2020,13,Emilia Romagna Grand Prix,3,0.567,Red Bull,Max Verstappen,17,0.8333333333333334,0.8055555555555556,3.0,0.6328125,2.0,0.5195402298850574,-5.4,13.6,0.0,-0.35555555555555607,-1.5638333333333332,175.60330000000002,0.1388888888888889,0.05555555555555555,0,1,1
2020,13,Emilia Romagna Grand Prix,17,2.33,Haas F1 Team,Kevin Magnussen,18,0.7962962962962963,0.7685185185185185,19.0,0.00390625,9.0,0.006896551724137931,2.2,0.4,0.0,-0.07843137254901933,0.5755,29.0339,0.09259259259259259,0.07407407407407407,0,0,1
2020,13,Emilia Romagna Grand Prix,12,1.592,Renault,Esteban Ocon,19,0.7272727272727273,0.787037037037037,12.0,0.15625,5.0,0.27586206896551724,-1.6,12.2,0.4,-1.2598540145985417,-0.06616666666666667,175.4864,0.1111111111111111,0.09090909090909091,0,1,0
2020,13,Emilia Romagna Grand Prix,4,0.893,AlphaTauri,Pierre Gasly,20,0.8148148148148149,0.8333333333333334,9.0,0.24609375,7.0,0.17701149425287357,3.0,11.4,0.0,-1.0144927536231876,0.17575,175.13129999999998,0.08333333333333333,0.07407407407407407,0,1,0
2020,14,Turkish Grand Prix,6,4.795,Mercedes,Lewis Hamilton,1,0.9818181818181818,0.9454545454545454,1.0,1.0,1.0,1.0,0.0,39.6,1.4,-2.1467625899280574,-1.6689,27.7957,0.045454545454545456,0.0,0,1,1
2020,14,Turkish Grand Prix,3,1.556,Racing Point,Sergio Pérez,2,0.9245283018867925,0.8529411764705882,6.0,0.2907801418439716,5.0,0.2797494780793319,1.8,10.4,2.2,1.3857142857142861,-0.5636,27.476099999999995,0.08823529411764706,0.018867924528301886,0,1,0
2020,14,Turkish Grand Prix,12,7.404,Ferrari,Sebastian Vettel,3,0.8909090909090909,0.8545454545454545,14.0,0.06382978723404255,6.0,0.2150313152400835,2.6,8.4,1.0,-0.2765957446808507,0.30119999999999997,26.6413,0.07272727272727272,0.05454545454545454,0,0,1
2020,14,Turkish Grand Prix,14,8.931,Ferrari,Charles Leclerc,4,0.7818181818181819,0.8545454545454545,5.0,0.30141843971631205,6.0,0.2150313152400835,0.2,8.4,1.4,-1.0975855130784709,-0.2575,26.6413,0.07272727272727272,0.14545454545454545,0,1,1
2020,14,Turkish Grand Prix,13,7.645,McLaren,Carlos Sainz,5,0.8363636363636364,0.7727272727272727,8.0,0.23049645390070922,4.0,0.2797494780793319,-2.6,7.2,0.4,-3.386946386946387,0.03816666666666666,27.877499999999998,0.13636363636363635,0.07272727272727272,0,1,1
2020,14,Turkish Grand Prix,2,0.29,Red Bull,Max Verstappen,6,0.8181818181818181,0.8,3.0,0.574468085106383,2.0,0.4718162839248434,-5.8,13.6,-0.4,0.0625,-1.5638333333333332,26.268,0.14545454545454545,0.05454545454545454,0,1,1
2020,14,Turkish Grand Prix,4,2.683,Red Bull,Alexander Albon,7,0.9090909090909091,0.8,9.0,0.22695035460992907,2.0,0.4718162839248434,-5.2,13.6,-0.6,-3.3275862068965516,-0.100625,26.268,0.14545454545454545,0.030303030303030304,0,1,1
2020,14,Turkish Grand Prix,11,7.18,McLaren,Lando Norris,8,0.7941176470588236,0.7727272727272727,7.0,0.24468085106382978,4.0,0.2797494780793319,-2.8,7.2,-0.2,0.0,0.13175,27.877499999999998,0.13636363636363635,0.058823529411764705,0,1,1
2020,14,Turkish Grand Prix,1,0.0,Racing Point,Lance Stroll,9,0.8148148148148149,0.8529411764705882,11.0,0.20212765957446807,5.0,0.2797494780793319,-2.8,10.4,0.4,0.0,0.05175,27.476099999999995,0.08823529411764706,0.07407407407407407,0,1,0
2020,14,Turkish Grand Prix,5,3.83,Renault,Daniel Ricciardo,10,0.7272727272727273,0.7818181818181819,4.0,0.33687943262411346,3.0,0.2818371607515658,2.0,12.8,0.2,0.0,-0.3845,26.6906,0.11818181818181818,0.05454545454545454,0,0,0
2020,14,Turkish Grand Prix,7,4.857,Renault,Esteban Ocon,11,0.7058823529411764,0.7818181818181819,12.0,0.14184397163120568,3.0,0.2818371607515658,-3.8,12.8,-2.2,0.0,-0.11175,26.6906,0.11818181818181818,0.08823529411764706,0,1,0
2020,14,Turkish Grand Prix,17,21.305,AlphaTauri,Daniil Kvyat,12,0.8529411764705882,0.8076923076923077,13.0,0.09219858156028368,7.0,0.18580375782881003,1.0,8.4,0.4,0.0,0.0742,26.560000000000002,0.11538461538461539,0.08823529411764706,0,0,0
2020,14,Turkish Grand Prix,15,10.791,AlphaTauri,Pierre Gasly,13,0.8,0.8076923076923077,10.0,0.22340425531914893,7.0,0.18580375782881003,-2.0,8.4,-5.0,0.0,0.22433333333333333,26.560000000000002,0.11538461538461539,0.07272727272727272,0,1,0
2020,14,Turkish Grand Prix,9,5.493,Mercedes,Valtteri Bottas,14,0.9090909090909091,0.9454545454545454,2.0,0.6985815602836879,1.0,1.0,-3.4,39.6,0.4,0.0,-1.304125,27.7957,0.045454545454545456,0.01818181818181818,0,1,1
2020,14,Turkish Grand Prix,8,4.98,Alfa Romeo,Kimi Räikkönen,15,0.8727272727272728,0.8955223880597015,16.0,0.014184397163120567,8.0,0.016701461377870562,6.2,1.2,1.6,0.0,0.3419,28.776699999999998,0.029850746268656716,0.01818181818181818,0,0,0
2020,14,Turkish Grand Prix,18,22.252,Williams,George Russell,16,0.8235294117647058,0.8636363636363636,21.0,0.0,10.0,0.0,-0.6,0.0,-1.6,0.0,0.6006666666666667,27.426800000000004,0.07272727272727272,0.08823529411764706,0,1,1
2020,14,Turkish Grand Prix,16,20.242,Haas F1 Team,Kevin Magnussen,17,0.7818181818181819,0.7636363636363637,19.0,0.0035460992907801418,9.0,0.006263048016701462,2.8,0.4,0.6,0.0,0.5755,27.1599,0.09090909090909091,0.07272727272727272,0,0,1
2020,14,Turkish Grand Prix,19,25.144,Haas F1 Team,Romain Grosjean,18,0.7454545454545455,0.7636363636363637,18.0,0.0070921985815602835,9.0,0.006263048016701462,2.4,0.4,-0.4,0.0,0.6758,27.1599,0.09090909090909091,0.10909090909090909,0,0,1
2020,14,Turkish Grand Prix,20,33.846,Williams,Nicholas Latifi,19,0.9230769230769231,0.8636363636363636,20.0,0.0,10.0,0.0,4.2,0.0,-0.2,0.0,0.825375,27.426800000000004,0.07272727272727272,0.07692307692307693,0,0,1
2020,14,Turkish Grand Prix,10,5.666,Alfa Romeo,Antonio Giovinazzi,20,0.8787878787878788,0.8955223880597015,17.0,0.014184397163120567,8.0,0.016701461377870562,4.4,1.2,1.6,0.0,0.27825,28.776699999999998,0.029850746268656716,0.12121212121212122,0,0,0
2020,15,Bahrain Grand Prix,1,0.0,Mercedes,Lewis Hamilton,1,0.9821428571428571,0.9464285714285714,1.0,1.0,1.0,1.0,1.0,35.8,1.0,0.0,-1.7386,27.844299999999997,0.044642857142857144,0.0,0,1,1
2020,15,Bahrain Grand Prix,3,0.414,Red Bull,Max Verstappen,2,0.8214285714285714,0.8035714285714286,3.0,0.5537459283387622,2.0,0.47619047619047616,-3.4,13.4,2.4,0.0,-1.462125,26.224,0.14285714285714285,0.05357142857142857,0,1,1
2020,15,Bahrain Grand Prix,4,1.01,Red Bull,Alexander Albon,3,0.9117647058823529,0.8035714285714286,9.0,0.2280130293159609,2.0,0.47619047619047616,-6.0,13.4,-0.8,0.0,-0.281375,26.224,0.14285714285714285,0.029411764705882353,0,1,1
2020,15,Bahrain Grand Prix,9,1.278,McLaren,Lando Norris,4,0.8,0.7767857142857143,8.0,0.24104234527687296,4.0,0.29563492063492064,-3.2,8.6,-0.4,0.0,-0.246875,27.6358,0.13392857142857142,0.05714285714285714,0,1,1
2020,15,Bahrain Grand Prix,15,1.711,McLaren,Carlos Sainz,5,0.8392857142857143,0.7767857142857143,7.0,0.24429967426710097,4.0,0.29563492063492064,0.8,8.6,3.4,0.0,-0.172875,27.6358,0.13392857142857142,0.07142857142857142,0,1,1
2020,15,Bahrain Grand Prix,8,1.184,AlphaTauri,Pierre Gasly,6,0.8035714285714286,0.8214285714285714,10.0,0.20521172638436483,7.0,0.1765873015873016,-0.8,7.2,1.2,0.0,0.256,26.620799999999996,0.10714285714285714,0.07142857142857142,0,1,0
2020,15,Bahrain Grand Prix,6,1.153,Renault,Daniel Ricciardo,7,0.7321428571428572,0.7857142857142857,6.0,0.3127035830618892,5.0,0.2698412698412698,0.2,10.6,-1.8,0.0,-0.2124,26.8111,0.11607142857142858,0.05357142857142857,0,0,0
2020,15,Bahrain Grand Prix,2,0.289,Mercedes,Valtteri Bottas,8,0.9107142857142857,0.9464285714285714,2.0,0.6416938110749185,1.0,1.0,-4.4,35.8,-1.0,0.0,-0.97725,27.844299999999997,0.044642857142857144,0.017857142857142856,0,1,1
2020,15,Bahrain Grand Prix,7,1.155,Renault,Esteban Ocon,9,0.7142857142857143,0.7857142857142857,12.0,0.13029315960912052,5.0,0.2698412698412698,-3.8,10.6,0.0,0.0,-0.1385,26.8111,0.11607142857142858,0.08571428571428572,0,1,0
2020,15,Bahrain Grand Prix,12,1.873,Ferrari,Charles Leclerc,10,0.7857142857142857,0.8571428571428572,5.0,0.31596091205211724,6.0,0.25793650793650796,2.8,12.8,2.6,0.0,-0.6506000000000001,26.7772,0.07142857142857142,0.14285714285714285,0,1,1
2020,15,Bahrain Grand Prix,10,1.354,AlphaTauri,Daniil Kvyat,11,0.8571428571428572,0.8214285714285714,14.0,0.08469055374592833,7.0,0.1765873015873016,1.0,7.2,0.0,0.0,-0.032100000000000004,26.620799999999996,0.10714285714285714,0.08571428571428572,0,0,0
2020,15,Bahrain Grand Prix,14,2.03,Williams,George Russell,12,0.8285714285714285,0.8571428571428572,21.0,0.0,10.0,0.0,-1.6,0.0,-1.0,0.0,0.9321666666666666,27.4618,0.07142857142857142,0.08571428571428572,0,1,1
2020,15,Bahrain Grand Prix,11,1.878,Ferrari,Sebastian Vettel,13,0.8928571428571429,0.8571428571428572,13.0,0.10749185667752444,6.0,0.25793650793650796,3.6,12.8,1.0,0.0,-0.0834,26.7772,0.07142857142857142,0.05357142857142857,0,0,1
2020,15,Bahrain Grand Prix,20,2.918,Williams,Nicholas Latifi,14,0.8571428571428572,0.8571428571428572,20.0,0.0,10.0,0.0,3.6,0.0,-0.6,0.0,0.825375,27.4618,0.07142857142857142,0.14285714285714285,0,0,1
2020,15,Bahrain Grand Prix,17,2.546,Alfa Romeo,Kimi Räikkönen,15,0.875,0.8840579710144928,16.0,0.013029315960912053,8.0,0.015873015873015872,4.0,0.8,-2.2,0.0,0.3484,28.006,0.043478260869565216,0.017857142857142856,0,0,0
2020,15,Bahrain Grand Prix,16,2.227,Alfa Romeo,Antonio Giovinazzi,16,0.8529411764705882,0.8840579710144928,17.0,0.013029315960912053,8.0,0.015873015873015872,2.4,0.8,-2.0,0.0,0.27825,28.006,0.043478260869565216,0.11764705882352941,0,0,0
2020,15,Bahrain Grand Prix,18,2.847,Haas F1 Team,Kevin Magnussen,17,0.7678571428571428,0.75,19.0,0.003257328990228013,9.0,0.005952380952380952,1.8,0.4,-1.0,0.0,0.5755,28.014499999999998,0.08928571428571429,0.07142857142857142,0,0,1
2020,15,Bahrain Grand Prix,5,1.058,Racing Point,Sergio Pérez,18,0.9259259259259259,0.8571428571428572,4.0,0.3257328990228013,3.0,0.3055555555555556,1.8,12.4,0.0,0.0,-0.6674,27.613099999999996,0.08571428571428572,0.018518518518518517,0,1,0
2020,15,Bahrain Grand Prix,13,1.415,Racing Point,Lance Stroll,19,0.8181818181818181,0.8571428571428572,11.0,0.19218241042345277,3.0,0.3055555555555556,-5.4,12.4,-2.6,0.0,0.1215,27.613099999999996,0.08571428571428572,0.07272727272727272,0,1,0
2020,15,Bahrain Grand Prix,19,2.874,Haas F1 Team,Romain Grosjean,20,0.7321428571428572,0.75,18.0,0.006514657980456026,9.0,0.005952380952380952,2.0,0.4,-0.4,0.0,0.502625,28.014499999999998,0.08928571428571429,0.125,0,0,1
2020,16,Sakhir Grand Prix,5,0.41,Racing Point,Sergio Pérez,1,0.9090909090909091,0.8333333333333334,5.0,0.30120481927710846,4.0,0.28893058161350843,-0.8,10.0,-2.6,0.0,-0.483625,139.5639,0.09722222222222222,0.01818181818181818,0,1,0
2020,16,Sakhir Grand Prix,11,0.618,Renault,Esteban Ocon,2,0.7222222222222222,0.7894736842105263,12.0,0.12650602409638553,5.0,0.2701688555347092,-4.2,9.0,-0.4,0.0,-0.21383333333333335,25.8002,0.11403508771929824,0.08333333333333333,0,1,0
2020,16,Sakhir Grand Prix,10,0.463,Racing Point,Lance Stroll,3,0.8035714285714286,0.8333333333333334,11.0,0.17771084337349397,4.0,0.28893058161350843,-5.4,10.0,0.0,0.0,0.1215,139.5639,0.09722222222222222,0.08928571428571429,0,1,0
2020,16,Sakhir Grand Prix,8,0.441,McLaren,Carlos Sainz,4,0.8421052631578947,0.7807017543859649,8.0,0.2560240963855422,3.0,0.32082551594746717,5.4,13.0,4.6,0.0,-0.21619999999999998,25.8063,0.13157894736842105,0.07017543859649122,0,1,1
2020,16,Sakhir Grand Prix,7,0.494,Renault,Daniel Ricciardo,5,0.736842105263158,0.7894736842105263,4.0,0.3072289156626506,5.0,0.2701688555347092,0.0,9.0,-0.2,0.0,-0.179,25.8002,0.11403508771929824,0.05263157894736842,0,0,0
2020,16,Sakhir Grand Prix,12,0.649,Red Bull,Alexander Albon,6,0.9142857142857143,0.8070175438596492,9.0,0.2560240963855422,2.0,0.5140712945590994,-5.8,16.4,0.2,0.0,-0.598375,25.1262,0.14035087719298245,0.02857142857142857,0,1,1
2020,16,Sakhir Grand Prix,6,0.479,AlphaTauri,Daniil Kvyat,7,0.8611111111111112,0.8333333333333334,14.0,0.0783132530120482,7.0,0.18198874296435272,0.0,7.6,-1.0,0.0,0.1172,28.151799999999998,0.1,0.08333333333333333,0,0,0
2020,16,Sakhir Grand Prix,1,0.0,Mercedes,Valtteri Bottas,8,0.9122807017543859,0.9473684210526316,2.0,0.6054216867469879,1.0,1.0,-6.0,33.4,-1.6,0.0,-0.54975,25.6809,0.043859649122807015,0.017543859649122806,0,1,1
2020,16,Sakhir Grand Prix,2,0.026,Mercedes,George Russell,9,0.8333333333333334,0.9473684210526316,21.0,0.0,1.0,1.0,-0.4,33.4,1.2,0.0,0.9846666666666666,25.6809,0.043859649122807015,0.08333333333333333,0,1,1
2020,16,Sakhir Grand Prix,15,0.817,McLaren,Lando Norris,10,0.8055555555555556,0.7807017543859649,7.0,0.25903614457831325,3.0,0.32082551594746717,-0.8,13.0,2.4,0.0,-0.5945,25.8063,0.13157894736842105,0.05555555555555555,0,1,1
2020,16,Sakhir Grand Prix,9,0.564,AlphaTauri,Pierre Gasly,11,0.8070175438596492,0.8333333333333334,10.0,0.21385542168674698,7.0,0.18198874296435272,-0.4,7.6,0.4,0.0,0.17925,28.151799999999998,0.1,0.07017543859649122,0,1,0
2020,16,Sakhir Grand Prix,13,0.798,Ferrari,Sebastian Vettel,12,0.8947368421052632,0.8596491228070176,13.0,0.09939759036144578,6.0,0.24577861163227016,2.8,11.4,-0.8,0.0,-0.1584,25.8759,0.07017543859649122,0.05263157894736842,0,0,1
2020,16,Sakhir Grand Prix,14,1.0,Alfa Romeo,Antonio Giovinazzi,13,0.8571428571428572,0.8873239436619719,17.0,0.012048192771084338,8.0,0.0150093808630394,1.2,0.8,-1.2,0.0,0.525125,27.4524,0.04225352112676056,0.11428571428571428,0,0,0
2020,16,Sakhir Grand Prix,19,1.586,Alfa Romeo,Kimi Räikkönen,14,0.8771929824561404,0.8873239436619719,16.0,0.012048192771084338,8.0,0.0150093808630394,3.2,0.8,-0.8,0.0,0.43760000000000004,27.4524,0.04225352112676056,0.017543859649122806,0,0,0
2020,16,Sakhir Grand Prix,16,1.328,Haas F1 Team,Kevin Magnussen,15,0.7719298245614035,0.7456140350877193,19.0,0.0030120481927710845,9.0,0.005628517823639775,0.8,0.4,-1.0,0.0,1.013,28.425800000000002,0.08771929824561403,0.07017543859649122,0,0,1
2020,16,Sakhir Grand Prix,18,1.515,Williams,Jack Aitken,16,0.9,0.8596491228070176,0.0,0.0,10.0,0.0,0.0,0.0,0.0,0.0,0.0,26.6475,0.07017543859649122,0.1,0,0,1
2020,16,Sakhir Grand Prix,20,2.049,Haas F1 Team,Pietro Fittipaldi,17,0.9,0.7456140350877193,0.0,0.0,9.0,0.005628517823639775,0.0,0.4,0.0,0.0,0.0,28.425800000000002,0.08771929824561403,0.1,0,0,1
2020,16,Sakhir Grand Prix,17,1.419,Williams,Nicholas Latifi,18,0.8666666666666667,0.8596491228070176,20.0,0.0,10.0,0.0,4.2,0.0,0.6,0.0,0.84275,26.6475,0.07017543859649122,0.13333333333333333,0,0,1
2020,16,Sakhir Grand Prix,3,0.056,Red Bull,Max Verstappen,19,0.8245614035087719,0.8070175438596492,3.0,0.5692771084337349,2.0,0.5140712945590994,-3.2,16.4,0.2,0.0,-1.665625,25.1262,0.14035087719298245,0.05263157894736842,0,1,1
2020,16,Sakhir Grand Prix,4,0.236,Ferrari,Charles Leclerc,20,0.7894736842105263,0.8596491228070176,6.0,0.29518072289156627,6.0,0.24577861163227016,2.2,11.4,-0.6,0.0,-0.4674,25.8759,0.07017543859649122,0.14035087719298245,0,1,1
2020,17,Abu Dhabi Grand Prix,1,0.0,Red Bull,Max Verstappen,1,0.8103448275862069,0.8017241379310345,3.0,0.5692771084337349,2.0,0.5222222222222223,-6.6,14.2,-3.4,0.0,-1.5228333333333333,25.3645,0.13793103448275862,0.06896551724137931,0,1,1
2020,17,Abu Dhabi Grand Prix,2,0.025,Mercedes,Valtteri Bottas,2,0.9137931034482758,0.9482758620689655,2.0,0.6174698795180723,1.0,1.0,-3.8,29.8,2.2,0.0,-0.5446,25.988099999999996,0.04310344827586207,0.017241379310344827,0,1,1
2020,17,Abu Dhabi Grand Prix,3,0.086,Mercedes,Lewis Hamilton,3,0.9824561403508771,0.9482758620689655,1.0,1.0,1.0,1.0,1.4,29.8,0.4,0.0,-1.92,25.988099999999996,0.04310344827586207,0.0,0,1,1
2020,17,Abu Dhabi Grand Prix,5,0.325,Red Bull,Alexander Albon,4,0.9166666666666666,0.8017241379310345,8.0,0.28012048192771083,2.0,0.5222222222222223,-2.2,14.2,3.6,0.0,-0.4751,25.3645,0.13793103448275862,0.027777777777777776,0,1,1
2020,17,Abu Dhabi Grand Prix,4,0.251,McLaren,Lando Norris,5,0.8108108108108107,0.7844827586206897,9.0,0.2620481927710843,4.0,0.34074074074074073,1.8,13.6,2.6,0.0,-0.48160000000000003,26.2155,0.12931034482758622,0.05405405405405406,0,1,1
2020,17,Abu Dhabi Grand Prix,6,0.569,McLaren,Carlos Sainz,6,0.8448275862068966,0.7844827586206897,7.0,0.2921686746987952,4.0,0.34074074074074073,5.2,13.6,-0.2,0.0,-0.2824,26.2155,0.12931034482758622,0.06896551724137931,0,1,1
2020,17,Abu Dhabi Grand Prix,12,1.16,Renault,Daniel Ricciardo,7,0.7413793103448276,0.7931034482758621,5.0,0.3373493975903614,5.0,0.31851851851851853,-0.2,11.6,-0.2,0.0,-0.0726,26.226099999999995,0.11206896551724138,0.05172413793103448,0,0,0
2020,17,Abu Dhabi Grand Prix,10,0.996,AlphaTauri,Pierre Gasly,8,0.8103448275862069,0.84375,11.0,0.21385542168674698,7.0,0.19074074074074074,-2.0,7.2,-1.6,0.0,0.032875,28.478500000000004,0.09375,0.06896551724137931,0,1,0
2020,17,Abu Dhabi Grand Prix,11,1.113,Renault,Esteban Ocon,9,0.7297297297297297,0.7931034482758621,12.0,0.18072289156626506,5.0,0.31851851851851853,-0.2,11.6,4.0,0.0,-0.164625,26.226099999999995,0.11206896551724138,0.08108108108108109,0,1,0
2020,17,Abu Dhabi Grand Prix,8,0.8,Racing Point,Lance Stroll,10,0.8070175438596492,0.8378378378378378,10.0,0.22289156626506024,3.0,0.3592592592592593,-2.6,14.8,2.8,0.0,0.07533333333333334,139.92669999999998,0.0945945945945946,0.08771929824561403,0,1,0
2020,17,Abu Dhabi Grand Prix,7,0.717,AlphaTauri,Daniil Kvyat,11,0.8648648648648649,0.84375,14.0,0.0963855421686747,7.0,0.19074074074074074,0.2,7.2,0.2,0.0,-0.0222,28.478500000000004,0.09375,0.08108108108108109,0,0,0
2020,17,Abu Dhabi Grand Prix,16,2.309,Alfa Romeo,Kimi Räikkönen,12,0.8793103448275862,0.8904109589041096,16.0,0.012048192771084338,8.0,0.014814814814814815,2.8,0.6,-0.4,0.0,0.44880000000000003,27.8259,0.0410958904109589,0.017241379310344827,0,0,0
2020,17,Abu Dhabi Grand Prix,9,0.635,Ferrari,Charles Leclerc,13,0.7758620689655172,0.853448275862069,6.0,0.29518072289156627,6.0,0.24259259259259258,-0.4,10.2,-2.6,0.0,-0.579,26.5464,0.06896551724137931,0.15517241379310345,0,1,1
2020,17,Abu Dhabi Grand Prix,13,1.385,Ferrari,Sebastian Vettel,14,0.896551724137931,0.853448275862069,13.0,0.09939759036144578,6.0,0.24259259259259258,3.0,10.2,0.2,0.0,-0.1966,26.5464,0.06896551724137931,0.05172413793103448,0,0,1
2020,17,Abu Dhabi Grand Prix,18,2.799,Williams,George Russell,15,0.8378378378378378,0.853448275862069,18.0,0.009036144578313253,10.0,0.0,-1.2,0.0,-0.8,0.0,0.598,26.890000000000004,0.07758620689655173,0.08108108108108109,0,1,1
2020,17,Abu Dhabi Grand Prix,14,1.829,Alfa Romeo,Antonio Giovinazzi,16,0.8611111111111112,0.8904109589041096,17.0,0.012048192771084338,8.0,0.014814814814814815,0.6,0.6,-0.6,0.0,0.526375,27.8259,0.0410958904109589,0.1111111111111111,0,0,0
2020,17,Abu Dhabi Grand Prix,20,3.197,Williams,Nicholas Latifi,17,0.8125,0.853448275862069,21.0,0.0,10.0,0.0,3.2,0.0,-1.0,0.0,0.8403333333333334,26.890000000000004,0.07758620689655173,0.125,0,0,1
2020,17,Abu Dhabi Grand Prix,17,2.617,Haas F1 Team,Kevin Magnussen,18,0.7758620689655172,0.75,20.0,0.0030120481927710845,9.0,0.005555555555555556,0.6,0.0,-0.2,0.0,1.0206666666666666,28.959000000000003,0.08620689655172414,0.06896551724137931,0,0,1
2020,17,Abu Dhabi Grand Prix,19,2.927,Haas F1 Team,Pietro Fittipaldi,19,1.0,0.75,23.0,0.0,9.0,0.005555555555555556,3.0,0.0,0.0,0.0,1.224,28.959000000000003,0.08620689655172414,0.0,0,0,1
2020,17,Abu Dhabi Grand Prix,15,0.788,Racing Point,Sergio Pérez,20,0.9107142857142857,0.8378378378378378,4.0,0.37650602409638556,3.0,0.3592592592592593,-1.0,14.8,-0.2,0.0,-0.4985,139.92669999999998,0.0945945945945946,0.017857142857142856,0,1,0
2021,1,Bahrain Grand Prix,2,0.388,Mercedes,Lewis Hamilton,1,0.9827586206896551,0.9491525423728814,1.0,1.0,1.0,1.0,1.2,27.6,-0.2,0.0,-1.768,25.020000000000003,0.0423728813559322,0.0,0,1,1
2021,1,Bahrain Grand Prix,1,0.0,Red Bull,Max Verstappen,2,0.8135593220338984,0.8050847457627118,3.0,0.6167146974063401,2.0,0.5567190226876091,-6.6,18.6,0.0,0.0,-1.8331666666666668,24.3868,0.13559322033898305,0.06779661016949153,0,1,1
2021,1,Bahrain Grand Prix,3,0.589,Mercedes,Valtteri Bottas,3,0.9152542372881356,0.9491525423728814,2.0,0.6426512968299711,1.0,1.0,-3.8,27.6,0.0,0.0,-0.6556000000000001,25.020000000000003,0.0423728813559322,0.01694915254237288,0,1,1
2021,1,Bahrain Grand Prix,7,0.977,McLaren,Lando Norris,4,0.8157894736842105,0.788135593220339,9.0,0.27953890489913547,3.0,0.3525305410122164,2.6,15.6,0.8,0.0,-0.6292000000000001,25.063499999999998,0.1271186440677966,0.05263157894736842,0,1,1
2021,1,Bahrain Grand Prix,11,1.662,Red Bull,Sergio Pérez,5,0.8947368421052632,0.8050847457627118,4.0,0.36023054755043227,2.0,0.5567190226876091,-1.6,18.6,-0.6,0.0,-0.4613333333333333,24.3868,0.13559322033898305,0.017543859649122806,0,1,1
2021,1,Bahrain Grand Prix,4,0.681,Ferrari,Charles Leclerc,6,0.7796610169491526,0.8559322033898304,8.0,0.2824207492795389,6.0,0.2286212914485166,-1.2,7.6,-0.8,0.0,-0.348875,25.6076,0.06779661016949153,0.15254237288135594,0,1,1
2021,1,Bahrain Grand Prix,6,0.93,McLaren,Daniel Ricciardo,7,0.7457627118644068,0.788135593220339,5.0,0.34293948126801155,3.0,0.3525305410122164,0.6,15.6,0.8,0.0,-0.1974,25.063499999999998,0.1271186440677966,0.05084745762711865,0,0,1
2021,1,Bahrain Grand Prix,8,1.012,Ferrari,Carlos Sainz,8,0.847457627118644,0.8559322033898304,6.0,0.3025936599423631,6.0,0.2286212914485166,5.0,7.6,-0.2,0.0,-0.38680000000000003,25.6076,0.06779661016949153,0.06779661016949153,0,1,1
2021,1,Bahrain Grand Prix,13,1.61,AlphaTauri,Yuki Tsunoda,9,0.9,0.8529411764705882,0.0,0.0,7.0,0.18673647469458987,0.0,6.0,0.0,0.0,0.0,28.181099999999997,0.08823529411764706,0.1,0,0,0
2021,1,Bahrain Grand Prix,10,1.604,Aston Martin,Lance Stroll,10,0.8103448275862069,0.9,11.0,0.21613832853025935,0.0,0.0,-1.4,0.0,1.2,0.0,0.21075,0.0,0.1,0.08620689655172414,0,1,1
2021,1,Bahrain Grand Prix,14,2.241,Alfa Romeo,Kimi Räikkönen,11,0.8813559322033898,0.8933333333333333,16.0,0.011527377521613832,8.0,0.013961605584642234,2.6,0.6,-0.2,0.0,0.5938,26.621700000000004,0.04,0.01694915254237288,0,0,0
2021,1,Bahrain Grand Prix,12,1.711,Alfa Romeo,Antonio Giovinazzi,12,0.8648648648648649,0.8933333333333333,17.0,0.011527377521613832,8.0,0.013961605584642234,-0.2,0.6,-0.8,0.0,0.741875,26.621700000000004,0.04,0.10810810810810811,0,0,0
2021,1,Bahrain Grand Prix,16,2.727,Alpine F1 Team,Esteban Ocon,13,0.736842105263158,0.9,12.0,0.1786743515850144,0.0,0.0,-0.4,0.0,-0.2,0.0,-0.091125,0.0,0.1,0.07894736842105263,0,1,1
2021,1,Bahrain Grand Prix,15,2.319,Williams,George Russell,14,0.8421052631578947,0.8559322033898304,18.0,0.008645533141210375,10.0,0.0,-0.6,0.0,0.6,0.0,0.74175,25.334,0.07627118644067797,0.07894736842105263,0,1,1
2021,1,Bahrain Grand Prix,18,3.059,Aston Martin,Sebastian Vettel,15,0.8983050847457628,0.9,13.0,0.09510086455331412,0.0,0.0,1.8,0.0,-1.2,0.0,-0.030899999999999997,0.0,0.1,0.05084745762711865,0,0,1
2021,1,Bahrain Grand Prix,19,3.452,Haas F1 Team,Mick Schumacher,16,0.9,0.7542372881355932,0.0,0.0,9.0,0.005235602094240838,0.0,0.0,0.0,0.0,0.0,28.173900000000003,0.0847457627118644,0.1,0,0,1
2021,1,Bahrain Grand Prix,5,0.812,AlphaTauri,Pierre Gasly,17,0.8135593220338984,0.8529411764705882,10.0,0.21613832853025935,7.0,0.18673647469458987,-2.4,6.0,-0.4,0.0,0.011125,28.181099999999997,0.08823529411764706,0.06779661016949153,0,1,0
2021,1,Bahrain Grand Prix,17,2.939,Williams,Nicholas Latifi,18,0.8235294117647058,0.8559322033898304,21.0,0.0,10.0,0.0,3.4,0.0,0.2,0.0,0.974,25.334,0.07627118644067797,0.11764705882352941,0,0,1
2021,1,Bahrain Grand Prix,9,1.252,Alpine F1 Team,Fernando Alonso,19,0.6190476190476191,0.9,0.0,0.0,0.0,0.0,-0.2,0.0,0.2,0.0,0.7331666666666666,0.0,0.1,0.09523809523809523,0,1,1
2021,1,Bahrain Grand Prix,20,4.276,Haas F1 Team,Nikita Mazepin,20,0.9,0.7542372881355932,0.0,0.0,9.0,0.005235602094240838,0.0,0.0,0.0,0.0,0.0,28.173900000000003,0.0847457627118644,0.1,0,0,1
2021,2,Emilia Romagna Grand Prix,3,0.087,Red Bull,Max Verstappen,1,0.8166666666666667,0.8083333333333333,2.0,0.72,2.0,0.6829268292682927,-4.0,24.2,2.6,0.0,-1.73875,23.2974,0.13333333333333333,0.06666666666666667,0,1,1
2021,2,Emilia Romagna Grand Prix,1,0.0,Mercedes,Lewis Hamilton,2,0.9830508474576272,0.95,1.0,1.0,1.0,1.0,1.4,27.0,0.2,0.7272727272727266,-1.782,23.8821,0.041666666666666664,0.0,0,1,1
2021,2,Emilia Romagna Grand Prix,7,0.307,McLaren,Lando Norris,3,0.8205128205128205,0.7916666666666666,4.0,0.48,3.0,0.43902439024390244,3.0,17.2,0.4,0.0,-0.7495,24.006899999999998,0.125,0.05128205128205128,0,1,1
2021,2,Emilia Romagna Grand Prix,4,0.329,Ferrari,Charles Leclerc,4,0.7833333333333333,0.8583333333333334,6.0,0.32,4.0,0.2926829268292683,-2.0,8.0,-0.8,0.0,-0.45075,24.428400000000003,0.06666666666666667,0.15,0,1,1
2021,2,Emilia Romagna Grand Prix,11,0.788,Ferrari,Carlos Sainz,5,0.85,0.8583333333333334,8.0,0.16,4.0,0.2926829268292683,4.4,8.0,-0.6,-2.7200000000000006,-0.4526,24.428400000000003,0.06666666666666667,0.06666666666666667,0,1,1
2021,2,Emilia Romagna Grand Prix,6,0.415,McLaren,Daniel Ricciardo,6,0.75,0.7916666666666666,7.0,0.24,3.0,0.43902439024390244,0.0,17.2,-0.6,0.0,-0.2551,24.006899999999998,0.125,0.05,0,0,1
2021,2,Emilia Romagna Grand Prix,5,0.379,AlphaTauri,Pierre Gasly,7,0.8,0.8333333333333334,17.0,0.0,5.0,0.04878048780487805,-1.6,4.0,0.8,0.0,0.011125,27.169100000000004,0.08333333333333333,0.06666666666666667,0,1,0
2021,2,Emilia Romagna Grand Prix,10,0.727,Aston Martin,Lance Stroll,8,0.8135593220338984,1.0,10.0,0.04,6.0,0.024390243902439025,-1.8,1.0,-0.4,0.0,0.179375,24.884,0.0,0.0847457627118644,0,1,1
2021,2,Emilia Romagna Grand Prix,9,0.706,Alpine F1 Team,Esteban Ocon,9,0.7435897435897436,0.5,13.0,0.0,8.0,0.0,1.6,0.0,2.0,0.0,-0.0096,24.622999999999998,0.5,0.07692307692307693,0,1,1
2021,2,Emilia Romagna Grand Prix,15,1.182,Alpine F1 Team,Fernando Alonso,10,0.5909090909090908,0.5,0.0,0.0,8.0,0.0,-3.0,0.0,-2.8,0.0,0.799,24.622999999999998,0.5,0.09090909090909091,0,1,1
2021,2,Emilia Romagna Grand Prix,2,0.035,Red Bull,Sergio Pérez,11,0.896551724137931,0.8083333333333333,5.0,0.4,2.0,0.6829268292682927,-1.4,24.2,0.2,0.0,-0.5093333333333333,23.2974,0.13333333333333333,0.017241379310344827,0,1,1
2021,2,Emilia Romagna Grand Prix,20,0.727,AlphaTauri,Yuki Tsunoda,12,1.0,0.8333333333333334,9.0,0.08,5.0,0.04878048780487805,4.0,4.0,0.0,0.0,-0.0575,27.169100000000004,0.08333333333333333,0.0,0,0,0
2021,2,Emilia Romagna Grand Prix,16,1.563,Alfa Romeo,Kimi Räikkönen,13,0.8833333333333333,0.8961038961038961,11.0,0.0,7.0,0.0,1.4,0.0,-1.2,0.0,0.6098,25.493900000000004,0.03896103896103896,0.016666666666666666,0,0,0
2021,2,Emilia Romagna Grand Prix,17,1.711,Alfa Romeo,Antonio Giovinazzi,14,0.868421052631579,0.8961038961038961,12.0,0.0,7.0,0.0,-2.2,0.0,-2.0,0.0,0.713375,25.493900000000004,0.03896103896103896,0.10526315789473684,0,0,0
2021,2,Emilia Romagna Grand Prix,13,0.983,Aston Martin,Sebastian Vettel,15,0.9,1.0,15.0,0.0,6.0,0.024390243902439025,2.0,1.0,0.2,0.0,0.2081,24.884,0.0,0.05,0,0,1
2021,2,Emilia Romagna Grand Prix,18,1.868,Haas F1 Team,Mick Schumacher,16,1.0,0.75,16.0,0.0,10.0,0.0,3.0,0.0,0.0,-2.2777777777777786,1.3565,27.1464,0.08333333333333333,0.0,0,0,1
2021,2,Emilia Romagna Grand Prix,19,2.386,Haas F1 Team,Nikita Mazepin,17,0.0,0.75,0.0,0.0,10.0,0.0,0.0,0.0,0.0,0.0,0.0,27.1464,0.08333333333333333,1.0,0,0,1
2021,2,Emilia Romagna Grand Prix,8,0.261,Mercedes,Valtteri Bottas,18,0.9166666666666666,0.95,3.0,0.64,1.0,1.0,-3.6,27.0,0.2,-3.578947368421053,-0.7971,23.8821,0.041666666666666664,0.016666666666666666,0,1,1
2021,2,Emilia Romagna Grand Prix,12,0.85,Williams,George Russell,19,0.8461538461538461,0.85,14.0,0.0,9.0,0.0,0.2,0.0,0.8,0.0,0.7115,24.261000000000003,0.075,0.07692307692307693,0,1,1
2021,2,Emilia Romagna Grand Prix,14,1.182,Williams,Nicholas Latifi,20,0.7777777777777778,0.85,18.0,0.0,9.0,0.0,1.6,0.0,-1.8,0.0,1.18525,24.261000000000003,0.075,0.1111111111111111,0,0,1
2021,3,Portuguese Grand Prix,2,0.0,Mercedes,Lewis Hamilton,1,0.9833333333333333,0.9426229508196722,1.0,1.0,1.0,1.0,1.0,25.8,-0.4,1.3658536585365848,-1.7475,26.8421,0.040983606557377046,0.0,0,1,1
2021,3,Portuguese Grand Prix,3,0.682,Red Bull,Max Verstappen,2,0.819672131147541,0.8114754098360656,2.0,0.9772727272727273,2.0,0.8833333333333333,-2.8,26.4,1.2,0.0,-1.90775,181.35359999999997,0.13114754098360656,0.06557377049180328,0,1,1
2021,3,Portuguese Grand Prix,1,0.38,Mercedes,Valtteri Bottas,3,0.9016393442622951,0.9426229508196722,5.0,0.36363636363636365,1.0,1.0,-4.6,25.8,-1.0,0.0,-1.045375,26.8421,0.040983606557377046,0.03278688524590164,0,1,1
2021,3,Portuguese Grand Prix,4,0.877,Red Bull,Sergio Pérez,4,0.8983050847457628,0.8114754098360656,8.0,0.22727272727272727,2.0,0.8833333333333333,-3.4,26.4,-2.0,0.0,-0.6691666666666666,181.35359999999997,0.13114754098360656,0.01694915254237288,0,1,1
2021,3,Portuguese Grand Prix,7,0.513,McLaren,Lando Norris,5,0.825,0.7950819672131147,3.0,0.6136363636363636,3.0,0.6833333333333333,3.2,18.8,0.2,0.8222222222222211,-0.6799,180.2013,0.12295081967213115,0.05,0,1,1
2021,3,Portuguese Grand Prix,8,0.801,Ferrari,Charles Leclerc,6,0.7868852459016393,0.860655737704918,4.0,0.45454545454545453,4.0,0.5666666666666667,-4.0,7.0,-2.0,1.4130434782608692,-0.332,180.92000000000002,0.06557377049180328,0.14754098360655737,0,1,1
2021,3,Portuguese Grand Prix,6,0.618,Alpine F1 Team,Esteban Ocon,7,0.75,0.75,12.0,0.045454545454545456,7.0,0.05,2.4,1.5,0.8,-0.8226950354609937,0.1698,34.21124999999999,0.25,0.075,0,1,1
2021,3,Portuguese Grand Prix,13,1.488,Alpine F1 Team,Fernando Alonso,8,0.6086956521739131,0.75,13.0,0.022727272727272728,7.0,0.05,-1.6,1.5,1.4,1.583333333333334,0.8443333333333334,34.21124999999999,0.25,0.08695652173913043,0,1,1
2021,3,Portuguese Grand Prix,16,1.871,McLaren,Daniel Ricciardo,9,0.7540983606557377,0.7950819672131147,7.0,0.3181818181818182,3.0,0.6833333333333333,1.0,18.8,1.0,1.7346938775510203,-0.2965,180.2013,0.12295081967213115,0.04918032786885246,0,0,1
2021,3,Portuguese Grand Prix,9,1.084,AlphaTauri,Pierre Gasly,10,0.8032786885245902,0.8421052631578947,9.0,0.13636363636363635,5.0,0.13333333333333333,-2.4,5.2,-0.8,0.0,0.040625,33.7023,0.07894736842105263,0.06557377049180328,0,1,0
2021,3,Portuguese Grand Prix,5,0.845,Ferrari,Carlos Sainz,11,0.8524590163934427,0.860655737704918,6.0,0.3181818181818182,4.0,0.5666666666666667,4.0,7.0,-0.4,-1.0392156862745097,-0.4682,180.92000000000002,0.06557377049180328,0.06557377049180328,0,1,1
2021,3,Portuguese Grand Prix,12,1.248,Alfa Romeo,Antonio Giovinazzi,12,0.8717948717948718,0.8987341772151899,15.0,0.0,8.0,0.0,0.4,0.0,2.6,2.5769230769230766,0.7836000000000001,31.9086,0.0379746835443038,0.10256410256410256,0,0,0
2021,3,Portuguese Grand Prix,10,1.002,Aston Martin,Sebastian Vettel,13,0.8852459016393442,0.75,17.0,0.0,6.0,0.08333333333333333,-0.2,2.5,-2.2,0.0,0.57325,35.32825,0.25,0.04918032786885246,0,0,1
2021,3,Portuguese Grand Prix,17,1.945,Aston Martin,Lance Stroll,14,0.8166666666666667,0.75,10.0,0.11363636363636363,6.0,0.08333333333333333,0.2,2.5,2.0,0.0,0.29325,35.32825,0.25,0.08333333333333333,0,1,1
2021,3,Portuguese Grand Prix,14,1.495,AlphaTauri,Yuki Tsunoda,15,1.0,0.8421052631578947,11.0,0.045454545454545456,5.0,0.13333333333333333,6.0,5.2,4.0,0.0,0.20325,33.7023,0.07894736842105263,0.0,0,0,0
2021,3,Portuguese Grand Prix,11,1.141,Williams,George Russell,16,0.825,0.8360655737704918,16.0,0.0,9.0,0.0,-1.6,0.0,-1.8,0.0,0.496375,25.495,0.07377049180327869,0.1,0,1,1
2021,3,Portuguese Grand Prix,19,2.484,Haas F1 Team,Mick Schumacher,17,1.0,0.7540983606557377,18.0,0.0,10.0,0.0,2.5,0.0,-1.0,0.0,1.61325,31.4092,0.08196721311475409,0.0,0,0,1
2021,3,Portuguese Grand Prix,18,2.317,Williams,Nicholas Latifi,18,0.736842105263158,0.8360655737704918,20.0,0.0,9.0,0.0,0.2,0.0,-1.4,0.0,1.18525,25.495,0.07377049180327869,0.15789473684210525,0,0,1
2021,3,Portuguese Grand Prix,20,2.944,Haas F1 Team,Nikita Mazepin,19,0.5,0.7540983606557377,19.0,0.0,10.0,0.0,1.0,0.0,2.0,1.084745762711865,1.969,31.4092,0.08196721311475409,0.5,0,0,1
2021,3,Portuguese Grand Prix,15,1.78,Alfa Romeo,Kimi Räikkönen,20,0.8852459016393442,0.8987341772151899,14.0,0.0,8.0,0.0,3.4,0.0,2.0,-2.466666666666667,0.453,31.9086,0.0379746835443038,0.01639344262295082,0,0,0
2021,4,Spanish Grand Prix,1,0.0,Mercedes,Lewis Hamilton,1,0.9836065573770492,0.9435483870967742,1.0,1.0,1.0,1.0,0.2,28.2,-0.8,0.0,-1.6879000000000002,26.3805,0.04032258064516129,0.0,0,1,1
2021,4,Spanish Grand Prix,2,0.036,Red Bull,Max Verstappen,2,0.8225806451612903,0.814516129032258,2.0,0.8840579710144928,2.0,0.8217821782178217,-2.8,25.6,0.0,0.0,-1.610625,180.97279999999998,0.12903225806451613,0.06451612903225806,0,1,1
2021,4,Spanish Grand Prix,3,0.132,Mercedes,Valtteri Bottas,3,0.9032258064516129,0.9435483870967742,4.0,0.463768115942029,1.0,1.0,-3.8,28.2,0.8,3.0555555555555554,-1.225625,26.3805,0.04032258064516129,0.03225806451612903,0,1,1
2021,4,Spanish Grand Prix,4,0.769,Ferrari,Charles Leclerc,4,0.7903225806451613,0.8629032258064516,5.0,0.4057971014492754,4.0,0.4158415841584158,-4.0,8.4,0.0,0.0,-0.51375,180.3388,0.06451612903225806,0.14516129032258066,0,1,1
2021,4,Spanish Grand Prix,8,0.928,Red Bull,Sergio Pérez,5,0.9,0.814516129032258,6.0,0.3188405797101449,2.0,0.8217821782178217,-0.8,25.6,2.6,1.861538461538462,-0.70275,180.97279999999998,0.12903225806451613,0.016666666666666666,0,1,1
2021,4,Spanish Grand Prix,7,0.881,McLaren,Daniel Ricciardo,6,0.7580645161290323,0.7983870967741935,7.0,0.2318840579710145,3.0,0.5247524752475248,2.6,16.8,1.6,0.5303030303030312,-0.2884,179.67379999999997,0.12096774193548387,0.04838709677419355,0,0,1
2021,4,Spanish Grand Prix,6,0.879,Ferrari,Carlos Sainz,7,0.8548387096774194,0.8629032258064516,8.0,0.2028985507246377,4.0,0.4158415841584158,0.8,8.4,-3.2,2.1641791044776113,-0.39280000000000004,180.3388,0.06451612903225806,0.06451612903225806,0,1,1
2021,4,Spanish Grand Prix,9,0.955,McLaren,Lando Norris,8,0.8292682926829268,0.7983870967741935,3.0,0.5362318840579711,3.0,0.5247524752475248,2.6,16.8,-0.6,0.0,-0.5548,179.67379999999997,0.12096774193548387,0.04878048780487805,0,1,1
2021,4,Spanish Grand Prix,5,0.839,Alpine F1 Team,Esteban Ocon,9,0.7560975609756098,0.8333333333333334,9.0,0.11594202898550725,5.0,0.12871287128712872,2.6,4.333333333333333,0.2,0.46376811594202927,0.13290000000000002,30.117666666666665,0.16666666666666666,0.07317073170731707,0,1,1
2021,4,Spanish Grand Prix,12,1.241,AlphaTauri,Pierre Gasly,10,0.8064516129032258,0.85,10.0,0.10144927536231885,6.0,0.0891089108910891,-3.0,3.8,-0.6,2.200000000000001,0.005125,30.725,0.075,0.06451612903225806,0,1,0
2021,4,Spanish Grand Prix,11,1.233,Aston Martin,Lance Stroll,11,0.819672131147541,0.8333333333333334,11.0,0.07246376811594203,7.0,0.04950495049504951,2.0,1.6666666666666667,1.8,2.035211267605634,0.2331,30.95883333333333,0.16666666666666666,0.08196721311475409,0,1,1
2021,4,Spanish Grand Prix,17,2.176,Alfa Romeo,Kimi Räikkönen,12,0.8709677419354839,0.8888888888888888,14.0,0.0,8.0,0.0,2.0,0.0,-1.4,0.6805555555555554,0.308375,30.687600000000003,0.037037037037037035,0.03225806451612903,0,0,0
2021,4,Spanish Grand Prix,13,1.338,Aston Martin,Sebastian Vettel,13,0.8870967741935484,0.8333333333333334,16.0,0.0,7.0,0.04950495049504951,-0.4,1.6666666666666667,-0.2,-1.1780821917808222,0.461625,30.95883333333333,0.16666666666666666,0.04838709677419355,0,0,1
2021,4,Spanish Grand Prix,15,1.704,Williams,George Russell,14,0.8292682926829268,0.8387096774193549,17.0,0.0,9.0,0.0,-3.0,0.0,-1.4,0.0,0.53975,24.9843,0.07258064516129033,0.0975609756097561,0,1,1
2021,4,Spanish Grand Prix,14,1.615,Alfa Romeo,Antonio Giovinazzi,15,0.875,0.8888888888888888,15.0,0.0,8.0,0.0,0.4,0.0,0.0,-0.5733333333333324,0.5347000000000001,30.687600000000003,0.037037037037037035,0.1,0,0,0
2021,4,Spanish Grand Prix,19,2.478,Williams,Nicholas Latifi,16,0.75,0.8387096774193549,20.0,0.0,9.0,0.0,-1.0,0.0,-1.2,0.0,1.46575,24.9843,0.07258064516129033,0.15,0,0,1
2021,4,Spanish Grand Prix,10,1.225,Alpine F1 Team,Fernando Alonso,17,0.625,0.8333333333333334,12.0,0.07246376811594203,5.0,0.12871287128712872,1.0,4.333333333333333,2.6,0.0,0.546375,30.117666666666665,0.16666666666666666,0.08333333333333333,0,1,1
2021,4,Spanish Grand Prix,18,2.376,Haas F1 Team,Mick Schumacher,18,1.0,0.7580645161290323,18.0,0.0,10.0,0.0,2.3333333333333335,0.0,-0.5,2.76923076923077,1.5985,29.3909,0.08064516129032258,0.0,0,0,1
2021,4,Spanish Grand Prix,20,3.066,Haas F1 Team,Nikita Mazepin,19,0.6666666666666667,0.7580645161290323,19.0,0.0,10.0,0.0,1.0,0.0,0.5,3.367088607594937,1.93375,29.3909,0.08064516129032258,0.3333333333333333,0,0,1
2021,4,Spanish Grand Prix,16,1.815,AlphaTauri,Yuki Tsunoda,20,1.0,0.85,13.0,0.028985507246376812,6.0,0.0891089108910891,3.6666666666666665,3.8,-2.5,-0.025000000000000355,0.23333333333333334,30.725,0.075,0.0,0,0,0
2021,5,Monaco Grand Prix,2,0.23,Red Bull,Max Verstappen,1,0.8253968253968254,0.8174603174603174,2.0,0.851063829787234,2.0,0.7943262411347518,0.4,29.8,3.2,4.283950617283951,-1.6437,180.6183,0.12698412698412698,0.06349206349206349,1,1,1
2021,5,Monaco Grand Prix,4,0.265,Ferrari,Carlos Sainz,2,0.8571428571428572,0.8650793650793651,8.0,0.2127659574468085,4.0,0.425531914893617,-0.2,12.0,-1.0,-1.4926829268292678,-0.43389999999999995,179.45909999999998,0.06349206349206349,0.06349206349206349,1,1,1
2021,5,Monaco Grand Prix,5,0.274,McLaren,Lando Norris,3,0.8333333333333334,0.8015873015873016,4.0,0.43617021276595747,3.0,0.46099290780141844,1.8,16.6,-0.8,-0.2289156626506017,-0.546,179.19099999999997,0.11904761904761904,0.047619047619047616,1,1,1
2021,5,Monaco Grand Prix,9,0.673,Red Bull,Sergio Pérez,4,0.9016393442622951,0.8174603174603174,6.0,0.3404255319148936,2.0,0.7943262411347518,-1.0,29.8,-0.2,-2.6309523809523814,-0.95,180.6183,0.12698412698412698,0.01639344262295082,1,1,1
2021,5,Monaco Grand Prix,8,0.963,Aston Martin,Sebastian Vettel,5,0.8888888888888888,0.875,16.0,0.0,7.0,0.03546099290780142,-0.6,1.25,-0.2,-0.5333333333333332,0.526375,28.68525,0.125,0.047619047619047616,1,0,1
2021,5,Monaco Grand Prix,6,0.554,AlphaTauri,Pierre Gasly,6,0.8095238095238095,0.8333333333333334,10.0,0.0851063829787234,6.0,0.07092198581560284,-2.2,2.8,0.8,0.0,-0.011625,31.2548,0.09523809523809523,0.06349206349206349,1,1,0
2021,5,Monaco Grand Prix,7,0.749,Mercedes,Lewis Hamilton,7,0.9838709677419355,0.9444444444444444,1.0,1.0,1.0,1.0,0.2,34.8,0.0,-0.7241379310344822,-1.6491,25.8671,0.03968253968253968,0.0,1,1,1
2021,5,Monaco Grand Prix,13,1.254,Aston Martin,Lance Stroll,8,0.8225806451612903,0.875,11.0,0.05319148936170213,7.0,0.03546099290780142,0.6,1.25,-1.4,0.7727272727272734,0.3085,28.68525,0.125,0.08064516129032258,1,1,1
2021,5,Monaco Grand Prix,11,1.14,Alpine F1 Team,Esteban Ocon,9,0.7619047619047619,0.875,9.0,0.10638297872340426,5.0,0.10638297872340426,0.0,3.75,-2.6,-1.8764044943820224,0.2117,28.287749999999996,0.125,0.07142857142857142,1,1,1
2021,5,Monaco Grand Prix,10,1.063,Alfa Romeo,Antonio Giovinazzi,10,0.8780487804878049,0.891566265060241,15.0,0.0,8.0,0.0,0.0,0.0,-0.4,1.8777777777777782,0.6409,30.324599999999997,0.03614457831325301,0.0975609756097561,1,0,0
2021,5,Monaco Grand Prix,14,1.296,Alfa Romeo,Kimi Räikkönen,11,0.873015873015873,0.891566265060241,14.0,0.0,8.0,0.0,2.0,0.0,0.0,2.8989010989010993,0.402875,30.324599999999997,0.03614457831325301,0.031746031746031744,1,0,0
2021,5,Monaco Grand Prix,12,1.252,McLaren,Daniel Ricciardo,12,0.7619047619047619,0.8015873015873016,7.0,0.2553191489361702,3.0,0.46099290780141844,2.4,16.6,-0.2,-0.5760869565217384,-0.43069999999999997,179.19099999999997,0.11904761904761904,0.047619047619047616,1,0,1
2021,5,Monaco Grand Prix,17,1.859,Alpine F1 Team,Fernando Alonso,13,0.64,0.875,12.0,0.05319148936170213,5.0,0.10638297872340426,-0.6,3.75,-1.6,-1.763440860215054,0.525125,28.287749999999996,0.125,0.08,1,1,1
2021,5,Monaco Grand Prix,15,1.484,Williams,George Russell,14,0.8333333333333334,0.8412698412698413,17.0,0.0,9.0,0.0,-1.4,0.0,1.6,-2.2021276595744688,0.8935,24.4102,0.07142857142857142,0.09523809523809523,1,1,1
2021,5,Monaco Grand Prix,18,2.02,Williams,Nicholas Latifi,15,0.7619047619047619,0.8412698412698413,19.0,0.0,9.0,0.0,-0.2,0.0,0.8,-1.7578947368421058,1.2808333333333333,24.4102,0.07142857142857142,0.14285714285714285,1,0,1
2021,5,Monaco Grand Prix,16,1.75,AlphaTauri,Yuki Tsunoda,16,0.75,0.8333333333333334,13.0,0.02127659574468085,6.0,0.07092198581560284,1.75,2.8,-2.6666666666666665,5.3125,0.23333333333333334,31.2548,0.09523809523809523,0.0,1,0,0
2021,5,Monaco Grand Prix,19,2.612,Haas F1 Team,Nikita Mazepin,17,0.75,0.7619047619047619,20.0,0.0,10.0,0.0,1.0,0.0,0.3333333333333333,0.2680412371134029,1.9968333333333332,28.794899999999995,0.07936507936507936,0.25,1,0,1
2021,5,Monaco Grand Prix,3,0.255,Mercedes,Valtteri Bottas,19,0.9047619047619048,0.9444444444444444,3.0,0.5,1.0,1.0,-2.4,34.8,1.4,0.0,-1.51775,25.8671,0.03968253968253968,0.031746031746031744,1,1,1
2021,5,Monaco Grand Prix,1,0.0,Ferrari,Charles Leclerc,20,0.7936507936507937,0.8650793650793651,5.0,0.425531914893617,4.0,0.425531914893617,-0.8,12.0,3.2,0.3939393939393945,-0.6136,179.45909999999998,0.06349206349206349,0.14285714285714285,1,1,1
2021,6,Azerbaijan Grand Prix,7,0.412,Red Bull,Sergio Pérez,1,0.9032258064516129,0.8203125,5.0,0.41904761904761906,1.0,1.0,1.0,29.8,2.0,0.46000000000000085,-0.9452,181.16799999999998,0.125,0.016129032258064516,1,1,1
2021,6,Azerbaijan Grand Prix,11,1.006,Aston Martin,Sebastian Vettel,2,0.890625,0.9,11.0,0.09523809523809523,5.0,0.12751677852348994,0.2,3.8,0.8,-2.8184818481848186,0.21475,27.732499999999998,0.1,0.046875,1,0,1
2021,6,Azerbaijan Grand Prix,4,0.347,AlphaTauri,Pierre Gasly,3,0.8125,0.8409090909090909,9.0,0.1523809523809524,6.0,0.12080536912751678,-2.6,3.6,-0.4,0.0,-0.1375,30.995799999999996,0.09090909090909091,0.0625,1,1,0
2021,6,Azerbaijan Grand Prix,1,0.0,Ferrari,Charles Leclerc,4,0.78125,0.859375,6.0,0.38095238095238093,4.0,0.5234899328859061,-3.8,15.6,-3.0,2.264563106796116,-0.835375,179.8673,0.0703125,0.140625,1,1,1
2021,6,Azerbaijan Grand Prix,6,0.529,McLaren,Lando Norris,5,0.8372093023255813,0.8046875,3.0,0.5333333333333333,3.0,0.5369127516778524,2.4,16.0,0.6,-1.2371794871794872,-0.5939,179.6519,0.1171875,0.046511627906976744,1,1,1
2021,6,Azerbaijan Grand Prix,9,0.977,Alpine F1 Team,Fernando Alonso,6,0.6538461538461539,0.9,13.0,0.047619047619047616,7.0,0.11409395973154363,-0.6,3.4,0.0,-2.0095238095238095,0.426375,27.403999999999996,0.1,0.07692307692307693,1,1,1
2021,6,Azerbaijan Grand Prix,8,0.436,AlphaTauri,Yuki Tsunoda,7,0.8,0.8409090909090909,14.0,0.01904761904761905,6.0,0.12080536912751678,1.4,3.6,-1.0,1.0408805031446544,0.4,30.995799999999996,0.09090909090909091,0.0,1,0,0
2021,6,Azerbaijan Grand Prix,5,0.358,Ferrari,Carlos Sainz,8,0.859375,0.859375,7.0,0.3619047619047619,4.0,0.5234899328859061,0.2,15.6,0.4,-1.0124610591900307,-0.537,179.8673,0.0703125,0.0625,1,1,1
2021,6,Azerbaijan Grand Prix,13,1.086,McLaren,Daniel Ricciardo,9,0.765625,0.8046875,8.0,0.22857142857142856,3.0,0.5369127516778524,1.4,16.0,-1.0,0.0,-0.21669999999999998,179.6519,0.1171875,0.046875,1,0,1
2021,6,Azerbaijan Grand Prix,14,1.369,Alfa Romeo,Kimi Räikkönen,10,0.875,0.8941176470588236,16.0,0.0,8.0,0.006711409395973154,1.8,0.2,-0.2,-6.7568807339449535,0.311875,30.835199999999997,0.03529411764705882,0.03125,1,0,0
2021,6,Azerbaijan Grand Prix,20,0.9325,Alfa Romeo,Antonio Giovinazzi,11,0.8809523809523809,0.8941176470588236,15.0,0.009523809523809525,8.0,0.006711409395973154,0.4,0.2,0.4,1.7727272727272734,0.3957,30.835199999999997,0.03529411764705882,0.09523809523809523,1,0,0
2021,6,Azerbaijan Grand Prix,10,0.888,Mercedes,Valtteri Bottas,12,0.890625,0.9375,4.0,0.44761904761904764,2.0,0.9932885906040269,-5.6,29.6,-3.2,-1.4391891891891895,-1.4416666666666667,26.2705,0.046875,0.03125,1,1,1
2021,6,Azerbaijan Grand Prix,17,2.94,Haas F1 Team,Mick Schumacher,13,1.0,0.7637795275590551,19.0,0.0,10.0,0.0,1.75,0.0,-1.0,1.8660714285714288,1.537125,29.191899999999997,0.07874015748031496,0.0,1,0,1
2021,6,Azerbaijan Grand Prix,18,3.02,Haas F1 Team,Nikita Mazepin,14,0.8,0.7637795275590551,20.0,0.0,10.0,0.0,1.2,0.0,0.5,-0.2619469026548664,2.068625,29.191899999999997,0.07874015748031496,0.2,1,0,1
2021,6,Azerbaijan Grand Prix,2,0.232,Mercedes,Lewis Hamilton,15,0.9841269841269842,0.9375,2.0,0.9619047619047619,2.0,0.9932885906040269,0.2,29.6,0.0,1.8571428571428577,-1.388,26.2705,0.046875,0.0,1,1,1
2021,6,Azerbaijan Grand Prix,16,1.91,Williams,Nicholas Latifi,16,0.7727272727272727,0.84375,18.0,0.0,9.0,0.0,-0.2,0.0,0.0,2.253623188405797,1.0941666666666667,24.756300000000003,0.0703125,0.13636363636363635,1,0,1
2021,6,Azerbaijan Grand Prix,15,1.51,Williams,George Russell,17,0.8372093023255813,0.84375,17.0,0.0,9.0,0.0,-1.8,0.0,-0.4,-0.7827586206896555,0.75175,24.756300000000003,0.0703125,0.09302325581395349,1,1,1
2021,6,Azerbaijan Grand Prix,3,0.345,Red Bull,Max Verstappen,18,0.828125,0.8203125,1.0,1.0,1.0,1.0,0.6,29.8,0.2,-1.7572649572649581,-1.435,181.16799999999998,0.125,0.0625,1,1,1
2021,6,Azerbaijan Grand Prix,19,0.9325,Aston Martin,Lance Stroll,19,0.8253968253968254,0.9,12.0,0.08571428571428572,5.0,0.12751677852348994,2.0,3.8,1.4,0.9661016949152543,0.1475,27.732499999999998,0.1,0.07936507936507936,1,1,1
2021,6,Azerbaijan Grand Prix,12,1.055,Alpine F1 Team,Esteban Ocon,20,0.7674418604651163,0.9,10.0,0.11428571428571428,7.0,0.11409395973154363,0.0,3.4,0.0,-2.0,0.21309999999999998,27.403999999999996,0.1,0.06976744186046512,1,1,1
2021,7,French Grand Prix,1,0.0,Red Bull,Max Verstappen,1,0.8153846153846154,0.8153846153846154,1.0,1.0,1.0,1.0,-2.2,29.2,-2.8,-0.21666666666666679,-1.429875,180.51129999999998,0.12307692307692308,0.07692307692307693,0,1,1
2021,7,French Grand Prix,2,0.258,Mercedes,Lewis Hamilton,2,0.984375,0.9384615384615385,2.0,0.9619047619047619,2.0,0.8505747126436781,-2.6,21.4,-2.8,5.765840220385677,-1.3215999999999999,25.7389,0.046153846153846156,0.0,0,1,1
2021,7,French Grand Prix,4,0.455,Red Bull,Sergio Pérez,3,0.9047619047619048,0.8153846153846154,3.0,0.6571428571428571,1.0,1.0,1.0,29.2,0.0,-0.5942622950819665,-1.0687,180.51129999999998,0.12307692307692308,0.015873015873015872,0,1,1
2021,7,French Grand Prix,3,0.386,Mercedes,Valtteri Bottas,4,0.8923076923076922,0.9384615384615385,6.0,0.44761904761904764,2.0,0.8505747126436781,-6.0,21.4,-0.4,-0.30487804878048763,-0.833,25.7389,0.046153846153846156,0.03076923076923077,0,1,1
2021,7,French Grand Prix,8,1.262,McLaren,Lando Norris,5,0.8409090909090909,0.8076923076923077,4.0,0.6285714285714286,4.0,0.5287356321839081,2.0,14.8,-0.4,-0.508064516129032,-0.6279,178.7547,0.11538461538461539,0.045454545454545456,0,1,1
2021,7,French Grand Prix,10,1.392,McLaren,Daniel Ricciardo,6,0.7692307692307692,0.8076923076923077,10.0,0.24761904761904763,4.0,0.5287356321839081,2.4,14.8,1.0,0.0,-0.2021,178.7547,0.11538461538461539,0.046153846153846156,0,0,1
2021,7,French Grand Prix,6,0.878,AlphaTauri,Pierre Gasly,7,0.8153846153846154,0.8478260869565217,8.0,0.29523809523809524,5.0,0.22413793103448276,0.0,7.4,2.6,-0.12698412698412653,-0.2302,30.040099999999995,0.08695652173913043,0.06153846153846154,0,1,0
2021,7,French Grand Prix,9,1.35,Alpine F1 Team,Fernando Alonso,8,0.6666666666666667,0.8333333333333334,11.0,0.12380952380952381,7.0,0.14367816091954022,2.0,5.0,2.6,1.0251968503936997,0.42269999999999996,26.4945,0.16666666666666666,0.07407407407407407,0,1,1
2021,7,French Grand Prix,12,1.777,Aston Martin,Sebastian Vettel,9,0.8923076923076922,0.8333333333333334,9.0,0.26666666666666666,6.0,0.21264367816091953,1.4,7.2,1.2,2.96875,-0.313375,26.723900000000004,0.08333333333333333,0.046153846153846156,0,0,1
2021,7,French Grand Prix,19,1.371,Aston Martin,Lance Stroll,10,0.8125,0.8333333333333334,13.0,0.08571428571428572,6.0,0.21264367816091953,2.0,7.2,0.0,0.5271317829457356,0.149625,26.723900000000004,0.08333333333333333,0.09375,0,1,1
2021,7,French Grand Prix,5,0.85,Ferrari,Carlos Sainz,11,0.8615384615384616,0.8615384615384616,7.0,0.4,3.0,0.5402298850574713,-0.4,16.4,-0.6,-0.9153846153846157,-0.5201,178.9879,0.06923076923076923,0.06153846153846154,0,1,1
2021,7,French Grand Prix,14,2.075,Williams,George Russell,12,0.8181818181818181,0.8384615384615385,18.0,0.0,10.0,0.0,-2.4,0.0,-0.6,-0.9454743729552888,0.8055,24.2281,0.07692307692307693,0.09090909090909091,0,1,1
2021,7,French Grand Prix,20,1.371,AlphaTauri,Yuki Tsunoda,13,0.8333333333333334,0.8478260869565217,14.0,0.0761904761904762,5.0,0.22413793103448276,0.8,7.4,-0.6,-1.8106060606060606,0.186375,30.040099999999995,0.08695652173913043,0.0,0,0,0
2021,7,French Grand Prix,11,1.746,Alpine F1 Team,Esteban Ocon,14,0.75,0.8333333333333334,12.0,0.11428571428571428,7.0,0.14367816091954022,-2.2,5.0,-2.2,-4.604010025062656,0.18725,26.4945,0.16666666666666666,0.06818181818181818,0,1,1
2021,7,French Grand Prix,13,1.823,Alfa Romeo,Antonio Giovinazzi,15,0.8837209302325582,0.896551724137931,16.0,0.009523809523809525,8.0,0.011494252873563218,2.2,0.4,1.8,1.2835820895522385,0.422,30.0408,0.034482758620689655,0.09302325581395349,0,0,0
2021,7,French Grand Prix,7,0.997,Ferrari,Charles Leclerc,16,0.7846153846153846,0.8615384615384616,5.0,0.49523809523809526,3.0,0.5402298850574713,-4.0,16.4,-0.2,-1.3925925925925924,-0.910875,178.9879,0.06923076923076923,0.13846153846153847,0,1,1
2021,7,French Grand Prix,17,3.364,Alfa Romeo,Kimi Räikkönen,17,0.8769230769230769,0.896551724137931,15.0,0.009523809523809525,8.0,0.011494252873563218,2.0,0.4,0.2,-0.5318627450980404,0.4275,30.0408,0.034482758620689655,0.03076923076923077,0,0,0
2021,7,French Grand Prix,16,3.072,Williams,Nicholas Latifi,18,0.782608695652174,0.8384615384615385,20.0,0.0,10.0,0.0,0.0,0.0,0.2,0.3467153284671536,0.984375,24.2281,0.07692307692307693,0.13043478260869565,0,0,1
2021,7,French Grand Prix,15,2.952,Haas F1 Team,Mick Schumacher,19,1.0,0.7674418604651163,17.0,0.0,9.0,0.0,2.2,0.0,0.25,1.2880434782608692,1.3807,28.565800000000003,0.07751937984496124,0.0,0,0,1
2021,7,French Grand Prix,18,3.564,Haas F1 Team,Nikita Mazepin,20,0.8333333333333334,0.7674418604651163,19.0,0.0,9.0,0.0,2.0,0.0,0.8,3.9496402877697836,2.1199,28.565800000000003,0.07751937984496124,0.16666666666666666,0,0,1
2021,8,Styrian Grand Prix,1,0.0,Red Bull,Max Verstappen,1,0.8181818181818181,0.8181818181818181,1.0,1.0,1.0,1.0,-2.6,32.4,-0.4,0.9499999999999993,-1.513125,23.8953,0.12121212121212122,0.07575757575757576,0,1,1
2021,8,Styrian Grand Prix,3,0.226,Mercedes,Lewis Hamilton,2,0.9846153846153847,0.9393939393939394,2.0,0.9083969465648855,2.0,0.827906976744186,-2.4,23.6,0.2,-0.18085106382978644,-1.3685999999999998,24.1828,0.045454545454545456,0.0,0,1,1
2021,8,Styrian Grand Prix,2,0.194,Mercedes,Valtteri Bottas,3,0.8939393939393939,0.9393939393939394,5.0,0.45038167938931295,2.0,0.827906976744186,-4.2,23.6,1.8,0.785211267605634,-0.9435,24.1828,0.045454545454545456,0.030303030303030304,0,1,1
2021,8,Styrian Grand Prix,5,0.327,Red Bull,Sergio Pérez,4,0.90625,0.8181818181818181,3.0,0.6412213740458015,1.0,1.0,3.0,32.4,2.0,-1.2564102564102573,-1.0379,23.8953,0.12121212121212122,0.015625,0,1,1
2021,8,Styrian Grand Prix,4,0.279,McLaren,Lando Norris,5,0.8444444444444444,0.8106060606060606,4.0,0.5801526717557252,3.0,0.5116279069767442,1.8,13.8,-0.2,-0.68888888888889,-0.5303,23.8862,0.11363636363636363,0.044444444444444446,0,1,1
2021,8,Styrian Grand Prix,12,0.959,Ferrari,Carlos Sainz,6,0.8636363636363636,0.8636363636363636,7.0,0.32061068702290074,4.0,0.4372093023255814,-2.8,12.0,-2.4,3.6655172413793107,-0.30069999999999997,23.8262,0.06818181818181818,0.06060606060606061,0,1,1
2021,8,Styrian Grand Prix,7,0.631,Ferrari,Charles Leclerc,7,0.7878787878787878,0.8636363636363636,6.0,0.3969465648854962,4.0,0.4372093023255814,-5.8,12.0,-1.8,-0.373972602739725,-0.460125,23.8262,0.06818181818181818,0.13636363636363635,0,1,1
2021,8,Styrian Grand Prix,10,0.822,Aston Martin,Lance Stroll,8,0.8153846153846154,0.8571428571428572,13.0,0.07633587786259542,6.0,0.18604651162790697,3.4,7.0,1.4,-0.3482993197278912,0.161375,23.7759,0.07142857142857142,0.09230769230769231,0,1,1
2021,8,Styrian Grand Prix,9,0.733,Alpine F1 Team,Fernando Alonso,9,0.6785714285714286,0.8571428571428572,11.0,0.1297709923664122,7.0,0.13488372093023257,1.2,5.2,-0.8,-0.7297297297297298,0.16469999999999999,23.8841,0.14285714285714285,0.07142857142857142,0,1,1
2021,8,Styrian Grand Prix,8,0.673,AlphaTauri,Yuki Tsunoda,10,0.8571428571428572,0.8541666666666666,14.0,0.061068702290076333,5.0,0.20930232558139536,0.6,7.4,-0.2,-5.191275167785236,0.09625,24.924200000000003,0.08333333333333333,0.0,0,0,0
2021,8,Styrian Grand Prix,18,1.588,Alfa Romeo,Kimi Räikkönen,11,0.8787878787878788,0.898876404494382,15.0,0.007633587786259542,8.0,0.009302325581395349,1.4,0.4,-0.6,-1.3066666666666666,0.6515,24.1977,0.033707865168539325,0.030303030303030304,0,0,0
2021,8,Styrian Grand Prix,14,1.034,Aston Martin,Sebastian Vettel,12,0.8939393939393939,0.8571428571428572,10.0,0.22900763358778625,6.0,0.18604651162790697,2.4,7.0,1.0,0.8841059602649004,-0.1955,23.7759,0.07142857142857142,0.045454545454545456,0,0,1
2021,8,Styrian Grand Prix,13,0.967,McLaren,Daniel Ricciardo,13,0.7727272727272727,0.8106060606060606,9.0,0.2595419847328244,3.0,0.5116279069767442,3.2,13.8,0.8,1.814473684210526,-0.2909,23.8862,0.11363636363636363,0.045454545454545456,0,0,1
2021,8,Styrian Grand Prix,17,1.376,Alpine F1 Team,Esteban Ocon,14,0.7555555555555555,0.8571428571428572,12.0,0.0916030534351145,7.0,0.13488372093023257,-2.8,5.2,-0.6,-1.1960784313725483,0.217,23.8841,0.14285714285714285,0.06666666666666667,0,1,1
2021,8,Styrian Grand Prix,15,1.072,Alfa Romeo,Antonio Giovinazzi,15,0.8863636363636364,0.898876404494382,16.0,0.007633587786259542,8.0,0.009302325581395349,1.2,0.4,-1.0,-0.8805194805194816,0.38139999999999996,24.1977,0.033707865168539325,0.09090909090909091,0,0,0
2021,8,Styrian Grand Prix,19,2.2,Haas F1 Team,Mick Schumacher,16,1.0,0.7709923664122138,18.0,0.0,10.0,0.0,0.8,0.0,-1.4,-4.445161290322581,1.2838,24.7362,0.07633587786259542,0.0,0,0,1
2021,8,Styrian Grand Prix,16,1.334,Williams,Nicholas Latifi,17,0.7916666666666666,0.8409090909090909,20.0,0.0,9.0,0.0,0.8,0.0,0.8,-0.8102564102564109,0.9793,24.218200000000003,0.07575757575757576,0.125,0,0,1
2021,8,Styrian Grand Prix,20,2.351,Haas F1 Team,Nikita Mazepin,18,0.8571428571428572,0.7709923664122138,19.0,0.0,10.0,0.0,1.2,0.0,-0.8,-0.30467091295116866,2.0868,24.7362,0.07633587786259542,0.14285714285714285,0,0,1
2021,8,Styrian Grand Prix,11,0.83,Williams,George Russell,19,0.8222222222222222,0.8409090909090909,17.0,0.0,9.0,0.0,-0.6,0.0,1.8,-0.630198915009041,0.66675,24.218200000000003,0.07575757575757576,0.08888888888888889,0,1,1
2021,8,Styrian Grand Prix,6,0.395,AlphaTauri,Pierre Gasly,20,0.8181818181818181,0.8541666666666666,8.0,0.2824427480916031,5.0,0.20930232558139536,0.2,7.4,0.2,1.2264150943396217,-0.3378,24.924200000000003,0.08333333333333333,0.06060606060606061,0,1,0
2021,9,Austrian Grand Prix,1,0.0,Red Bull,Max Verstappen,1,0.8208955223880597,0.8208955223880597,1.0,1.0,1.0,1.0,-2.8,33.8,-0.2,4.112500000000001,-1.588375,23.5439,0.11940298507462686,0.07462686567164178,0,1,1
2021,9,Austrian Grand Prix,5,0.329,Mercedes,Valtteri Bottas,2,0.8955223880597015,0.9402985074626866,5.0,0.47435897435897434,2.0,0.8412698412698413,-4.0,22.2,0.2,0.8012422360248443,-0.899625,24.0256,0.04477611940298507,0.029850746268656716,0,1,1
2021,9,Austrian Grand Prix,2,0.048,McLaren,Lando Norris,3,0.8478260869565217,0.8134328358208955,4.0,0.5512820512820513,3.0,0.47619047619047616,1.2,13.4,-0.6,-0.5626102292768955,-0.5571,23.7058,0.11194029850746269,0.043478260869565216,0,1,1
2021,9,Austrian Grand Prix,4,0.294,Mercedes,Lewis Hamilton,4,0.9848484848484849,0.9402985074626866,2.0,0.8846153846153846,2.0,0.8412698412698413,-2.4,22.2,0.0,0.0,-1.3126,24.0256,0.04477611940298507,0.0,0,1,1
2021,9,Austrian Grand Prix,11,0.839,Ferrari,Carlos Sainz,5,0.8656716417910448,0.8656716417910448,7.0,0.32051282051282054,4.0,0.42857142857142855,-0.4,13.2,2.4,0.0,-0.3931,23.727899999999998,0.06716417910447761,0.05970149253731343,0,1,1
2021,9,Austrian Grand Prix,3,0.27,Red Bull,Sergio Pérez,6,0.9076923076923077,0.8208955223880597,3.0,0.6153846153846154,1.0,1.0,3.2,33.8,0.2,0.0,-1.0992,23.5439,0.11940298507462686,0.015384615384615385,0,1,1
2021,9,Austrian Grand Prix,13,0.999,McLaren,Daniel Ricciardo,7,0.7761194029850746,0.8134328358208955,9.0,0.21794871794871795,3.0,0.47619047619047616,1.8,13.4,-1.4,0.0,-0.1156,23.7058,0.11194029850746269,0.04477611940298507,0,0,1
2021,9,Austrian Grand Prix,12,0.88,Ferrari,Charles Leclerc,8,0.791044776119403,0.8656716417910448,6.0,0.3717948717948718,4.0,0.42857142857142855,-6.2,13.2,-0.4,0.0,-0.343375,23.727899999999998,0.06716417910447761,0.13432835820895522,0,1,1
2021,9,Austrian Grand Prix,6,0.387,AlphaTauri,Pierre Gasly,9,0.8059701492537313,0.84,8.0,0.23717948717948717,5.0,0.18253968253968253,-2.4,7.4,-2.6,0.0,-0.354625,24.684900000000003,0.08,0.07462686567164178,0,1,0
2021,9,Austrian Grand Prix,14,0.752,Alpine F1 Team,Fernando Alonso,10,0.6896551724137931,0.875,11.0,0.12179487179487179,7.0,0.12301587301587301,0.2,3.6,-1.0,0.0,0.24780000000000002,23.7349,0.125,0.06896551724137931,0,1,1
2021,9,Austrian Grand Prix,9,0.833,Williams,George Russell,11,0.8043478260869565,0.835820895522388,17.0,0.0,9.0,0.0,-1.2,0.0,-0.6,0.0,0.5428333333333334,25.9623,0.08208955223880597,0.08695652173913043,0,1,1
2021,9,Austrian Grand Prix,7,0.553,AlphaTauri,Yuki Tsunoda,12,0.875,0.84,14.0,0.057692307692307696,5.0,0.18253968253968253,0.4,7.4,-0.2,0.0,-0.001875,24.684900000000003,0.08,0.0,0,0,0
2021,9,Austrian Grand Prix,10,0.827,Aston Martin,Lance Stroll,13,0.8181818181818181,0.875,12.0,0.08974358974358974,6.0,0.1746031746031746,3.2,7.8,-0.2,0.0,0.1255,23.5801,0.0625,0.09090909090909091,0,1,1
2021,9,Austrian Grand Prix,15,1.062,Alfa Romeo,Antonio Giovinazzi,14,0.8888888888888888,0.9010989010989011,16.0,0.00641025641025641,8.0,0.007936507936507936,1.2,0.4,0.0,0.0,0.43889999999999996,23.9076,0.03296703296703297,0.08888888888888889,0,0,0
2021,9,Austrian Grand Prix,16,1.289,Alfa Romeo,Kimi Räikkönen,15,0.8805970149253731,0.9010989010989011,15.0,0.00641025641025641,8.0,0.007936507936507936,3.8,0.4,2.4,0.0,0.5828,23.9076,0.03296703296703297,0.029850746268656716,0,0,0
2021,9,Austrian Grand Prix,18,1.475,Williams,Nicholas Latifi,16,0.8,0.835820895522388,20.0,0.0,9.0,0.0,0.6,0.0,-0.2,0.0,0.8381000000000001,25.9623,0.08208955223880597,0.12,0,0,1
2021,9,Austrian Grand Prix,8,0.773,Aston Martin,Sebastian Vettel,17,0.8955223880597015,0.875,10.0,0.19230769230769232,6.0,0.1746031746031746,3.4,7.8,1.0,0.0,-0.1776,23.5801,0.0625,0.04477611940298507,0,0,1
2021,9,Austrian Grand Prix,19,1.707,Haas F1 Team,Mick Schumacher,18,1.0,0.7744360902255639,18.0,0.0,10.0,0.0,1.0,0.0,0.2,0.0,1.2154,24.848300000000002,0.07518796992481203,0.0,0,0,1
2021,9,Austrian Grand Prix,20,2.231,Haas F1 Team,Nikita Mazepin,19,0.875,0.7744360902255639,19.0,0.0,10.0,0.0,1.4,0.0,0.2,0.0,2.0425,24.848300000000002,0.07518796992481203,0.125,0,0,1
2021,9,Austrian Grand Prix,17,1.331,Alpine F1 Team,Esteban Ocon,20,0.7608695652173914,0.875,13.0,0.07692307692307693,7.0,0.12301587301587301,-2.0,3.6,0.8,0.0,0.486375,23.7349,0.125,0.06521739130434782,0,1,1
2021,10,British Grand Prix,1,0.0,Mercedes,Lewis Hamilton,1,0.9850746268656716,0.9411764705882353,2.0,0.8241758241758241,2.0,0.8461538461538461,-2.4,20.2,0.0,0.0,-0.9682999999999999,23.81,0.04411764705882353,0.0,0,1,1
2021,10,British Grand Prix,4,0.805,Ferrari,Charles Leclerc,2,0.7941176470588236,0.8676470588235294,6.0,0.34065934065934067,4.0,0.42657342657342656,-5.4,12.4,0.8,0.0,-0.092125,23.6218,0.0661764705882353,0.1323529411764706,0,1,1
2021,10,British Grand Prix,3,0.305,Mercedes,Valtteri Bottas,3,0.8970588235294118,0.9411764705882353,5.0,0.5054945054945055,2.0,0.8461538461538461,-3.4,20.2,0.6,0.0,-0.64975,23.81,0.04411764705882353,0.029411764705882353,0,1,1
2021,10,British Grand Prix,6,0.874,McLaren,Lando Norris,4,0.851063829787234,0.8161764705882353,4.0,0.554945054945055,3.0,0.493006993006993,0.8,15.2,-0.4,0.0,-0.7075,24.0413,0.11029411764705882,0.0425531914893617,0,1,1
2021,10,British Grand Prix,7,0.876,McLaren,Daniel Ricciardo,5,0.7794117647058824,0.8161764705882353,8.0,0.21978021978021978,3.0,0.493006993006993,2.8,15.2,1.0,0.0,0.0689,24.0413,0.11029411764705882,0.04411764705882353,0,0,1
2021,10,British Grand Prix,9,0.825,Ferrari,Carlos Sainz,6,0.8676470588235294,0.8676470588235294,7.0,0.32967032967032966,4.0,0.42657342657342656,1.0,12.4,1.4,0.0,-0.2824,23.6218,0.0661764705882353,0.058823529411764705,0,1,1
2021,10,British Grand Prix,11,1.222,Alpine F1 Team,Fernando Alonso,7,0.7,0.8333333333333334,11.0,0.10989010989010989,7.0,0.11188811188811189,2.4,3.4,2.2,0.0,0.1925,23.7079,0.1111111111111111,0.06666666666666667,0,1,1
2021,10,British Grand Prix,15,1.642,Aston Martin,Lance Stroll,8,0.8208955223880597,0.8333333333333334,12.0,0.07692307692307693,6.0,0.15384615384615385,2.6,7.8,-0.6,0.0,0.127625,23.454900000000002,0.05555555555555555,0.08955223880597014,0,1,1
2021,10,British Grand Prix,13,1.317,Alpine F1 Team,Esteban Ocon,9,0.7446808510638299,0.8333333333333334,13.0,0.06593406593406594,7.0,0.11188811188811189,-1.8,3.4,0.2,0.0,0.5228333333333334,23.7079,0.1111111111111111,0.0851063829787234,0,1,1
2021,10,British Grand Prix,16,2.02,AlphaTauri,Yuki Tsunoda,10,0.8888888888888888,0.8461538461538461,14.0,0.04945054945054945,5.0,0.16783216783216784,0.2,7.6,-0.2,0.0,0.0362,23.645100000000003,0.07692307692307693,0.0,0,0,0
2021,10,British Grand Prix,12,1.25,AlphaTauri,Pierre Gasly,11,0.8088235294117647,0.8461538461538461,9.0,0.21428571428571427,5.0,0.16783216783216784,-3.4,7.6,-1.0,0.0,-0.322375,23.645100000000003,0.07692307692307693,0.07352941176470588,0,1,0
2021,10,British Grand Prix,8,0.948,Williams,George Russell,12,0.8085106382978724,0.8382352941176471,17.0,0.0,9.0,0.0,-1.8,0.0,-0.6,0.0,0.3723333333333333,25.757099999999998,0.08088235294117647,0.0851063829787234,0,1,1
2021,10,British Grand Prix,14,1.572,Alfa Romeo,Antonio Giovinazzi,13,0.8913043478260869,0.9032258064516129,16.0,0.005494505494505495,8.0,0.006993006993006993,1.6,0.4,0.4,0.0,0.3533,23.712600000000002,0.03225806451612903,0.08695652173913043,0,0,0
2021,10,British Grand Prix,18,2.231,Williams,Nicholas Latifi,14,0.8076923076923077,0.8382352941176471,20.0,0.0,9.0,0.0,0.4,0.0,-0.2,0.0,0.8111,25.757099999999998,0.08088235294117647,0.11538461538461539,0,0,1
2021,10,British Grand Prix,17,2.039,Alfa Romeo,Kimi Räikkönen,15,0.8823529411764706,0.9032258064516129,15.0,0.005494505494505495,8.0,0.006993006993006993,3.0,0.4,-0.8,0.0,0.5406,23.712600000000002,0.03225806451612903,0.029411764705882353,0,0,0
2021,10,British Grand Prix,5,0.821,Red Bull,Sergio Pérez,16,0.9090909090909091,0.8235294117647058,3.0,0.5714285714285714,1.0,1.0,2.0,34.8,-1.2,0.0,-0.9286,23.393700000000003,0.11764705882352941,0.015151515151515152,0,1,1
2021,10,British Grand Prix,20,3.028,Haas F1 Team,Nikita Mazepin,17,0.8888888888888888,0.7777777777777778,19.0,0.0,10.0,0.0,1.4,0.0,0.0,0.0,1.9977,24.7863,0.07407407407407407,0.1111111111111111,0,0,1
2021,10,British Grand Prix,19,2.715,Haas F1 Team,Mick Schumacher,18,1.0,0.7777777777777778,18.0,0.0,10.0,0.0,0.8,0.0,-0.2,0.0,1.1214000000000002,24.7863,0.07407407407407407,0.0,0,0,1
2021,10,British Grand Prix,10,1.08,Aston Martin,Sebastian Vettel,19,0.8823529411764706,0.8333333333333334,10.0,0.16483516483516483,6.0,0.15384615384615385,1.6,7.8,-1.8,0.0,-0.285,23.454900000000002,0.05555555555555555,0.058823529411764705,0,0,1
2021,10,British Grand Prix,2,0.186,Red Bull,Max Verstappen,20,0.8235294117647058,0.8235294117647058,1.0,1.0,1.0,1.0,-2.8,34.8,0.0,0.0,-1.375625,23.393700000000003,0.11764705882352941,0.07352941176470588,0,1,1
2021,11,Hungarian Grand Prix,8,1.234,Alpine F1 Team,Esteban Ocon,1,0.75,0.85,13.0,0.07567567567567568,7.0,0.1384083044982699,-1.4,4.6,0.4,0.0,0.4008333333333333,227.76639999999998,0.1,0.08333333333333333,0,1,1
2021,11,Hungarian Grand Prix,1,0.0,Mercedes,Lewis Hamilton,2,0.9852941176470589,0.9420289855072463,2.0,0.9567567567567568,2.0,0.986159169550173,-2.4,26.8,0.0,0.0,-1.1378,227.87150000000003,0.043478260869565216,0.0,0,1,1
2021,11,Hungarian Grand Prix,15,1.23,Ferrari,Carlos Sainz,3,0.8695652173913043,0.8695652173913043,7.0,0.3675675675675676,4.0,0.5121107266435986,1.2,14.0,0.2,0.0,-0.2724,227.3158,0.06521739130434782,0.057971014492753624,0,1,1
2021,11,Hungarian Grand Prix,9,1.122,Alpine F1 Team,Fernando Alonso,4,0.7096774193548387,0.85,11.0,0.14054054054054055,7.0,0.1384083044982699,2.4,4.6,0.0,0.0,0.0844,227.76639999999998,0.1,0.06451612903225806,0,1,1
2021,11,Hungarian Grand Prix,5,0.975,AlphaTauri,Pierre Gasly,5,0.8115942028985508,0.8518518518518519,9.0,0.21081081081081082,5.0,0.1695501730103806,-3.2,6.2,0.2,0.0,-0.2575,24.586100000000002,0.07407407407407407,0.07246376811594203,0,1,0
2021,11,Hungarian Grand Prix,16,2.5,AlphaTauri,Yuki Tsunoda,6,0.9,0.8518518518518519,14.0,0.05405405405405406,5.0,0.1695501730103806,1.4,6.2,1.2,0.0,-0.1175,24.586100000000002,0.07407407407407407,0.0,0,0,0
2021,11,Hungarian Grand Prix,18,2.617,Williams,Nicholas Latifi,7,0.8148148148148149,0.8405797101449275,19.0,0.0,9.0,0.0,0.6,0.0,0.2,0.0,0.6807000000000001,231.0295,0.07971014492753623,0.1111111111111111,0,0,1
2021,11,Hungarian Grand Prix,17,2.525,Williams,George Russell,8,0.8125,0.8405797101449275,17.0,0.0,9.0,0.0,-2.8,0.0,-1.0,-1.1818181818181817,0.27666666666666667,231.0295,0.07971014492753623,0.08333333333333333,0,1,1
2021,11,Hungarian Grand Prix,3,0.231,Red Bull,Max Verstappen,9,0.8115942028985508,0.8188405797101449,1.0,1.0,1.0,1.0,-6.6,27.4,-3.8,-2.1111111111111107,-1.492,24.261699999999998,0.11594202898550725,0.08695652173913043,0,1,1
2021,11,Hungarian Grand Prix,13,2.134,Alfa Romeo,Kimi Räikkönen,10,0.8840579710144928,0.9052631578947369,15.0,0.005405405405405406,8.0,0.006920415224913495,2.8,0.2,-0.2,-4.195652173913043,0.5522,227.9649,0.031578947368421054,0.028985507246376812,0,0,0
2021,11,Hungarian Grand Prix,11,1.452,McLaren,Daniel Ricciardo,11,0.782608695652174,0.8188405797101449,8.0,0.2702702702702703,3.0,0.5640138408304498,3.2,16.6,0.4,0.28723404255319096,-0.1684,227.48110000000003,0.10869565217391304,0.043478260869565216,0,0,1
2021,11,Hungarian Grand Prix,20,1.234,Haas F1 Team,Mick Schumacher,12,1.0,0.781021897810219,18.0,0.0,10.0,0.0,1.0,0.0,0.2,0.0,1.3088,230.2506,0.072992700729927,0.0,0,0,1
2021,11,Hungarian Grand Prix,14,2.164,Alfa Romeo,Antonio Giovinazzi,13,0.8936170212765957,0.9052631578947369,16.0,0.005405405405405406,8.0,0.006920415224913495,1.8,0.2,0.2,3.7142857142857135,0.3705,227.9649,0.031578947368421054,0.0851063829787234,0,0,0
2021,11,Hungarian Grand Prix,19,3.503,Haas F1 Team,Nikita Mazepin,14,0.9,0.781021897810219,20.0,0.0,10.0,0.0,1.6,0.0,0.2,0.0,1.9997,230.2506,0.072992700729927,0.1,0,0,1
2021,11,Hungarian Grand Prix,6,0.966,McLaren,Lando Norris,15,0.8541666666666666,0.8188405797101449,3.0,0.6108108108108108,3.0,0.5640138408304498,0.8,16.6,0.0,0.20588235294117574,-0.7016,227.48110000000003,0.10869565217391304,0.041666666666666664,0,1,1
2021,11,Hungarian Grand Prix,2,0.315,Mercedes,Valtteri Bottas,16,0.8985507246376812,0.9420289855072463,4.0,0.5837837837837838,2.0,0.986159169550173,-0.2,26.8,3.2,-2.3269230769230766,-0.7278,227.87150000000003,0.043478260869565216,0.028985507246376812,0,1,1
2021,11,Hungarian Grand Prix,4,1.002,Red Bull,Sergio Pérez,17,0.9104477611940298,0.8188405797101449,5.0,0.5621621621621622,1.0,1.0,-1.2,27.4,-3.2,-0.33962264150943433,-0.7367999999999999,24.261699999999998,0.11594202898550725,0.014925373134328358,0,1,1
2021,11,Hungarian Grand Prix,7,1.077,Ferrari,Charles Leclerc,18,0.7971014492753623,0.8695652173913043,6.0,0.43243243243243246,4.0,0.5121107266435986,-1.2,14.0,4.2,-1.3148148148148149,-0.3207,227.3158,0.06521739130434782,0.13043478260869565,0,1,1
2021,11,Hungarian Grand Prix,12,1.474,Aston Martin,Lance Stroll,19,0.8235294117647058,0.8,12.0,0.0972972972972973,6.0,0.16608996539792387,3.0,5.8,0.4,2.6363636363636367,0.18225,227.01410000000004,0.05,0.08823529411764706,0,1,1
2021,11,Hungarian Grand Prix,10,1.331,Aston Martin,Sebastian Vettel,20,0.8695652173913043,0.8,10.0,0.16216216216216217,6.0,0.16608996539792387,-0.8,5.8,-2.4,0.07142857142857117,-0.165,227.01410000000004,0.05,0.057971014492753624,0,0,1
2021,12,Belgian Grand Prix,1,0.534,Red Bull,Max Verstappen,1,0.8142857142857143,0.8142857142857143,2.0,0.958974358974359,2.0,0.9603960396039604,-4.8,22.8,1.8,-1.0087719298245617,-1.0635,0.0,0.11428571428571428,0.08571428571428572,0,1,1
2021,12,Belgian Grand Prix,2,0.925,Williams,George Russell,2,0.8163265306122449,0.8428571428571429,16.0,0.020512820512820513,8.0,0.033003300330033,-0.6,2.0,2.2,2.413793103448276,0.248,0.0,0.07857142857142857,0.08163265306122448,0,1,1
2021,12,Belgian Grand Prix,3,0.204,Mercedes,Lewis Hamilton,3,0.9855072463768116,0.9357142857142857,1.0,1.0,1.0,1.0,0.0,30.4,2.4,-2.6779661016949152,-1.1801,0.0,0.04285714285714286,0.0,0,1,1
2021,12,Belgian Grand Prix,4,1.102,McLaren,Daniel Ricciardo,4,0.7857142857142857,0.8142857142857143,9.0,0.2564102564102564,4.0,0.5379537953795379,2.4,14.2,-0.8,3.7666666666666675,0.0178,0.0,0.10714285714285714,0.04285714285714286,0,0,1
2021,12,Belgian Grand Prix,5,0.789,Aston Martin,Sebastian Vettel,5,0.8571428571428572,0.7272727272727273,12.0,0.15384615384615385,7.0,0.15841584158415842,-4.6,2.2,-3.8,1.278688524590164,0.197,0.0,0.045454545454545456,0.05714285714285714,0,0,1
2021,12,Belgian Grand Prix,6,0.415,AlphaTauri,Pierre Gasly,6,0.8142857142857143,0.8571428571428572,8.0,0.2564102564102564,6.0,0.22442244224422442,-3.4,5.8,-0.2,-2.225806451612904,-0.25125,0.0,0.07142857142857142,0.07142857142857142,0,1,0
2021,12,Belgian Grand Prix,9,1.329,Alpine F1 Team,Esteban Ocon,7,0.7551020408163265,0.8636363636363636,10.0,0.2,5.0,0.25412541254125415,1.6,10.4,3.0,-1.2936507936507944,0.1555,0.0,0.09090909090909091,0.08163265306122448,0,1,1
2021,12,Belgian Grand Prix,11,1.696,Ferrari,Charles Leclerc,8,0.7857142857142857,0.8642857142857143,7.0,0.41025641025641024,3.0,0.5379537953795379,-2.8,13.8,-1.6,-0.296875,-0.233875,0.0,0.06428571428571428,0.14285714285714285,0,1,1
2021,12,Belgian Grand Prix,12,2.031,Williams,Nicholas Latifi,9,0.8214285714285714,0.8428571428571429,15.0,0.03076923076923077,8.0,0.033003300330033,2.8,2.0,2.2,0.0,0.5878,0.0,0.07857142857142857,0.10714285714285714,0,0,1
2021,12,Belgian Grand Prix,13,2.112,Ferrari,Carlos Sainz,10,0.8714285714285714,0.8642857142857143,6.0,0.4256410256410256,3.0,0.5379537953795379,4.2,13.8,3.0,0.0,-0.4596,0.0,0.06428571428571428,0.05714285714285714,0,1,1
2021,12,Belgian Grand Prix,14,2.18,Alpine F1 Team,Fernando Alonso,11,0.71875,0.8636363636363636,11.0,0.19487179487179487,5.0,0.25412541254125415,2.8,10.4,0.4,-0.17164179104477562,-0.1575,0.0,0.09090909090909091,0.0625,0,1,1
2021,12,Belgian Grand Prix,8,0.27,Mercedes,Valtteri Bottas,12,0.8857142857142857,0.9357142857142857,4.0,0.5538461538461539,1.0,1.0,-2.6,30.4,-2.4,0.0,-0.95475,0.0,0.04285714285714286,0.04285714285714286,0,1,1
2021,12,Belgian Grand Prix,16,6.281,Alfa Romeo,Antonio Giovinazzi,13,0.8958333333333334,0.9072164948453608,18.0,0.005128205128205128,9.0,0.009900990099009901,0.2,0.2,-1.6,0.0,0.3723,0.0,0.030927835051546393,0.08333333333333333,0,0,0
2021,12,Belgian Grand Prix,10,0.0,McLaren,Lando Norris,14,0.8367346938775511,0.8142857142857143,3.0,0.5794871794871795,4.0,0.5379537953795379,-1.2,14.2,-2.0,0.0,-0.70375,0.0,0.10714285714285714,0.061224489795918366,0,1,1
2021,12,Belgian Grand Prix,17,6.388,AlphaTauri,Yuki Tsunoda,15,0.9090909090909091,0.8571428571428572,13.0,0.09230769230769231,6.0,0.22442244224422442,3.2,5.8,1.8,0.0,0.0833,0.0,0.07142857142857142,0.0,0,0,0
2021,12,Belgian Grand Prix,18,7.948,Haas F1 Team,Mick Schumacher,16,1.0,0.7769784172661871,19.0,0.0,10.0,0.0,1.8,0.0,0.8,0.0,1.3822,0.0,0.07194244604316546,0.0,0,0,1
2021,12,Belgian Grand Prix,20,8.914,Haas F1 Team,Nikita Mazepin,17,0.8181818181818181,0.7769784172661871,20.0,0.0,10.0,0.0,1.8,0.0,0.2,0.0,1.918375,0.0,0.07194244604316546,0.18181818181818182,0,0,1
2021,12,Belgian Grand Prix,19,8.427,Alfa Romeo,Kimi Räikkönen,18,0.8857142857142857,0.9072164948453608,17.0,0.010256410256410256,9.0,0.009900990099009901,2.6,0.2,-0.2,0.0,0.44539999999999996,0.0,0.030927835051546393,0.02857142857142857,0,0,0
2021,12,Belgian Grand Prix,7,0.861,Red Bull,Sergio Pérez,19,0.8970588235294118,0.8142857142857143,5.0,0.5333333333333333,2.0,0.9603960396039604,-5.0,22.8,-3.8,0.0,-0.5615,0.0,0.11428571428571428,0.029411764705882353,0,1,1
2021,12,Belgian Grand Prix,15,2.206,Aston Martin,Lance Stroll,20,0.8115942028985508,0.7272727272727273,14.0,0.09230769230769231,7.0,0.15841584158415842,1.6,2.2,-1.4,0.0,0.18225,0.0,0.045454545454545456,0.10144927536231885,0,1,1
2021,13,Dutch Grand Prix,1,0.0,Red Bull,Max Verstappen,1,0.8169014084507042,0.8169014084507042,2.0,0.9851851851851852,2.0,0.9774557165861514,-4.8,17.1,0.0,0.0,-5.1165,24.6112,0.11267605633802817,0.08450704225352113,0,1,1
2021,13,Dutch Grand Prix,2,0.038,Mercedes,Lewis Hamilton,2,0.9857142857142858,0.9366197183098591,1.0,1.0,1.0,1.0,0.0,25.9,0.0,0.0,-4.0271,227.8146,0.04225352112676056,0.0,0,1,1
2021,13,Dutch Grand Prix,3,0.337,Mercedes,Valtteri Bottas,3,0.8873239436619719,0.9366197183098591,4.0,0.5333333333333333,1.0,1.0,-3.2,25.9,-0.6,0.0,0.373,227.8146,0.04225352112676056,0.04225352112676056,0,1,1
2021,13,Dutch Grand Prix,4,0.593,AlphaTauri,Pierre Gasly,4,0.8169014084507042,0.8620689655172413,9.0,0.26666666666666666,6.0,0.2318840579710145,-3.2,5.4,0.2,0.0,-2.28425,28.512999999999998,0.06896551724137931,0.07042253521126761,0,1,0
2021,13,Dutch Grand Prix,5,0.552,Ferrari,Charles Leclerc,5,0.7887323943661972,0.8661971830985915,7.0,0.4049382716049383,4.0,0.533011272141707,-0.4,14.3,2.4,0.0,-1.758125,231.88299999999998,0.06338028169014084,0.14084507042253522,0,1,1
2021,13,Dutch Grand Prix,9,1.071,Alpine F1 Team,Fernando Alonso,6,0.7272727272727273,0.875,11.0,0.18765432098765433,5.0,0.2576489533011272,3.2,10.2,0.4,0.0,0.3559,231.41570000000002,0.08333333333333333,0.06060606060606061,0,1,1
2021,13,Dutch Grand Prix,6,0.652,Ferrari,Carlos Sainz,7,0.8732394366197183,0.8661971830985915,6.0,0.4123456790123457,4.0,0.533011272141707,6.0,14.3,1.8,0.0,-0.9446,231.88299999999998,0.06338028169014084,0.056338028169014086,0,1,1
2021,13,Dutch Grand Prix,16,1.645,Red Bull,Sergio Pérez,8,0.8985507246376812,0.8169014084507042,5.0,0.5135802469135803,2.0,0.9774557165861514,-7.6,17.1,-2.6,0.0,4.627,24.6112,0.11267605633802817,0.028985507246376812,0,1,1
2021,13,Dutch Grand Prix,8,1.034,Alpine F1 Team,Esteban Ocon,9,0.76,0.875,10.0,0.2074074074074074,5.0,0.2576489533011272,2.6,10.2,1.0,0.0,-1.75025,231.41570000000002,0.08333333333333333,0.08,0,1,1
2021,13,Dutch Grand Prix,13,1.521,McLaren,Lando Norris,10,0.84,0.8169014084507042,3.0,0.5580246913580247,3.0,0.5442834138486312,-2.6,11.8,-1.4,0.0,1.6485,230.69549999999998,0.1056338028169014,0.06,0,1,1
2021,13,Dutch Grand Prix,10,0.98,McLaren,Daniel Ricciardo,11,0.7887323943661972,0.8169014084507042,8.0,0.2765432098765432,3.0,0.5442834138486312,1.6,11.8,-0.8,0.0,-2.6608,230.69549999999998,0.1056338028169014,0.04225352112676056,0,0,1
2021,13,Dutch Grand Prix,12,1.482,Aston Martin,Lance Stroll,12,0.8142857142857143,0.75,14.0,0.08888888888888889,7.0,0.1706924315619968,-1.2,2.6,-2.8,0.0,3.9945,231.22230000000008,0.041666666666666664,0.1,0,1,1
2021,13,Dutch Grand Prix,17,1.846,Aston Martin,Sebastian Vettel,13,0.8591549295774648,0.75,12.0,0.1728395061728395,7.0,0.1706924315619968,-5.2,2.6,-0.6,0.0,-5.3905,231.22230000000008,0.041666666666666664,0.056338028169014086,0,0,1
2021,13,Dutch Grand Prix,7,0.705,Alfa Romeo,Antonio Giovinazzi,14,0.8979591836734694,0.9090909090909091,18.0,0.0049382716049382715,9.0,0.00966183574879227,1.2,0.2,1.0,0.0,1.357,231.0165,0.030303030303030304,0.08163265306122448,0,0,0
2021,13,Dutch Grand Prix,18,2.416,Alfa Romeo,Robert Kubica,15,0.9047619047619048,0.9090909090909091,0.0,0.0,9.0,0.00966183574879227,2.0,0.2,-0.2,0.0,2.18925,231.0165,0.030303030303030304,0.0,0,0,0
2021,13,Dutch Grand Prix,14,1.208,Williams,Nicholas Latifi,16,0.8275862068965517,0.8450704225352113,16.0,0.0345679012345679,8.0,0.0644122383252818,3.8,4.0,1.0,0.0,-0.18259999999999998,233.5163,0.07746478873239436,0.10344827586206896,0,0,1
2021,13,Dutch Grand Prix,11,1.447,Williams,George Russell,17,0.8200000000000001,0.8450704225352113,15.0,0.06419753086419754,8.0,0.0644122383252818,-1.0,4.0,-0.4,0.0,-3.910375,233.5163,0.07746478873239436,0.08,0,1,1
2021,13,Dutch Grand Prix,19,2.502,Haas F1 Team,Mick Schumacher,18,1.0,0.7801418439716312,19.0,0.0,10.0,0.0,3.0,0.0,1.2,0.0,3.4335999999999998,233.1252,0.07092198581560284,0.0,0,0,1
2021,13,Dutch Grand Prix,15,1.577,AlphaTauri,Yuki Tsunoda,19,0.9166666666666666,0.8620689655172413,13.0,0.08888888888888889,6.0,0.2318840579710145,2.2,5.4,-1.0,0.0,2.0528000000000004,28.512999999999998,0.06896551724137931,0.0,0,0,0
2021,13,Dutch Grand Prix,20,2.99,Haas F1 Team,Nikita Mazepin,20,0.8333333333333334,0.7801418439716312,20.0,0.0,10.0,0.0,2.8,0.0,1.0,0.0,4.87125,233.1252,0.07092198581560284,0.16666666666666666,0,0,1
2021,14,Italian Grand Prix,5,0.44,McLaren,Daniel Ricciardo,1,0.7916666666666666,0.8194444444444444,9.0,0.24944320712694878,4.0,0.4934687953555878,1.4,10.0,-0.2,0.0,-2.7013000000000003,228.63649999999998,0.10416666666666667,0.041666666666666664,0,0,1
2021,14,Italian Grand Prix,4,0.434,McLaren,Lando Norris,2,0.8431372549019608,0.8194444444444444,4.0,0.5077951002227171,4.0,0.4934687953555878,-1.8,10.0,0.8,0.0,1.74775,228.63649999999998,0.10416666666666667,0.058823529411764705,0,1,1
2021,14,Italian Grand Prix,1,0.0,Mercedes,Valtteri Bottas,3,0.8888888888888888,0.9375,3.0,0.5478841870824054,1.0,1.0,-3.0,25.9,0.2,0.0,0.27875,225.57150000000001,0.041666666666666664,0.041666666666666664,0,1,1
2021,14,Italian Grand Prix,8,0.955,Ferrari,Charles Leclerc,4,0.7916666666666666,0.8680555555555556,6.0,0.40979955456570155,3.0,0.5268505079825835,-0.4,14.7,0.0,0.0,-1.82425,229.7051,0.0625,0.1388888888888889,0,1,1
2021,14,Italian Grand Prix,9,1.056,Red Bull,Sergio Pérez,5,0.9,0.8194444444444444,5.0,0.48106904231625836,2.0,0.965166908563135,-6.2,15.5,1.4,0.0,4.835,22.4226,0.1111111111111111,0.02857142857142857,0,1,1
2021,14,Italian Grand Prix,7,0.907,Ferrari,Carlos Sainz,6,0.875,0.8680555555555556,7.0,0.3986636971046771,3.0,0.5268505079825835,4.6,14.7,-1.4,0.0,-0.8845,229.7051,0.0625,0.05555555555555555,0,1,1
2021,14,Italian Grand Prix,12,1.465,Aston Martin,Lance Stroll,7,0.8169014084507042,0.7692307692307692,14.0,0.0801781737193764,7.0,0.15384615384615385,-1.6,1.8,-0.4,0.0,4.13275,228.7520000000001,0.038461538461538464,0.09859154929577464,0,1,1
2021,14,Italian Grand Prix,13,1.514,Alpine F1 Team,Fernando Alonso,8,0.7352941176470589,0.8846153846153846,10.0,0.20489977728285078,5.0,0.2612481857764877,3.8,11.8,0.6,0.0,0.3221,229.09199999999996,0.07692307692307693,0.058823529411764705,0,1,1
2021,14,Italian Grand Prix,15,1.837,Williams,George Russell,9,0.803921568627451,0.8402777777777778,15.0,0.05790645879732739,8.0,0.05805515239477504,-0.6,4.0,0.4,0.0,-3.910375,231.65879999999999,0.08333333333333333,0.0784313725490196,0,1,1
2021,14,Italian Grand Prix,14,1.548,Alpine F1 Team,Esteban Ocon,10,0.7647058823529411,0.8846153846153846,11.0,0.19599109131403117,5.0,0.2612481857764877,1.8,11.8,-0.8,0.0,-1.854375,229.09199999999996,0.07692307692307693,0.0784313725490196,0,1,1
2021,14,Italian Grand Prix,16,2.37,Williams,Nicholas Latifi,11,0.8333333333333334,0.8402777777777778,16.0,0.031180400890868598,8.0,0.05805515239477504,3.6,4.0,-0.2,0.0,-0.1364,231.65879999999999,0.08333333333333333,0.1,0,0,1
2021,14,Italian Grand Prix,11,1.358,Aston Martin,Sebastian Vettel,12,0.8611111111111112,0.7692307692307692,12.0,0.155902004454343,7.0,0.15384615384615385,-4.8,1.8,0.4,0.0,-5.25725,228.7520000000001,0.038461538461538464,0.05555555555555555,0,0,1
2021,14,Italian Grand Prix,10,1.171,Alfa Romeo,Antonio Giovinazzi,13,0.9,0.9108910891089109,18.0,0.004454342984409799,9.0,0.008708272859216255,-0.2,0.2,-1.4,0.0,1.4374,228.76680000000002,0.0297029702970297,0.08,0,0,0
2021,14,Italian Grand Prix,19,2.975,Alfa Romeo,Robert Kubica,14,0.9090909090909091,0.9108910891089109,21.0,0.0,9.0,0.008708272859216255,2.0,0.2,0.0,0.0,1.8265,228.76680000000002,0.0297029702970297,0.0,0,0,0
2021,14,Italian Grand Prix,18,2.693,Haas F1 Team,Mick Schumacher,15,1.0,0.7762237762237763,19.0,0.0,10.0,0.0,2.6,0.0,-0.4,0.0,3.3938,231.7968,0.07692307692307693,0.0,0,0,1
2021,14,Italian Grand Prix,20,3.161,Haas F1 Team,Nikita Mazepin,16,0.7692307692307692,0.7762237762237763,20.0,0.0,10.0,0.0,2.4,0.0,-0.4,0.0,5.936,231.7968,0.07692307692307693,0.15384615384615385,0,0,1
2021,14,Italian Grand Prix,2,0.096,Mercedes,Lewis Hamilton,17,0.9859154929577465,0.9375,2.0,0.9866369710467706,1.0,1.0,-0.2,25.9,-0.2,0.0,-4.1813,225.57150000000001,0.041666666666666664,0.0,0,1,1
2021,14,Italian Grand Prix,3,0.411,Red Bull,Max Verstappen,18,0.8194444444444444,0.8194444444444444,1.0,1.0,2.0,0.965166908563135,-4.8,15.5,0.0,0.0,-5.23175,22.4226,0.1111111111111111,0.08333333333333333,0,1,1
2021,14,Italian Grand Prix,6,0.705,AlphaTauri,Pierre Gasly,19,0.8194444444444444,0.85,8.0,0.29398663697104677,6.0,0.24383164005805516,-0.4,7.6,2.8,0.0,-1.9172,0.0,0.08333333333333333,0.06944444444444445,0,1,0
2021,14,Italian Grand Prix,17,2.418,AlphaTauri,Yuki Tsunoda,20,0.8461538461538461,0.85,13.0,0.0801781737193764,6.0,0.24383164005805516,1.8,7.6,-0.4,0.0,2.59075,0.0,0.08333333333333333,0.0,0,0,0
2021,15,Russian Grand Prix,4,2.057,Mercedes,Lewis Hamilton,1,0.9722222222222222,0.9315068493150684,2.0,0.977924944812362,1.0,1.0,-3.2,22.9,-3.0,0.0,-5.092875,226.2362,0.0410958904109589,0.013888888888888888,0,1,1
2021,15,Russian Grand Prix,20,3.872,Red Bull,Max Verstappen,2,0.8082191780821918,0.815068493150685,1.0,1.0,2.0,0.9503448275862069,-7.8,10.7,-3.0,0.0,-6.667333333333333,23.8666,0.1095890410958904,0.0958904109589041,0,1,1
2021,15,Russian Grand Prix,2,0.517,Ferrari,Carlos Sainz,3,0.8767123287671232,0.8698630136986302,7.0,0.4304635761589404,4.0,0.5558620689655173,3.6,15.9,-1.0,0.0,-0.9127000000000001,230.20429999999996,0.06164383561643835,0.0547945205479452,0,1,1
2021,15,Russian Grand Prix,5,2.163,McLaren,Daniel Ricciardo,4,0.7945205479452055,0.821917808219178,8.0,0.36644591611479027,3.0,0.593103448275862,1.0,14.6,-0.4,0.0,-2.8435,229.1243,0.10273972602739725,0.0410958904109589,0,0,1
2021,15,Russian Grand Prix,7,2.717,Mercedes,Valtteri Bottas,5,0.8904109589041096,0.9315068493150684,3.0,0.6225165562913907,1.0,1.0,-4.0,22.9,-1.0,0.0,0.322,226.2362,0.0410958904109589,0.0410958904109589,0,1,1
2021,15,Russian Grand Prix,6,2.211,Alpine F1 Team,Fernando Alonso,6,0.7428571428571429,0.8928571428571429,10.0,0.22075055187637968,5.0,0.2620689655172414,4.0,12.6,0.2,0.0,0.30260000000000004,230.3681,0.07142857142857142,0.05714285714285714,0,1,1
2021,15,Russian Grand Prix,1,0.0,McLaren,Lando Norris,7,0.8461538461538461,0.821917808219178,4.0,0.5827814569536424,3.0,0.593103448275862,-1.2,14.6,0.6,0.0,1.8015,229.1243,0.10273972602739725,0.057692307692307696,0,1,1
2021,15,Russian Grand Prix,16,7.593,Alfa Romeo,Kimi Räikkönen,8,0.8873239436619719,0.912621359223301,17.0,0.008830022075055188,9.0,0.008275862068965517,2.8,0.2,0.2,0.0,3.7632,230.63330000000002,0.02912621359223301,0.028169014084507043,0,0,0
2021,15,Russian Grand Prix,9,3.344,Red Bull,Sergio Pérez,9,0.9014084507042254,0.815068493150685,5.0,0.5209713024282561,2.0,0.9503448275862069,-4.8,10.7,1.4,0.0,4.79125,23.8666,0.1095890410958904,0.028169014084507043,0,1,1
2021,15,Russian Grand Prix,3,0.99,Williams,George Russell,10,0.8076923076923077,0.8424657534246576,15.0,0.06622516556291391,8.0,0.060689655172413794,1.0,4.4,1.6,0.0,-3.882,230.1184,0.0821917808219178,0.07692307692307693,0,1,1
2021,15,Russian Grand Prix,8,2.963,Aston Martin,Lance Stroll,11,0.8194444444444444,0.7857142857142857,13.0,0.10596026490066225,7.0,0.16275862068965516,0.0,3.0,1.6,0.0,4.107875,229.5352000000001,0.03571428571428571,0.09722222222222222,0,1,1
2021,15,Russian Grand Prix,11,4.58,Aston Martin,Sebastian Vettel,12,0.863013698630137,0.7857142857142857,12.0,0.1545253863134658,7.0,0.16275862068965516,-3.2,3.0,1.6,0.0,-3.4035,229.5352000000001,0.03571428571428571,0.0547945205479452,0,0,1
2021,15,Russian Grand Prix,12,4.648,AlphaTauri,Pierre Gasly,13,0.8082191780821918,0.8225806451612903,9.0,0.2913907284768212,6.0,0.2317241379310345,-2.4,7.2,-2.0,0.0,-2.37125,26.313599999999997,0.11290322580645161,0.0684931506849315,0,1,0
2021,15,Russian Grand Prix,10,3.872,Alpine F1 Team,Esteban Ocon,14,0.7692307692307692,0.8928571428571429,11.0,0.1986754966887417,5.0,0.2620689655172414,3.2,12.6,1.4,0.0,-1.4035,230.3681,0.07142857142857142,0.07692307692307693,0,1,1
2021,15,Russian Grand Prix,15,6.477,Ferrari,Charles Leclerc,15,0.7945205479452055,0.8698630136986302,6.0,0.45916114790286977,4.0,0.5558620689655173,-0.4,15.9,0.0,0.0,-1.95625,230.20429999999996,0.06164383561643835,0.136986301369863,0,1,1
2021,15,Russian Grand Prix,18,9.03,Alfa Romeo,Antonio Giovinazzi,16,0.9019607843137255,0.912621359223301,18.0,0.004415011037527594,9.0,0.008275862068965517,-1.0,0.2,-0.8,0.0,1.3774000000000002,230.63330000000002,0.02912621359223301,0.0784313725490196,0,0,0
2021,15,Russian Grand Prix,13,4.758,AlphaTauri,Yuki Tsunoda,17,0.7857142857142857,0.8225806451612903,14.0,0.07947019867549669,6.0,0.2317241379310345,2.2,7.2,0.4,0.0,3.3915,26.313599999999997,0.11290322580645161,0.0,0,0,0
2021,15,Russian Grand Prix,19,11.771,Haas F1 Team,Nikita Mazepin,18,0.7142857142857143,0.7724137931034483,21.0,0.0,10.0,0.0,3.0,0.0,0.6,0.0,7.9545,232.2543,0.08275862068965517,0.14285714285714285,0,0,1
2021,15,Russian Grand Prix,14,6.259,Williams,Nicholas Latifi,19,0.8387096774193549,0.8424657534246576,16.0,0.03090507726269316,8.0,0.060689655172413794,4.2,4.4,0.6,0.0,-0.2072,230.1184,0.0821917808219178,0.0967741935483871,0,0,1
2021,15,Russian Grand Prix,17,7.837,Haas F1 Team,Mick Schumacher,20,1.0,0.7724137931034483,19.0,0.0,10.0,0.0,3.0,0.0,0.4,0.0,3.4618,232.2543,0.08275862068965517,0.0,0,0,1
2021,16,Turkish Grand Prix,2,0.13,Mercedes,Valtteri Bottas,1,0.8918918918918919,0.9324324324324325,3.0,0.6125760649087221,1.0,1.0,-3.6,21.9,0.4,0.0,0.6365,228.0034,0.04054054054054054,0.04054054054054054,0,1,1
2021,16,Turkish Grand Prix,3,0.328,Red Bull,Max Verstappen,2,0.8108108108108107,0.8175675675675675,2.0,0.9918864097363083,2.0,0.9169811320754717,-0.6,14.7,7.2,0.0,-5.04225,25.9524,0.10810810810810811,0.0945945945945946,0,1,1
2021,16,Turkish Grand Prix,7,0.838,Red Bull,Sergio Pérez,3,0.9027777777777778,0.8175675675675675,5.0,0.486815415821501,2.0,0.9169811320754717,-2.6,14.7,2.2,0.0,4.76125,25.9524,0.10810810810810811,0.027777777777777776,0,1,1
2021,16,Turkish Grand Prix,4,0.397,Ferrari,Charles Leclerc,4,0.7972972972972973,0.8716216216216216,7.0,0.42190669371196754,4.0,0.5446540880503145,-0.8,13.7,-0.4,0.0,-1.824125,232.20329999999998,0.060810810810810814,0.13513513513513514,0,1,1
2021,16,Turkish Grand Prix,1,0.0,Mercedes,Lewis Hamilton,5,0.9726027397260274,0.9324324324324325,1.0,1.0,1.0,1.0,-2.6,21.9,0.6,0.0,-4.836625,228.0034,0.04054054054054054,0.0136986301369863,0,1,1
2021,16,Turkish Grand Prix,5,0.458,AlphaTauri,Pierre Gasly,6,0.8108108108108107,0.828125,9.0,0.26774847870182555,6.0,0.21132075471698114,-2.8,7.0,-0.4,0.0,-2.25275,28.261200000000002,0.109375,0.06756756756756757,0,1,0
2021,16,Turkish Grand Prix,8,1.086,McLaren,Lando Norris,7,0.8490566037735849,0.8243243243243243,4.0,0.563894523326572,3.0,0.5886792452830188,-2.8,14.0,-1.6,0.0,1.85575,230.7304,0.10135135135135136,0.05660377358490566,0,1,1
2021,16,Turkish Grand Prix,15,2.309,Ferrari,Carlos Sainz,8,0.8783783783783784,0.8716216216216216,6.0,0.4563894523326572,4.0,0.5446540880503145,2.8,13.7,-0.8,0.0,-0.7932,232.20329999999998,0.060810810810810814,0.05405405405405406,0,1,1
2021,16,Turkish Grand Prix,9,1.437,Aston Martin,Lance Stroll,9,0.821917808219178,0.8,13.0,0.0973630831643002,7.0,0.14842767295597484,-2.0,2.2,-2.0,0.0,4.0745,231.52440000000007,0.03333333333333333,0.0958904109589041,0,1,1
2021,16,Turkish Grand Prix,12,1.974,Alpine F1 Team,Esteban Ocon,10,0.7735849056603774,0.9,11.0,0.18255578093306288,5.0,0.2591194968553459,1.6,12.6,-1.6,0.0,-1.4105,231.9214,0.06666666666666667,0.07547169811320754,0,1,1
2021,16,Turkish Grand Prix,18,3.562,Alfa Romeo,Antonio Giovinazzi,11,0.9038461538461539,0.9142857142857143,18.0,0.004056795131845842,9.0,0.01761006289308176,-0.8,1.0,0.2,0.0,1.417,232.2774,0.02857142857142857,0.07692307692307693,0,0,0
2021,16,Turkish Grand Prix,19,4.657,Alfa Romeo,Kimi Räikkönen,12,0.8888888888888888,0.9142857142857143,17.0,0.02434077079107505,9.0,0.01761006289308176,3.0,1.0,0.2,0.0,3.6368,232.2774,0.02857142857142857,0.027777777777777776,0,0,0
2021,16,Turkish Grand Prix,16,3.013,McLaren,Daniel Ricciardo,13,0.7972972972972973,0.8243243243243243,8.0,0.385395537525355,3.0,0.5886792452830188,0.8,14.0,-0.2,0.0,-2.7272,230.7304,0.10135135135135136,0.04054054054054054,0,0,1
2021,16,Turkish Grand Prix,10,1.186,AlphaTauri,Yuki Tsunoda,14,0.8,0.828125,14.0,0.07302231237322515,6.0,0.21132075471698114,0.2,7.0,-2.0,0.0,3.253,28.261200000000002,0.109375,0.0,0,0,0
2021,16,Turkish Grand Prix,13,2.139,Williams,George Russell,15,0.8113207547169812,0.8378378378378378,15.0,0.06490872210953347,8.0,0.05786163522012579,0.4,4.6,-0.6,0.0,-3.90675,231.9756,0.08108108108108109,0.07547169811320754,0,1,1
2021,16,Turkish Grand Prix,6,0.609,Alpine F1 Team,Fernando Alonso,16,0.75,0.9,10.0,0.23529411764705882,5.0,0.2591194968553459,3.2,12.6,-0.8,0.0,0.2503,231.9214,0.06666666666666667,0.05555555555555555,0,1,1
2021,16,Turkish Grand Prix,17,3.218,Williams,Nicholas Latifi,17,0.8125,0.8378378378378378,16.0,0.028397565922920892,8.0,0.05786163522012579,2.4,4.6,-1.8,-0.5714285714285712,-0.31675,231.9756,0.08108108108108109,0.125,0,0,1
2021,16,Turkish Grand Prix,11,1.927,Aston Martin,Sebastian Vettel,18,0.8648648648648649,0.8,12.0,0.14198782961460446,7.0,0.14842767295597484,-1.6,2.2,1.6,0.9922480620155039,-2.602125,231.52440000000007,0.03333333333333333,0.05405405405405406,0,0,1
2021,16,Turkish Grand Prix,14,2.332,Haas F1 Team,Mick Schumacher,19,0.9285714285714286,0.7687074829931972,19.0,0.0,10.0,0.0,2.2,0.0,-0.8,-2.6590909090909083,3.75475,233.7817,0.08843537414965986,0.0,0,0,1
2021,16,Turkish Grand Prix,20,5.581,Haas F1 Team,Nikita Mazepin,20,0.7333333333333334,0.7687074829931972,21.0,0.0,10.0,0.0,2.6,0.0,-0.4,1.9000000000000004,7.7415,233.7817,0.08843537414965986,0.13333333333333333,0,0,1
2021,17,United States Grand Prix,1,0.0,Red Bull,Max Verstappen,1,0.8133333333333334,0.8200000000000001,1.0,1.0,2.0,0.916955017301038,0.8,20.9,1.4,3.2608695652173907,-5.328875,24.7455,0.10666666666666667,0.09333333333333334,0,1,1
2021,17,United States Grand Prix,2,0.209,Mercedes,Lewis Hamilton,2,0.972972972972973,0.9333333333333333,2.0,0.9771428571428571,1.0,1.0,-3.2,25.5,-0.6,-6.3936170212765955,-4.572875,23.7038,0.04,0.013513513513513514,0,1,1
2021,17,United States Grand Prix,3,0.224,Red Bull,Sergio Pérez,3,0.904109589041096,0.8200000000000001,5.0,0.5142857142857142,2.0,0.916955017301038,0.8,20.9,3.4,-2.9375,3.6853000000000002,24.7455,0.10666666666666667,0.0273972602739726,0,1,1
2021,17,United States Grand Prix,5,0.696,Ferrari,Charles Leclerc,4,0.8,0.8733333333333333,7.0,0.4419047619047619,4.0,0.5363321799307958,1.4,13.9,2.2,3.979591836734693,-1.6067,28.879200000000004,0.06,0.13333333333333333,0,1,1
2021,17,United States Grand Prix,7,0.898,McLaren,Daniel Ricciardo,5,0.8,0.8266666666666667,8.0,0.3619047619047619,3.0,0.5536332179930796,1.4,15.2,0.6,0.0,-2.8142,27.0584,0.1,0.04,0,0,1
2021,17,United States Grand Prix,4,0.565,Mercedes,Valtteri Bottas,6,0.8933333333333333,0.9333333333333333,3.0,0.6742857142857143,1.0,1.0,-0.6,25.5,3.0,-4.696078431372548,0.26530000000000004,23.7038,0.04,0.04,0,1,1
2021,17,United States Grand Prix,6,0.882,Ferrari,Carlos Sainz,7,0.88,0.8733333333333333,6.0,0.4438095238095238,4.0,0.5363321799307958,1.8,13.9,-1.0,0.0,-0.6822,28.879200000000004,0.06,0.05333333333333334,0,1,1
2021,17,United States Grand Prix,8,0.97,McLaren,Lando Norris,8,0.8518518518518519,0.8266666666666667,4.0,0.5523809523809524,3.0,0.5536332179930796,-0.8,15.2,2.0,0.0,1.3907,27.0584,0.1,0.05555555555555555,0,1,1
2021,17,United States Grand Prix,10,2.008,AlphaTauri,Yuki Tsunoda,9,0.8125,0.8333333333333334,14.0,0.06857142857142857,6.0,0.2122260668973472,-2.6,4.8,-2.8,0.0,3.3883333333333336,29.154200000000003,0.10606060606060606,0.0,0,0,0
2021,17,United States Grand Prix,12,2.371,Aston Martin,Sebastian Vettel,10,0.8666666666666667,0.8125,12.0,0.13333333333333333,7.0,0.14071510957324107,-1.0,2.6,0.6,0.0,-2.0559000000000003,27.883699999999997,0.03125,0.05333333333333334,0,0,1
2021,17,United States Grand Prix,13,2.884,Alfa Romeo,Antonio Giovinazzi,11,0.9056603773584906,0.9158878504672897,18.0,0.0038095238095238095,9.0,0.016147635524798153,0.4,0.8,1.2,-4.375,1.4436,27.796699999999998,0.028037383177570093,0.07547169811320754,0,0,0
2021,17,United States Grand Prix,16,3.073,Aston Martin,Lance Stroll,12,0.8243243243243243,0.8125,13.0,0.09904761904761905,7.0,0.14071510957324107,-0.6,2.6,1.4,-1.7719298245614041,3.2166,27.883699999999997,0.03125,0.0945945945945946,0,1,1
2021,17,United States Grand Prix,18,3.401,Alfa Romeo,Kimi Räikkönen,13,0.8904109589041096,0.9158878504672897,17.0,0.022857142857142857,9.0,0.016147635524798153,4.2,0.8,1.2,-1.4655172413793096,3.658,27.796699999999998,0.028037383177570093,0.0273972602739726,0,0,0
2021,17,United States Grand Prix,15,2.836,Williams,George Russell,14,0.8148148148148149,0.84,15.0,0.06095238095238095,8.0,0.0530565167243368,-1.8,2.6,-2.2,-1.0423728813559325,-3.78125,26.705599999999997,0.08,0.07407407407407407,0,1,1
2021,17,United States Grand Prix,17,3.085,Williams,Nicholas Latifi,15,0.8181818181818181,0.84,16.0,0.02666666666666667,8.0,0.0530565167243368,0.2,2.6,-2.2,0.0,-0.320375,26.705599999999997,0.08,0.12121212121212122,0,0,1
2021,17,United States Grand Prix,19,3.589,Haas F1 Team,Mick Schumacher,16,0.9333333333333333,0.7718120805369127,19.0,0.0,10.0,0.0,-0.4,0.0,-2.6,-1.8278688524590159,3.997375,28.0491,0.087248322147651,0.0,0,0,1
2021,17,United States Grand Prix,20,3.886,Haas F1 Team,Nikita Mazepin,17,0.75,0.7718120805369127,21.0,0.0,10.0,0.0,1.6,0.0,-1.0,0.0,6.008666666666667,28.0491,0.087248322147651,0.125,0,0,1
2021,17,United States Grand Prix,14,2.846,Alpine F1 Team,Fernando Alonso,18,0.7567567567567568,0.90625,10.0,0.22095238095238096,5.0,0.23990772779700115,0.2,5.4,-3.0,0.0,0.5137999999999999,28.9123,0.0625,0.05405405405405406,0,1,1
2021,17,United States Grand Prix,11,2.467,Alpine F1 Team,Esteban Ocon,19,0.7777777777777778,0.90625,11.0,0.17523809523809525,5.0,0.23990772779700115,0.6,5.4,-1.0,-3.979166666666666,-1.1762000000000001,28.9123,0.0625,0.07407407407407407,0,1,1
2021,17,United States Grand Prix,9,1.208,AlphaTauri,Pierre Gasly,20,0.8133333333333334,0.8333333333333334,9.0,0.2819047619047619,6.0,0.2122260668973472,-3.0,4.8,-0.2,0.1307692307692303,-2.301625,29.154200000000003,0.10606060606060606,0.06666666666666667,0,1,0
2021,18,Mexico City Grand Prix,3,0.35,Red Bull,Max Verstappen,1,0.8157894736842105,0.8223684210526316,1.0,1.0,2.0,0.9500542888165038,0.8,26.4,0.0,-0.46969696969696884,-1.226375,25.0096,0.10526315789473684,0.09210526315789473,0,1,1
2021,18,Mexico City Grand Prix,2,0.145,Mercedes,Lewis Hamilton,2,0.9733333333333334,0.9342105263157895,2.0,0.9582608695652174,1.0,1.0,-3.2,29.4,0.0,1.477611940298507,-1.068,24.1911,0.039473684210526314,0.013333333333333334,0,1,1
2021,18,Mexico City Grand Prix,4,0.467,Red Bull,Sergio Pérez,3,0.9054054054054054,0.8223684210526316,4.0,0.5217391304347826,2.0,0.9500542888165038,3.2,26.4,2.4,3.4264705882352935,-0.5581,25.0096,0.10526315789473684,0.02702702702702703,0,1,1
2021,18,Mexico City Grand Prix,5,0.581,AlphaTauri,Pierre Gasly,4,0.8026315789473684,0.8235294117647058,9.0,0.2573913043478261,6.0,0.20412595005428882,-5.2,4.4,-2.2,-0.27173913043478315,-0.33516666666666667,28.0764,0.11764705882352941,0.06578947368421052,0,1,0
2021,18,Mexico City Grand Prix,8,0.873,Ferrari,Charles Leclerc,5,0.8026315789473684,0.875,6.0,0.44521739130434784,4.0,0.5439739413680782,1.0,17.0,-0.4,-1.942857142857143,-0.7248,25.1036,0.05921052631578947,0.13157894736842105,0,1,1
2021,18,Mexico City Grand Prix,6,0.886,Ferrari,Carlos Sainz,6,0.881578947368421,0.875,7.0,0.4260869565217391,4.0,0.5439739413680782,1.0,17.0,-0.8,-3.507042253521126,-0.3703,25.1036,0.05921052631578947,0.05263157894736842,0,1,1
2021,18,Mexico City Grand Prix,11,1.627,Aston Martin,Sebastian Vettel,7,0.868421052631579,0.8235294117647058,12.0,0.12521739130434784,7.0,0.13463626492942454,-0.6,1.8,0.4,-1.2083333333333321,0.16040000000000001,24.474899999999998,0.029411764705882353,0.05263157894736842,0,0,1
2021,18,Mexico City Grand Prix,12,1.731,Alfa Romeo,Kimi Räikkönen,8,0.8918918918918919,0.9174311926605505,17.0,0.020869565217391306,9.0,0.01520086862106406,4.8,0.8,0.6,0.0,3.6826999999999996,25.5148,0.027522935779816515,0.02702702702702703,0,0,0
2021,18,Mexico City Grand Prix,16,2.577,Alpine F1 Team,Fernando Alonso,9,0.736842105263158,0.8529411764705882,10.0,0.20173913043478262,5.0,0.2258414766558089,-1.2,4.8,-1.4,4.072072072072073,0.08925,26.016699999999997,0.08823529411764706,0.05263157894736842,0,1,1
2021,18,Mexico City Grand Prix,10,1.598,McLaren,Lando Norris,10,0.8545454545454545,0.8289473684210527,5.0,0.5182608695652174,3.0,0.5515743756786102,0.0,16.8,0.8,3.873333333333333,-0.4997,24.6386,0.09868421052631579,0.05454545454545454,0,1,1
2021,18,Mexico City Grand Prix,14,2.022,Alfa Romeo,Antonio Giovinazzi,11,0.9074074074074074,0.9174311926605505,18.0,0.0034782608695652175,9.0,0.01520086862106406,0.2,0.8,-0.2,3.8947368421052637,0.42369999999999997,25.5148,0.027522935779816515,0.07407407407407407,0,0,0
2021,18,Mexico City Grand Prix,7,0.888,McLaren,Daniel Ricciardo,12,0.8026315789473684,0.8289473684210527,8.0,0.3652173913043478,3.0,0.5515743756786102,1.8,16.8,0.4,5.3896103896103895,-0.1921,24.6386,0.09868421052631579,0.039473684210526314,0,0,1
2021,18,Mexico City Grand Prix,15,2.251,Alpine F1 Team,Esteban Ocon,13,0.7636363636363637,0.8529411764705882,11.0,0.16,5.0,0.2258414766558089,-1.4,4.8,-2.0,1.448717948717949,0.2295,26.016699999999997,0.08823529411764706,0.07272727272727272,0,1,1
2021,18,Mexico City Grand Prix,20,4.998,Aston Martin,Lance Stroll,14,0.8266666666666667,0.8235294117647058,13.0,0.09043478260869565,7.0,0.13463626492942454,1.2,1.8,1.8,-3.594936708860759,0.2567,24.474899999999998,0.029411764705882353,0.09333333333333334,0,1,1
2021,18,Mexico City Grand Prix,1,0.0,Mercedes,Valtteri Bottas,15,0.8947368421052632,0.9342105263157895,3.0,0.6434782608695652,1.0,1.0,-0.2,29.4,0.4,0.33750000000000036,-0.7586,24.1911,0.039473684210526314,0.039473684210526314,0,1,1
2021,18,Mexico City Grand Prix,13,2.083,Williams,George Russell,16,0.8181818181818181,0.8421052631578947,15.0,0.05565217391304348,8.0,0.0499457111834962,-1.6,0.6,0.2,-2.703703703703704,0.608625,24.7234,0.07894736842105263,0.07272727272727272,0,1,1
2021,18,Mexico City Grand Prix,17,2.881,Williams,Nicholas Latifi,17,0.8235294117647058,0.8421052631578947,16.0,0.02434782608695652,8.0,0.0499457111834962,0.0,0.6,-0.2,0.0,0.7465,24.7234,0.07894736842105263,0.11764705882352941,0,0,1
2021,18,Mexico City Grand Prix,19,3.428,Haas F1 Team,Nikita Mazepin,18,0.7647058823529411,0.7748344370860927,21.0,0.0,10.0,0.0,1.6,0.0,0.0,-1.3172690763052195,2.5066666666666664,25.545099999999998,0.08609271523178808,0.11764705882352941,0,0,1
2021,18,Mexico City Grand Prix,18,2.983,Haas F1 Team,Mick Schumacher,19,0.9375,0.7748344370860927,19.0,0.0,10.0,0.0,-0.2,0.0,0.2,0.6428571428571441,1.6305,25.545099999999998,0.08609271523178808,0.0,0,0,1
2021,18,Mexico City Grand Prix,9,0.826,AlphaTauri,Yuki Tsunoda,20,0.8235294117647058,0.8235294117647058,14.0,0.06956521739130435,6.0,0.20412595005428882,-2.8,4.4,-0.2,0.0,0.15716666666666665,28.0764,0.11764705882352941,0.0,0,0,0
2021,19,São Paulo Grand Prix,1,0.0,Mercedes,Lewis Hamilton,1,0.9736842105263158,0.935064935064935,2.0,0.9392,1.0,1.0,-3.2,26.2,0.0,2.0271317829457356,-0.9325,24.886699999999998,0.03896103896103896,0.013157894736842105,0,1,1
2021,19,São Paulo Grand Prix,2,0.438,Red Bull,Max Verstappen,2,0.8181818181818181,0.8246753246753247,1.0,1.0,2.0,0.9979101358411703,1.2,28.6,0.4,-2.4511494252873565,-1.086125,25.6398,0.1038961038961039,0.09090909090909091,0,1,1
2021,19,São Paulo Grand Prix,3,0.492,Mercedes,Valtteri Bottas,3,0.8961038961038961,0.935064935064935,3.0,0.592,1.0,1.0,-3.0,26.2,-2.8,1.916666666666666,-0.36260000000000003,24.886699999999998,0.03896103896103896,0.03896103896103896,0,1,1
2021,19,São Paulo Grand Prix,4,0.549,Red Bull,Sergio Pérez,4,0.9066666666666666,0.8246753246753247,4.0,0.528,2.0,0.9979101358411703,1.8,28.6,-1.4,-1.5865168539325847,-0.7119,25.6398,0.1038961038961039,0.02666666666666667,0,1,1
2021,19,São Paulo Grand Prix,7,0.925,Ferrari,Charles Leclerc,5,0.8051948051948052,0.8766233766233766,6.0,0.4416,3.0,0.5611285266457681,1.6,17.4,0.6,1.7666666666666657,-0.7283999999999999,25.5335,0.05844155844155844,0.12987012987012986,0,1,1
2021,19,São Paulo Grand Prix,6,0.892,Ferrari,Carlos Sainz,6,0.8831168831168831,0.8766233766233766,7.0,0.4176,3.0,0.5611285266457681,1.2,17.4,0.2,-2.3901098901098905,-0.38989999999999997,25.5335,0.05844155844155844,0.05194805194805195,0,1,1
2021,19,São Paulo Grand Prix,5,0.843,AlphaTauri,Pierre Gasly,7,0.8051948051948052,0.8142857142857143,9.0,0.2752,6.0,0.22152560083594566,-5.0,4.4,0.2,-0.6739130434782616,-0.41283333333333333,24.6184,0.11428571428571428,0.06493506493506493,0,1,0
2021,19,São Paulo Grand Prix,11,1.255,Alpine F1 Team,Esteban Ocon,8,0.7678571428571428,0.8611111111111112,11.0,0.1472,5.0,0.22152560083594566,-0.8,3.2,0.6,0.0,0.3935,26.899400000000004,0.08333333333333333,0.07142857142857142,0,1,1
2021,19,São Paulo Grand Prix,10,1.179,Alpine F1 Team,Fernando Alonso,9,0.7435897435897436,0.8611111111111112,10.0,0.192,5.0,0.22152560083594566,-0.4,3.2,0.8,3.292553191489361,0.120875,26.899400000000004,0.08333333333333333,0.05128205128205128,0,1,1
2021,19,São Paulo Grand Prix,8,1.046,McLaren,Lando Norris,10,0.8571428571428572,0.8311688311688312,5.0,0.48,4.0,0.5329153605015674,-0.6,16.8,-0.6,1.666666666666666,-0.4631,25.212,0.09740259740259741,0.05357142857142857,0,1,1
2021,19,São Paulo Grand Prix,12,1.465,Aston Martin,Sebastian Vettel,11,0.8701298701298701,0.8333333333333334,12.0,0.1344,7.0,0.14211076280041798,-0.6,3.0,0.0,2.3749999999999982,0.0421,25.4559,0.027777777777777776,0.05194805194805195,0,0,1
2021,19,São Paulo Grand Prix,14,1.569,Alfa Romeo,Kimi Räikkönen,12,0.8933333333333333,0.9189189189189189,16.0,0.032,9.0,0.022988505747126436,5.0,1.6,0.2,0.0,3.6468000000000003,26.036099999999998,0.02702702702702703,0.02666666666666667,0,0,0
2021,19,São Paulo Grand Prix,18,2.019,Williams,George Russell,13,0.8214285714285714,0.8441558441558441,15.0,0.0512,8.0,0.04806687565308255,-1.0,0.6,0.6,1.6972789115646254,0.7189,25.142000000000003,0.07792207792207792,0.07142857142857142,0,1,1
2021,19,São Paulo Grand Prix,15,1.408,Alfa Romeo,Antonio Giovinazzi,14,0.9090909090909091,0.9189189189189189,18.0,0.0032,9.0,0.022988505747126436,2.2,1.6,2.0,1.6969696969696972,0.4481,26.036099999999998,0.02702702702702703,0.07272727272727272,0,0,0
2021,19,São Paulo Grand Prix,13,1.416,AlphaTauri,Yuki Tsunoda,15,0.7777777777777778,0.8142857142857143,14.0,0.064,6.0,0.22152560083594566,-4.2,4.4,-1.4,-1.0199999999999996,0.15716666666666665,24.6184,0.11428571428571428,0.05555555555555555,0,0,0
2021,19,São Paulo Grand Prix,17,1.963,Williams,Nicholas Latifi,16,0.8285714285714285,0.8441558441558441,17.0,0.0224,8.0,0.04806687565308255,0.4,0.6,0.4,0.0,0.814625,25.142000000000003,0.07792207792207792,0.11428571428571428,0,0,1
2021,19,São Paulo Grand Prix,20,2.655,Haas F1 Team,Nikita Mazepin,17,0.7777777777777778,0.7712418300653595,21.0,0.0,10.0,0.0,1.8,0.0,0.2,0.7009803921568629,2.4985,25.5026,0.08496732026143791,0.1111111111111111,0,0,1
2021,19,São Paulo Grand Prix,19,2.395,Haas F1 Team,Mick Schumacher,18,0.8823529411764706,0.7712418300653595,19.0,0.0,10.0,0.0,-0.6,0.0,-0.4,-2.773462783171521,1.731,25.5026,0.08496732026143791,0.058823529411764705,0,0,1
2021,19,São Paulo Grand Prix,9,1.105,McLaren,Daniel Ricciardo,19,0.8051948051948052,0.8311688311688312,8.0,0.336,4.0,0.5329153605015674,1.0,16.8,-0.8,-4.586538461538462,-0.16540000000000002,25.212,0.09740259740259741,0.03896103896103896,0,0,1
2021,19,São Paulo Grand Prix,16,1.729,Aston Martin,Lance Stroll,20,0.8289473684210527,0.8333333333333334,13.0,0.0832,7.0,0.14211076280041798,2.4,3.0,1.2,-0.5666666666666664,0.26189999999999997,25.4559,0.027777777777777776,0.09210526315789473,0,1,1
2021,20,Qatar Grand Prix,1,0.0,Mercedes,Lewis Hamilton,1,0.974025974025974,0.9358974358974359,2.0,0.9578947368421052,1.0,1.0,-0.2,31.2,3.0,1.9716981132075464,-1.154,24.026400000000002,0.038461538461538464,0.012987012987012988,0,1,1
2021,20,Qatar Grand Prix,2,0.455,Red Bull,Max Verstappen,2,0.8205128205128205,0.8269230769230769,1.0,1.0,2.0,0.9789069990412272,4.2,32.8,3.0,-2.518691588785046,-1.1309,24.5348,0.10256410256410256,0.08974358974358974,0,1,1
2021,20,Qatar Grand Prix,5,0.843,Alpine F1 Team,Fernando Alonso,3,0.75,0.868421052631579,10.0,0.18646616541353384,5.0,0.21476510067114093,-1.2,3.4,-0.8,-1.0370370370370363,0.085125,25.096700000000002,0.07894736842105263,0.05,0,1,1
2021,20,Qatar Grand Prix,11,1.519,Red Bull,Sergio Pérez,4,0.9078947368421053,0.8269230769230769,4.0,0.5353383458646617,2.0,0.9789069990412272,1.0,32.8,-0.8,-0.5825688073394488,-0.9761,24.5348,0.10256410256410256,0.02631578947368421,0,1,1
2021,20,Qatar Grand Prix,9,1.185,Alpine F1 Team,Esteban Ocon,5,0.7719298245614035,0.868421052631579,11.0,0.15037593984962405,5.0,0.21476510067114093,-1.0,3.4,-0.2,2.4363636363636356,0.354875,25.096700000000002,0.07894736842105263,0.07017543859649122,0,1,1
2021,20,Qatar Grand Prix,12,1.633,Aston Martin,Lance Stroll,6,0.8181818181818181,0.8157894736842105,13.0,0.07819548872180451,7.0,0.13039309683604985,0.6,1.8,-1.8,1.8828828828828836,0.260125,24.0459,0.02631578947368421,0.1038961038961039,0,1,1
2021,20,Qatar Grand Prix,7,1.013,Ferrari,Carlos Sainz,7,0.8846153846153846,0.8782051282051282,7.0,0.4195488721804511,3.0,0.551294343240652,1.0,17.0,-0.2,-1.4982142857142868,-0.5327000000000001,24.7622,0.057692307692307696,0.05128205128205128,0,1,1
2021,20,Qatar Grand Prix,13,1.636,Ferrari,Charles Leclerc,8,0.8076923076923077,0.8782051282051282,6.0,0.44511278195488724,3.0,0.551294343240652,1.2,17.0,-0.4,-0.9572271386430682,-0.783,24.7622,0.057692307692307696,0.1282051282051282,0,1,1
2021,20,Qatar Grand Prix,6,0.904,McLaren,Lando Norris,9,0.8596491228070176,0.8269230769230769,5.0,0.45413533834586467,4.0,0.49089165867689355,-1.4,8.2,-0.8,2.0964912280701764,-0.29469999999999996,24.3048,0.10256410256410256,0.05263157894736842,0,1,1
2021,20,Qatar Grand Prix,10,1.319,Aston Martin,Sebastian Vettel,10,0.8717948717948718,0.8157894736842105,12.0,0.12631578947368421,7.0,0.13039309683604985,-0.2,1.8,0.4,-1.4521739130434792,-0.0198,24.0459,0.02631578947368421,0.05128205128205128,0,0,1
2021,20,Qatar Grand Prix,4,0.813,AlphaTauri,Pierre Gasly,11,0.8076923076923077,0.8194444444444444,9.0,0.27669172932330827,6.0,0.21476510067114093,-2.8,5.6,2.2,-0.46034482758620676,-0.448625,24.6049,0.1111111111111111,0.0641025641025641,0,1,0
2021,20,Qatar Grand Prix,14,1.77,McLaren,Daniel Ricciardo,12,0.7948717948717949,0.8269230769230769,8.0,0.3157894736842105,4.0,0.49089165867689355,-1.8,8.2,-2.8,1.4401709401709404,-0.022,24.3048,0.10256410256410256,0.038461538461538464,0,0,1
2021,20,Qatar Grand Prix,8,1.054,AlphaTauri,Yuki Tsunoda,13,0.7894736842105263,0.8194444444444444,14.0,0.06015037593984962,6.0,0.21476510067114093,-4.0,5.6,0.2,3.3067796610169484,0.271375,24.6049,0.1111111111111111,0.05263157894736842,0,0,0
2021,20,Qatar Grand Prix,16,2.329,Alfa Romeo,Kimi Räikkönen,14,0.8947368421052632,0.9203539823008849,16.0,0.03007518796992481,9.0,0.02109300095877277,5.2,1.6,0.2,0.1911764705882355,0.0993,24.068800000000003,0.02654867256637168,0.02631578947368421,0,0,0
2021,20,Qatar Grand Prix,18,2.435,Alfa Romeo,Antonio Giovinazzi,15,0.9107142857142857,0.9203539823008849,18.0,0.0030075187969924814,9.0,0.02109300095877277,3.0,1.6,0.8,1.1500000000000004,0.5594,24.068800000000003,0.02654867256637168,0.07142857142857142,0,0,0
2021,20,Qatar Grand Prix,19,2.58,Haas F1 Team,Mick Schumacher,16,0.8888888888888888,0.7741935483870968,19.0,0.0,10.0,0.0,-1.0,0.0,-0.4,2.4256198347107443,1.5393333333333332,24.742600000000003,0.08387096774193549,0.05555555555555555,0,0,1
2021,20,Qatar Grand Prix,15,1.929,Williams,George Russell,17,0.8245614035087719,0.8461538461538461,15.0,0.0481203007518797,8.0,0.04410354745925216,-1.2,0.2,-0.2,0.0,0.8189,24.6876,0.07692307692307693,0.07017543859649122,0,1,1
2021,20,Qatar Grand Prix,20,5.032,Haas F1 Team,Nikita Mazepin,18,0.7894736842105263,0.7741935483870968,21.0,0.0,10.0,0.0,1.6,0.0,-0.2,0.0,2.3731999999999998,24.742600000000003,0.08387096774193549,0.10526315789473684,0,0,1
2021,20,Qatar Grand Prix,17,2.386,Williams,Nicholas Latifi,19,0.8333333333333334,0.8461538461538461,17.0,0.021052631578947368,8.0,0.04410354745925216,-0.4,0.2,-0.8,1.8403225806451626,0.859875,24.6876,0.07692307692307693,0.1111111111111111,0,0,1
2021,20,Qatar Grand Prix,3,0.651,Mercedes,Valtteri Bottas,20,0.8974358974358975,0.9358974358974359,3.0,0.6105263157894737,1.0,1.0,-2.6,31.2,0.4,0.0,-0.6512,24.026400000000002,0.038461538461538464,0.038461538461538464,0,1,1
2021,21,Saudi Arabian Grand Prix,1,0.0,Mercedes,Lewis Hamilton,1,0.9743589743589743,0.930379746835443,2.0,0.9772403982930299,1.0,1.0,-0.8,29.2,-0.6,0.0,-1.5087000000000002,23.121199999999998,0.0379746835443038,0.01282051282051282,1,1,1
2021,21,Saudi Arabian Grand Prix,3,0.142,Red Bull,Max Verstappen,2,0.8227848101265822,0.8291139240506329,1.0,1.0,2.0,0.9908508691674291,0.6,35.0,-3.6,0.0,-1.5234,23.2856,0.10126582278481013,0.08860759493670886,1,1,1
2021,21,Saudi Arabian Grand Prix,2,0.111,Mercedes,Valtteri Bottas,3,0.8860759493670887,0.930379746835443,3.0,0.577524893314367,1.0,1.0,-6.4,29.2,-3.8,0.0,-0.8685,23.121199999999998,0.0379746835443038,0.0379746835443038,1,1,1
2021,21,Saudi Arabian Grand Prix,9,1.063,Alpine F1 Team,Esteban Ocon,4,0.7758620689655172,0.875,11.0,0.17069701280227595,5.0,0.2506861848124428,0.6,6.8,1.6,0.0,0.304,24.1616,0.075,0.06896551724137931,1,1,1
2021,21,Saudi Arabian Grand Prix,11,0.705,McLaren,Daniel Ricciardo,5,0.7974683544303798,0.8291139240506329,8.0,0.29871977240398295,4.0,0.47209515096065874,-1.6,4.8,0.2,0.0,0.14175,23.0486,0.10126582278481013,0.0379746835443038,1,0,1
2021,21,Saudi Arabian Grand Prix,6,0.614,AlphaTauri,Pierre Gasly,6,0.810126582278481,0.8243243243243243,9.0,0.26173541963015645,6.0,0.20494053064958828,-4.0,5.6,-1.2,0.0,-0.666375,23.587300000000003,0.10810810810810811,0.06329113924050633,1,1,0
2021,21,Saudi Arabian Grand Prix,4,0.543,Ferrari,Charles Leclerc,7,0.810126582278481,0.879746835443038,6.0,0.43243243243243246,3.0,0.5443732845379688,2.2,16.0,1.0,0.0,-0.5692,23.6496,0.056962025316455694,0.12658227848101267,1,1,1
2021,21,Saudi Arabian Grand Prix,15,0.726,Ferrari,Carlos Sainz,8,0.8860759493670887,0.879746835443038,7.0,0.4139402560455192,3.0,0.5443732845379688,1.2,16.0,0.2,0.0,-0.39380000000000004,23.6496,0.056962025316455694,0.05063291139240506,1,1,1
2021,21,Saudi Arabian Grand Prix,10,1.105,Alfa Romeo,Antonio Giovinazzi,9,0.9122807017543859,0.9217391304347826,18.0,0.002844950213371266,9.0,0.020128087831655993,3.2,0.8,0.2,0.0,0.4673,23.2075,0.02608695652173913,0.07017543859649122,1,0,0
2021,21,Saudi Arabian Grand Prix,7,0.669,McLaren,Lando Norris,10,0.8620689655172413,0.8291139240506329,5.0,0.4352773826458037,4.0,0.47209515096065874,-0.8,4.8,0.6,0.0,-0.1188,23.0486,0.10126582278481013,0.05172413793103448,1,1,1
2021,21,Saudi Arabian Grand Prix,18,1.857,Aston Martin,Lance Stroll,11,0.8205128205128205,0.825,13.0,0.09672830725462304,7.0,0.14089661482159194,2.4,3.6,1.8,0.0,0.125,22.9973,0.025,0.10256410256410256,1,1,1
2021,21,Saudi Arabian Grand Prix,16,1.666,Williams,Nicholas Latifi,12,0.8108108108108107,0.8417721518987342,17.0,0.01991465149359886,8.0,0.042086001829826164,0.2,0.0,0.6,0.0,0.859875,23.778799999999997,0.08227848101265822,0.10810810810810811,1,0,1
2021,21,Saudi Arabian Grand Prix,13,1.409,Alpine F1 Team,Fernando Alonso,13,0.7560975609756098,0.875,10.0,0.21906116642958748,5.0,0.2506861848124428,-0.8,6.8,0.4,0.0,-0.0235,24.1616,0.075,0.04878048780487805,1,1,1
2021,21,Saudi Arabian Grand Prix,8,0.711,AlphaTauri,Yuki Tsunoda,14,0.8,0.8243243243243243,14.0,0.05689900426742532,6.0,0.20494053064958828,-4.2,5.6,-0.2,0.0,0.328125,23.587300000000003,0.10810810810810811,0.05,1,0,0
2021,21,Saudi Arabian Grand Prix,12,1.345,Alfa Romeo,Kimi Räikkönen,15,0.8961038961038961,0.9217391304347826,16.0,0.02844950213371266,9.0,0.020128087831655993,4.0,0.8,-1.2,0.0,0.2353,23.2075,0.02608695652173913,0.025974025974025976,1,0,0
2021,21,Saudi Arabian Grand Prix,17,1.687,Aston Martin,Sebastian Vettel,16,0.8734177215189873,0.825,12.0,0.12233285917496443,7.0,0.14089661482159194,0.0,3.6,0.2,0.0,0.0036,22.9973,0.025,0.05063291139240506,1,0,1
2021,21,Saudi Arabian Grand Prix,5,0.435,Red Bull,Sergio Pérez,17,0.9090909090909091,0.8291139240506329,4.0,0.5405405405405406,2.0,0.9908508691674291,2.4,35.0,1.4,0.0,-1.1116,23.2856,0.10126582278481013,0.025974025974025976,1,1,1
2021,21,Saudi Arabian Grand Prix,20,2.962,Haas F1 Team,Nikita Mazepin,18,0.8,0.7770700636942676,21.0,0.0,10.0,0.0,1.8,0.0,0.2,0.0,2.4823000000000004,23.956799999999998,0.08280254777070063,0.1,1,0,1
2021,21,Saudi Arabian Grand Prix,14,1.415,Williams,George Russell,19,0.8275862068965517,0.8417721518987342,15.0,0.04551920341394026,8.0,0.042086001829826164,-0.2,0.0,1.0,0.0,0.8647999999999999,23.778799999999997,0.08227848101265822,0.06896551724137931,1,1,1
2021,21,Saudi Arabian Grand Prix,19,1.953,Haas F1 Team,Mick Schumacher,20,0.8947368421052632,0.7770700636942676,19.0,0.0,10.0,0.0,0.2,0.0,1.2,0.0,1.405125,23.956799999999998,0.08280254777070063,0.05263157894736842,1,0,1
2021,22,Abu Dhabi Grand Prix,1,0.0,Red Bull,Max Verstappen,1,0.825,0.825,1.0,1.0,2.0,0.9523404255319149,0.6,32.0,0.0,0.0,-1.7261,218.6945,0.1,0.0875,0,1,1
2021,22,Abu Dhabi Grand Prix,2,0.371,Mercedes,Lewis Hamilton,2,0.9746835443037974,0.93125,2.0,1.0,1.0,1.0,0.0,30.2,0.8,0.0,-1.817,217.7364,0.0375,0.012658227848101266,0,1,1
2021,22,Abu Dhabi Grand Prix,5,0.883,Ferrari,Carlos Sainz,3,0.8875,0.88125,7.0,0.40460081190798375,3.0,0.5234042553191489,1.2,14.8,0.0,0.0,-0.3568,219.37330000000003,0.05625,0.05,0,1,1
2021,22,Abu Dhabi Grand Prix,8,1.111,AlphaTauri,Yuki Tsunoda,4,0.8095238095238095,0.8289473684210527,14.0,0.05412719891745602,6.0,0.20425531914893616,-4.6,5.6,-0.4,0.0,0.259375,219.6048,0.10526315789473684,0.047619047619047616,0,0,0
2021,22,Abu Dhabi Grand Prix,12,1.38,AlphaTauri,Pierre Gasly,5,0.8125,0.8289473684210527,9.0,0.2706359945872801,6.0,0.20425531914893616,-3.8,5.6,0.2,0.0,-0.509375,219.6048,0.10526315789473684,0.0625,0,1,0
2021,22,Abu Dhabi Grand Prix,6,0.927,Mercedes,Valtteri Bottas,6,0.8875,0.93125,3.0,0.5899864682002707,1.0,1.0,-6.8,30.2,-0.4,0.0,-0.970125,217.7364,0.0375,0.0375,0,1,1
2021,22,Abu Dhabi Grand Prix,3,0.822,McLaren,Lando Norris,7,0.864406779661017,0.83125,6.0,0.4167794316644114,4.0,0.45787234042553193,-1.6,5.8,-0.8,0.0,-0.040600000000000004,221.8825,0.1,0.05084745762711865,0,1,1
2021,22,Abu Dhabi Grand Prix,11,1.351,Alpine F1 Team,Fernando Alonso,8,0.7619047619047619,0.8809523809523809,10.0,0.2083897158322057,5.0,0.25361702127659574,1.2,9.0,2.0,0.0,0.01525,220.036,0.07142857142857142,0.047619047619047616,0,1,1
2021,22,Abu Dhabi Grand Prix,9,1.28,Alpine F1 Team,Esteban Ocon,9,0.7796610169491526,0.8809523809523809,11.0,0.19485791610284167,5.0,0.25361702127659574,1.2,9.0,0.6,0.0,0.08075,220.036,0.07142857142857142,0.06779661016949153,0,1,1
2021,22,Abu Dhabi Grand Prix,7,1.013,Ferrari,Charles Leclerc,10,0.8125,0.88125,5.0,0.42760487144790255,3.0,0.5234042553191489,1.6,14.8,-0.6,0.0,-0.6515,219.37330000000003,0.05625,0.125,0,1,1
2021,22,Abu Dhabi Grand Prix,15,2.116,Aston Martin,Sebastian Vettel,11,0.8625,0.8095238095238095,12.0,0.11637347767253045,7.0,0.13106382978723405,1.6,3.2,1.6,0.0,-0.02775,222.48229999999998,0.023809523809523808,0.0625,0,0,1
2021,22,Abu Dhabi Grand Prix,10,1.3,McLaren,Daniel Ricciardo,12,0.8,0.83125,8.0,0.3112313937753721,4.0,0.45787234042553193,-1.0,5.8,0.6,0.0,-0.084125,221.8825,0.1,0.0375,0,0,1
2021,22,Abu Dhabi Grand Prix,13,1.952,Aston Martin,Lance Stroll,13,0.8227848101265822,0.8095238095238095,13.0,0.09201623815967523,7.0,0.13106382978723405,3.8,3.2,1.4,0.0,0.233125,222.48229999999998,0.023809523809523808,0.10126582278481013,0,1,1
2021,22,Abu Dhabi Grand Prix,19,2.797,Haas F1 Team,Mick Schumacher,14,0.85,0.7672955974842768,19.0,0.0,10.0,0.0,1.0,0.0,0.8,0.0,1.176,223.0299,0.08176100628930817,0.1,0,0,1
2021,22,Abu Dhabi Grand Prix,4,0.838,Red Bull,Sergio Pérez,15,0.8974358974358975,0.825,4.0,0.5142083897158322,2.0,0.9523404255319149,-0.8,32.0,-3.2,0.0,-1.234875,218.6945,0.1,0.038461538461538464,0,1,1
2021,22,Abu Dhabi Grand Prix,16,2.229,Williams,Nicholas Latifi,16,0.8157894736842105,0.8375,17.0,0.018944519621109608,8.0,0.03914893617021276,1.0,0.0,0.8,0.0,1.148,222.4647,0.08125,0.10526315789473684,0,0,1
2021,22,Abu Dhabi Grand Prix,14,2.009,Alfa Romeo,Antonio Giovinazzi,17,0.9137931034482758,0.9230769230769231,18.0,0.008119079837618403,9.0,0.022127659574468085,2.0,1.2,-1.2,0.0,0.37239999999999995,220.2899,0.02564102564102564,0.06896551724137931,0,0,0
2021,22,Abu Dhabi Grand Prix,17,2.314,Williams,George Russell,18,0.8135593220338984,0.8375,15.0,0.04330175913396482,8.0,0.03914893617021276,-0.8,0.0,-0.6,0.0,0.915,222.4647,0.08125,0.0847457627118644,0,1,1
2021,22,Abu Dhabi Grand Prix,18,2.67,Alfa Romeo,Kimi Räikkönen,19,0.8974358974358975,0.9230769230769231,16.0,0.02706359945872801,9.0,0.022127659574468085,2.0,1.2,-2.0,0.0,0.22669999999999998,220.2899,0.02564102564102564,0.02564102564102564,0,0,0
2021,22,Abu Dhabi Grand Prix,20,3.576,Haas F1 Team,Nikita Mazepin,20,0.7619047619047619,0.7672955974842768,21.0,0.0,10.0,0.0,2.2,0.0,0.4,0.0,2.467125,223.0299,0.08176100628930817,0.14285714285714285,0,0,1
2022,1,Bahrain Grand Prix,1,0.0,Ferrari,Charles Leclerc,1,0.8148148148148149,0.8827160493827161,7.0,0.4020227560050569,3.0,0.5273023634881826,0.8,14.4,-0.8,0.0,-0.4673,219.03430000000003,0.05555555555555555,0.12345679012345678,0,1,1
2022,1,Bahrain Grand Prix,3,0.129,Ferrari,Carlos Sainz,2,0.8888888888888888,0.8827160493827161,5.0,0.415929203539823,3.0,0.5273023634881826,1.8,14.4,0.6,-3.30952380952381,-0.2908,219.03430000000003,0.05555555555555555,0.04938271604938271,0,1,1
2022,1,Bahrain Grand Prix,5,0.49,Mercedes,Lewis Hamilton,3,0.975,0.9320987654320988,2.0,0.9797724399494311,1.0,1.0,0.0,30.0,0.0,-0.5968992248062008,-1.8602,217.25080000000003,0.037037037037037035,0.0125,0,1,1
2022,1,Bahrain Grand Prix,9,0.694,Mercedes,George Russell,4,0.8,0.9320987654320988,15.0,0.040455120101137804,1.0,1.0,-1.2,30.0,-0.4,-3.9772727272727266,0.8278333333333334,217.25080000000003,0.037037037037037035,0.08333333333333333,0,1,1
2022,1,Bahrain Grand Prix,7,0.903,Haas F1 Team,Kevin Magnussen,5,0.7796610169491526,0.7639751552795031,0.0,0.0,10.0,0.0,-0.2,0.0,-0.8,-3.6111111111111107,1.4668333333333332,222.59070000000003,0.08074534161490683,0.06779661016949153,0,0,1
2022,1,Bahrain Grand Prix,6,1.002,Alfa Romeo,Valtteri Bottas,6,0.8888888888888888,0.907563025210084,3.0,0.5714285714285714,9.0,0.021189894050529748,-6.4,1.2,0.4,0.05072463768116009,-0.785,219.94369999999998,0.04201680672268908,0.037037037037037035,0,1,0
2022,1,Bahrain Grand Prix,11,1.224,Alpine F1 Team,Esteban Ocon,7,0.7833333333333333,0.8863636363636364,11.0,0.18710493046776233,5.0,0.2526487367563162,2.8,10.2,1.6,6.095744680851064,0.0116,219.56530000000004,0.06818181818181818,0.06666666666666667,0,1,1
2022,1,Bahrain Grand Prix,16,2.192,AlphaTauri,Yuki Tsunoda,8,0.8181818181818181,0.8333333333333334,14.0,0.08091024020227561,6.0,0.23145884270578648,-4.0,9.6,0.6,7.0,0.12975,219.26110000000003,0.10256410256410256,0.045454545454545456,0,0,0
2022,1,Bahrain Grand Prix,8,1.063,Alpine F1 Team,Fernando Alonso,9,0.7674418604651163,0.8863636363636364,10.0,0.20480404551201012,5.0,0.2526487367563162,2.6,10.2,1.4,-1.0510204081632661,0.0248,219.56530000000004,0.06818181818181818,0.046511627906976744,0,1,1
2022,1,Bahrain Grand Prix,15,1.935,Alfa Romeo,Guanyu Zhou,10,0.9,0.907563025210084,0.0,0.0,9.0,0.021189894050529748,0.0,1.2,0.0,0.0,0.0,219.94369999999998,0.04201680672268908,0.1,0,0,0
2022,1,Bahrain Grand Prix,12,1.44,Haas F1 Team,Mick Schumacher,11,0.8571428571428572,0.7639751552795031,19.0,0.0,10.0,0.0,1.4,0.0,0.4,-1.1078431372549016,0.9118333333333334,222.59070000000003,0.08074534161490683,0.09523809523809523,0,0,1
2022,1,Bahrain Grand Prix,19,2.474,Aston Martin,Lance Stroll,12,0.825,0.8181818181818181,13.0,0.08596713021491782,7.0,0.12550937245313773,3.0,3.0,-0.8,0.0,0.142,222.1723,0.022727272727272728,0.1,0,1,1
2022,1,Bahrain Grand Prix,14,2.106,Williams,Alexander Albon,13,0.9189189189189189,0.8271604938271605,0.0,0.0,8.0,0.037489812550937245,-0.8,0.0,1.4,0.0,-0.7818999999999999,221.8496,0.08641975308641975,0.02702702702702703,0,1,1
2022,1,Bahrain Grand Prix,18,2.387,McLaren,Daniel Ricciardo,14,0.8024691358024691,0.8333333333333334,8.0,0.29077117572692796,4.0,0.4482477587612062,-1.8,4.2,-0.8,0.0,0.134,221.37689999999998,0.09876543209876543,0.037037037037037035,0,0,1
2022,1,Bahrain Grand Prix,13,1.45,McLaren,Lando Norris,15,0.8666666666666667,0.8333333333333334,6.0,0.404551201011378,4.0,0.4482477587612062,-2.4,4.2,-0.8,0.0,0.0907,221.37689999999998,0.09876543209876543,0.05,0,1,1
2022,1,Bahrain Grand Prix,20,3.076,Williams,Nicholas Latifi,16,0.7948717948717949,0.8271604938271605,17.0,0.017699115044247787,8.0,0.037489812550937245,0.6,0.0,-0.4,2.6607142857142865,1.0725,221.8496,0.08641975308641975,0.1282051282051282,0,0,1
2022,1,Bahrain Grand Prix,17,2.219,Aston Martin,Nico Hülkenberg,17,0.7333333333333334,0.8181818181818181,0.0,0.0,7.0,0.12550937245313773,-0.4,3.0,2.0,3.4035087719298254,0.18625,222.1723,0.022727272727272728,0.1111111111111111,0,1,1
2022,1,Bahrain Grand Prix,4,0.363,Red Bull,Sergio Pérez,18,0.8860759493670887,0.8209876543209876,4.0,0.4804045512010114,2.0,0.954360228198859,-3.0,29.2,-2.2,6.0,-1.1831666666666667,218.2032,0.10493827160493827,0.0379746835443038,0,1,1
2022,1,Bahrain Grand Prix,2,0.123,Red Bull,Max Verstappen,19,0.8271604938271605,0.8209876543209876,1.0,1.0,2.0,0.954360228198859,0.6,29.2,0.0,3.4661016949152543,-1.662,218.2032,0.10493827160493827,0.08641975308641975,0,1,1
2022,1,Bahrain Grand Prix,10,1.077,AlphaTauri,Pierre Gasly,20,0.8148148148148149,0.8333333333333334,9.0,0.2781289506953224,6.0,0.23145884270578648,-0.2,9.6,3.6,0.0,-0.4005,219.26110000000003,0.10256410256410256,0.06172839506172839,0,1,0
2022,2,Saudi Arabian Grand Prix,4,0.261,Red Bull,Max Verstappen,1,0.8170731707317074,0.8109756097560976,19.0,0.0,10.0,0.0,-3.2,21.2,-3.8,0.0,-1.75625,218.7844,0.11585365853658537,0.08536585365853659,1,1,1
2022,2,Saudi Arabian Grand Prix,2,0.025,Ferrari,Charles Leclerc,2,0.8170731707317074,0.8841463414634146,1.0,1.0,1.0,1.0,0.2,19.6,-0.6,4.741935483870968,-0.7915,219.53670000000002,0.054878048780487805,0.12195121951219512,1,1,1
2022,2,Saudi Arabian Grand Prix,3,0.202,Ferrari,Carlos Sainz,3,0.8902439024390244,0.8841463414634146,2.0,0.6923076923076923,1.0,1.0,2.0,19.6,0.2,0.21428571428571352,-0.4578,219.53670000000002,0.054878048780487805,0.04878048780487805,1,1,1
2022,2,Saudi Arabian Grand Prix,1,0.0,Red Bull,Sergio Pérez,4,0.875,0.8109756097560976,18.0,0.0,10.0,0.0,-6.0,21.2,-3.0,-4.296875,-1.25125,218.7844,0.11585365853658537,0.0375,1,1,1
2022,2,Saudi Arabian Grand Prix,6,0.904,Mercedes,George Russell,5,0.8032786885245902,0.9329268292682926,4.0,0.46153846153846156,2.0,0.6136363636363636,0.4,31.8,1.6,-5.292307692307693,0.2578333333333333,217.8301,0.036585365853658534,0.08196721311475409,1,1,1
2022,2,Saudi Arabian Grand Prix,5,0.868,Alpine F1 Team,Esteban Ocon,6,0.7868852459016393,0.8913043478260869,7.0,0.23076923076923078,5.0,0.18181818181818182,3.2,11.4,0.4,-1.3939393939393945,-0.1348,219.88420000000002,0.06521739130434782,0.06557377049180328,1,1,1
2022,2,Saudi Arabian Grand Prix,11,1.451,McLaren,Lando Norris,7,0.8688524590163934,0.8353658536585366,15.0,0.0,9.0,0.0,-2.8,4.0,-0.4,-1.0029850746268654,0.4723,221.80330000000004,0.0975609756097561,0.04918032786885246,1,1,1
2022,2,Saudi Arabian Grand Prix,9,1.054,AlphaTauri,Pierre Gasly,8,0.8048780487804879,0.825,0.0,0.0,6.0,0.09090909090909091,-2.4,8.0,-2.2,0.27941176470588225,-0.330125,219.6663,0.1125,0.06097560975609756,1,1,0
2022,2,Saudi Arabian Grand Prix,10,1.346,Haas F1 Team,Kevin Magnussen,9,0.7833333333333333,0.7668711656441718,5.0,0.38461538461538464,3.0,0.22727272727272727,0.4,2.0,0.6,-2.202898550724637,1.080125,222.8348,0.07975460122699386,0.06666666666666667,1,0,1
2022,2,Saudi Arabian Grand Prix,16,2.143,Mercedes,Lewis Hamilton,10,0.9753086419753086,0.9329268292682926,3.0,0.5769230769230769,2.0,0.6136363636363636,0.4,31.8,0.4,4.4714285714285715,-1.8388,217.8301,0.036585365853658534,0.012345679012345678,1,1,1
2022,2,Saudi Arabian Grand Prix,13,1.619,Alfa Romeo,Guanyu Zhou,11,1.0,0.9090909090909091,10.0,0.038461538461538464,4.0,0.20454545454545456,5.0,2.2,0.0,-0.3004694835680741,0.118,220.55270000000002,0.04132231404958678,0.0,1,0,0
2022,2,Saudi Arabian Grand Prix,18,2.343,Aston Martin,Nico Hülkenberg,12,0.7391304347826086,0.8260869565217391,17.0,0.0,7.0,0.0,-0.2,1.8,0.2,0.0,0.39025,222.7011,0.021739130434782608,0.10869565217391304,1,1,1
2022,2,Saudi Arabian Grand Prix,15,2.056,Aston Martin,Lance Stroll,13,0.8271604938271605,0.8260869565217391,12.0,0.0,7.0,0.0,3.2,1.8,0.2,-4.616438356164384,0.197,222.7011,0.021739130434782608,0.09876543209876543,1,1,1
2022,2,Saudi Arabian Grand Prix,17,2.292,Williams,Alexander Albon,14,0.9210526315789473,0.8292682926829268,13.0,0.0,8.0,0.0,1.2,0.0,2.0,0.35135135135135087,-0.5492,222.267,0.08536585365853659,0.02631578947368421,1,1,1
2022,2,Saudi Arabian Grand Prix,8,0.983,Alfa Romeo,Valtteri Bottas,15,0.8902439024390244,0.9090909090909091,6.0,0.3076923076923077,4.0,0.20454545454545456,-3.6,2.2,2.8,-7.113333333333333,-0.972,220.55270000000002,0.04132231404958678,0.036585365853658534,1,1,0
2022,2,Saudi Arabian Grand Prix,7,0.947,Alpine F1 Team,Fernando Alonso,16,0.7727272727272727,0.8913043478260869,9.0,0.07692307692307693,5.0,0.18181818181818182,1.0,11.4,-1.6,0.0,0.0593,219.88420000000002,0.06521739130434782,0.045454545454545456,1,1,1
2022,2,Saudi Arabian Grand Prix,12,1.573,McLaren,Daniel Ricciardo,17,0.8048780487804879,0.8353658536585366,14.0,0.0,9.0,0.0,0.0,4.0,1.8,0.0,0.233375,221.80330000000004,0.0975609756097561,0.036585365853658534,1,0,1
2022,2,Saudi Arabian Grand Prix,19,3.617,Williams,Nicholas Latifi,18,0.8,0.8292682926829268,16.0,0.0,8.0,0.0,1.4,0.0,0.8,3.935897435897436,1.1265,222.267,0.08536585365853659,0.125,1,0,1
2022,2,Saudi Arabian Grand Prix,20,1.346,AlphaTauri,Yuki Tsunoda,19,0.8260869565217391,0.825,8.0,0.15384615384615385,6.0,0.09090909090909091,-0.2,8.0,3.8,0.0,0.12440000000000001,219.6663,0.1125,0.043478260869565216,1,0,0
2022,2,Saudi Arabian Grand Prix,14,1.72,Haas F1 Team,Mick Schumacher,20,0.8636363636363636,0.7668711656441718,11.0,0.0,3.0,0.22727272727272727,1.8,2.0,0.4,0.0,0.897375,222.8348,0.07975460122699386,0.09090909090909091,1,0,1
2022,3,Australian Grand Prix,1,0.0,Ferrari,Charles Leclerc,1,0.8192771084337349,0.8855421686746988,1.0,1.0,1.0,1.0,-0.2,22.8,-0.4,0.0,-0.9347000000000001,219.6799,0.05421686746987952,0.12048192771084337,0,1,1
2022,3,Australian Grand Prix,3,0.372,Red Bull,Sergio Pérez,2,0.8765432098765432,0.8132530120481928,7.0,0.26666666666666666,3.0,0.47435897435897434,-6.6,22.4,-0.6,0.0,-1.20225,218.3744,0.1144578313253012,0.037037037037037035,0,1,1
2022,3,Australian Grand Prix,6,1.065,Mercedes,George Russell,3,0.8064516129032258,0.9337349397590361,4.0,0.4888888888888889,2.0,0.48717948717948717,-0.4,26.0,-0.8,0.0,-0.3265,218.01799999999997,0.03614457831325301,0.08064516129032258,0,1,1
2022,3,Australian Grand Prix,5,0.957,Mercedes,Lewis Hamilton,4,0.975609756097561,0.9337349397590361,5.0,0.35555555555555557,2.0,0.48717948717948717,1.6,26.0,1.2,0.0,-1.4335,218.01799999999997,0.03614457831325301,0.012195121951219513,0,1,1
2022,3,Australian Grand Prix,4,0.835,McLaren,Lando Norris,5,0.8709677419354839,0.8313253012048193,10.0,0.13333333333333333,8.0,0.07692307692307693,-1.6,5.0,1.2,0.0,0.5582,222.01580000000004,0.10240963855421686,0.04838709677419355,0,1,1
2022,3,Australian Grand Prix,7,1.164,McLaren,Daniel Ricciardo,6,0.7951807228915663,0.8313253012048193,19.0,0.0,8.0,0.07692307692307693,1.0,5.0,1.0,0.0,0.233375,222.01580000000004,0.10240963855421686,0.03614457831325301,0,0,1
2022,3,Australian Grand Prix,8,1.193,Alpine F1 Team,Esteban Ocon,7,0.7903225806451613,0.875,6.0,0.3111111111111111,4.0,0.20512820512820512,2.4,11.8,-0.8,0.0,-0.1174,220.4423,0.08333333333333333,0.06451612903225806,0,1,1
2022,3,Australian Grand Prix,12,1.383,Alfa Romeo,Valtteri Bottas,8,0.8795180722891567,0.9024390243902439,9.0,0.17777777777777778,6.0,0.11538461538461539,-5.0,2.2,-1.4,0.0,-0.6416666666666666,220.93689999999998,0.04878048780487805,0.03614457831325301,0,1,0
2022,3,Australian Grand Prix,11,1.358,AlphaTauri,Pierre Gasly,9,0.8072289156626506,0.8170731707317074,12.0,0.08888888888888889,7.0,0.10256410256410256,-1.8,7.6,0.6,0.0,-0.0565,220.34250000000003,0.12195121951219512,0.060240963855421686,0,1,0
2022,3,Australian Grand Prix,16,2.267,Williams,Alexander Albon,10,0.8974358974358975,0.8192771084337349,18.0,0.0,10.0,0.0,2.4,0.0,1.2,0.0,-0.402375,222.0256,0.08433734939759036,0.05128205128205128,0,1,1
2022,3,Australian Grand Prix,14,2.042,Alfa Romeo,Guanyu Zhou,11,1.0,0.9024390243902439,14.0,0.022222222222222223,6.0,0.11538461538461539,3.5,2.2,-3.0,0.0,0.48275,220.93689999999998,0.04878048780487805,0.0,0,0,0
2022,3,Australian Grand Prix,20,1.193,Aston Martin,Lance Stroll,12,0.8292682926829268,0.8333333333333334,16.0,0.0,9.0,0.0,4.4,1.8,1.2,0.0,0.4726,223.45610000000002,0.020833333333333332,0.0975609756097561,0,1,1
2022,3,Australian Grand Prix,15,2.236,Haas F1 Team,Mick Schumacher,13,0.8260869565217391,0.7636363636363637,15.0,0.0,5.0,0.15384615384615385,0.4,2.4,-1.4,0.0,0.9085,223.0962,0.07878787878787878,0.08695652173913043,0,0,1
2022,3,Australian Grand Prix,17,2.386,Haas F1 Team,Kevin Magnussen,14,0.7868852459016393,0.7636363636363637,8.0,0.26666666666666666,5.0,0.15384615384615385,0.8,2.4,0.4,0.0,0.88,223.0962,0.07878787878787878,0.06557377049180328,0,0,1
2022,3,Australian Grand Prix,13,1.556,AlphaTauri,Yuki Tsunoda,15,0.7916666666666666,0.8170731707317074,11.0,0.08888888888888889,7.0,0.10256410256410256,0.4,7.6,0.6,0.0,0.002,220.34250000000003,0.12195121951219512,0.041666666666666664,0,0,0
2022,3,Australian Grand Prix,19,3.504,Williams,Nicholas Latifi,16,0.7804878048780488,0.8192771084337349,20.0,0.0,10.0,0.0,1.4,0.0,0.0,0.0,1.38825,222.0256,0.08433734939759036,0.14634146341463414,0,0,1
2022,3,Australian Grand Prix,10,0.947,Alpine F1 Team,Fernando Alonso,17,0.7555555555555555,0.875,13.0,0.044444444444444446,4.0,0.20512820512820512,-1.0,11.8,-2.0,0.0,0.057125,220.4423,0.08333333333333333,0.044444444444444446,0,1,1
2022,3,Australian Grand Prix,2,0.286,Red Bull,Max Verstappen,18,0.8192771084337349,0.8132530120481928,3.0,0.5555555555555556,3.0,0.47435897435897434,-2.6,22.4,0.6,0.0,-1.73075,218.3744,0.1144578313253012,0.08433734939759036,0,1,1
2022,3,Australian Grand Prix,18,3.281,Aston Martin,Sebastian Vettel,19,0.8641975308641976,0.8333333333333334,0.0,0.0,9.0,0.0,2.0,1.8,0.4,0.0,0.055125,223.45610000000002,0.020833333333333332,0.06172839506172839,0,0,1
2022,3,Australian Grand Prix,9,0.601,Ferrari,Carlos Sainz,20,0.891566265060241,0.8855421686746988,2.0,0.7333333333333333,1.0,1.0,2.0,22.8,0.0,0.0,-0.551,219.6799,0.05421686746987952,0.04819277108433735,0,1,1
2022,4,Emilia Romagna Grand Prix,1,0.0,Red Bull,Max Verstappen,1,0.8095238095238095,0.8095238095238095,6.0,0.352112676056338,3.0,0.5288461538461539,-5.8,19.8,-3.2,0.0,-1.5978333333333332,216.8621,0.11904761904761904,0.08333333333333333,0,1,1
2022,4,Emilia Romagna Grand Prix,7,0.503,Red Bull,Sergio Pérez,2,0.8780487804878049,0.8095238095238095,4.0,0.4225352112676056,3.0,0.5288461538461539,-7.8,19.8,-1.2,0.0,-1.25225,216.8621,0.11904761904761904,0.036585365853658534,0,1,1
2022,4,Emilia Romagna Grand Prix,3,0.501,McLaren,Lando Norris,3,0.873015873015873,0.8333333333333334,8.0,0.22535211267605634,4.0,0.23076923076923078,-1.2,8.2,0.4,0.0,0.5147999999999999,220.474,0.10119047619047619,0.047619047619047616,0,1,1
2022,4,Emilia Romagna Grand Prix,11,1.59,Mercedes,George Russell,4,0.8095238095238095,0.9345238095238095,2.0,0.5211267605633803,2.0,0.625,0.6,26.4,1.0,0.0,-0.6161666666666666,216.57740000000004,0.03571428571428571,0.07936507936507936,0,1,1
2022,4,Emilia Romagna Grand Prix,8,1.399,Alfa Romeo,Valtteri Bottas,5,0.8809523809523809,0.904,10.0,0.16901408450704225,6.0,0.125,-0.8,3.0,4.2,0.0,-0.4445,219.4542,0.048,0.03571428571428571,0,1,0
2022,4,Emilia Romagna Grand Prix,2,0.003,Ferrari,Charles Leclerc,6,0.8214285714285714,0.8809523809523809,1.0,1.0,1.0,1.0,-1.2,26.0,-1.0,0.0,-1.3432,218.13070000000002,0.05357142857142857,0.11904761904761904,0,1,1
2022,4,Emilia Romagna Grand Prix,16,1.681,AlphaTauri,Yuki Tsunoda,7,0.8,0.8214285714285714,13.0,0.056338028169014086,8.0,0.09615384615384616,1.0,8.0,0.6,0.0,0.143125,218.90260000000004,0.11904761904761904,0.04,0,0,0
2022,4,Emilia Romagna Grand Prix,9,1.164,Aston Martin,Sebastian Vettel,8,0.8536585365853658,0.8200000000000001,0.0,0.0,10.0,0.0,1.0,0.0,-1.0,0.0,0.1425,221.97979999999998,0.02,0.07317073170731707,0,0,1
2022,4,Emilia Romagna Grand Prix,4,1.109,Haas F1 Team,Kevin Magnussen,9,0.7903225806451613,0.7664670658682635,9.0,0.16901408450704225,7.0,0.11538461538461539,1.2,2.4,0.4,0.0,0.6485,221.67159999999998,0.07784431137724551,0.06451612903225806,0,0,1
2022,4,Emilia Romagna Grand Prix,15,1.549,Aston Martin,Lance Stroll,10,0.8313253012048193,0.8200000000000001,18.0,0.0,10.0,0.0,4.8,0.0,0.4,0.0,0.6886,221.97979999999998,0.02,0.0963855421686747,0,1,1
2022,4,Emilia Romagna Grand Prix,20,1.187,Williams,Alexander Albon,11,0.9,0.8214285714285714,16.0,0.014084507042253521,9.0,0.009615384615384616,3.4,0.2,1.0,0.0,0.031875,220.5118,0.08333333333333333,0.05,0,1,1
2022,4,Emilia Romagna Grand Prix,17,1.939,AlphaTauri,Pierre Gasly,12,0.8095238095238095,0.8214285714285714,12.0,0.08450704225352113,8.0,0.09615384615384616,0.0,8.0,1.8,0.0,0.17875,218.90260000000004,0.11904761904761904,0.05952380952380952,0,1,0
2022,4,Emilia Romagna Grand Prix,13,1.677,Mercedes,Lewis Hamilton,13,0.9759036144578314,0.9345238095238095,5.0,0.39436619718309857,2.0,0.625,1.8,26.4,0.2,0.0,-1.1659000000000002,216.57740000000004,0.03571428571428571,0.012048192771084338,0,1,1
2022,4,Emilia Romagna Grand Prix,19,3.545,Alpine F1 Team,Esteban Ocon,14,0.7936507936507937,0.88,7.0,0.28169014084507044,5.0,0.21153846153846154,1.8,8.0,-0.6,0.0,-0.023,219.0507,0.08,0.06349206349206349,0,1,1
2022,4,Emilia Romagna Grand Prix,14,0.937,Alfa Romeo,Guanyu Zhou,15,1.0,0.904,15.0,0.014084507042253521,6.0,0.125,3.3333333333333335,3.0,-1.0,0.0,0.4735,219.4542,0.048,0.0,0,0,0
2022,4,Emilia Romagna Grand Prix,18,3.178,Williams,Nicholas Latifi,16,0.7857142857142857,0.8214285714285714,20.0,0.0,9.0,0.009615384615384616,2.4,0.2,1.0,0.0,1.0673333333333332,220.5118,0.08333333333333333,0.14285714285714285,0,0,1
2022,4,Emilia Romagna Grand Prix,12,1.629,Haas F1 Team,Mick Schumacher,17,0.8333333333333334,0.7664670658682635,17.0,0.0,7.0,0.11538461538461539,0.2,2.4,-0.2,0.0,0.5701666666666666,221.67159999999998,0.07784431137724551,0.08333333333333333,0,0,1
2022,4,Emilia Romagna Grand Prix,6,1.187,McLaren,Daniel Ricciardo,18,0.7976190476190477,0.8333333333333334,11.0,0.11267605633802817,4.0,0.23076923076923078,0.8,8.2,-0.2,0.0,0.075625,220.474,0.10119047619047619,0.03571428571428571,0,0,1
2022,4,Emilia Romagna Grand Prix,5,0.802,Alpine F1 Team,Fernando Alonso,19,0.7608695652173914,0.88,14.0,0.028169014084507043,5.0,0.21153846153846154,-2.8,8.0,-1.8,0.0,0.300375,219.0507,0.08,0.043478260869565216,0,1,1
2022,4,Emilia Romagna Grand Prix,10,0.197,Ferrari,Carlos Sainz,20,0.8809523809523809,0.8809523809523809,3.0,0.4647887323943662,1.0,1.0,-0.2,26.0,-2.2,0.0,-0.779625,218.13070000000002,0.05357142857142857,0.05952380952380952,0,1,1
2022,5,Miami Grand Prix,3,0.195,Red Bull,Max Verstappen,1,0.8117647058823529,0.8117647058823529,2.0,0.686046511627907,2.0,0.9112903225806451,-6.0,25.0,-0.2,0.4761904761904763,-1.4118333333333333,22.957,0.11764705882352941,0.08235294117647059,0,1,1
2022,5,Miami Grand Prix,1,0.0,Ferrari,Charles Leclerc,2,0.8235294117647058,0.8764705882352941,1.0,1.0,1.0,1.0,-1.4,25.6,-0.2,1.7054263565891485,-1.2755,23.5659,0.052941176470588235,0.11764705882352941,0,1,1
2022,5,Miami Grand Prix,2,0.19,Ferrari,Carlos Sainz,3,0.8705882352941177,0.8764705882352941,5.0,0.4418604651162791,1.0,1.0,-3.6,25.6,-3.4,3.5227272727272734,-0.9215,23.5659,0.052941176470588235,0.07058823529411765,0,1,1
2022,5,Miami Grand Prix,4,0.24,Red Bull,Sergio Pérez,4,0.8795180722891567,0.8117647058823529,3.0,0.627906976744186,2.0,0.9112903225806451,-4.4,25.0,3.4,-0.7666666666666675,-1.1851666666666667,22.957,0.11764705882352941,0.03614457831325301,0,1,1
2022,5,Miami Grand Prix,12,1.377,Mercedes,George Russell,5,0.8125,0.9352941176470588,4.0,0.5697674418604651,3.0,0.6209677419354839,3.0,20.6,2.4,-1.8405797101449277,-0.575875,23.779500000000002,0.03529411764705882,0.078125,0,1,1
2022,5,Miami Grand Prix,6,0.829,Mercedes,Lewis Hamilton,6,0.9761904761904762,0.9352941176470588,7.0,0.32558139534883723,3.0,0.6209677419354839,1.8,20.6,0.0,1.9787234042553195,-0.6707000000000001,23.779500000000002,0.03529411764705882,0.011904761904761904,0,1,1
2022,5,Miami Grand Prix,5,0.679,Alfa Romeo,Valtteri Bottas,7,0.8823529411764706,0.905511811023622,8.0,0.27906976744186046,5.0,0.20161290322580644,0.0,4.6,0.8,-1.333333333333334,-0.18225,25.0564,0.047244094488188976,0.03529411764705882,0,1,0
2022,5,Miami Grand Prix,20,1.2,Alpine F1 Team,Esteban Ocon,8,0.796875,0.8653846153846154,9.0,0.23255813953488372,6.0,0.1774193548387097,1.8,5.6,0.0,-2.255102040816327,0.0629,23.6349,0.07692307692307693,0.0625,0,1,1
2022,5,Miami Grand Prix,18,2.47,Williams,Alexander Albon,9,0.9024390243902439,0.8235294117647058,17.0,0.011627906976744186,10.0,0.008064516129032258,4.0,0.2,0.6,0.0,0.095875,23.2522,0.08235294117647059,0.04878048780487805,0,1,1
2022,5,Miami Grand Prix,10,1.2,Aston Martin,Lance Stroll,10,0.8333333333333334,0.8269230769230769,18.0,0.011627906976744186,9.0,0.04032258064516129,4.4,1.0,-0.4,0.4313725490196081,0.644,24.1071,0.019230769230769232,0.09523809523809523,0,1,1
2022,5,Miami Grand Prix,11,1.364,Alpine F1 Team,Fernando Alonso,11,0.7446808510638299,0.8653846153846154,15.0,0.023255813953488372,6.0,0.1774193548387097,-5.6,5.6,-2.8,0.0,0.17683333333333334,23.6349,0.07692307692307693,0.06382978723404255,0,1,1
2022,5,Miami Grand Prix,9,1.136,AlphaTauri,Yuki Tsunoda,12,0.8076923076923077,0.8255813953488372,12.0,0.11627906976744186,7.0,0.12903225806451613,4.0,7.6,3.0,0.0,-0.006125,23.698900000000002,0.11627906976744186,0.038461538461538464,0,0,0
2022,5,Miami Grand Prix,14,1.514,McLaren,Daniel Ricciardo,13,0.8,0.8352941176470589,11.0,0.12790697674418605,4.0,0.3709677419354839,-2.8,9.0,-3.6,0.0,0.5575,23.0711,0.1,0.03529411764705882,0,0,1
2022,5,Miami Grand Prix,19,2.529,Williams,Nicholas Latifi,14,0.7906976744186046,0.8235294117647058,21.0,0.0,10.0,0.008064516129032258,2.0,0.2,-0.4,1.2181818181818187,0.8351666666666666,23.2522,0.08235294117647059,0.13953488372093023,0,0,1
2022,5,Miami Grand Prix,15,1.627,Haas F1 Team,Mick Schumacher,15,0.84,0.7692307692307692,19.0,0.0,8.0,0.12096774193548387,-0.6,2.8,-0.8,2.7738095238095237,0.482625,24.0904,0.07692307692307693,0.08,0,0,1
2022,5,Miami Grand Prix,16,2.179,Haas F1 Team,Kevin Magnussen,16,0.7936507936507937,0.7692307692307692,10.0,0.1744186046511628,8.0,0.12096774193548387,0.0,2.8,-1.2,3.780701754385966,0.5278999999999999,24.0904,0.07692307692307693,0.06349206349206349,0,0,1
2022,5,Miami Grand Prix,13,1.418,Aston Martin,Sebastian Vettel,17,0.8554216867469879,0.8269230769230769,14.0,0.046511627906976744,9.0,0.04032258064516129,1.0,1.0,0.0,-0.1724137931034484,0.18966666666666665,24.1071,0.019230769230769232,0.07228915662650602,0,0,1
2022,5,Miami Grand Prix,7,0.894,AlphaTauri,Pierre Gasly,18,0.8117647058823529,0.8255813953488372,13.0,0.06976744186046512,7.0,0.12903225806451613,1.0,7.6,1.0,0.0,0.325125,23.698900000000002,0.11627906976744186,0.058823529411764705,0,1,0
2022,5,Miami Grand Prix,8,0.838,McLaren,Lando Norris,19,0.875,0.8352941176470589,6.0,0.4069767441860465,4.0,0.3709677419354839,-0.6,9.0,0.6,0.0,0.4189,23.0711,0.1,0.046875,0,1,1
2022,5,Miami Grand Prix,17,2.224,Alfa Romeo,Guanyu Zhou,20,1.0,0.905511811023622,16.0,0.011627906976744186,5.0,0.20161290322580644,2.25,4.6,-2.0,-1.2404371584699447,0.53675,25.0564,0.047244094488188976,0.0,0,0,0
2022,6,Spanish Grand Prix,2,0.323,Red Bull,Max Verstappen,1,0.813953488372093,0.813953488372093,2.0,0.8173076923076923,2.0,0.9617834394904459,-5.6,27.4,0.4,3.951612903225806,-1.4033333333333333,22.374200000000002,0.11627906976744186,0.08139534883720931,0,1,1
2022,6,Spanish Grand Prix,5,0.67,Red Bull,Sergio Pérez,2,0.8809523809523809,0.813953488372093,3.0,0.6346153846153846,2.0,0.9617834394904459,-2.2,27.4,2.2,-3.9761904761904763,-1.072375,22.374200000000002,0.11627906976744186,0.03571428571428571,0,1,1
2022,6,Spanish Grand Prix,4,0.643,Mercedes,George Russell,3,0.8153846153846154,0.936046511627907,4.0,0.5673076923076923,3.0,0.6050955414012739,4.6,19.0,1.6,2.421875,-0.5253,23.238599999999998,0.03488372093023256,0.07692307692307693,0,1,1
2022,6,Spanish Grand Prix,3,0.416,Ferrari,Carlos Sainz,4,0.872093023255814,0.877906976744186,5.0,0.5096153846153846,1.0,1.0,-4.2,29.0,-0.6,0.7115384615384617,-1.178,23.2993,0.05232558139534884,0.06976744186046512,0,1,1
2022,6,Spanish Grand Prix,6,0.762,Mercedes,Lewis Hamilton,5,0.9764705882352941,0.936046511627907,6.0,0.34615384615384615,3.0,0.6050955414012739,1.8,19.0,0.0,-0.26969696969696955,-0.2902,23.238599999999998,0.03488372093023256,0.011764705882352941,0,1,1
2022,6,Spanish Grand Prix,7,0.858,Alfa Romeo,Valtteri Bottas,6,0.8837209302325582,0.8992248062015504,8.0,0.28846153846153844,5.0,0.19745222929936307,-0.4,5.8,-0.4,-2.477611940298507,-0.187,24.5171,0.05426356589147287,0.03488372093023256,0,1,0
2022,6,Spanish Grand Prix,12,1.888,Alpine F1 Team,Esteban Ocon,7,0.8,0.8703703703703703,9.0,0.23076923076923078,6.0,0.16560509554140126,4.2,5.2,2.4,0.2549019607843128,0.1345,23.402499999999996,0.07407407407407407,0.06153846153846154,0,1,1
2022,6,Spanish Grand Prix,11,1.721,McLaren,Lando Norris,8,0.8615384615384616,0.8313953488372093,7.0,0.33653846153846156,4.0,0.2929936305732484,-2.0,7.8,-1.4,-1.8405797101449277,0.5395,22.6174,0.09883720930232558,0.06153846153846154,0,1,1
2022,6,Spanish Grand Prix,17,2.293,Alpine F1 Team,Fernando Alonso,9,0.75,0.8703703703703703,16.0,0.019230769230769232,6.0,0.16560509554140126,-6.2,5.2,-0.6,0.0,0.15483333333333335,23.402499999999996,0.07407407407407407,0.0625,0,1,1
2022,6,Spanish Grand Prix,13,1.889,AlphaTauri,Yuki Tsunoda,10,0.8148148148148149,0.8181818181818181,12.0,0.09615384615384616,7.0,0.10191082802547771,2.6,3.2,-1.4,-4.605633802816902,0.214375,23.1486,0.125,0.037037037037037035,0,0,0
2022,6,Spanish Grand Prix,16,2.204,Aston Martin,Sebastian Vettel,11,0.8452380952380952,0.8148148148148149,14.0,0.038461538461538464,9.0,0.03821656050955414,0.2,1.2,-0.8,2.8055555555555554,0.325,23.543,0.018518518518518517,0.08333333333333333,0,0,1
2022,6,Spanish Grand Prix,9,1.537,McLaren,Daniel Ricciardo,12,0.8023255813953488,0.8313953488372093,11.0,0.10576923076923077,4.0,0.2929936305732484,-2.2,7.8,0.6,0.0,0.6605,22.6174,0.09883720930232558,0.03488372093023256,0,0,1
2022,6,Spanish Grand Prix,14,1.969,AlphaTauri,Pierre Gasly,13,0.8023255813953488,0.8181818181818181,13.0,0.057692307692307696,7.0,0.10191082802547771,-2.6,3.2,-3.6,1.0405405405405403,0.42183333333333334,23.1486,0.125,0.05813953488372093,0,1,0
2022,6,Spanish Grand Prix,10,1.618,Haas F1 Team,Mick Schumacher,14,0.8461538461538461,0.7660818713450293,19.0,0.0,8.0,0.09554140127388536,-1.6,2.8,-1.0,-0.45333333333333314,0.318125,23.7796,0.07602339181286549,0.07692307692307693,0,0,1
2022,6,Spanish Grand Prix,18,2.668,Aston Martin,Lance Stroll,15,0.8352941176470589,0.8148148148148149,17.0,0.019230769230769232,9.0,0.03821656050955414,4.4,1.2,0.0,6.026315789473685,0.5754,23.543,0.018518518518518517,0.09411764705882353,0,1,1
2022,6,Spanish Grand Prix,20,3.165,Williams,Nicholas Latifi,16,0.7954545454545454,0.8255813953488372,21.0,0.0,10.0,0.01910828025477707,3.0,0.6,1.0,0.0,1.028375,22.9284,0.08139534883720931,0.13636363636363635,0,0,1
2022,6,Spanish Grand Prix,8,0.932,Haas F1 Team,Kevin Magnussen,17,0.78125,0.7660818713450293,10.0,0.14423076923076922,8.0,0.09554140127388536,0.2,2.8,0.2,0.0,0.08025,23.7796,0.07602339181286549,0.0625,0,0,1
2022,6,Spanish Grand Prix,19,2.895,Williams,Alexander Albon,18,0.9047619047619048,0.8255813953488372,15.0,0.028846153846153848,10.0,0.01910828025477707,5.6,0.6,1.6,1.8649789029535864,0.503375,22.9284,0.08139534883720931,0.047619047619047616,0,1,1
2022,6,Spanish Grand Prix,15,1.726,Alfa Romeo,Guanyu Zhou,19,0.8,0.8992248062015504,18.0,0.009615384615384616,5.0,0.19745222929936307,1.2,5.8,-2.0,-0.47499999999999964,0.53675,24.5171,0.05426356589147287,0.0,0,0,0
2022,6,Spanish Grand Prix,1,0.0,Ferrari,Charles Leclerc,20,0.8255813953488372,0.877906976744186,1.0,1.0,1.0,1.0,-1.0,29.0,0.4,0.0,-1.4755999999999998,23.2993,0.05232558139534884,0.11627906976744186,0,1,1
2022,7,Monaco Grand Prix,3,0.253,Red Bull,Sergio Pérez,1,0.8823529411764706,0.8160919540229885,3.0,0.7727272727272727,1.0,1.0,1.2,36.2,3.4,-0.9756097560975618,-1.0909,21.7815,0.11494252873563218,0.03529411764705882,1,1,1
2022,7,Monaco Grand Prix,2,0.225,Ferrari,Carlos Sainz,2,0.8735632183908046,0.8735632183908046,5.0,0.5909090909090909,2.0,0.8666666666666667,-4.6,22.6,-0.4,-1.9698795180722897,-1.1376666666666668,22.8022,0.05747126436781609,0.06896551724137931,1,1,1
2022,7,Monaco Grand Prix,4,0.29,Red Bull,Max Verstappen,3,0.8160919540229885,0.8160919540229885,1.0,1.0,1.0,1.0,-2.0,36.2,3.6,0.0,-1.48525,21.7815,0.11494252873563218,0.08045977011494253,1,1,1
2022,7,Monaco Grand Prix,1,0.0,Ferrari,Charles Leclerc,4,0.8160919540229885,0.8735632183908046,2.0,0.9454545454545454,2.0,0.8666666666666667,-4.8,22.6,-3.8,-1.1617647058823533,-1.36375,22.8022,0.05747126436781609,0.11494252873563218,1,1,1
2022,7,Monaco Grand Prix,6,0.736,Mercedes,George Russell,5,0.8181818181818181,0.9367816091954023,4.0,0.6727272727272727,3.0,0.6153846153846154,3.8,18.6,-0.8,1.2248062015503862,-0.5965,22.5628,0.034482758620689655,0.07575757575757576,1,1,1
2022,7,Monaco Grand Prix,5,0.473,McLaren,Lando Norris,6,0.8636363636363636,0.8333333333333334,7.0,0.35454545454545455,4.0,0.2564102564102564,-1.0,8.6,1.0,-0.45977011494252906,0.066625,22.0603,0.09770114942528736,0.06060606060606061,1,1,1
2022,7,Monaco Grand Prix,7,0.871,Alpine F1 Team,Fernando Alonso,7,0.7551020408163265,0.875,15.0,0.03636363636363636,6.0,0.17435897435897435,-4.4,5.2,1.8,2.0,0.10616666666666667,22.826299999999996,0.07142857142857142,0.061224489795918366,1,1,1
2022,7,Monaco Grand Prix,8,1.184,Mercedes,Lewis Hamilton,8,0.9767441860465116,0.9367816091954023,6.0,0.41818181818181815,3.0,0.6153846153846154,1.6,18.6,-0.2,-2.8719101123595507,-0.3648,22.5628,0.034482758620689655,0.011627906976744186,1,1,1
2022,7,Monaco Grand Prix,12,1.533,Alfa Romeo,Valtteri Bottas,9,0.8850574712643678,0.8931297709923665,8.0,0.34545454545454546,5.0,0.2,-0.2,5.6,0.2,-0.12222222222222179,-0.316375,24.0426,0.061068702290076333,0.034482758620689655,1,1,0
2022,7,Monaco Grand Prix,9,1.237,Aston Martin,Sebastian Vettel,10,0.8470588235294118,0.8214285714285714,14.0,0.03636363636363636,9.0,0.03076923076923077,1.0,1.2,0.8,0.8717948717948723,0.307,22.863599999999998,0.017857142857142856,0.08235294117647059,1,0,1
2022,7,Monaco Grand Prix,17,2.284,AlphaTauri,Pierre Gasly,11,0.8045977011494253,0.8222222222222222,13.0,0.05454545454545454,7.0,0.08717948717948718,-0.4,2.6,2.2,1.8152173913043477,0.434875,22.745399999999997,0.12222222222222222,0.05747126436781609,1,1,0
2022,7,Monaco Grand Prix,10,1.152,Alpine F1 Team,Esteban Ocon,12,0.803030303030303,0.875,9.0,0.2727272727272727,6.0,0.17435897435897435,4.4,5.2,0.2,0.5806451612903221,0.1024,22.826299999999996,0.07142857142857142,0.06060606060606061,1,1,1
2022,7,Monaco Grand Prix,14,1.588,McLaren,Daniel Ricciardo,13,0.8045977011494253,0.8333333333333334,11.0,0.1,4.0,0.2564102564102564,-3.6,8.6,-1.4,0.0,0.5135,22.0603,0.09770114942528736,0.034482758620689655,1,0,1
2022,7,Monaco Grand Prix,18,2.302,Aston Martin,Lance Stroll,14,0.8372093023255813,0.8214285714285714,17.0,0.01818181818181818,9.0,0.03076923076923077,3.6,1.2,-0.8,-4.628947368421052,0.481,22.863599999999998,0.017857142857142856,0.09302325581395349,1,1,1
2022,7,Monaco Grand Prix,19,3.027,Williams,Nicholas Latifi,15,0.8,0.8275862068965517,21.0,0.0,10.0,0.015384615384615385,3.0,0.6,0.0,1.0625,0.937625,22.601000000000003,0.08045977011494253,0.13333333333333333,1,0,1
2022,7,Monaco Grand Prix,20,4.23,Alfa Romeo,Guanyu Zhou,16,0.6666666666666667,0.8931297709923665,18.0,0.00909090909090909,5.0,0.2,-0.6,5.6,-1.8,0.6288659793814428,0.6763333333333333,24.0426,0.061068702290076333,0.0,1,0,0
2022,7,Monaco Grand Prix,11,1.421,AlphaTauri,Yuki Tsunoda,17,0.8214285714285714,0.8222222222222222,12.0,0.1,7.0,0.08717948717948718,1.6,2.6,-1.0,0.6326530612244898,0.215625,22.745399999999997,0.12222222222222222,0.03571428571428571,1,0,0
2022,7,Monaco Grand Prix,16,2.235,Williams,Alexander Albon,18,0.9069767441860466,0.8275862068965517,16.0,0.02727272727272727,10.0,0.015384615384615385,5.6,0.6,0.0,0.2424242424242422,0.63575,22.601000000000003,0.08045977011494253,0.046511627906976744,1,1,1
2022,7,Monaco Grand Prix,15,1.705,Haas F1 Team,Mick Schumacher,19,0.8518518518518519,0.7687861271676301,19.0,0.0,8.0,0.07692307692307693,-2.6,0.8,-1.0,6.550000000000001,0.277875,23.4084,0.07514450867052024,0.07407407407407407,1,0,1
2022,7,Monaco Grand Prix,13,1.545,Haas F1 Team,Kevin Magnussen,20,0.7846153846153846,0.7687861271676301,10.0,0.13636363636363635,8.0,0.07692307692307693,-2.0,0.8,-2.2,1.5742574257425748,0.28025,23.4084,0.07514450867052024,0.06153846153846154,1,0,1
2022,8,Azerbaijan Grand Prix,3,0.347,Red Bull,Max Verstappen,1,0.8181818181818181,0.8181818181818181,1.0,1.0,1.0,1.0,-2.4,36.8,-0.4,-0.382352941176471,-1.75675,23.0542,0.11363636363636363,0.07954545454545454,1,1,1
2022,8,Azerbaijan Grand Prix,2,0.282,Red Bull,Sergio Pérez,2,0.8837209302325582,0.8181818181818181,3.0,0.88,1.0,1.0,2.2,36.8,1.0,-0.3203883495145625,-1.2235,23.0542,0.11363636363636363,0.03488372093023256,1,1,1
2022,8,Azerbaijan Grand Prix,5,1.353,Mercedes,George Russell,3,0.8208955223880597,0.9375,4.0,0.672,3.0,0.5702127659574469,3.8,19.2,0.0,-0.727564102564104,-0.9439,23.3129,0.03409090909090909,0.07462686567164178,1,1,1
2022,8,Azerbaijan Grand Prix,7,1.565,Mercedes,Lewis Hamilton,4,0.9770114942528736,0.9375,6.0,0.4,3.0,0.5702127659574469,0.4,19.2,-1.2,0.685714285714285,-0.8091,23.3129,0.03409090909090909,0.011494252873563218,1,1,1
2022,8,Azerbaijan Grand Prix,6,1.486,AlphaTauri,Pierre Gasly,5,0.8068181818181819,0.8260869565217391,14.0,0.048,7.0,0.07234042553191489,0.6,1.8,1.0,0.0,-0.05025,23.935399999999998,0.11956521739130435,0.056818181818181816,1,1,0
2022,8,Azerbaijan Grand Prix,9,1.732,Aston Martin,Sebastian Vettel,6,0.8488372093023255,0.8275862068965517,15.0,0.04,9.0,0.029787234042553193,0.0,1.4,-1.0,1.4883177570093462,-0.11316666666666667,23.8334,0.017241379310344827,0.08139534883720931,1,0,1
2022,8,Azerbaijan Grand Prix,10,1.814,Alpine F1 Team,Fernando Alonso,7,0.76,0.8793103448275862,13.0,0.08,6.0,0.1702127659574468,-2.6,4.8,1.8,-0.3333333333333339,0.00275,139.25119999999998,0.06896551724137931,0.06,1,1,1
2022,8,Azerbaijan Grand Prix,12,2.215,McLaren,Daniel Ricciardo,8,0.8068181818181819,0.8352272727272727,11.0,0.088,4.0,0.251063829787234,-2.4,9.2,1.2,0.7247706422018343,0.1465,23.0498,0.09659090909090909,0.03409090909090909,1,0,1
2022,8,Azerbaijan Grand Prix,11,2.039,McLaren,Lando Norris,9,0.8656716417910448,0.8352272727272727,7.0,0.384,4.0,0.251063829787234,-2.0,9.2,-1.0,0.1831168831168828,-0.47375,23.0498,0.09659090909090909,0.05970149253731343,1,1,1
2022,8,Azerbaijan Grand Prix,13,2.226,Alpine F1 Team,Esteban Ocon,10,0.8059701492537313,0.8793103448275862,9.0,0.24,6.0,0.1702127659574468,4.2,4.8,-0.2,-2.382882882882882,0.0046,139.25119999999998,0.06896551724137931,0.05970149253731343,1,1,1
2022,8,Azerbaijan Grand Prix,15,3.085,Alfa Romeo,Valtteri Bottas,11,0.8863636363636364,0.8947368421052632,8.0,0.32,5.0,0.17446808510638298,1.8,6.0,2.0,1.367857142857142,-0.36989999999999995,139.5255,0.06015037593984962,0.03409090909090909,1,1,0
2022,8,Azerbaijan Grand Prix,17,3.36,Williams,Alexander Albon,12,0.8863636363636364,0.8238636363636364,16.0,0.024,10.0,0.01276595744680851,4.6,0.6,-1.0,0.38761061946902586,0.63575,25.7346,0.08522727272727272,0.045454545454545456,1,1,1
2022,8,Azerbaijan Grand Prix,8,1.697,AlphaTauri,Yuki Tsunoda,13,0.8275862068965517,0.8260869565217391,12.0,0.088,7.0,0.07234042553191489,0.2,1.8,-1.4,-1.1842105263157894,0.3014,23.935399999999998,0.11956521739130435,0.034482758620689655,1,0,0
2022,8,Azerbaijan Grand Prix,20,4.416,Haas F1 Team,Mick Schumacher,14,0.8214285714285714,0.76,19.0,0.0,8.0,0.06382978723404255,-2.2,0.4,0.4,-2.373913043478261,0.277875,25.3827,0.08,0.10714285714285714,1,0,1
2022,8,Azerbaijan Grand Prix,18,4.008,Williams,Nicholas Latifi,15,0.8043478260869565,0.8238636363636364,21.0,0.0,10.0,0.01276595744680851,3.6,0.6,0.6,-1.2068965517241388,0.6157999999999999,25.7346,0.08522727272727272,0.13043478260869565,1,0,1
2022,8,Azerbaijan Grand Prix,19,4.012,Aston Martin,Lance Stroll,16,0.8390804597701149,0.8275862068965517,17.0,0.016,9.0,0.029787234042553193,4.0,1.4,0.4,0.39316239316239177,0.055299999999999995,23.8334,0.017241379310344827,0.09195402298850575,1,1,1
2022,8,Azerbaijan Grand Prix,16,3.284,Haas F1 Team,Kevin Magnussen,17,0.7727272727272727,0.76,10.0,0.12,8.0,0.06382978723404255,-3.6,0.4,-1.6,0.0,0.3471666666666667,25.3827,0.08,0.06060606060606061,1,0,1
2022,8,Azerbaijan Grand Prix,14,2.418,Alfa Romeo,Guanyu Zhou,18,0.7142857142857143,0.8947368421052632,18.0,0.008,5.0,0.17446808510638298,-0.2,6.0,0.4,1.9390756302521002,0.10833333333333332,139.5255,0.06015037593984962,0.0,1,0,0
2022,8,Azerbaijan Grand Prix,1,0.0,Ferrari,Charles Leclerc,19,0.8181818181818181,0.875,2.0,0.928,2.0,0.8468085106382979,-5.4,21.8,-0.6,0.9833333333333325,-1.527875,24.153100000000002,0.056818181818181816,0.11363636363636363,1,1,1
2022,8,Azerbaijan Grand Prix,4,0.455,Ferrari,Carlos Sainz,20,0.875,0.875,5.0,0.664,2.0,0.8468085106382979,-4.6,21.8,0.0,4.444214876033058,-1.3435,24.153100000000002,0.056818181818181816,0.06818181818181818,1,1,1
2022,9,Canadian Grand Prix,1,0.0,Red Bull,Max Verstappen,1,0.8202247191011236,0.8202247191011236,1.0,1.0,1.0,1.0,1.2,42.0,3.6,0.0,-1.867,23.8644,0.11235955056179775,0.07865168539325842,0,1,1
2022,9,Canadian Grand Prix,3,0.797,Ferrari,Carlos Sainz,2,0.8651685393258427,0.8651685393258427,5.0,0.5533333333333333,2.0,0.7132616487455197,-5.6,16.6,-1.0,0.6130081300813011,-1.3435,25.200899999999997,0.06741573033707865,0.06741573033707865,0,1,1
2022,9,Canadian Grand Prix,4,1.592,Mercedes,Lewis Hamilton,3,0.9772727272727273,0.9382022471910112,6.0,0.41333333333333333,3.0,0.5770609318996416,0.8,19.2,0.4,-1.0264976958525356,-0.7556,23.8142,0.033707865168539325,0.011363636363636364,0,1,1
2022,9,Canadian Grand Prix,8,2.258,Mercedes,George Russell,4,0.8235294117647058,0.9382022471910112,4.0,0.66,3.0,0.5770609318996416,3.6,19.2,-0.2,2.514666666666667,-1.0222,23.8142,0.033707865168539325,0.07352941176470588,0,1,1
2022,9,Canadian Grand Prix,15,11.709,Ferrari,Charles Leclerc,5,0.8089887640449438,0.8651685393258427,3.0,0.7733333333333333,2.0,0.7132616487455197,-9.0,16.6,-3.6,-2.4563492063492056,-1.4771666666666667,25.200899999999997,0.06741573033707865,0.11235955056179775,0,1,1
2022,9,Canadian Grand Prix,7,2.23,Alpine F1 Team,Esteban Ocon,6,0.8088235294117647,0.8833333333333333,9.0,0.20666666666666667,5.0,0.16845878136200718,4.6,5.0,0.4,1.8425196850393704,0.1281,139.81289999999998,0.06666666666666667,0.058823529411764705,0,1,1
2022,9,Canadian Grand Prix,11,5.489,Alfa Romeo,Valtteri Bottas,7,0.8876404494382022,0.8888888888888888,8.0,0.26666666666666666,6.0,0.14695340501792115,1.8,5.2,0.0,0.84375,-0.2726,140.2442,0.06666666666666667,0.033707865168539325,0,1,0
2022,9,Canadian Grand Prix,10,2.731,Alfa Romeo,Guanyu Zhou,8,0.625,0.8888888888888888,18.0,0.006666666666666667,6.0,0.14695340501792115,-1.6,5.2,-1.4,-1.1782945736434112,-0.065,140.2442,0.06666666666666667,0.0,0,0,0
2022,9,Canadian Grand Prix,2,0.645,Alpine F1 Team,Fernando Alonso,9,0.7647058823529411,0.8833333333333333,11.0,0.10666666666666667,5.0,0.16845878136200718,-0.6,5.0,2.0,-1.8820512820512807,-0.169875,139.81289999999998,0.06666666666666667,0.058823529411764705,0,1,1
2022,9,Canadian Grand Prix,18,14.233,Aston Martin,Lance Stroll,10,0.8295454545454546,0.8166666666666667,17.0,0.013333333333333334,9.0,0.053763440860215055,3.0,3.0,-1.0,2.809160305343511,-0.04,24.352200000000003,0.03333333333333333,0.09090909090909091,0,1,1
2022,9,Canadian Grand Prix,9,2.45,McLaren,Daniel Ricciardo,11,0.8089887640449438,0.8370786516853932,13.0,0.1,4.0,0.23297491039426524,-1.8,6.8,0.6,-0.20454545454545503,0.1771,23.8029,0.09550561797752809,0.033707865168539325,0,0,1
2022,9,Canadian Grand Prix,17,13.213,Aston Martin,Sebastian Vettel,12,0.8505747126436781,0.8166666666666667,14.0,0.08666666666666667,9.0,0.053763440860215055,0.8,3.0,0.8,-1.1654135338345863,-0.084375,24.352200000000003,0.03333333333333333,0.08045977011494253,0,0,1
2022,9,Canadian Grand Prix,12,5.559,Williams,Alexander Albon,13,0.8888888888888888,0.8258426966292135,16.0,0.02,10.0,0.010752688172043012,4.4,0.4,-0.2,-0.17910447761193993,0.565875,26.788800000000002,0.08426966292134831,0.044444444444444446,0,1,1
2022,9,Canadian Grand Prix,16,13.193,AlphaTauri,Pierre Gasly,14,0.8089887640449438,0.8297872340425532,10.0,0.10666666666666667,7.0,0.0967741935483871,0.4,3.4,-0.2,-1.7566137566137563,-0.18675,24.8151,0.11702127659574468,0.056179775280898875,0,1,0
2022,9,Canadian Grand Prix,14,12.767,McLaren,Lando Norris,15,0.8676470588235294,0.8370786516853932,7.0,0.3333333333333333,4.0,0.23297491039426524,-1.4,6.8,0.6,0.8529411764705888,-0.436125,23.8029,0.09550561797752809,0.058823529411764705,0,1,1
2022,9,Canadian Grand Prix,19,14.361,Williams,Nicholas Latifi,16,0.8085106382978724,0.8258426966292135,21.0,0.0,10.0,0.010752688172043012,3.6,0.4,0.0,-0.13138686131386912,0.8082,26.788800000000002,0.08426966292134831,0.1276595744680851,0,0,1
2022,9,Canadian Grand Prix,5,1.661,Haas F1 Team,Kevin Magnussen,17,0.7611940298507462,0.7570621468926554,12.0,0.1,8.0,0.053763440860215055,-4.4,0.4,-0.8,-1.1231884057971016,0.298,26.0139,0.0847457627118644,0.05970149253731343,0,0,1
2022,9,Canadian Grand Prix,20,15.276,AlphaTauri,Yuki Tsunoda,18,0.8333333333333334,0.8297872340425532,15.0,0.07333333333333333,7.0,0.0967741935483871,-0.4,3.4,-0.6,-1.2961630695443631,0.19619999999999999,24.8151,0.11702127659574468,0.03333333333333333,0,0,0
2022,9,Canadian Grand Prix,6,2.057,Haas F1 Team,Mick Schumacher,19,0.8275862068965517,0.7570621468926554,19.0,0.0,8.0,0.053763440860215055,-1.4,0.4,0.8,-0.3785714285714281,0.448,26.0139,0.0847457627118644,0.10344827586206896,0,0,1
2022,9,Canadian Grand Prix,13,11.828,Red Bull,Sergio Pérez,20,0.8850574712643678,0.8202247191011236,2.0,0.86,1.0,1.0,2.0,42.0,-0.2,1.0230496453900706,-1.4387999999999999,23.8644,0.11235955056179775,0.034482758620689655,0,1,1
2022,10,British Grand Prix,1,1.061,Ferrari,Carlos Sainz,1,0.8666666666666667,0.8666666666666667,5.0,0.5828571428571429,2.0,0.75,-3.4,20.8,2.2,0.5605633802816907,-1.374125,23.8183,0.06666666666666667,0.06666666666666667,0,1,1
2022,10,British Grand Prix,4,1.392,Red Bull,Sergio Pérez,2,0.875,0.8166666666666667,2.0,0.7371428571428571,1.0,1.0,-0.4,38.2,-2.4,1.7412587412587417,-1.53575,22.662200000000002,0.11666666666666667,0.03409090909090909,0,1,1
2022,10,British Grand Prix,5,1.299,Mercedes,Lewis Hamilton,3,0.9775280898876404,0.9388888888888889,6.0,0.44,3.0,0.618421052631579,1.0,22.2,0.2,2.1500000000000004,-1.0611,22.211899999999996,0.03333333333333333,0.011235955056179775,0,1,1
2022,10,British Grand Prix,3,0.717,Ferrari,Charles Leclerc,4,0.8111111111111111,0.8666666666666667,3.0,0.72,2.0,0.75,-6.2,20.8,2.8,0.0,-1.3406666666666667,23.8183,0.06666666666666667,0.1111111111111111,0,1,1
2022,10,British Grand Prix,7,2.469,Alpine F1 Team,Fernando Alonso,5,0.7692307692307692,0.8870967741935484,10.0,0.10285714285714286,5.0,0.1875,0.8,7.0,1.4,-3.815068493150685,-0.21509999999999999,138.4395,0.06451612903225806,0.057692307692307696,0,1,1
2022,10,British Grand Prix,6,2.386,McLaren,Lando Norris,6,0.8695652173913043,0.8388888888888889,7.0,0.2857142857142857,4.0,0.2138157894736842,-1.6,3.8,-0.2,-0.020408163265305035,-0.207,23.022199999999998,0.09444444444444444,0.057971014492753624,0,1,1
2022,10,British Grand Prix,2,0.0,Red Bull,Max Verstappen,7,0.8222222222222222,0.8166666666666667,1.0,1.0,1.0,1.0,1.2,38.2,0.0,-3.364864864864865,-1.8857000000000002,22.662200000000002,0.11666666666666667,0.07777777777777778,0,1,1
2022,10,British Grand Prix,19,3.579,Haas F1 Team,Mick Schumacher,8,0.8,0.7541899441340782,19.0,0.0,9.0,0.049342105263157895,-3.0,0.0,-1.6,1.3445190156599551,0.524,27.402300000000004,0.0893854748603352,0.1,0,0,1
2022,10,British Grand Prix,18,3.537,Aston Martin,Sebastian Vettel,9,0.8522727272727273,0.8225806451612903,14.0,0.07428571428571429,8.0,0.05263157894736842,1.6,2.2,0.8,1.299999999999999,-0.1315,22.7733,0.03225806451612903,0.07954545454545454,0,0,1
2022,10,British Grand Prix,17,3.03,Haas F1 Team,Kevin Magnussen,10,0.7647058823529411,0.7541899441340782,12.0,0.08571428571428572,9.0,0.049342105263157895,-5.8,0.0,-1.4,-1.3509933774834444,0.62425,27.402300000000004,0.0893854748603352,0.058823529411764705,0,0,1
2022,10,British Grand Prix,20,4.301,Aston Martin,Lance Stroll,11,0.8314606741573034,0.8225806451612903,18.0,0.017142857142857144,8.0,0.05263157894736842,3.6,2.2,0.6,3.3684210526315788,0.0505,22.7733,0.03225806451612903,0.0898876404494382,0,1,1
2022,10,British Grand Prix,10,2.869,Williams,Nicholas Latifi,12,0.8125,0.8277777777777777,21.0,0.0,10.0,0.009868421052631578,3.8,0.4,0.2,0.594771241830065,0.8937999999999999,25.3794,0.08333333333333333,0.125,0,0,1
2022,10,British Grand Prix,14,2.804,McLaren,Daniel Ricciardo,13,0.8111111111111111,0.8388888888888889,13.0,0.08571428571428572,4.0,0.2138157894736842,0.2,3.8,2.0,-2.428571428571429,-0.0538,23.022199999999998,0.09444444444444444,0.03333333333333333,0,0,1
2022,10,British Grand Prix,13,2.764,AlphaTauri,Yuki Tsunoda,14,0.8064516129032258,0.8229166666666666,15.0,0.06285714285714286,7.0,0.08881578947368421,-1.8,2.2,-1.4,2.388172043010753,0.33875,23.4381,0.11458333333333333,0.06451612903225806,0,0,0
2022,10,British Grand Prix,15,2.601,Alpine F1 Team,Esteban Ocon,15,0.8115942028985508,0.8870967741935484,9.0,0.22285714285714286,5.0,0.1875,3.8,7.0,-0.8,-1.4615384615384617,0.0246,138.4395,0.06451612903225806,0.057971014492753624,0,1,1
2022,10,British Grand Prix,11,2.551,AlphaTauri,Pierre Gasly,16,0.8111111111111111,0.8229166666666666,11.0,0.09142857142857143,7.0,0.08881578947368421,-0.2,2.2,-0.6,-0.37933474876150086,-0.264625,23.4381,0.11458333333333333,0.05555555555555555,0,1,0
2022,10,British Grand Prix,12,2.267,Alfa Romeo,Valtteri Bottas,17,0.8888888888888888,0.8905109489051095,8.0,0.26285714285714284,6.0,0.16776315789473684,2.0,5.2,0.2,-2.5,-0.1865,137.78439999999998,0.06569343065693431,0.03333333333333333,0,1,0
2022,10,British Grand Prix,8,0.899,Mercedes,George Russell,18,0.8260869565217391,0.9388888888888889,4.0,0.6342857142857142,3.0,0.618421052631579,3.0,22.2,-0.6,-0.6082659478885883,-1.1578,22.211899999999996,0.03333333333333333,0.07246376811594203,0,1,1
2022,10,British Grand Prix,9,1.662,Alfa Romeo,Guanyu Zhou,19,0.6666666666666667,0.8905109489051095,16.0,0.02857142857142857,6.0,0.16776315789473684,-1.0,5.2,0.6,0.09642857142857153,-0.33,137.78439999999998,0.06569343065693431,0.0,0,0,0
2022,10,British Grand Prix,16,2.949,Williams,Alexander Albon,20,0.8913043478260869,0.8277777777777777,17.0,0.017142857142857144,10.0,0.009868421052631578,2.4,0.4,-2.0,-0.9409937888198758,0.588875,25.3794,0.08333333333333333,0.043478260869565216,0,1,1
2022,11,Austrian Grand Prix,2,0.029,Ferrari,Charles Leclerc,1,0.8131868131868132,0.8681318681318682,3.0,0.7624309392265194,2.0,0.8079268292682927,-6.2,21.6,0.0,-0.40740740740740655,-1.3271666666666668,25.4033,0.06593406593406594,0.10989010989010989,0,1,1
2022,11,Austrian Grand Prix,1,0.0,Red Bull,Max Verstappen,2,0.8241758241758241,0.8186813186813187,1.0,1.0,1.0,1.0,-0.2,35.4,-1.4,0.5582822085889578,-1.58,24.8374,0.11538461538461539,0.07692307692307693,0,1,1
2022,11,Austrian Grand Prix,9,0.491,Mercedes,Lewis Hamilton,3,0.9777777777777777,0.9340659340659341,6.0,0.5138121546961326,3.0,0.6219512195121951,1.4,21.8,0.4,0.9304878048780498,-1.386,24.3938,0.03296703296703297,0.011111111111111112,0,1,1
2022,11,Austrian Grand Prix,4,0.447,Mercedes,George Russell,4,0.8142857142857143,0.9340659340659341,5.0,0.6132596685082873,3.0,0.6219512195121951,-0.4,21.8,-3.4,0.6939393939393934,-1.3665,24.3938,0.03296703296703297,0.08571428571428572,0,1,1
2022,11,Austrian Grand Prix,5,0.742,Alpine F1 Team,Esteban Ocon,5,0.8,0.875,9.0,0.2154696132596685,5.0,0.20426829268292682,1.4,8.2,-2.4,1.0301204819277103,0.0075,140.4422,0.078125,0.05714285714285714,0,1,1
2022,11,Austrian Grand Prix,7,1.027,Haas F1 Team,Mick Schumacher,6,0.8064516129032258,0.7569060773480663,17.0,0.022099447513812154,8.0,0.06097560975609756,-0.8,1.0,2.2,2.687624750499001,0.539,29.4601,0.08839779005524862,0.0967741935483871,0,0,1
2022,11,Austrian Grand Prix,15,1.346,McLaren,Lando Norris,7,0.8714285714285714,0.8406593406593407,7.0,0.32044198895027626,4.0,0.2225609756097561,0.6,5.4,2.2,-2.5,-0.2692,25.1778,0.09340659340659341,0.05714285714285714,0,1,1
2022,11,Austrian Grand Prix,6,0.895,Haas F1 Team,Kevin Magnussen,8,0.7681159420289855,0.7569060773480663,12.0,0.08839779005524862,8.0,0.06097560975609756,-4.4,1.0,1.4,-0.8658777120315584,0.6406666666666666,29.4601,0.08839779005524862,0.057971014492753624,0,0,1
2022,11,Austrian Grand Prix,16,1.629,McLaren,Daniel Ricciardo,9,0.8131868131868132,0.8406593406593407,14.0,0.08287292817679558,4.0,0.2225609756097561,0.2,5.4,0.0,0.012605042016806678,-0.0522,25.1778,0.09340659340659341,0.03296703296703297,0,0,1
2022,11,Austrian Grand Prix,8,1.032,Alpine F1 Team,Fernando Alonso,10,0.7735849056603774,0.875,10.0,0.15469613259668508,5.0,0.20426829268292682,1.2,8.2,0.4,-0.04385964912280649,-0.3033,140.4422,0.078125,0.05660377358490566,0,1,1
2022,11,Austrian Grand Prix,12,1.335,Alfa Romeo,Valtteri Bottas,11,0.8791208791208791,0.8776978417266187,8.0,0.2541436464088398,6.0,0.15548780487804878,1.4,4.0,-0.6,2.0910852713178283,-0.142625,745.008,0.07194244604316546,0.03296703296703297,0,1,0
2022,11,Austrian Grand Prix,11,1.246,Williams,Alexander Albon,12,0.8723404255319149,0.8241758241758241,18.0,0.016574585635359115,10.0,0.009146341463414634,-0.2,0.0,-2.6,1.1257225433526017,0.7581666666666667,27.220800000000004,0.08241758241758242,0.06382978723404255,0,1,1
2022,11,Austrian Grand Prix,17,1.863,Aston Martin,Lance Stroll,13,0.8333333333333334,0.828125,19.0,0.016574585635359115,9.0,0.054878048780487805,5.4,2.4,1.8,-0.6494252873563227,0.09275,24.8424,0.03125,0.08888888888888889,0,1,1
2022,11,Austrian Grand Prix,18,1.917,Alfa Romeo,Guanyu Zhou,14,0.6,0.8776978417266187,16.0,0.027624309392265192,6.0,0.15548780487804878,-2.4,4.0,-1.4,2.194285714285714,-0.33,745.008,0.07194244604316546,0.1,0,0,0
2022,11,Austrian Grand Prix,10,1.176,AlphaTauri,Pierre Gasly,15,0.8021978021978022,0.8163265306122449,11.0,0.08839779005524862,7.0,0.08231707317073171,1.0,2.2,1.2,-1.2646103896103895,-0.264625,26.5349,0.11224489795918367,0.06593406593406594,0,1,0
2022,11,Austrian Grand Prix,14,1.479,AlphaTauri,Yuki Tsunoda,16,0.8125,0.8163265306122449,15.0,0.06077348066298342,7.0,0.08231707317073171,-1.4,2.2,0.4,-0.44576271186440586,0.4475,26.5349,0.11224489795918367,0.0625,0,0,0
2022,11,Austrian Grand Prix,20,2.099,Aston Martin,Sebastian Vettel,17,0.8539325842696629,0.828125,13.0,0.08287292817679558,9.0,0.054878048780487805,4.2,2.4,2.6,-3.1142322097378283,-0.0851,24.8424,0.03125,0.07865168539325842,0,0,1
2022,11,Austrian Grand Prix,3,0.082,Ferrari,Carlos Sainz,18,0.8681318681318682,0.8681318681318682,4.0,0.7016574585635359,2.0,0.8079268292682927,-3.2,21.6,0.2,-0.6906424581005588,-1.495625,25.4033,0.06593406593406594,0.06593406593406594,0,1,1
2022,11,Austrian Grand Prix,19,2.019,Williams,Nicholas Latifi,19,0.8163265306122449,0.8241758241758241,20.0,0.0,10.0,0.009146341463414634,2.4,0.0,-1.4,-0.9805555555555561,0.7212999999999999,27.220800000000004,0.08241758241758242,0.12244897959183673,0,0,1
2022,11,Austrian Grand Prix,13,1.159,Red Bull,Sergio Pérez,20,0.8764044943820225,0.8186813186813187,2.0,0.8121546961325967,1.0,1.0,0.0,35.4,0.4,0.0,-1.697875,24.8374,0.11538461538461539,0.033707865168539325,0,1,1
2022,12,French Grand Prix,2,0.304,Red Bull,Max Verstappen,1,0.8260869565217391,0.8152173913043479,1.0,1.0,1.0,1.0,-0.6,30.4,-0.4,0.0,-1.4538,24.7933,0.11413043478260869,0.07608695652173914,0,1,1
2022,12,French Grand Prix,4,0.893,Mercedes,Lewis Hamilton,2,0.978021978021978,0.9347826086956522,6.0,0.5240384615384616,3.0,0.6601671309192201,2.4,22.2,1.0,0.0,-1.1958,24.526600000000002,0.03260869565217391,0.01098901098901099,0,1,1
2022,12,French Grand Prix,6,1.259,Mercedes,George Russell,3,0.8169014084507042,0.9347826086956522,5.0,0.6153846153846154,3.0,0.6601671309192201,-0.6,22.2,-0.2,0.0,-1.213,24.526600000000002,0.03260869565217391,0.08450704225352113,0,1,1
2022,12,French Grand Prix,3,0.463,Red Bull,Sergio Pérez,4,0.8666666666666667,0.8152173913043479,3.0,0.7259615384615384,1.0,1.0,-2.0,30.4,-2.0,0.0,-1.8755,24.7933,0.11413043478260869,0.044444444444444446,0,1,1
2022,12,French Grand Prix,9,0.209,Ferrari,Carlos Sainz,5,0.8586956521739131,0.8641304347826086,4.0,0.6394230769230769,2.0,0.8440111420612814,-6.0,24.2,-2.8,0.0,-1.6655,25.2848,0.07065217391304347,0.06521739130434782,0,1,1
2022,12,French Grand Prix,7,1.68,Alpine F1 Team,Fernando Alonso,6,0.7777777777777778,0.8787878787878788,10.0,0.13942307692307693,5.0,0.22562674094707522,-0.8,8.8,-2.0,0.0,-0.31639999999999996,140.3564,0.07575757575757576,0.05555555555555555,0,1,1
2022,12,French Grand Prix,5,1.16,McLaren,Lando Norris,7,0.8732394366197183,0.842391304347826,7.0,0.3076923076923077,4.0,0.22562674094707522,1.6,6.2,1.0,0.0,-0.2611,25.2032,0.09239130434782608,0.056338028169014086,0,1,1
2022,12,French Grand Prix,12,2.176,Alpine F1 Team,Esteban Ocon,8,0.8028169014084507,0.8787878787878788,8.0,0.25,5.0,0.22562674094707522,0.4,8.8,-1.0,0.0,0.040125,140.3564,0.07575757575757576,0.056338028169014086,0,1,1
2022,12,French Grand Prix,11,2.05,McLaren,Daniel Ricciardo,9,0.8152173913043479,0.842391304347826,12.0,0.08173076923076923,4.0,0.22562674094707522,2.2,6.2,2.0,0.0,-0.0581,25.2032,0.09239130434782608,0.03260869565217391,0,0,1
2022,12,French Grand Prix,17,2.567,Aston Martin,Lance Stroll,10,0.8351648351648352,0.8333333333333334,19.0,0.014423076923076924,9.0,0.05013927576601671,5.6,2.4,0.2,0.0,0.174,24.6293,0.030303030303030304,0.08791208791208792,0,1,1
2022,12,French Grand Prix,14,2.404,Aston Martin,Sebastian Vettel,11,0.8555555555555556,0.8333333333333334,14.0,0.07211538461538461,9.0,0.05013927576601671,3.8,2.4,-0.4,0.0,-0.124,24.6293,0.030303030303030304,0.07777777777777778,0,0,1
2022,12,French Grand Prix,16,2.567,AlphaTauri,Pierre Gasly,12,0.8043478260869565,0.8200000000000001,13.0,0.07692307692307693,8.0,0.07520891364902507,-0.2,2.0,-1.2,0.0,-0.317875,26.4704,0.11,0.06521739130434782,0,1,0
2022,12,French Grand Prix,15,2.435,Williams,Alexander Albon,13,0.875,0.8206521739130435,18.0,0.014423076923076924,10.0,0.008356545961002786,-0.6,0.0,-0.4,0.0,0.3146666666666667,26.967399999999998,0.08695652173913043,0.0625,0,1,1
2022,12,French Grand Prix,13,2.162,Alfa Romeo,Valtteri Bottas,14,0.8804347826086957,0.8794326241134752,9.0,0.22115384615384615,6.0,0.14206128133704735,1.4,2.4,0.0,0.0,0.0205,745.1487,0.07092198581560284,0.03260869565217391,0,1,0
2022,12,French Grand Prix,19,2.829,Haas F1 Team,Mick Schumacher,15,0.8125,0.7595628415300546,15.0,0.057692307692307696,7.0,0.0947075208913649,0.2,3.4,1.0,0.0,0.2986666666666667,29.1466,0.08743169398907104,0.09375,0,0,1
2022,12,French Grand Prix,18,2.802,Alfa Romeo,Guanyu Zhou,16,0.6363636363636364,0.8794326241134752,17.0,0.02403846153846154,6.0,0.14206128133704735,-0.8,2.4,1.6,0.0,-0.08683333333333333,745.1487,0.07092198581560284,0.09090909090909091,0,0,0
2022,12,French Grand Prix,20,2.922,Williams,Nicholas Latifi,17,0.8,0.8206521739130435,20.0,0.0,10.0,0.008356545961002786,1.6,0.0,-0.8,0.0,0.630375,26.967399999999998,0.08695652173913043,0.12,0,0,1
2022,12,French Grand Prix,10,1.777,Haas F1 Team,Kevin Magnussen,18,0.7714285714285715,0.7595628415300546,11.0,0.10576923076923077,7.0,0.0947075208913649,-3.0,3.4,1.4,0.0,0.4391666666666667,29.1466,0.08743169398907104,0.05714285714285714,0,0,1
2022,12,French Grand Prix,1,0.0,Ferrari,Charles Leclerc,19,0.8152173913043479,0.8641304347826086,2.0,0.8173076923076923,2.0,0.8440111420612814,-2.2,24.2,4.0,0.0,-1.261375,25.2848,0.07065217391304347,0.10869565217391304,0,1,1
2022,12,French Grand Prix,8,1.908,AlphaTauri,Yuki Tsunoda,20,0.8181818181818181,0.8200000000000001,16.0,0.052884615384615384,8.0,0.07520891364902507,-2.4,2.0,-1.0,0.0,0.561625,26.4704,0.11,0.06060606060606061,0,0,0
2022,13,Hungarian Grand Prix,10,0.326,Red Bull,Max Verstappen,1,0.8279569892473118,0.8172043010752688,1.0,1.0,1.0,1.0,-0.6,29.8,0.0,0.0,-1.3204,26.732099999999996,0.11290322580645161,0.07526881720430108,0,1,1
2022,13,Hungarian Grand Prix,7,0.658,Mercedes,Lewis Hamilton,2,0.9782608695652174,0.935483870967742,6.0,0.5450643776824035,3.0,0.6818181818181818,2.8,26.0,0.4,-6.454545454545455,-0.9863999999999999,27.0028,0.03225806451612903,0.010869565217391304,0,1,1
2022,13,Hungarian Grand Prix,1,0.0,Mercedes,George Russell,3,0.8194444444444444,0.935483870967742,5.0,0.6137339055793991,3.0,0.6818181818181818,-0.2,26.0,0.4,0.0,-0.86775,27.0028,0.03225806451612903,0.08333333333333333,0,1,1
2022,13,Hungarian Grand Prix,2,0.044,Ferrari,Carlos Sainz,4,0.8602150537634409,0.8602150537634409,4.0,0.6180257510729614,2.0,0.7929292929292929,-5.2,20.4,0.8,0.0,-1.4063333333333332,28.053000000000004,0.06989247311827956,0.06451612903225806,0,1,1
2022,13,Hungarian Grand Prix,11,1.139,Red Bull,Sergio Pérez,5,0.8681318681318682,0.8172043010752688,3.0,0.6995708154506438,1.0,1.0,-2.6,29.8,-0.6,-2.5600000000000005,-1.5175,26.732099999999996,0.11290322580645161,0.04395604395604396,0,1,1
2022,13,Hungarian Grand Prix,3,0.19,Ferrari,Charles Leclerc,6,0.8064516129032258,0.8602150537634409,2.0,0.7296137339055794,2.0,0.7929292929292929,-5.2,20.4,-3.0,0.0,-0.9546666666666667,28.053000000000004,0.06989247311827956,0.11827956989247312,0,1,1
2022,13,Hungarian Grand Prix,4,0.392,McLaren,Lando Norris,7,0.875,0.8440860215053764,7.0,0.30042918454935624,5.0,0.22474747474747475,1.4,6.0,-0.2,0.0,0.0043,27.490699999999997,0.0913978494623656,0.05555555555555555,0,1,1
2022,13,Hungarian Grand Prix,6,0.527,Alpine F1 Team,Fernando Alonso,8,0.7818181818181819,0.8823529411764706,10.0,0.15879828326180256,4.0,0.23484848484848486,-0.6,10.0,0.2,0.0,-0.2865,27.790200000000006,0.07352941176470588,0.05454545454545454,0,1,1
2022,13,Hungarian Grand Prix,5,0.641,Alpine F1 Team,Esteban Ocon,9,0.8055555555555556,0.8823529411764706,8.0,0.24034334763948498,4.0,0.23484848484848486,1.6,10.0,1.2,0.0,0.09125,27.790200000000006,0.07352941176470588,0.05555555555555555,0,1,1
2022,13,Hungarian Grand Prix,18,1.896,Aston Martin,Sebastian Vettel,10,0.8571428571428572,0.8382352941176471,14.0,0.06437768240343347,9.0,0.047979797979797977,4.6,2.4,0.8,0.0,0.060899999999999996,26.9346,0.029411764705882353,0.07692307692307693,0,0,1
2022,13,Hungarian Grand Prix,14,1.76,Aston Martin,Lance Stroll,11,0.8369565217391304,0.8382352941176471,18.0,0.017167381974248927,9.0,0.047979797979797977,6.2,2.4,0.6,0.0,0.362875,26.9346,0.029411764705882353,0.08695652173913043,0,1,1
2022,13,Hungarian Grand Prix,19,2.15,AlphaTauri,Pierre Gasly,12,0.8064516129032258,0.8137254901960784,13.0,0.06866952789699571,8.0,0.06818181818181818,-0.6,2.0,-0.4,0.0,0.129875,28.078099999999996,0.11764705882352941,0.06451612903225806,0,1,0
2022,13,Hungarian Grand Prix,12,1.196,Alfa Romeo,Guanyu Zhou,13,0.6666666666666667,0.8811188811188811,17.0,0.02145922746781116,6.0,0.12878787878787878,-1.2,2.0,-0.4,0.0,0.368,632.5762000000001,0.06993006993006994,0.08333333333333333,0,0,0
2022,13,Hungarian Grand Prix,15,1.787,Haas F1 Team,Mick Schumacher,14,0.8181818181818181,0.7567567567567568,15.0,0.05150214592274678,7.0,0.08585858585858586,1.8,3.4,1.6,0.0,0.29325,30.045800000000003,0.08648648648648649,0.09090909090909091,0,0,1
2022,13,Hungarian Grand Prix,9,0.821,McLaren,Daniel Ricciardo,15,0.8172043010752688,0.8440860215053764,12.0,0.0815450643776824,5.0,0.22474747474747475,2.4,6.0,0.2,0.0,0.21480000000000002,27.490699999999997,0.0913978494623656,0.03225806451612903,0,0,1
2022,13,Hungarian Grand Prix,13,1.448,Haas F1 Team,Kevin Magnussen,16,0.7605633802816901,0.7567567567567568,11.0,0.0944206008583691,7.0,0.08585858585858586,-3.2,3.4,-0.2,-5.111111111111111,0.4391666666666667,30.045800000000003,0.08648648648648649,0.07042253521126761,0,0,1
2022,13,Hungarian Grand Prix,17,1.879,Williams,Alexander Albon,17,0.8775510204081632,0.8172043010752688,19.0,0.012875536480686695,10.0,0.007575757575757576,0.2,0.0,0.8,0.0,0.33075,27.173199999999998,0.08602150537634409,0.061224489795918366,0,1,1
2022,13,Hungarian Grand Prix,20,2.193,Williams,Nicholas Latifi,18,0.7843137254901961,0.8172043010752688,20.0,0.0,10.0,0.007575757575757576,1.4,0.0,-0.2,-3.307017543859648,1.0643333333333334,27.173199999999998,0.08602150537634409,0.13725490196078433,0,0,1
2022,13,Hungarian Grand Prix,16,1.863,AlphaTauri,Yuki Tsunoda,19,0.7941176470588236,0.8137254901960784,16.0,0.04721030042918455,8.0,0.06818181818181818,-3.6,2.0,-1.2,0.0,0.534,28.078099999999996,0.11764705882352941,0.058823529411764705,0,0,0
2022,13,Hungarian Grand Prix,8,0.78,Alfa Romeo,Valtteri Bottas,20,0.8817204301075269,0.8811188811188811,9.0,0.19742489270386265,6.0,0.12878787878787878,0.6,2.0,-0.8,0.0,0.32575,632.5762000000001,0.06993006993006994,0.03225806451612903,0,1,0
2022,14,Belgian Grand Prix,1,0.0,Red Bull,Max Verstappen,1,0.8297872340425532,0.8191489361702128,1.0,1.0,1.0,1.0,0.8,28.0,1.4,5.463414634146341,-1.1458,26.5899,0.11170212765957446,0.07446808510638298,0,1,1
2022,14,Belgian Grand Prix,3,0.797,Red Bull,Sergio Pérez,2,0.8695652173913043,0.8191489361702128,3.0,0.6705426356589147,1.0,1.0,-1.4,28.0,1.2,0.0,-1.2256666666666667,26.5899,0.11170212765957446,0.043478260869565216,0,1,1
2022,14,Belgian Grand Prix,2,0.632,Ferrari,Carlos Sainz,3,0.8617021276595744,0.8617021276595744,5.0,0.6046511627906976,2.0,0.7749419953596288,-2.4,24.4,2.8,0.0,-1.30425,27.805,0.06914893617021277,0.06382978723404255,0,1,1
2022,14,Belgian Grand Prix,8,1.796,Mercedes,George Russell,4,0.821917808219178,0.9361702127659575,4.0,0.6124031007751938,3.0,0.7053364269141531,-1.0,27.4,-0.8,0.0,-0.92,27.2497,0.031914893617021274,0.0821917808219178,0,1,1
2022,14,Belgian Grand Prix,6,1.703,Alpine F1 Team,Fernando Alonso,5,0.7857142857142857,0.8857142857142857,10.0,0.15891472868217055,4.0,0.2296983758700696,-1.6,9.8,-1.0,-4.488888888888888,-0.1661,28.035700000000002,0.07142857142857142,0.05357142857142857,0,1,1
2022,14,Belgian Grand Prix,4,0.886,Ferrari,Charles Leclerc,6,0.8085106382978724,0.8617021276595744,2.0,0.689922480620155,2.0,0.7749419953596288,-2.2,24.4,3.0,-4.315217391304348,-1.003125,27.805,0.06914893617021277,0.11702127659574468,0,1,1
2022,14,Belgian Grand Prix,5,1.515,Alpine F1 Team,Esteban Ocon,7,0.8082191780821918,0.8857142857142857,8.0,0.2248062015503876,4.0,0.2296983758700696,0.2,9.8,-1.4,-0.6028368794326227,-0.02,28.035700000000002,0.07142857142857142,0.0547945205479452,0,1,1
2022,14,Belgian Grand Prix,16,2.679,Aston Martin,Sebastian Vettel,8,0.8586956521739131,0.8428571428571429,14.0,0.06201550387596899,9.0,0.04640371229698376,5.6,1.0,1.0,2.166666666666666,0.0979,27.043200000000002,0.02857142857142857,0.07608695652173914,0,0,1
2022,14,Belgian Grand Prix,12,2.162,AlphaTauri,Pierre Gasly,9,0.8085106382978724,0.8173076923076923,13.0,0.06201550387596899,8.0,0.06264501160092807,0.6,0.0,1.2,0.040816326530611846,0.226125,27.796499999999998,0.11538461538461539,0.06382978723404255,0,1,0
2022,14,Belgian Grand Prix,9,2.007,Williams,Alexander Albon,10,0.88,0.8191489361702128,19.0,0.011627906976744186,10.0,0.0069605568445475635,-0.8,0.0,-1.0,0.0,0.361,27.0836,0.0851063829787234,0.06,0,1,1
2022,14,Belgian Grand Prix,14,2.591,Aston Martin,Lance Stroll,11,0.8387096774193549,0.8428571428571429,18.0,0.015503875968992248,9.0,0.04640371229698376,6.2,1.0,0.0,-2.0784313725490193,0.3175,27.043200000000002,0.02857142857142857,0.08602150537634409,0,1,1
2022,14,Belgian Grand Prix,10,1.938,McLaren,Lando Norris,12,0.8767123287671232,0.8457446808510638,7.0,0.29457364341085274,5.0,0.22041763341067286,0.4,6.0,-1.0,2.5576923076923084,-0.1356,27.5083,0.09042553191489362,0.0547945205479452,0,1,1
2022,14,Belgian Grand Prix,19,3.027,AlphaTauri,Yuki Tsunoda,13,0.8,0.8173076923076923,16.0,0.04263565891472868,8.0,0.06264501160092807,-3.2,0.0,0.4,0.0,0.7441666666666666,27.796499999999998,0.11538461538461539,0.05714285714285714,0,0,0
2022,14,Belgian Grand Prix,13,2.42,Alfa Romeo,Guanyu Zhou,14,0.6923076923076923,0.8758620689655172,17.0,0.01937984496124031,6.0,0.11832946635730858,-0.6,2.0,0.6,0.0,0.39625,632.6424,0.07586206896551724,0.07692307692307693,0,0,0
2022,14,Belgian Grand Prix,11,2.102,McLaren,Daniel Ricciardo,15,0.8191489361702128,0.8457446808510638,12.0,0.07364341085271318,5.0,0.22041763341067286,0.4,6.0,-2.0,0.0,0.213,27.5083,0.09042553191489362,0.031914893617021274,0,0,1
2022,14,Belgian Grand Prix,18,2.892,Haas F1 Team,Kevin Magnussen,16,0.7638888888888888,0.7593582887700535,11.0,0.08527131782945736,7.0,0.07888631090487239,-3.6,3.4,-0.4,0.0,0.530375,30.229000000000003,0.0855614973262032,0.06944444444444445,0,0,1
2022,14,Belgian Grand Prix,15,2.677,Haas F1 Team,Mick Schumacher,17,0.8235294117647058,0.7593582887700535,15.0,0.046511627906976744,7.0,0.07888631090487239,0.8,3.4,-1.0,0.0,0.28975,30.229000000000003,0.0855614973262032,0.08823529411764706,0,0,1
2022,14,Belgian Grand Prix,17,2.736,Williams,Nicholas Latifi,18,0.7884615384615384,0.8191489361702128,20.0,0.0,10.0,0.0069605568445475635,1.2,0.0,-0.2,0.0,0.8118333333333334,27.0836,0.0851063829787234,0.1346153846153846,0,0,1
2022,14,Belgian Grand Prix,20,4.201,Alfa Romeo,Valtteri Bottas,19,0.8723404255319149,0.8758620689655172,9.0,0.17829457364341086,6.0,0.11832946635730858,-2.6,2.0,-3.2,-2.415254237288135,0.22316666666666665,632.6424,0.07586206896551724,0.031914893617021274,0,1,0
2022,14,Belgian Grand Prix,7,1.755,Mercedes,Lewis Hamilton,20,0.978494623655914,0.9361702127659575,6.0,0.5658914728682171,3.0,0.7053364269141531,3.2,27.4,0.4,-2.883333333333333,-1.1587,27.2497,0.031914893617021274,0.010752688172043012,0,1,1
2022,15,Dutch Grand Prix,1,0.0,Red Bull,Max Verstappen,1,0.8315789473684211,0.8210526315789474,1.0,1.0,1.0,1.0,0.8,31.8,0.0,0.0,-1.2689000000000001,26.2977,0.11052631578947368,0.07368421052631578,0,1,1
2022,15,Dutch Grand Prix,6,0.482,Mercedes,George Russell,2,0.8243243243243243,0.9315789473684211,5.0,0.5985915492957746,3.0,0.6652631578947369,-1.0,24.4,0.0,0.0,-0.94525,27.050300000000004,0.031578947368421054,0.08108108108108109,0,1,1
2022,15,Dutch Grand Prix,2,0.021,Ferrari,Charles Leclerc,3,0.8105263157894737,0.8631578947368421,3.0,0.6549295774647887,2.0,0.751578947368421,-4.6,23.2,-2.4,-3.3888888888888893,-0.900375,27.4666,0.06842105263157895,0.11578947368421053,0,1,1
2022,15,Dutch Grand Prix,4,0.306,Mercedes,Lewis Hamilton,4,0.9680851063829787,0.9315789473684211,6.0,0.5140845070422535,3.0,0.6652631578947369,0.4,24.4,-2.8,0.0,-1.1725,27.050300000000004,0.031578947368421054,0.02127659574468085,0,1,1
2022,15,Dutch Grand Prix,5,0.735,Red Bull,Sergio Pérez,5,0.8709677419354839,0.8210526315789474,2.0,0.6725352112676056,1.0,1.0,0.2,31.8,1.6,3.712820512820512,-1.356,26.2977,0.11052631578947368,0.043010752688172046,0,1,1
2022,15,Dutch Grand Prix,13,1.271,Alpine F1 Team,Fernando Alonso,6,0.7894736842105263,0.8888888888888888,9.0,0.1795774647887324,4.0,0.24210526315789474,0.0,11.0,1.6,-1.9393939393939394,-0.102,27.827499999999997,0.06944444444444445,0.05263157894736842,0,1,1
2022,15,Dutch Grand Prix,7,0.774,McLaren,Lando Norris,7,0.8783783783783784,0.8473684210526315,7.0,0.2676056338028169,5.0,0.2,0.2,6.0,-0.2,-2.3955223880597014,-0.0627,26.8544,0.08947368421052632,0.05405405405405406,0,1,1
2022,15,Dutch Grand Prix,3,0.092,Ferrari,Carlos Sainz,8,0.8631578947368421,0.8631578947368421,4.0,0.602112676056338,2.0,0.751578947368421,-2.8,23.2,-0.4,0.0,-1.361375,27.4666,0.06842105263157895,0.06315789473684211,0,1,1
2022,15,Dutch Grand Prix,12,1.263,Alpine F1 Team,Esteban Ocon,9,0.8108108108108107,0.8888888888888888,8.0,0.22535211267605634,4.0,0.24210526315789474,-0.4,11.0,-0.6,-1.7355072463768124,0.066875,27.827499999999997,0.06944444444444445,0.05405405405405406,0,1,1
2022,15,Dutch Grand Prix,10,1.074,Aston Martin,Lance Stroll,10,0.8404255319148937,0.8472222222222222,19.0,0.014084507042253521,9.0,0.05052631578947368,5.2,1.6,-1.0,-4.542857142857143,0.2808,26.964100000000002,0.027777777777777776,0.0851063829787234,0,1,1
2022,15,Dutch Grand Prix,11,1.17,AlphaTauri,Pierre Gasly,11,0.8105263157894737,0.8207547169811321,14.0,0.06338028169014084,8.0,0.061052631578947365,0.8,0.4,0.2,-1.915492957746478,0.1465,27.8068,0.11320754716981132,0.06315789473684211,0,1,0
2022,15,Dutch Grand Prix,15,1.353,Williams,Alexander Albon,12,0.8823529411764706,0.8210526315789474,18.0,0.014084507042253521,10.0,0.008421052631578947,-0.8,0.2,0.0,3.4444444444444446,0.315,27.134800000000002,0.08421052631578947,0.058823529411764705,0,1,1
2022,15,Dutch Grand Prix,8,1.078,Haas F1 Team,Mick Schumacher,13,0.8285714285714285,0.7619047619047619,15.0,0.04225352112676056,7.0,0.07157894736842105,3.0,3.4,2.2,1.8036529680365287,0.406,27.4906,0.08465608465608465,0.08571428571428572,0,0,1
2022,15,Dutch Grand Prix,19,2.049,Aston Martin,Sebastian Vettel,14,0.8602150537634409,0.8472222222222222,12.0,0.07042253521126761,9.0,0.05052631578947368,6.2,1.6,0.6,0.0,0.09709999999999999,26.964100000000002,0.027777777777777776,0.07526881720430108,0,0,1
2022,15,Dutch Grand Prix,18,1.977,Haas F1 Team,Kevin Magnussen,15,0.7671232876712328,0.7619047619047619,11.0,0.07746478873239436,7.0,0.07157894736842105,-0.8,3.4,2.8,-3.5466666666666677,0.58625,27.4906,0.08465608465608465,0.0684931506849315,0,0,1
2022,15,Dutch Grand Prix,14,1.362,Alfa Romeo,Guanyu Zhou,16,0.7142857142857143,0.8707482993197279,17.0,0.017605633802816902,6.0,0.10736842105263159,-1.2,0.0,-0.6,0.0,0.5195,632.4970000000001,0.07482993197278912,0.07142857142857142,0,0,0
2022,15,Dutch Grand Prix,17,1.739,McLaren,Daniel Ricciardo,17,0.8210526315789474,0.8473684210526315,13.0,0.06690140845070422,5.0,0.2,0.0,6.0,-0.4,0.0,0.3469,26.8544,0.08947368421052632,0.031578947368421054,0,0,1
2022,15,Dutch Grand Prix,20,3.011,Williams,Nicholas Latifi,18,0.7924528301886793,0.8210526315789474,20.0,0.0,10.0,0.008421052631578947,0.4,0.2,-0.8,-1.3076923076923084,0.8675,27.134800000000002,0.08421052631578947,0.1320754716981132,0,0,1
2022,15,Dutch Grand Prix,16,1.619,Alfa Romeo,Valtteri Bottas,19,0.8631578947368421,0.8707482993197279,10.0,0.1619718309859155,6.0,0.10736842105263159,-3.2,0.0,-0.6,6.227848101265822,0.408,632.4970000000001,0.07482993197278912,0.042105263157894736,0,1,0
2022,15,Dutch Grand Prix,9,1.085,AlphaTauri,Yuki Tsunoda,20,0.8055555555555556,0.8207547169811321,16.0,0.03873239436619718,8.0,0.061052631578947365,-2.4,0.4,0.8,0.22499999999999964,0.59275,27.8068,0.11320754716981132,0.05555555555555555,0,0,0
2022,16,Italian Grand Prix,2,0.145,Red Bull,Max Verstappen,1,0.8333333333333334,0.8229166666666666,1.0,1.0,1.0,1.0,1.8,34.2,1.0,-2.2222222222222223,-1.4385,24.2272,0.109375,0.07291666666666667,0,1,1
2022,16,Italian Grand Prix,1,0.0,Ferrari,Charles Leclerc,2,0.8125,0.8645833333333334,2.0,0.6483870967741936,2.0,0.735812133072407,-4.6,19.6,0.0,-1.053658536585366,-0.728,25.6042,0.06770833333333333,0.11458333333333333,0,1,1
2022,16,Italian Grand Prix,6,1.381,Mercedes,George Russell,3,0.8266666666666667,0.9322916666666666,4.0,0.6064516129032258,3.0,0.6771037181996086,1.8,27.2,2.8,-0.45180722891566205,-0.8589,24.935200000000002,0.03125,0.08,0,1,1
2022,16,Italian Grand Prix,3,0.268,Ferrari,Carlos Sainz,4,0.8645833333333334,0.8645833333333334,5.0,0.5645161290322581,2.0,0.735812133072407,-3.8,19.6,-1.0,-0.5476190476190474,-1.035875,25.6042,0.06770833333333333,0.0625,0,1,1
2022,16,Italian Grand Prix,5,1.363,Mercedes,Lewis Hamilton,5,0.968421052631579,0.9322916666666666,6.0,0.5096774193548387,3.0,0.6771037181996086,0.0,27.2,-0.4,-1.6784313725490199,-0.874125,24.935200000000002,0.03125,0.021052631578947368,0,1,1
2022,16,Italian Grand Prix,4,1.045,Red Bull,Sergio Pérez,6,0.8723404255319149,0.8229166666666666,3.0,0.6483870967741936,1.0,1.0,-0.2,34.2,-0.4,0.0,-1.1585,24.2272,0.109375,0.0425531914893617,0,1,1
2022,16,Italian Grand Prix,7,1.423,McLaren,Lando Norris,7,0.88,0.8489583333333334,7.0,0.2645161290322581,5.0,0.19765166340508805,0.2,5.6,0.0,-2.4367816091954024,0.0178,24.7305,0.08854166666666667,0.05333333333333334,0,1,1
2022,16,Italian Grand Prix,9,1.849,AlphaTauri,Pierre Gasly,8,0.8125,0.8148148148148149,14.0,0.05806451612903226,8.0,0.05675146771037182,1.8,0.4,1.0,2.3977272727272734,0.1881,24.6098,0.12037037037037036,0.0625,0,1,0
2022,16,Italian Grand Prix,13,2.31,Williams,Nyck de Vries,9,0.9,0.8229166666666666,0.0,0.0,10.0,0.007827788649706457,0.0,0.2,0.0,8.308988764044944,0.0,25.365199999999998,0.08333333333333333,0.1,0,0,1
2022,16,Italian Grand Prix,14,1.842,Alfa Romeo,Guanyu Zhou,10,0.7333333333333334,0.8657718120805369,17.0,0.016129032258064516,6.0,0.09980430528375733,0.4,0.0,1.6,-4.3999999999999995,0.5157,25.3435,0.08053691275167785,0.06666666666666667,0,0,0
2022,16,Italian Grand Prix,11,1.969,Alpine F1 Team,Esteban Ocon,11,0.8133333333333334,0.8918918918918919,8.0,0.2129032258064516,4.0,0.2446183953033268,0.2,11.0,0.6,-2.175824175824175,0.022,25.6624,0.06756756756756757,0.05333333333333334,0,1,1
2022,16,Italian Grand Prix,20,2.844,Haas F1 Team,Mick Schumacher,12,0.8333333333333334,0.7643979057591623,15.0,0.03870967741935484,7.0,0.06653620352250489,-0.2,2.4,-3.2,1.9021739130434785,0.44539999999999996,25.5841,0.08376963350785341,0.08333333333333333,0,0,1
2022,16,Italian Grand Prix,12,2.074,Alfa Romeo,Valtteri Bottas,13,0.8541666666666666,0.8657718120805369,10.0,0.14838709677419354,6.0,0.09980430528375733,-2.8,0.0,0.4,1.978494623655914,0.408,25.3435,0.08053691275167785,0.041666666666666664,0,1,0
2022,16,Italian Grand Prix,15,1.859,AlphaTauri,Yuki Tsunoda,14,0.7837837837837838,0.8148148148148149,16.0,0.035483870967741936,8.0,0.05675146771037182,-4.4,0.4,-2.0,-0.5,0.4383333333333333,24.6098,0.12037037037037036,0.05405405405405406,0,0,0
2022,16,Italian Grand Prix,16,2.426,Williams,Nicholas Latifi,15,0.7962962962962963,0.8229166666666666,20.0,0.0,10.0,0.007827788649706457,1.2,0.2,0.8,-3.2289473684210535,1.07,25.365199999999998,0.08333333333333333,0.12962962962962962,0,0,1
2022,16,Italian Grand Prix,19,2.747,Haas F1 Team,Kevin Magnussen,16,0.7702702702702703,0.7643979057591623,11.0,0.07096774193548387,7.0,0.06653620352250489,-1.6,2.4,-0.8,-3.46875,0.576875,25.5841,0.08376963350785341,0.06756756756756757,0,0,1
2022,16,Italian Grand Prix,8,1.694,McLaren,Daniel Ricciardo,17,0.8229166666666666,0.8489583333333334,13.0,0.06129032258064516,5.0,0.19765166340508805,-0.2,5.6,-0.2,1.6030927835051543,0.4106,24.7305,0.08854166666666667,0.03125,0,0,1
2022,16,Italian Grand Prix,18,2.587,Aston Martin,Lance Stroll,18,0.8421052631578947,0.8513513513513513,18.0,0.016129032258064516,9.0,0.04892367906066536,3.4,1.4,-1.8,0.0,0.1866,24.8312,0.02702702702702703,0.08421052631578947,0,1,1
2022,16,Italian Grand Prix,10,1.7,Alpine F1 Team,Fernando Alonso,19,0.7931034482758621,0.8918918918918919,9.0,0.19032258064516128,4.0,0.2446183953033268,1.0,11.0,1.0,-1.7676767676767682,-0.0594,25.6624,0.06756756756756757,0.05172413793103448,0,1,1
2022,16,Italian Grand Prix,17,2.475,Aston Martin,Sebastian Vettel,20,0.8617021276595744,0.8513513513513513,12.0,0.06451612903225806,9.0,0.04892367906066536,5.4,1.4,-0.8,4.300000000000001,0.2144,24.8312,0.02702702702702703,0.07446808510638298,0,0,1
2022,17,Singapore Grand Prix,2,0.022,Red Bull,Sergio Pérez,1,0.8736842105263158,0.8247422680412371,3.0,0.6268656716417911,1.0,1.0,0.8,37.2,1.0,3.336633663366337,-1.0606,24.6295,0.10824742268041238,0.042105263157894736,0,1,1
2022,17,Singapore Grand Prix,1,0.0,Ferrari,Charles Leclerc,2,0.8144329896907216,0.865979381443299,2.0,0.6537313432835821,2.0,0.744954128440367,-5.0,20.6,-0.4,0.0,-0.91425,26.0514,0.06701030927835051,0.1134020618556701,0,1,1
2022,17,Singapore Grand Prix,4,0.171,Ferrari,Carlos Sainz,3,0.865979381443299,0.865979381443299,5.0,0.5582089552238806,2.0,0.744954128440367,-1.0,20.6,2.8,-2.208737864077669,-0.9625,26.0514,0.06701030927835051,0.061855670103092786,0,1,1
2022,17,Singapore Grand Prix,6,1.172,McLaren,Lando Norris,4,0.881578947368421,0.845360824742268,7.0,0.2626865671641791,5.0,0.1963302752293578,-1.4,5.2,-1.6,0.6602564102564106,-0.0272,25.306,0.09278350515463918,0.05263157894736842,0,1,1
2022,17,Singapore Grand Prix,17,6.814,McLaren,Daniel Ricciardo,5,0.8144329896907216,0.845360824742268,14.0,0.056716417910447764,5.0,0.1963302752293578,-3.4,5.2,-3.2,2.685714285714287,0.455125,25.306,0.09278350515463918,0.030927835051546393,0,0,1
2022,17,Singapore Grand Prix,12,4.799,Aston Martin,Lance Stroll,6,0.8333333333333334,0.8289473684210527,18.0,0.014925373134328358,9.0,0.045871559633027525,2.6,1.4,-0.8,-0.9748427672955975,0.108,25.3285,0.05263157894736842,0.08333333333333333,0,1,1
2022,17,Singapore Grand Prix,8,1.983,Red Bull,Max Verstappen,7,0.8350515463917526,0.8247422680412371,1.0,1.0,1.0,1.0,2.2,37.2,0.4,-0.9221183800623054,-1.5569000000000002,24.6295,0.10824742268041238,0.07216494845360824,0,1,1
2022,17,Singapore Grand Prix,14,4.968,Aston Martin,Sebastian Vettel,8,0.8526315789473684,0.8289473684210527,13.0,0.05970149253731343,9.0,0.045871559633027525,4.2,1.4,-1.2,0.0,0.248875,25.3285,0.05263157894736842,0.07368421052631578,0,0,1
2022,17,Singapore Grand Prix,3,0.054,Mercedes,Lewis Hamilton,9,0.96875,0.9329896907216495,6.0,0.5014925373134328,3.0,0.6807339449541284,-1.2,26.8,-1.2,9.504587155963304,-0.771625,25.2193,0.030927835051546393,0.020833333333333332,0,1,1
2022,17,Singapore Grand Prix,7,1.799,AlphaTauri,Pierre Gasly,10,0.8144329896907216,0.8181818181818181,11.0,0.06567164179104477,8.0,0.060550458715596334,3.0,1.2,1.2,-3.7606060606060607,0.1475,24.9643,0.11818181818181818,0.061855670103092786,0,1,0
2022,17,Singapore Grand Prix,16,6.671,Alfa Romeo,Valtteri Bottas,11,0.8556701030927836,0.8675496688741722,10.0,0.1373134328358209,6.0,0.09541284403669725,-3.2,0.2,-0.4,-1.1193693693693696,0.48175,25.6178,0.07947019867549669,0.041237113402061855,0,1,0
2022,17,Singapore Grand Prix,9,2.161,Haas F1 Team,Kevin Magnussen,12,0.7733333333333333,0.766839378238342,12.0,0.06567164179104477,7.0,0.062385321100917435,-0.6,0.0,1.0,7.669642857142858,0.740875,26.120800000000003,0.08290155440414508,0.06666666666666667,0,0,1
2022,17,Singapore Grand Prix,13,4.958,Haas F1 Team,Mick Schumacher,13,0.8378378378378378,0.766839378238342,15.0,0.03582089552238806,7.0,0.062385321100917435,1.2,0.0,1.4,4.325663716814159,0.4992,26.120800000000003,0.08290155440414508,0.08108108108108109,0,0,1
2022,17,Singapore Grand Prix,11,4.6,Mercedes,George Russell,14,0.8289473684210527,0.9329896907216495,4.0,0.6059701492537314,3.0,0.6807339449541284,2.4,26.8,0.6,-3.50501253132832,-1.0317,25.2193,0.030927835051546393,0.07894736842105263,0,1,1
2022,17,Singapore Grand Prix,10,2.571,AlphaTauri,Yuki Tsunoda,15,0.7894736842105263,0.8181818181818181,16.0,0.03283582089552239,8.0,0.060550458715596334,-3.8,1.2,0.6,-2.155072463768115,0.264,24.9643,0.11818181818181818,0.05263157894736842,0,0,0
2022,17,Singapore Grand Prix,18,6.925,Alpine F1 Team,Esteban Ocon,16,0.8157894736842105,0.881578947368421,8.0,0.19701492537313434,4.0,0.22935779816513763,0.2,8.8,0.0,0.9241379310344815,0.063,0.0,0.07894736842105263,0.05263157894736842,0,1,1
2022,17,Singapore Grand Prix,19,7.573,Williams,Alexander Albon,17,0.8846153846153846,0.8247422680412371,19.0,0.011940298507462687,10.0,0.011009174311926606,0.6,0.6,1.4,1.9777777777777779,0.3469,0.0,0.08247422680412371,0.057692307692307696,0,1,1
2022,17,Singapore Grand Prix,5,0.554,Alpine F1 Team,Fernando Alonso,18,0.7796610169491526,0.881578947368421,9.0,0.1761194029850746,4.0,0.22935779816513763,-0.4,8.8,-1.4,-0.19491525423728895,-0.070875,0.0,0.07894736842105263,0.05084745762711865,0,1,1
2022,17,Singapore Grand Prix,20,8.12,Williams,Nicholas Latifi,19,0.8,0.8247422680412371,21.0,0.0,10.0,0.011009174311926606,1.4,0.6,0.2,-1.9344537815126044,0.859375,0.0,0.08247422680412371,0.12727272727272726,0,0,1
2022,17,Singapore Grand Prix,15,5.963,Alfa Romeo,Guanyu Zhou,20,0.75,0.8675496688741722,17.0,0.01791044776119403,6.0,0.09541284403669725,0.4,0.2,0.0,-0.3416666666666668,0.4358,25.6178,0.07947019867549669,0.0625,0,0,0
2022,18,Japanese Grand Prix,1,0.0,Red Bull,Max Verstappen,1,0.8367346938775511,0.826530612244898,1.0,1.0,1.0,1.0,2.2,36.0,0.0,-3.7245179063360885,-1.3867,23.2068,0.10714285714285714,0.07142857142857142,0,1,1
2022,18,Japanese Grand Prix,4,0.405,Red Bull,Sergio Pérez,2,0.875,0.826530612244898,3.0,0.6891495601173021,1.0,1.0,1.2,36.0,0.4,-2.25,-1.3708,23.2068,0.10714285714285714,0.041666666666666664,0,1,1
2022,18,Japanese Grand Prix,2,0.01,Ferrari,Charles Leclerc,3,0.8163265306122449,0.8673469387755102,2.0,0.6950146627565983,2.0,0.7621527777777778,-1.6,25.0,3.4,3.0325203252032518,-1.2027999999999999,23.942500000000003,0.0663265306122449,0.11224489795918367,0,1,1
2022,18,Japanese Grand Prix,5,0.861,Alpine F1 Team,Esteban Ocon,4,0.8051948051948052,0.858974358974359,8.0,0.1935483870967742,5.0,0.2170138888888889,-0.2,6.4,-0.4,1.580645161290323,0.06675,26.1642,0.10256410256410256,0.05194805194805195,0,1,1
2022,18,Japanese Grand Prix,6,0.957,Mercedes,Lewis Hamilton,5,0.9690721649484536,0.9336734693877551,6.0,0.49853372434017595,3.0,0.6475694444444444,-2.8,20.6,-1.6,0.0,-0.786875,23.7483,0.030612244897959183,0.020618556701030927,0,1,1
2022,18,Japanese Grand Prix,9,1.25,Aston Martin,Sebastian Vettel,6,0.8541666666666666,0.8333333333333334,12.0,0.07038123167155426,7.0,0.0642361111111111,4.8,3.6,0.6,-1.8888888888888893,0.124375,23.633699999999997,0.05128205128205128,0.07291666666666667,0,0,1
2022,18,Japanese Grand Prix,7,1.018,Alpine F1 Team,Fernando Alonso,7,0.7666666666666666,0.858974358974359,9.0,0.17302052785923755,5.0,0.2170138888888889,-3.2,6.4,-2.8,-1.705511811023622,-0.041833333333333333,26.1642,0.10256410256410256,0.05,0,1,1
2022,18,Japanese Grand Prix,8,1.085,Mercedes,George Russell,8,0.8311688311688312,0.9336734693877551,4.0,0.5953079178885631,3.0,0.6475694444444444,1.2,20.6,-1.2,-1.3515625,-0.5862999999999999,23.7483,0.030612244897959183,0.07792207792207792,0,1,1
2022,18,Japanese Grand Prix,20,2.207,Williams,Nicholas Latifi,9,0.7857142857142857,0.8163265306122449,21.0,0.0,10.0,0.010416666666666666,1.0,0.6,-0.4,2.2015503875968996,0.859375,25.906399999999998,0.08163265306122448,0.14285714285714285,0,0,1
2022,18,Japanese Grand Prix,10,1.169,McLaren,Lando Norris,10,0.8831168831168831,0.846938775510204,7.0,0.2932551319648094,4.0,0.22395833333333334,-0.6,8.0,0.8,-0.7538461538461538,-0.2422,24.0731,0.09183673469387756,0.05194805194805195,0,1,1
2022,18,Japanese Grand Prix,11,1.355,McLaren,Daniel Ricciardo,11,0.8163265306122449,0.846938775510204,11.0,0.08504398826979472,4.0,0.22395833333333334,-1.4,8.0,2.0,1.14721919302072,0.294875,24.0731,0.09183673469387756,0.030612244897959183,0,0,1
2022,18,Japanese Grand Prix,19,2.115,Aston Martin,Lance Stroll,12,0.8350515463917526,0.8333333333333334,15.0,0.03812316715542522,7.0,0.0642361111111111,2.4,3.6,-0.2,2.825757575757576,-0.00675,23.633699999999997,0.05128205128205128,0.08247422680412371,0,1,1
2022,18,Japanese Grand Prix,13,1.504,AlphaTauri,Yuki Tsunoda,13,0.7692307692307692,0.8125,17.0,0.03225806451612903,9.0,0.059027777777777776,-2.4,1.4,1.4,4.686716791979951,0.264,23.718600000000002,0.11607142857142858,0.07692307692307693,0,0,0
2022,18,Japanese Grand Prix,18,2.048,Haas F1 Team,Kevin Magnussen,14,0.7763157894736842,0.7692307692307692,14.0,0.06451612903225806,8.0,0.059027777777777776,0.4,0.0,1.0,-3.6044776119402986,0.7155,25.505000000000003,0.08205128205128205,0.06578947368421052,0,0,1
2022,18,Japanese Grand Prix,12,1.405,Alfa Romeo,Valtteri Bottas,15,0.8571428571428572,0.8627450980392157,10.0,0.1348973607038123,6.0,0.09027777777777778,-2.0,0.2,1.2,-0.9629629629629637,0.50775,24.6137,0.0784313725490196,0.04081632653061224,0,1,0
2022,18,Japanese Grand Prix,14,1.59,Alfa Romeo,Guanyu Zhou,16,0.7058823529411764,0.8627450980392157,18.0,0.017595307917888565,6.0,0.09027777777777778,-1.0,0.2,-1.4,3.318627450980393,0.41775,24.6137,0.0784313725490196,0.11764705882352941,0,0,0
2022,18,Japanese Grand Prix,15,1.848,Haas F1 Team,Mick Schumacher,17,0.8421052631578947,0.7692307692307692,16.0,0.03519061583577713,8.0,0.059027777777777776,0.4,0.0,-0.8,5.025547445255475,0.6377,25.505000000000003,0.08205128205128205,0.07894736842105263,0,0,1
2022,18,Japanese Grand Prix,17,2.018,AlphaTauri,Pierre Gasly,18,0.8163265306122449,0.8125,13.0,0.06744868035190615,9.0,0.059027777777777776,1.6,1.4,-1.4,-0.9257246376811592,0.0295,23.718600000000002,0.11607142857142858,0.061224489795918366,0,1,0
2022,18,Japanese Grand Prix,3,0.057,Ferrari,Carlos Sainz,19,0.8673469387755102,0.8673469387755102,5.0,0.592375366568915,2.0,0.7621527777777778,-1.6,25.0,-0.6,-1.7893114080164443,-1.0357,23.942500000000003,0.0663265306122449,0.061224489795918366,0,1,1
2022,18,Japanese Grand Prix,16,2.007,Williams,Alexander Albon,20,0.8679245283018868,0.8163265306122449,19.0,0.011730205278592375,10.0,0.010416666666666666,1.2,0.6,0.6,1.8761904761904766,0.337875,25.906399999999998,0.08163265306122448,0.07547169811320754,0,1,1
2022,19,United States Grand Prix,3,0.092,Red Bull,Max Verstappen,1,0.8383838383838383,0.8282828282828283,1.0,1.0,1.0,1.0,0.4,37.6,-1.8,0.581560283687943,-1.515,60.2394,0.10606060606060606,0.0707070707070707,0,1,1
2022,19,United States Grand Prix,5,0.591,Mercedes,Lewis Hamilton,2,0.9693877551020408,0.9343434343434344,6.0,0.4918032786885246,3.0,0.6252019386106623,-3.6,16.6,-0.8,-1.123239436619718,-0.60175,61.88770000000001,0.030303030303030304,0.02040816326530612,0,1,1
2022,19,United States Grand Prix,2,0.065,Ferrari,Charles Leclerc,3,0.8181818181818181,0.8636363636363636,3.0,0.6885245901639344,2.0,0.7334410339256866,-1.2,24.0,0.4,-1.7808857808857805,-1.1344,61.13530000000001,0.06565656565656566,0.1111111111111111,0,1,1
2022,19,United States Grand Prix,4,0.289,Red Bull,Sergio Pérez,4,0.8762886597938144,0.8282828282828283,2.0,0.6912568306010929,1.0,1.0,0.4,37.6,-0.8,-0.4097222222222223,-1.397,60.2394,0.10606060606060606,0.041237113402061855,0,1,1
2022,19,United States Grand Prix,6,0.632,Mercedes,George Russell,5,0.8333333333333334,0.9343434343434344,4.0,0.5655737704918032,3.0,0.6252019386106623,1.6,16.6,0.4,-3.906896551724138,-0.5551,61.88770000000001,0.030303030303030304,0.07692307692307693,0,1,1
2022,19,United States Grand Prix,8,1.334,McLaren,Lando Norris,6,0.8846153846153846,0.8484848484848485,7.0,0.27595628415300544,5.0,0.210016155088853,0.0,7.0,0.6,-1.9767123287671229,-0.0585,62.444399999999995,0.09090909090909091,0.05128205128205128,0,1,1
2022,19,United States Grand Prix,9,1.52,Alpine F1 Team,Fernando Alonso,7,0.7704918032786885,0.8625,9.0,0.17759562841530055,4.0,0.2310177705977383,-2.8,8.8,0.4,1.8598639455782306,-0.3446666666666667,23.0715,0.1,0.04918032786885246,0,1,1
2022,19,United States Grand Prix,12,2.042,Aston Martin,Sebastian Vettel,8,0.8556701030927836,0.8375,11.0,0.08743169398907104,7.0,0.07269789983844911,3.8,5.0,-1.0,1.5027027027027033,-0.070625,24.137900000000002,0.05,0.07216494845360824,0,0,1
2022,19,United States Grand Prix,16,2.593,Haas F1 Team,Kevin Magnussen,9,0.7792207792207793,0.7715736040609137,14.0,0.060109289617486336,8.0,0.05492730210016155,1.8,0.0,1.4,5.74496644295302,0.7129,63.5207,0.08121827411167512,0.06493506493506493,0,0,1
2022,19,United States Grand Prix,15,2.452,AlphaTauri,Yuki Tsunoda,10,0.775,0.8157894736842105,17.0,0.030054644808743168,9.0,0.05492730210016155,-1.8,1.4,0.6,0.0,0.18066666666666667,24.3768,0.11403508771929824,0.075,0,0,0
2022,19,United States Grand Prix,18,2.712,Alpine F1 Team,Esteban Ocon,11,0.8076923076923077,0.8625,8.0,0.21311475409836064,4.0,0.2310177705977383,0.8,8.8,1.0,-1.9779249448123624,-0.13425,23.0715,0.1,0.05128205128205128,0,1,1
2022,19,United States Grand Prix,14,2.3,Alfa Romeo,Guanyu Zhou,12,0.7222222222222222,0.864516129032258,18.0,0.01639344262295082,6.0,0.0840064620355412,-1.2,0.2,-0.2,-1.882894736842105,0.50675,25.1233,0.07741935483870968,0.1111111111111111,0,0,0
2022,19,United States Grand Prix,11,2.012,Williams,Alexander Albon,13,0.8518518518518519,0.8131313131313131,19.0,0.01092896174863388,10.0,0.012924071082390954,0.0,1.0,-1.2,0.06535947712418277,0.32416666666666666,61.67620000000001,0.08585858585858586,0.07407407407407407,0,1,1
2022,19,United States Grand Prix,13,2.221,AlphaTauri,Pierre Gasly,14,0.8181818181818181,0.8157894736842105,13.0,0.06284153005464481,9.0,0.05492730210016155,0.0,1.4,-1.6,-1.3506493506493502,0.1419,24.3768,0.11403508771929824,0.06060606060606061,0,1,0
2022,19,United States Grand Prix,19,2.755,Haas F1 Team,Mick Schumacher,15,0.8461538461538461,0.7715736040609137,16.0,0.03278688524590164,8.0,0.05492730210016155,-0.2,0.0,-0.6,2.4145161290322577,0.7903,63.5207,0.08121827411167512,0.07692307692307693,0,0,1
2022,19,United States Grand Prix,17,2.69,McLaren,Daniel Ricciardo,16,0.8181818181818181,0.8484848484848485,12.0,0.07923497267759563,5.0,0.210016155088853,-0.2,7.0,1.2,6.2987179487179485,0.302625,62.444399999999995,0.09090909090909091,0.030303030303030304,0,0,1
2022,19,United States Grand Prix,20,2.888,Williams,Nicholas Latifi,17,0.7894736842105263,0.8131313131313131,20.0,0.00546448087431694,10.0,0.012924071082390954,2.8,1.0,1.8,-1.70276008492569,0.789375,61.67620000000001,0.08585858585858586,0.14035087719298245,0,0,1
2022,19,United States Grand Prix,7,1.242,Aston Martin,Lance Stroll,18,0.8367346938775511,0.8375,15.0,0.03551912568306011,7.0,0.07269789983844911,3.2,5.0,0.8,2.128390596745027,-0.062625,24.137900000000002,0.05,0.08163265306122448,0,1,1
2022,19,United States Grand Prix,10,1.963,Alfa Romeo,Valtteri Bottas,19,0.8585858585858586,0.864516129032258,10.0,0.12568306010928962,6.0,0.0840064620355412,-0.2,0.2,1.8,-1.4150943396226419,0.7026666666666667,25.1233,0.07741935483870968,0.04040404040404041,0,1,0
2022,19,United States Grand Prix,1,0.0,Ferrari,Carlos Sainz,20,0.8585858585858586,0.8636363636363636,5.0,0.5519125683060109,2.0,0.7334410339256866,-4.4,24.0,-2.8,-2.2874999999999996,-1.045125,61.13530000000001,0.06565656565656566,0.0707070707070707,0,1,1
2022,20,Mexico City Grand Prix,1,0.0,Red Bull,Max Verstappen,1,0.84,0.83,1.0,1.0,1.0,1.0,0.8,36.2,0.4,0.8944099378881996,-1.535,60.6062,0.105,0.07,0,1,1
2022,20,Mexico City Grand Prix,3,0.309,Mercedes,Lewis Hamilton,2,0.9696969696969697,0.935,6.0,0.5063938618925832,3.0,0.6341463414634146,-0.4,20.0,3.2,-0.3888888888888893,-0.8112,62.179899999999996,0.03,0.020202020202020204,0,1,1
2022,20,Mexico City Grand Prix,4,0.353,Red Bull,Sergio Pérez,3,0.8775510204081632,0.83,3.0,0.6777493606138107,1.0,1.0,0.2,36.2,-0.2,0.0,-1.3212000000000002,60.6062,0.105,0.04081632653061224,0,1,1
2022,20,Mexico City Grand Prix,2,0.304,Mercedes,George Russell,4,0.8354430379746836,0.935,4.0,0.5575447570332481,3.0,0.6341463414634146,1.0,20.0,-0.6,0.0,-0.5557000000000001,62.179899999999996,0.03,0.0759493670886076,0,1,1
2022,20,Mexico City Grand Prix,5,0.576,Ferrari,Carlos Sainz,5,0.85,0.86,5.0,0.5166240409207161,2.0,0.7149390243902439,-8.0,22.4,-3.6,0.0,-0.8286666666666667,61.3044,0.065,0.08,0,1,1
2022,20,Mexico City Grand Prix,7,0.78,Ferrari,Charles Leclerc,6,0.8200000000000001,0.86,2.0,0.6828644501278772,2.0,0.7149390243902439,-1.0,22.4,0.2,0.0,-1.4189,61.3044,0.065,0.11,0,1,1
2022,20,Mexico City Grand Prix,11,1.55,McLaren,Daniel Ricciardo,7,0.8200000000000001,0.85,12.0,0.0741687979539642,5.0,0.21036585365853658,0.8,8.6,1.0,0.0,0.311875,62.667500000000004,0.09,0.03,0,0,1
2022,20,Mexico City Grand Prix,10,1.235,Alpine F1 Team,Esteban Ocon,8,0.810126582278481,0.8658536585365854,8.0,0.19948849104859334,4.0,0.22713414634146342,2.6,6.8,1.8,0.0,0.004375,23.4578,0.0975609756097561,0.05063291139240506,0,1,1
2022,20,Mexico City Grand Prix,8,0.946,McLaren,Lando Norris,9,0.8860759493670887,0.85,7.0,0.27877237851662406,5.0,0.21036585365853658,0.8,8.6,0.8,0.0,-0.2179,62.667500000000004,0.09,0.05063291139240506,0,1,1
2022,20,Mexico City Grand Prix,6,0.626,Alfa Romeo,Valtteri Bottas,10,0.85,0.8598726114649682,10.0,0.11764705882352941,6.0,0.07926829268292683,-2.2,0.2,-2.0,0.0,0.7026666666666667,25.4155,0.07643312101910828,0.05,0,1,0
2022,20,Mexico City Grand Prix,14,1.897,AlphaTauri,Pierre Gasly,11,0.8200000000000001,0.8189655172413793,14.0,0.058823529411764705,9.0,0.053353658536585365,-0.8,1.2,-0.8,0.0,0.169,24.4016,0.11206896551724138,0.06,0,1,0
2022,20,Mexico City Grand Prix,19,3.084,Williams,Alexander Albon,12,0.8545454545454545,0.815,19.0,0.010230179028132993,10.0,0.012195121951219513,-0.4,0.8,-0.4,0.0,0.3863333333333333,61.894700000000014,0.085,0.07272727272727272,0,1,1
2022,20,Mexico City Grand Prix,12,1.701,Alfa Romeo,Guanyu Zhou,13,0.736842105263158,0.8598726114649682,18.0,0.015345268542199489,6.0,0.07926829268292683,-0.6,0.2,0.6,0.0,0.474875,25.4155,0.07643312101910828,0.10526315789473684,0,0,0
2022,20,Mexico City Grand Prix,17,2.644,Aston Martin,Sebastian Vettel,14,0.8571428571428572,0.8292682926829268,11.0,0.09207161125319693,7.0,0.07469512195121951,3.0,5.0,-0.8,0.0,-0.113,24.5642,0.04878048780487805,0.07142857142857142,0,0,1
2022,20,Mexico City Grand Prix,18,2.745,Aston Martin,Lance Stroll,15,0.8282828282828283,0.8292682926829268,15.0,0.03324808184143223,7.0,0.07469512195121951,0.4,5.0,-2.8,0.0,-0.14116666666666666,24.5642,0.04878048780487805,0.09090909090909091,0,1,1
2022,20,Mexico City Grand Prix,16,2.644,Haas F1 Team,Mick Schumacher,16,0.85,0.7738693467336684,16.0,0.030690537084398978,8.0,0.054878048780487805,1.0,0.4,1.2,0.0,0.6542,63.64849999999999,0.08040201005025126,0.075,0,0,1
2022,20,Mexico City Grand Prix,15,2.058,Haas F1 Team,Kevin Magnussen,17,0.782051282051282,0.7738693467336684,13.0,0.061381074168797956,8.0,0.054878048780487805,2.8,0.4,1.0,0.0,0.669,63.64849999999999,0.08040201005025126,0.0641025641025641,0,0,1
2022,20,Mexico City Grand Prix,20,3.392,Williams,Nicholas Latifi,18,0.7931034482758621,0.815,20.0,0.005115089514066497,10.0,0.012195121951219513,3.6,0.8,0.8,0.0,0.72225,61.894700000000014,0.085,0.13793103448275862,0,0,1
2022,20,Mexico City Grand Prix,9,1.164,Alpine F1 Team,Fernando Alonso,19,0.7741935483870968,0.8658536585365854,9.0,0.1815856777493606,4.0,0.22713414634146342,-2.6,6.8,0.2,0.0,-0.23333333333333334,23.4578,0.0975609756097561,0.04838709677419355,0,1,1
2022,20,Mexico City Grand Prix,13,1.814,AlphaTauri,Yuki Tsunoda,20,0.7804878048780488,0.8189655172413793,17.0,0.030690537084398978,9.0,0.053353658536585365,-2.0,1.2,-0.2,0.0,0.0755,24.4016,0.11206896551724138,0.07317073170731707,0,0,0
2022,21,São Paulo Grand Prix,3,0.437,Mercedes,George Russell,1,0.8375,0.9356435643564356,4.0,0.5552884615384616,3.0,0.6422413793103449,-0.2,20.2,-1.2,0.0,-0.6646,62.95119999999999,0.0297029702970297,0.075,0,1,1
2022,21,São Paulo Grand Prix,8,0.658,Mercedes,Lewis Hamilton,2,0.97,0.9356435643564356,5.0,0.5192307692307693,3.0,0.6422413793103449,-0.2,20.2,0.2,0.0,-0.957,62.95119999999999,0.0297029702970297,0.02,0,1,1
2022,21,São Paulo Grand Prix,5,0.009,Ferrari,Carlos Sainz,3,0.8514851485148515,0.8613861386138614,6.0,0.5096153846153846,2.0,0.6997126436781609,-7.0,22.2,1.0,0.0,-1.001,61.972,0.06435643564356436,0.07920792079207921,0,1,1
2022,21,São Paulo Grand Prix,10,0.069,Ferrari,Charles Leclerc,4,0.8217821782178218,0.8613861386138614,3.0,0.6610576923076923,2.0,0.6997126436781609,-0.6,22.2,0.4,0.0,-1.3839000000000001,61.972,0.06435643564356436,0.10891089108910891,0,1,1
2022,21,São Paulo Grand Prix,7,0.513,Alpine F1 Team,Fernando Alonso,5,0.7619047619047619,0.8571428571428572,9.0,0.17067307692307693,4.0,0.21982758620689655,-6.0,5.6,-3.4,0.0,-0.2345,23.3078,0.10714285714285714,0.047619047619047616,0,1,1
2022,21,São Paulo Grand Prix,2,0.0,Red Bull,Max Verstappen,6,0.8415841584158416,0.8316831683168316,1.0,1.0,1.0,1.0,0.8,37.0,0.0,0.0,-1.6661,61.53560000000001,0.10396039603960396,0.06930693069306931,0,1,1
2022,21,São Paulo Grand Prix,9,0.575,Red Bull,Sergio Pérez,7,0.8787878787878788,0.8316831683168316,2.0,0.6730769230769231,1.0,1.0,0.4,37.0,0.2,0.0,-1.4537,61.53560000000001,0.10396039603960396,0.04040404040404041,0,1,1
2022,21,São Paulo Grand Prix,6,0.706,Alpine F1 Team,Esteban Ocon,8,0.8125,0.8571428571428572,8.0,0.1971153846153846,4.0,0.21982758620689655,2.4,5.6,-0.2,0.0,0.095375,23.3078,0.10714285714285714,0.05,0,1,1
2022,21,São Paulo Grand Prix,18,4.605,Alfa Romeo,Valtteri Bottas,9,0.8514851485148515,0.8616352201257862,10.0,0.11298076923076923,6.0,0.07614942528735633,-2.4,0.4,-0.2,0.0,0.55375,26.230700000000002,0.07547169811320754,0.04950495049504951,0,1,0
2022,21,São Paulo Grand Prix,15,1.329,Aston Martin,Lance Stroll,10,0.83,0.8333333333333334,15.0,0.03125,7.0,0.07040229885057471,1.0,4.8,0.6,0.0,-0.06516666666666668,25.358300000000003,0.047619047619047616,0.09,0,1,1
2022,21,São Paulo Grand Prix,13,0.797,Aston Martin,Sebastian Vettel,11,0.8585858585858586,0.8333333333333334,11.0,0.08653846153846154,7.0,0.07040229885057471,2.6,4.8,-0.4,0.0,-0.130875,25.358300000000003,0.047619047619047616,0.0707070707070707,0,0,1
2022,21,São Paulo Grand Prix,17,4.316,Alfa Romeo,Guanyu Zhou,12,0.75,0.8616352201257862,18.0,0.014423076923076924,6.0,0.07614942528735633,-0.4,0.4,0.2,0.0,0.4785,26.230700000000002,0.07547169811320754,0.1,0,0,0
2022,21,São Paulo Grand Prix,20,5.48,Haas F1 Team,Mick Schumacher,13,0.8536585365853658,0.7761194029850746,16.0,0.028846153846153848,8.0,0.05172413793103448,2.0,0.4,1.0,0.0,0.6165,64.1287,0.07960199004975124,0.07317073170731707,0,0,1
2022,21,São Paulo Grand Prix,12,0.794,AlphaTauri,Pierre Gasly,14,0.8217821782178218,0.8135593220338984,14.0,0.055288461538461536,9.0,0.05028735632183908,-0.2,1.2,0.6,0.0,0.19690000000000002,25.810399999999998,0.11016949152542373,0.0594059405940594,0,1,0
2022,21,São Paulo Grand Prix,11,0.75,Williams,Alexander Albon,15,0.8571428571428572,0.8168316831683169,19.0,0.009615384615384616,10.0,0.011494252873563218,1.2,0.8,1.6,0.0,0.5028333333333334,61.8263,0.08415841584158416,0.07142857142857142,0,1,1
2022,21,São Paulo Grand Prix,16,4.214,Williams,Nicholas Latifi,16,0.7966101694915254,0.8168316831683169,20.0,0.004807692307692308,10.0,0.011494252873563218,3.6,0.8,0.0,0.0,0.6665,61.8263,0.08415841584158416,0.13559322033898305,0,0,1
2022,21,São Paulo Grand Prix,19,5.383,AlphaTauri,Yuki Tsunoda,17,0.7619047619047619,0.8135593220338984,17.0,0.028846153846153848,9.0,0.05028735632183908,-1.2,1.2,0.8,0.0,0.0755,25.810399999999998,0.11016949152542373,0.09523809523809523,0,0,0
2022,21,São Paulo Grand Prix,4,0.496,McLaren,Lando Norris,18,0.8875,0.8514851485148515,7.0,0.2668269230769231,5.0,0.20977011494252873,0.6,9.0,-0.2,0.0,-0.1545,63.22550000000001,0.0891089108910891,0.05,0,1,1
2022,21,São Paulo Grand Prix,1,0.529,Haas F1 Team,Kevin Magnussen,19,0.7848101265822784,0.7761194029850746,13.0,0.057692307692307696,8.0,0.05172413793103448,1.8,0.4,-1.0,0.0,0.7059,64.1287,0.07960199004975124,0.06329113924050633,0,0,1
2022,21,São Paulo Grand Prix,14,1.259,McLaren,Daniel Ricciardo,20,0.8217821782178218,0.8514851485148515,12.0,0.08413461538461539,5.0,0.20977011494252873,1.6,9.0,0.8,0.0,0.1775,63.22550000000001,0.0891089108910891,0.0297029702970297,0,0,1
2022,22,Abu Dhabi Grand Prix,1,0.0,Red Bull,Max Verstappen,1,0.8431372549019608,0.8333333333333334,1.0,1.0,1.0,1.0,-0.2,33.0,-1.0,0.0,-1.4729,61.6071,0.10294117647058823,0.06862745098039216,0,1,1
2022,22,Abu Dhabi Grand Prix,3,0.268,Ferrari,Charles Leclerc,2,0.8235294117647058,0.8627450980392157,2.0,0.675990675990676,2.0,0.7287899860917941,0.8,21.6,1.4,0.0,-1.1491,61.9563,0.06372549019607843,0.10784313725490197,0,1,1
2022,22,Abu Dhabi Grand Prix,2,0.228,Red Bull,Sergio Pérez,3,0.88,0.8333333333333334,3.0,0.675990675990676,1.0,1.0,1.2,33.0,0.8,0.0,-1.4857,61.6071,0.10294117647058823,0.04,0,1,1
2022,22,Abu Dhabi Grand Prix,4,0.418,Ferrari,Carlos Sainz,4,0.8529411764705882,0.8627450980392157,6.0,0.5454545454545454,2.0,0.7287899860917941,-6.4,21.6,0.6,0.0,-1.0223333333333333,61.9563,0.06372549019607843,0.0784313725490196,0,1,1
2022,22,Abu Dhabi Grand Prix,6,0.687,Mercedes,George Russell,5,0.8395061728395061,0.9362745098039216,4.0,0.6177156177156177,3.0,0.7023643949930459,-0.4,24.0,-0.2,8.0,-0.6374,62.7949,0.029411764705882353,0.07407407407407407,0,1,1
2022,22,Abu Dhabi Grand Prix,7,0.945,McLaren,Lando Norris,6,0.8765432098765432,0.8431372549019608,7.0,0.2634032634032634,5.0,0.20584144645340752,-2.2,7.8,-2.8,5.798449612403101,-0.164875,63.59340000000001,0.09313725490196079,0.04938271604938271,0,1,1
2022,22,Abu Dhabi Grand Prix,8,1.006,Alpine F1 Team,Esteban Ocon,7,0.8148148148148149,0.8604651162790697,8.0,0.20046620046620048,4.0,0.23226703755215578,2.0,8.4,-0.4,-1.5,0.046875,24.1781,0.10465116279069768,0.04938271604938271,0,1,1
2022,22,Abu Dhabi Grand Prix,14,1.535,Aston Martin,Lance Stroll,8,0.8316831683168316,0.8372093023255813,15.0,0.03263403263403263,7.0,0.06954102920723226,2.0,5.0,1.0,-0.9666666666666668,0.139125,25.286700000000003,0.046511627906976744,0.0891089108910891,0,1,1
2022,22,Abu Dhabi Grand Prix,10,1.221,McLaren,Daniel Ricciardo,9,0.8137254901960784,0.8431372549019608,12.0,0.08158508158508158,5.0,0.20584144645340752,2.2,7.8,0.6,-1.101449275362319,0.1775,63.59340000000001,0.09313725490196079,0.0392156862745098,0,0,1
2022,22,Abu Dhabi Grand Prix,9,1.137,Aston Martin,Sebastian Vettel,10,0.86,0.8372093023255813,11.0,0.08391608391608392,7.0,0.06954102920723226,3.6,5.0,1.0,-1.4255319148936172,-0.0955,25.286700000000003,0.046511627906976744,0.07,0,0,1
2022,22,Abu Dhabi Grand Prix,12,1.395,AlphaTauri,Yuki Tsunoda,11,0.7674418604651163,0.8166666666666667,17.0,0.027972027972027972,9.0,0.048678720445062586,-1.0,0.4,0.2,-0.3958333333333335,0.295,25.687399999999997,0.10833333333333334,0.09302325581395349,0,0,0
2022,22,Abu Dhabi Grand Prix,15,1.584,Alfa Romeo,Guanyu Zhou,12,0.7619047619047619,0.8633540372670807,18.0,0.013986013986013986,6.0,0.07649513212795549,-0.2,0.6,0.2,-0.36734693877551017,0.58975,26.113100000000003,0.07453416149068323,0.09523809523809523,0,0,0
2022,22,Abu Dhabi Grand Prix,19,2.204,Williams,Alexander Albon,13,0.8596491228070176,0.8186274509803921,19.0,0.009324009324009324,10.0,0.011126564673157162,-0.2,0.4,-1.4,0.0,0.6253333333333334,62.62330000000001,0.08333333333333333,0.07017543859649122,0,1,1
2022,22,Abu Dhabi Grand Prix,17,2.035,AlphaTauri,Pierre Gasly,14,0.8235294117647058,0.8166666666666667,14.0,0.053613053613053616,9.0,0.048678720445062586,-0.8,0.4,-0.6,-1.4313725490196076,0.2355,25.687399999999997,0.10833333333333334,0.058823529411764705,0,1,0
2022,22,Abu Dhabi Grand Prix,18,2.068,Alfa Romeo,Valtteri Bottas,15,0.8529411764705882,0.8633540372670807,10.0,0.11421911421911422,6.0,0.07649513212795549,-0.4,0.6,2.0,0.0,0.457875,26.113100000000003,0.07453416149068323,0.049019607843137254,0,1,0
2022,22,Abu Dhabi Grand Prix,13,1.401,Haas F1 Team,Mick Schumacher,16,0.8571428571428572,0.7733990147783252,16.0,0.027972027972027972,8.0,0.05146036161335188,1.8,0.4,-0.2,0.0,0.6351,64.12379999999999,0.07881773399014778,0.07142857142857142,0,0,1
2022,22,Abu Dhabi Grand Prix,16,2.01,Haas F1 Team,Kevin Magnussen,17,0.775,0.7733990147783252,13.0,0.05827505827505827,8.0,0.05146036161335188,-2.4,0.4,-4.2,0.0,0.6895,64.12379999999999,0.07881773399014778,0.075,0,0,1
2022,22,Abu Dhabi Grand Prix,5,0.684,Mercedes,Lewis Hamilton,18,0.9702970297029703,0.9362745098039216,5.0,0.5594405594405595,3.0,0.7023643949930459,1.0,24.0,1.2,0.0,-1.0708,62.7949,0.029411764705882353,0.019801980198019802,0,1,1
2022,22,Abu Dhabi Grand Prix,20,2.23,Williams,Nicholas Latifi,19,0.8,0.8186274509803921,20.0,0.004662004662004662,10.0,0.011126564673157162,3.4,0.4,-0.2,-0.3392857142857144,0.810875,62.62330000000001,0.08333333333333333,0.13333333333333333,0,0,1
2022,22,Abu Dhabi Grand Prix,11,1.272,Alpine F1 Team,Fernando Alonso,20,0.765625,0.8604651162790697,9.0,0.1888111888111888,4.0,0.23226703755215578,-3.8,8.4,2.2,-1.3157894736842106,-0.211,24.1781,0.10465116279069768,0.046875,0,1,1
2023,1,Bahrain Grand Prix,1,0.0,Red Bull,Max Verstappen,1,0.8446601941747574,0.8349514563106796,1.0,1.0,1.0,1.0,-0.4,34.8,-0.2,-0.6609195402298849,-1.5494,59.9705,0.10194174757281553,0.06796116504854369,0,1,1
2023,1,Bahrain Grand Prix,2,0.138,Red Bull,Sergio Pérez,2,0.8811881188118812,0.8349514563106796,3.0,0.6718061674008811,1.0,1.0,0.8,34.8,-0.4,0.0,-1.1516,59.9705,0.10194174757281553,0.039603960396039604,0,1,1
2023,1,Bahrain Grand Prix,5,0.628,Aston Martin,Fernando Alonso,3,0.7538461538461538,0.8409090909090909,9.0,0.17841409691629956,7.0,0.07246376811594203,-3.0,3.6,0.8,0.0,-0.211,23.6928,0.045454545454545456,0.046153846153846156,0,1,1
2023,1,Bahrain Grand Prix,4,0.446,Ferrari,Carlos Sainz,4,0.854368932038835,0.8640776699029127,5.0,0.5418502202643172,2.0,0.7299077733860343,-6.6,21.0,-0.2,-1.278688524590164,-0.805,60.07620000000001,0.06310679611650485,0.07766990291262135,0,1,1
2023,1,Bahrain Grand Prix,7,0.676,Mercedes,Lewis Hamilton,5,0.9607843137254902,0.9320388349514563,6.0,0.5286343612334802,3.0,0.6785243741765481,-0.4,25.6,-1.4,-0.2580645161290325,-1.02625,61.567899999999995,0.03398058252427184,0.0196078431372549,0,1,1
2023,1,Bahrain Grand Prix,8,1.128,Aston Martin,Lance Stroll,6,0.8333333333333334,0.8409090909090909,15.0,0.039647577092511016,7.0,0.07246376811594203,2.0,3.6,0.0,-0.8333333333333335,0.165625,23.6928,0.045454545454545456,0.08823529411764706,0,1,1
2023,1,Bahrain Grand Prix,6,0.632,Mercedes,George Russell,7,0.8414634146341463,0.9320388349514563,4.0,0.6057268722466961,3.0,0.6785243741765481,0.4,25.6,0.8,-1.53125,-1.014,61.567899999999995,0.03398058252427184,0.07317073170731707,0,1,1
2023,1,Bahrain Grand Prix,12,1.735,Alfa Romeo,Valtteri Bottas,8,0.854368932038835,0.8650306748466258,10.0,0.10792951541850221,6.0,0.07246376811594203,-0.8,0.6,-0.4,3.976923076923077,0.586875,24.194300000000002,0.0736196319018405,0.04854368932038835,0,1,0
2023,1,Bahrain Grand Prix,20,2.473,Alpine F1 Team,Pierre Gasly,9,0.8252427184466019,0.8522727272727273,14.0,0.05066079295154185,4.0,0.22793148880105402,0.4,9.6,1.2,3.0848484848484845,0.4373,23.658899999999996,0.11363636363636363,0.05825242718446602,0,1,1
2023,1,Bahrain Grand Prix,15,1.753,Williams,Alexander Albon,10,0.8620689655172413,0.8155339805825242,19.0,0.00881057268722467,10.0,0.010540184453227932,0.6,0.4,0.8,-1.0373134328358211,0.57425,62.11980000000001,0.0825242718446602,0.06896551724137931,0,1,1
2023,1,Bahrain Grand Prix,14,1.692,AlphaTauri,Yuki Tsunoda,11,0.7727272727272727,0.819672131147541,17.0,0.02643171806167401,9.0,0.0461133069828722,0.2,0.2,1.2,-1.5147058823529411,0.2605,23.9424,0.10655737704918032,0.09090909090909091,0,0,0
2023,1,Bahrain Grand Prix,16,1.944,Williams,Logan Sargeant,12,0.9,0.8155339805825242,0.0,0.0,10.0,0.010540184453227932,0.0,0.4,0.0,-0.8405797101449275,0.0,62.11980000000001,0.0825242718446602,0.1,0,0,1
2023,1,Bahrain Grand Prix,17,2.184,Haas F1 Team,Kevin Magnussen,13,0.7777777777777778,0.775609756097561,13.0,0.05506607929515418,8.0,0.048748353096179184,-2.0,0.4,0.4,0.0,0.85975,61.868700000000004,0.07804878048780488,0.07407407407407407,0,0,1
2023,1,Bahrain Grand Prix,19,2.413,AlphaTauri,Nyck de Vries,14,1.0,0.819672131147541,21.0,0.004405286343612335,9.0,0.0461133069828722,4.0,0.2,0.0,1.1596244131455395,0.017,23.9424,0.10655737704918032,0.0,0,0,0
2023,1,Bahrain Grand Prix,10,1.101,Haas F1 Team,Nico Hülkenberg,15,0.7446808510638299,0.775609756097561,22.0,0.0,8.0,0.048748353096179184,1.4,0.4,1.6,-1.0416666666666667,0.55125,61.868700000000004,0.07804878048780488,0.10638297872340426,0,1,1
2023,1,Bahrain Grand Prix,13,1.765,Alfa Romeo,Guanyu Zhou,16,0.7727272727272727,0.8650306748466258,18.0,0.013215859030837005,6.0,0.07246376811594203,1.4,0.6,1.6,0.0,0.5578,24.194300000000002,0.0736196319018405,0.09090909090909091,0,0,0
2023,1,Bahrain Grand Prix,11,1.673,McLaren,Lando Norris,17,0.8780487804878049,0.8446601941747574,7.0,0.2687224669603524,5.0,0.20948616600790515,-2.4,5.6,-0.2,-0.21621621621621623,0.051125,61.82460000000001,0.09223300970873786,0.04878048780487805,0,1,1
2023,1,Bahrain Grand Prix,9,1.206,Alpine F1 Team,Esteban Ocon,18,0.8170731707317074,0.8522727272727273,8.0,0.2026431718061674,4.0,0.22793148880105402,1.8,9.6,-0.2,-0.20666666666666655,-0.0188,23.658899999999996,0.11363636363636363,0.04878048780487805,0,1,1
2023,1,Bahrain Grand Prix,3,0.292,Ferrari,Charles Leclerc,19,0.8252427184466019,0.8640776699029127,2.0,0.6784140969162996,2.0,0.7299077733860343,1.2,21.0,0.4,1.3026315789473686,-0.8943,60.07620000000001,0.06310679611650485,0.10679611650485436,0,1,1
2023,1,Bahrain Grand Prix,18,2.393,McLaren,Oscar Piastri,20,0.9,0.8446601941747574,0.0,0.0,5.0,0.20948616600790515,0.0,5.6,0.0,0.0,0.0,61.82460000000001,0.09223300970873786,0.1,0,1,1
2023,2,Saudi Arabian Grand Prix,1,0.0,Red Bull,Sergio Pérez,1,0.8823529411764706,0.8365384615384616,2.0,0.72,1.0,1.0,0.4,34.8,-0.4,0.0,-1.1020999999999999,23.618299999999998,0.10096153846153846,0.0392156862745098,1,1,1
2023,2,Saudi Arabian Grand Prix,15,0.496,Red Bull,Max Verstappen,2,0.8461538461538461,0.8365384615384616,1.0,1.0,1.0,1.0,-0.4,34.8,0.0,-0.9662447257383964,-1.3255,23.618299999999998,0.10096153846153846,0.0673076923076923,1,1,1
2023,2,Saudi Arabian Grand Prix,3,0.465,Aston Martin,Fernando Alonso,3,0.7575757575757576,0.8444444444444444,3.0,0.6,2.0,0.5348837209302325,-2.6,6.6,0.4,-1.125,-0.12883333333333336,23.881,0.044444444444444446,0.045454545454545456,1,1,1
2023,2,Saudi Arabian Grand Prix,4,0.592,Mercedes,George Russell,4,0.8433734939759037,0.9326923076923077,7.0,0.24,3.0,0.37209302325581395,0.2,26.0,-0.2,0.0,-0.857,23.9819,0.03365384615384615,0.07228915662650602,1,1,1
2023,2,Saudi Arabian Grand Prix,8,0.958,Mercedes,Lewis Hamilton,5,0.9611650485436893,0.9326923076923077,5.0,0.4,3.0,0.37209302325581395,-0.2,26.0,0.2,-0.7195121951219514,-0.9735,23.9819,0.03365384615384615,0.019417475728155338,1,1,1
2023,2,Saudi Arabian Grand Prix,5,0.666,Ferrari,Carlos Sainz,6,0.8557692307692308,0.8605769230769231,4.0,0.48,4.0,0.27906976744186046,-3.4,20.4,3.2,-1.2349397590361444,-0.684,23.3735,0.0625,0.07692307692307693,1,1,1
2023,2,Saudi Arabian Grand Prix,2,0.155,Ferrari,Charles Leclerc,7,0.8173076923076923,0.8605769230769231,0.0,0.0,4.0,0.27906976744186046,-1.8,20.4,-3.0,0.0,-0.91625,23.3735,0.0625,0.10576923076923077,1,1,1
2023,2,Saudi Arabian Grand Prix,7,0.813,Alpine F1 Team,Esteban Ocon,8,0.8072289156626506,0.8444444444444444,0.0,0.0,6.0,0.046511627906976744,-0.2,6.4,-2.0,-1.8941176470588235,0.117,23.7096,0.1111111111111111,0.04819277108433735,1,1,1
2023,2,Saudi Arabian Grand Prix,10,1.092,Alpine F1 Team,Pierre Gasly,9,0.8269230769230769,0.8444444444444444,9.0,0.08,6.0,0.046511627906976744,2.8,6.4,2.4,0.748062015503876,0.32430000000000003,23.7096,0.1111111111111111,0.057692307692307696,1,1,1
2023,2,Saudi Arabian Grand Prix,13,1.369,Haas F1 Team,Kevin Magnussen,10,0.7804878048780488,0.7777777777777778,13.0,0.0,9.0,0.0,-2.0,0.4,0.0,3.0229885057471266,0.75675,24.374999999999993,0.07729468599033816,0.07317073170731707,1,0,1
2023,2,Saudi Arabian Grand Prix,16,1.674,AlphaTauri,Yuki Tsunoda,11,0.7777777777777778,0.8225806451612903,11.0,0.0,8.0,0.0,0.8,0.2,0.6,0.011363636363636243,0.2035,23.996000000000002,0.10483870967741936,0.08888888888888889,1,0,0
2023,2,Saudi Arabian Grand Prix,11,1.186,Haas F1 Team,Nico Hülkenberg,12,0.75,0.7777777777777778,15.0,0.0,9.0,0.0,1.8,0.4,0.4,-1.5887640449438205,0.5536,24.374999999999993,0.07729468599033816,0.10416666666666667,1,1,1
2023,2,Saudi Arabian Grand Prix,12,1.196,Alfa Romeo,Guanyu Zhou,13,0.782608695652174,0.8666666666666667,16.0,0.0,5.0,0.09302325581395349,1.2,1.4,-0.2,2.344444444444444,0.5431,24.3491,0.07272727272727272,0.08695652173913043,1,0,0
2023,2,Saudi Arabian Grand Prix,18,1.979,AlphaTauri,Nyck de Vries,14,1.0,0.8225806451612903,14.0,0.0,8.0,0.0,4.5,0.2,1.0,-1.6556776556776558,0.30975,23.996000000000002,0.10483870967741936,0.0,1,0,0
2023,2,Saudi Arabian Grand Prix,9,0.978,McLaren,Oscar Piastri,15,0.0,0.8413461538461539,0.0,0.0,10.0,0.0,-2.0,5.4,0.0,-1.7282608695652173,0.0,25.712200000000003,0.09134615384615384,0.0,1,1,1
2023,2,Saudi Arabian Grand Prix,20,40.245,Williams,Logan Sargeant,16,1.0,0.8173076923076923,12.0,0.0,7.0,0.023255813953488372,4.0,0.2,0.0,-0.967741935483871,0.7725,23.8841,0.08173076923076923,0.0,1,0,1
2023,2,Saudi Arabian Grand Prix,19,2.182,McLaren,Lando Norris,17,0.8795180722891567,0.8413461538461539,17.0,0.0,10.0,0.0,-3.6,5.4,-1.2,0.0,0.032625,25.712200000000003,0.09134615384615384,0.04819277108433735,1,1,1
2023,2,Saudi Arabian Grand Prix,14,1.403,Alfa Romeo,Valtteri Bottas,18,0.8557692307692308,0.8666666666666667,8.0,0.16,5.0,0.09302325581395349,0.6,1.4,1.4,3.8421052631578947,0.3745,24.3491,0.07272727272727272,0.04807692307692308,1,1,0
2023,2,Saudi Arabian Grand Prix,17,1.729,Williams,Alexander Albon,19,0.864406779661017,0.8173076923076923,10.0,0.04,7.0,0.023255813953488372,2.4,0.2,1.8,-0.6770833333333335,0.4322,23.8841,0.08173076923076923,0.06779661016949153,1,1,1
2023,2,Saudi Arabian Grand Prix,6,0.68,Aston Martin,Lance Stroll,20,0.8349514563106796,0.8444444444444444,6.0,0.32,2.0,0.5348837209302325,1.0,6.6,-1.0,-1.2371134020618557,0.10375,23.881,0.044444444444444446,0.08737864077669903,1,1,1
2023,3,Australian Grand Prix,1,0.0,Red Bull,Max Verstappen,1,0.8476190476190476,0.8380952380952381,1.0,1.0,1.0,1.0,1.8,36.2,2.2,-0.9217687074829932,-1.2244000000000002,22.9055,0.1,0.06666666666666667,0,1,1
2023,3,Australian Grand Prix,3,0.372,Mercedes,Lewis Hamilton,2,0.9615384615384616,0.9333333333333333,5.0,0.45454545454545453,3.0,0.4367816091954023,-0.2,24.6,0.0,-0.9090909090909087,-0.809,23.302500000000002,0.03333333333333333,0.019230769230769232,0,1,1
2023,3,Australian Grand Prix,4,0.407,Aston Martin,Fernando Alonso,3,0.7611940298507462,0.8369565217391304,3.0,0.6818181818181818,2.0,0.4367816091954023,-3.0,8.8,-0.4,-0.22999999999999998,-0.612,23.6005,0.043478260869565216,0.04477611940298507,0,1,1
2023,3,Australian Grand Prix,6,0.576,Aston Martin,Lance Stroll,4,0.8269230769230769,0.8369565217391304,7.0,0.18181818181818182,2.0,0.4367816091954023,0.4,8.8,-0.6,-1.467821782178218,0.10375,23.6005,0.043478260869565216,0.08653846153846154,0,1,1
2023,3,Australian Grand Prix,20,0.877,Red Bull,Sergio Pérez,5,0.883495145631068,0.8380952380952381,2.0,0.9772727272727273,1.0,1.0,0.4,36.2,0.0,-1.5627450980392157,-1.2183,22.9055,0.1,0.038834951456310676,0,1,1
2023,3,Australian Grand Prix,13,1.387,McLaren,Lando Norris,6,0.8809523809523809,0.8428571428571429,20.0,0.0,10.0,0.0,-3.6,3.8,0.0,2.121359223300971,0.13625,26.7548,0.09047619047619047,0.047619047619047616,0,1,1
2023,3,Australian Grand Prix,10,0.68,Haas F1 Team,Nico Hülkenberg,7,0.7551020408163265,0.7799043062200957,15.0,0.0,7.0,0.011494252873563218,2.4,0.2,0.6,-0.7275641025641026,0.7567,23.57689999999999,0.07655502392344497,0.10204081632653061,0,1,1
2023,3,Australian Grand Prix,16,1.785,McLaren,Oscar Piastri,8,0.5,0.8428571428571429,19.0,0.0,10.0,0.0,-4.0,3.8,-4.0,2.119047619047619,0.271,26.7548,0.09047619047619047,0.0,0,1,1
2023,3,Australian Grand Prix,17,1.808,Alfa Romeo,Guanyu Zhou,9,0.7916666666666666,0.8682634730538922,17.0,0.0,6.0,0.04597701149425287,0.6,1.4,-0.6,0.0,0.465,23.686700000000002,0.0718562874251497,0.08333333333333333,0,0,0
2023,3,Australian Grand Prix,12,1.367,AlphaTauri,Yuki Tsunoda,10,0.782608695652174,0.8253968253968254,14.0,0.0,9.0,0.0,0.8,0.0,0.0,1.3200934579439254,0.309,23.5132,0.10317460317460317,0.08695652173913043,0,0,0
2023,3,Australian Grand Prix,19,1.982,Alfa Romeo,Valtteri Bottas,11,0.8571428571428572,0.8682634730538922,9.0,0.09090909090909091,6.0,0.04597701149425287,1.6,1.4,1.0,-1.635185185185185,0.518,23.686700000000002,0.0718562874251497,0.047619047619047616,0,1,0
2023,3,Australian Grand Prix,5,0.538,Ferrari,Carlos Sainz,12,0.8571428571428572,0.861904761904762,4.0,0.45454545454545453,4.0,0.2988505747126437,0.2,20.2,3.6,-0.42201834862385335,-0.6818,22.6452,0.06190476190476191,0.0761904761904762,0,1,1
2023,3,Australian Grand Prix,9,0.842,Alpine F1 Team,Pierre Gasly,13,0.8285714285714285,0.8478260869565217,11.0,0.09090909090909091,5.0,0.09195402298850575,3.2,6.4,0.4,1.581818181818182,0.2959,22.905,0.10869565217391304,0.05714285714285714,0,1,1
2023,3,Australian Grand Prix,11,1.036,Alpine F1 Team,Esteban Ocon,14,0.8095238095238095,0.8478260869565217,10.0,0.09090909090909091,5.0,0.09195402298850575,-1.8,6.4,-1.6,-1.792792792792793,-0.1195,22.905,0.10869565217391304,0.047619047619047616,0,1,1
2023,3,Australian Grand Prix,15,1.603,AlphaTauri,Nyck de Vries,15,1.0,0.8253968253968254,18.0,0.0,9.0,0.0,4.333333333333333,0.0,0.0,-2.055357142857143,0.337,23.5132,0.10317460317460317,0.0,0,0,0
2023,3,Australian Grand Prix,18,1.825,Williams,Logan Sargeant,16,1.0,0.8142857142857143,16.0,0.0,8.0,0.011494252873563218,4.0,0.2,0.0,2.1398230088495573,0.76275,23.2367,0.08095238095238096,0.0,0,0,1
2023,3,Australian Grand Prix,14,1.397,Haas F1 Team,Kevin Magnussen,17,0.7831325301204819,0.7799043062200957,12.0,0.022727272727272728,7.0,0.011494252873563218,-2.8,0.2,-0.8,-0.4649122807017543,0.65875,23.57689999999999,0.07655502392344497,0.07228915662650602,0,0,1
2023,3,Australian Grand Prix,2,0.236,Mercedes,George Russell,18,0.8452380952380952,0.9333333333333333,6.0,0.4090909090909091,3.0,0.4367816091954023,0.0,24.6,-0.2,3.1130434782608694,-0.8202,23.302500000000002,0.03333333333333333,0.07142857142857142,0,1,1
2023,3,Australian Grand Prix,8,0.877,Williams,Alexander Albon,19,0.85,0.8142857142857143,13.0,0.022727272727272728,8.0,0.011494252873563218,2.4,0.2,0.0,1.1580459770114944,0.414625,23.2367,0.08095238095238096,0.06666666666666667,0,1,1
2023,3,Australian Grand Prix,7,0.637,Ferrari,Charles Leclerc,20,0.819047619047619,0.861904761904762,8.0,0.13636363636363635,4.0,0.2988505747126437,-2.6,20.2,-0.8,-0.5042735042735043,-0.709375,22.6452,0.06190476190476191,0.10476190476190476,0,1,1
2023,4,Azerbaijan Grand Prix,3,0.292,Red Bull,Sergio Pérez,1,0.8846153846153846,0.839622641509434,2.0,0.782608695652174,1.0,1.0,3.2,35.4,2.8,0.0,-1.1637,198.325,0.09905660377358491,0.038461538461538464,1,1,1
2023,4,Azerbaijan Grand Prix,2,0.188,Red Bull,Max Verstappen,2,0.8490566037735849,0.839622641509434,1.0,1.0,1.0,1.0,1.8,35.4,0.0,-1.3970588235294117,-1.1365999999999998,198.325,0.09905660377358491,0.0660377358490566,1,1,1
2023,4,Azerbaijan Grand Prix,1,0.0,Ferrari,Charles Leclerc,3,0.8113207547169812,0.8584905660377359,10.0,0.08695652173913043,4.0,0.21138211382113822,-5.4,16.6,-2.8,-1.525,-0.7675,199.2738,0.06132075471698113,0.10377358490566038,1,1,1
2023,4,Azerbaijan Grand Prix,6,1.05,Aston Martin,Fernando Alonso,4,0.7647058823529411,0.8404255319148937,3.0,0.6521739130434783,2.0,0.5284552845528455,-0.8,14.2,2.2,-1.0103305785123968,-0.66325,204.3929,0.0425531914893617,0.04411764705882353,1,1,1
2023,4,Azerbaijan Grand Prix,4,0.813,Ferrari,Carlos Sainz,5,0.8584905660377359,0.8584905660377359,5.0,0.2898550724637681,4.0,0.21138211382113822,-1.2,16.6,-1.4,0.0,-0.6839,199.2738,0.06132075471698113,0.07547169811320754,1,1,1
2023,4,Azerbaijan Grand Prix,5,0.974,Mercedes,Lewis Hamilton,6,0.9619047619047619,0.9292452830188679,4.0,0.5507246376811594,3.0,0.45528455284552843,-0.2,22.0,0.0,1.178861788617886,-0.6635,203.7151,0.0330188679245283,0.01904761904761905,1,1,1
2023,4,Azerbaijan Grand Prix,9,1.373,Aston Martin,Lance Stroll,7,0.8285714285714285,0.8404255319148937,6.0,0.2898550724637681,2.0,0.5284552845528455,0.2,14.2,-0.2,-1.529569892473118,-0.139,204.3929,0.0425531914893617,0.08571428571428572,1,1,1
2023,4,Azerbaijan Grand Prix,11,1.451,Mercedes,George Russell,8,0.8352941176470589,0.9292452830188679,7.0,0.2608695652173913,3.0,0.45528455284552843,-2.8,22.0,-2.8,1.4453333333333331,-0.76075,203.7151,0.0330188679245283,0.07058823529411765,1,1,1
2023,4,Azerbaijan Grand Prix,7,1.078,McLaren,Lando Norris,9,0.8823529411764706,0.8443396226415094,8.0,0.11594202898550725,5.0,0.0975609756097561,-2.0,4.6,1.6,-1.4285714285714284,-0.086125,209.17649999999998,0.08962264150943396,0.047058823529411764,1,1,1
2023,4,Azerbaijan Grand Prix,8,1.366,AlphaTauri,Yuki Tsunoda,10,0.7872340425531915,0.8203125,16.0,0.014492753623188406,9.0,0.008130081300813009,2.6,0.2,1.8,-0.5393700787401574,0.3619,175.2099,0.1015625,0.0851063829787234,1,0,0
2023,4,Azerbaijan Grand Prix,10,1.408,McLaren,Oscar Piastri,11,0.6666666666666667,0.8443396226415094,13.0,0.057971014492753624,5.0,0.0975609756097561,0.0,4.6,5.0,-1.578125,0.13175,209.17649999999998,0.08962264150943396,0.0,1,1,1
2023,4,Azerbaijan Grand Prix,13,1.615,Williams,Alexander Albon,12,0.8360655737704918,0.8066037735849056,18.0,0.014492753623188406,10.0,0.008130081300813009,-1.2,0.2,-3.6,1.883720930232558,0.3756666666666667,27.807299999999998,0.08018867924528301,0.06557377049180328,1,1,1
2023,4,Azerbaijan Grand Prix,18,3.214,Haas F1 Team,Kevin Magnussen,13,0.7738095238095238,0.7772511848341233,17.0,0.014492753623188406,7.0,0.056910569105691054,-3.0,1.4,-0.2,1.2025641025641018,0.6048333333333333,204.102,0.07582938388625593,0.07142857142857142,1,0,1
2023,4,Azerbaijan Grand Prix,19,4.65,Alpine F1 Team,Pierre Gasly,14,0.8207547169811321,0.8297872340425532,14.0,0.057971014492753624,6.0,0.06504065040650407,1.8,5.6,-1.4,0.454961832061068,0.246375,194.3156,0.10638297872340426,0.05660377358490566,1,1,1
2023,4,Azerbaijan Grand Prix,12,1.595,Alpine F1 Team,Esteban Ocon,15,0.8,0.8297872340425532,12.0,0.057971014492753624,6.0,0.06504065040650407,-2.8,5.6,-1.0,-1.166666666666667,-0.22816666666666666,194.3156,0.10638297872340426,0.047058823529411764,1,1,1
2023,4,Azerbaijan Grand Prix,15,2.039,Williams,Logan Sargeant,16,0.6666666666666667,0.8066037735849056,19.0,0.0,10.0,0.008130081300813009,3.3333333333333335,0.2,-1.0,-2.3320802005012533,0.76275,27.807299999999998,0.08018867924528301,0.0,1,0,1
2023,4,Azerbaijan Grand Prix,17,2.552,Haas F1 Team,Nico Hülkenberg,17,0.76,0.7772511848341233,9.0,0.08695652173913043,7.0,0.056910569105691054,0.6,1.4,-1.8,1.2182835820895521,0.5435,204.102,0.07582938388625593,0.1,1,1,1
2023,4,Azerbaijan Grand Prix,14,2.056,Alfa Romeo,Valtteri Bottas,18,0.8584905660377359,0.8698224852071006,11.0,0.057971014492753624,8.0,0.04878048780487805,4.0,1.6,2.4,-2.2984126984126987,0.6226,166.747,0.07100591715976332,0.04716981132075472,1,1,0
2023,4,Azerbaijan Grand Prix,16,2.439,Alfa Romeo,Guanyu Zhou,19,0.8,0.8698224852071006,15.0,0.028985507246376812,8.0,0.04878048780487805,2.4,1.6,1.8,-2.299019607843138,0.4157,166.747,0.07100591715976332,0.08,1,0,0
2023,4,Azerbaijan Grand Prix,20,15.079,AlphaTauri,Nyck de Vries,20,0.75,0.8203125,20.0,0.0,9.0,0.008130081300813009,3.25,0.2,-1.3333333333333333,1.209245742092457,0.337,175.2099,0.1015625,0.0,1,0,0
2023,5,Miami Grand Prix,9,0.0,Red Bull,Max Verstappen,1,0.8504672897196262,0.8411214953271028,1.0,1.0,1.0,1.0,2.6,41.2,0.8,-0.1014492753623184,-1.352,197.6142,0.09813084112149532,0.06542056074766354,0,1,1
2023,5,Miami Grand Prix,1,0.027,Red Bull,Sergio Pérez,2,0.8857142857142857,0.8411214953271028,2.0,0.9354838709677419,1.0,1.0,3.2,41.2,0.0,2.370503597122302,-1.3689,197.6142,0.09813084112149532,0.0380952380952381,0,1,1
2023,5,Miami Grand Prix,2,0.283,Aston Martin,Fernando Alonso,3,0.7681159420289855,0.84375,3.0,0.6451612903225806,2.0,0.48333333333333334,-0.8,17.6,0.0,1.4642857142857135,-0.9095,204.24460000000002,0.041666666666666664,0.043478260869565216,0,1,1
2023,5,Miami Grand Prix,6,0.929,Mercedes,George Russell,4,0.8372093023255813,0.9299065420560748,7.0,0.3010752688172043,3.0,0.4222222222222222,-2.6,15.8,0.2,0.07978723404255295,-0.607,203.1068,0.03271028037383177,0.06976744186046512,0,1,1
2023,5,Miami Grand Prix,3,0.334,Ferrari,Carlos Sainz,5,0.8598130841121495,0.8598130841121495,5.0,0.3655913978494624,4.0,0.34444444444444444,-1.8,16.2,-0.6,1.4169014084507037,-0.6527000000000001,198.8535,0.06074766355140187,0.07476635514018691,0,1,1
2023,5,Miami Grand Prix,13,1.032,Mercedes,Lewis Hamilton,6,0.9622641509433962,0.9299065420560748,4.0,0.5161290322580645,3.0,0.4222222222222222,-1.6,15.8,-1.4,-2.093706293706293,-0.63275,203.1068,0.03271028037383177,0.018867924528301886,0,1,1
2023,5,Miami Grand Prix,7,0.15,Ferrari,Charles Leclerc,7,0.8130841121495327,0.8598130841121495,6.0,0.3010752688172043,4.0,0.34444444444444444,-7.0,16.2,-1.6,-0.49166666666666714,-0.8845,198.8535,0.06074766355140187,0.102803738317757,0,1,1
2023,5,Miami Grand Prix,5,0.798,Alpine F1 Team,Pierre Gasly,8,0.822429906542056,0.8333333333333334,14.0,0.043010752688172046,6.0,0.044444444444444446,3.2,2.8,1.4,0.0,0.231625,193.6154,0.10416666666666667,0.056074766355140186,0,1,1
2023,5,Miami Grand Prix,8,0.63,Alpine F1 Team,Esteban Ocon,9,0.8023255813953488,0.8333333333333334,13.0,0.043010752688172046,6.0,0.044444444444444446,-3.0,2.8,-0.2,5.684931506849315,-0.14583333333333334,193.6154,0.10416666666666667,0.046511627906976744,0,1,1
2023,5,Miami Grand Prix,4,0.859,Haas F1 Team,Kevin Magnussen,10,0.7764705882352941,0.7793427230046949,18.0,0.010752688172043012,7.0,0.03888888888888889,1.6,1.4,4.6,1.2993197278911568,0.547125,204.7076,0.07511737089201878,0.07058823529411765,0,0,1
2023,5,Miami Grand Prix,17,1.615,AlphaTauri,Yuki Tsunoda,11,0.7916666666666666,0.8153846153846154,16.0,0.021505376344086023,9.0,0.011111111111111112,1.8,0.4,-0.8,1.2351351351351347,0.2843,174.6305,0.1,0.08333333333333333,0,0,0
2023,5,Miami Grand Prix,18,1.662,Aston Martin,Lance Stroll,12,0.8301886792452831,0.84375,8.0,0.2903225806451613,2.0,0.48333333333333334,-0.4,17.6,-0.6,0.26398210290827784,-0.46275,204.24460000000002,0.041666666666666664,0.08490566037735849,0,1,1
2023,5,Miami Grand Prix,10,0.75,Alfa Romeo,Valtteri Bottas,13,0.8598130841121495,0.8654970760233918,12.0,0.043010752688172046,8.0,0.03333333333333333,1.4,1.2,-2.6,0.09999999999999964,0.8222999999999999,166.1781,0.07017543859649122,0.04672897196261682,0,1,0
2023,5,Miami Grand Prix,11,0.981,Williams,Alexander Albon,14,0.8387096774193549,0.8084112149532711,17.0,0.010752688172043012,10.0,0.005555555555555556,-0.2,0.2,1.0,-1.516556291390729,0.255,27.225900000000003,0.0794392523364486,0.06451612903225806,0,1,1
2023,5,Miami Grand Prix,12,1.089,Haas F1 Team,Nico Hülkenberg,15,0.7647058823529411,0.7793427230046949,10.0,0.06451612903225806,7.0,0.03888888888888889,0.6,1.4,0.0,1.7302631578947372,0.3782,204.7076,0.07511737089201878,0.09803921568627451,0,1,1
2023,5,Miami Grand Prix,14,1.277,Alfa Romeo,Guanyu Zhou,16,0.7692307692307692,0.8654970760233918,15.0,0.021505376344086023,8.0,0.03333333333333333,0.8,1.2,-1.6,1.4640522875816995,0.408375,166.1781,0.07017543859649122,0.07692307692307693,0,0,0
2023,5,Miami Grand Prix,16,1.58,McLaren,Lando Norris,17,0.8837209302325582,0.8457943925233645,9.0,0.10752688172043011,5.0,0.07777777777777778,0.4,5.0,2.4,0.9415584415584419,-0.009300000000000001,207.9006,0.08878504672897196,0.046511627906976744,0,1,1
2023,5,Miami Grand Prix,15,1.511,AlphaTauri,Nyck de Vries,18,0.6,0.8153846153846154,20.0,0.0,9.0,0.011111111111111112,2.6,0.4,-1.0,0.4451612903225808,0.337,174.6305,0.1,0.0,0,0,0
2023,5,Miami Grand Prix,19,1.67,McLaren,Oscar Piastri,19,0.75,0.8457943925233645,11.0,0.043010752688172046,5.0,0.07777777777777778,-0.25,5.0,0.3333333333333333,-2.5576923076923075,0.20283333333333334,207.9006,0.08878504672897196,0.0,0,1,1
2023,5,Miami Grand Prix,20,1.763,Williams,Logan Sargeant,20,0.75,0.8084112149532711,19.0,0.0,10.0,0.005555555555555556,2.25,0.2,-1.6666666666666667,-1.3668789808917197,0.7455,27.225900000000003,0.0794392523364486,0.0,0,0,1
2023,6,Monaco Grand Prix,1,0.0,Red Bull,Max Verstappen,1,0.8518518518518519,0.8425925925925926,1.0,1.0,1.0,1.0,4.2,42.0,1.6,0.6462728551336143,-1.323,197.798,0.09722222222222222,0.06481481481481481,1,1,1
2023,6,Monaco Grand Prix,2,0.084,Aston Martin,Fernando Alonso,2,0.7714285714285715,0.846938775510204,3.0,0.6302521008403361,2.0,0.45535714285714285,0.8,19.6,1.6,-2.8223270440251573,-0.8172999999999999,204.41,0.04081632653061224,0.04285714285714286,1,1,1
2023,6,Monaco Grand Prix,4,0.188,Alpine F1 Team,Esteban Ocon,3,0.8045977011494253,0.8367346938775511,12.0,0.05042016806722689,6.0,0.0625,-3.4,2.8,-0.4,0.14553571428571477,0.03216666666666666,193.7033,0.10204081632653061,0.04597701149425287,1,1,1
2023,6,Monaco Grand Prix,6,0.36,Mercedes,Lewis Hamilton,4,0.9626168224299065,0.9305555555555556,4.0,0.47058823529411764,3.0,0.42857142857142855,2.4,17.8,4.0,-2.583850931677019,-0.49269999999999997,202.7067,0.032407407407407406,0.018691588785046728,1,1,1
2023,6,Monaco Grand Prix,8,0.599,Mercedes,George Russell,5,0.8390804597701149,0.9305555555555556,6.0,0.33613445378151263,3.0,0.42857142857142855,-2.4,17.8,0.2,0.37037037037037024,-0.544875,202.7067,0.032407407407407406,0.06896551724137931,1,1,1
2023,6,Monaco Grand Prix,3,0.106,Ferrari,Charles Leclerc,6,0.8148148148148149,0.8611111111111112,7.0,0.2857142857142857,4.0,0.3482142857142857,-7.2,13.4,-0.2,1.5617879053461872,-0.6093333333333334,198.90209999999996,0.06018518518518518,0.10185185185185185,1,1,1
2023,6,Monaco Grand Prix,7,0.568,Alpine F1 Team,Pierre Gasly,7,0.8240740740740741,0.8367346938775511,10.0,0.06722689075630252,6.0,0.0625,2.0,2.8,-1.2,1.4349593495934965,-0.04525,193.7033,0.10204081632653061,0.05555555555555555,1,1,1
2023,6,Monaco Grand Prix,5,0.265,Ferrari,Carlos Sainz,8,0.8611111111111112,0.8611111111111112,5.0,0.3697478991596639,4.0,0.3482142857142857,-2.2,13.4,-0.4,-0.15151515151515227,-0.5322,198.90209999999996,0.06018518518518518,0.07407407407407407,1,1,1
2023,6,Monaco Grand Prix,10,0.889,McLaren,Lando Norris,9,0.8850574712643678,0.8472222222222222,9.0,0.08403361344537816,5.0,0.0625,0.0,2.8,-0.4,3.2289156626506026,0.11059999999999999,208.1515,0.08796296296296297,0.04597701149425287,1,1,1
2023,6,Monaco Grand Prix,11,1.03,McLaren,Oscar Piastri,10,0.8,0.8472222222222222,14.0,0.03361344537815126,5.0,0.0625,-0.2,2.8,0.5,-2.2664670658682633,0.323875,208.1515,0.08796296296296297,0.0,1,1,1
2023,6,Monaco Grand Prix,15,1.26,Alfa Romeo,Valtteri Bottas,11,0.8611111111111112,0.8670520231213873,13.0,0.03361344537815126,8.0,0.026785714285714284,0.2,1.2,-1.2,0.04761904761904745,0.5838,166.25889999999998,0.06936416184971098,0.046296296296296294,1,1,0
2023,6,Monaco Grand Prix,12,1.063,AlphaTauri,Nyck de Vries,12,0.6666666666666667,0.8181818181818181,20.0,0.0,9.0,0.008928571428571428,1.2,0.4,-1.4,-0.3639053254437874,0.3665,174.84720000000002,0.09848484848484848,0.0,1,0,0
2023,6,Monaco Grand Prix,19,2.158,Alfa Romeo,Guanyu Zhou,13,0.7777777777777778,0.8670520231213873,15.0,0.01680672268907563,8.0,0.026785714285714284,-0.2,1.2,-1.0,5.784313725490195,0.4495,166.25889999999998,0.06936416184971098,0.07407407407407407,1,0,0
2023,6,Monaco Grand Prix,13,1.162,Williams,Alexander Albon,14,0.8412698412698413,0.8101851851851851,18.0,0.008403361344537815,10.0,0.004464285714285714,-2.0,0.2,-1.8,0.5045948203842947,0.07083333333333333,29.9458,0.0787037037037037,0.06349206349206349,1,1,1
2023,6,Monaco Grand Prix,9,0.717,AlphaTauri,Yuki Tsunoda,15,0.7959183673469388,0.8181818181818181,16.0,0.01680672268907563,9.0,0.008928571428571428,2.8,0.4,1.0,1.391472868217054,0.2798,174.84720000000002,0.09848484848484848,0.08163265306122448,1,0,0
2023,6,Monaco Grand Prix,20,2.485,Red Bull,Sergio Pérez,16,0.8867924528301887,0.8425925925925926,2.0,0.8823529411764706,1.0,1.0,3.2,42.0,0.0,3.3135838150289016,-1.3645,197.798,0.09722222222222222,0.03773584905660377,1,1,1
2023,6,Monaco Grand Prix,18,1.914,Haas F1 Team,Nico Hülkenberg,17,0.7692307692307692,0.7813953488372093,11.0,0.05042016806722689,7.0,0.03571428571428571,-1.2,1.6,-1.8,0.07471264367816133,0.2513,204.8038,0.07441860465116279,0.09615384615384616,1,1,1
2023,6,Monaco Grand Prix,16,1.748,Williams,Logan Sargeant,18,0.8,0.8101851851851851,19.0,0.0,10.0,0.004464285714285714,1.8,0.2,-1.0,1.5685714285714285,0.6995,29.9458,0.0787037037037037,0.0,1,0,1
2023,6,Monaco Grand Prix,17,1.905,Haas F1 Team,Kevin Magnussen,19,0.7790697674418605,0.7813953488372093,17.0,0.01680672268907563,7.0,0.03571428571428571,0.6,1.6,-1.0,-1.2708333333333335,0.19625,204.8038,0.07441860465116279,0.06976744186046512,1,0,1
2023,6,Monaco Grand Prix,14,1.258,Aston Martin,Lance Stroll,20,0.8317757009345794,0.846938775510204,8.0,0.226890756302521,2.0,0.45535714285714285,-0.4,19.6,0.0,0.0790960451977405,-0.380125,204.41,0.04081632653061224,0.08411214953271028,1,1,1
2023,7,Spanish Grand Prix,1,0.0,Red Bull,Max Verstappen,1,0.8532110091743119,0.8440366972477065,1.0,1.0,1.0,1.0,4.2,38.4,0.0,-2.404494382022472,-1.4105,197.9134,0.0963302752293578,0.06422018348623854,0,1,1
2023,7,Spanish Grand Prix,5,0.546,Mercedes,Lewis Hamilton,2,0.962962962962963,0.9311926605504587,4.0,0.4791666666666667,3.0,0.4779116465863454,2.4,19.2,0.0,0.21731843575418974,-0.6417,203.1065,0.03211009174311927,0.018518518518518517,0,1,1
2023,7,Spanish Grand Prix,12,1.054,Mercedes,George Russell,3,0.8409090909090909,0.9311926605504587,5.0,0.3472222222222222,3.0,0.4779116465863454,-1.6,19.2,0.8,-2.8833333333333337,-0.72125,203.1065,0.03211009174311927,0.06818181818181818,0,1,1
2023,7,Spanish Grand Prix,11,1.062,Red Bull,Sergio Pérez,4,0.8878504672897196,0.8440366972477065,2.0,0.7291666666666666,1.0,1.0,4.0,38.4,0.8,0.12707182320442012,-1.0648,197.9134,0.0963302752293578,0.037383177570093455,0,1,1
2023,7,Spanish Grand Prix,2,0.462,Ferrari,Carlos Sainz,5,0.8623853211009174,0.8623853211009174,6.0,0.3333333333333333,4.0,0.3614457831325301,-2.8,13.4,-0.6,-1.6181318681318677,-0.6447,199.01409999999998,0.05963302752293578,0.07339449541284404,0,1,1
2023,7,Spanish Grand Prix,6,0.722,Aston Martin,Lance Stroll,6,0.8240740740740741,0.84,8.0,0.1875,2.0,0.4819277108433735,-2.0,18.6,-1.6,0.0,-0.39516666666666667,204.3094,0.04,0.08333333333333333,0,1,1
2023,7,Spanish Grand Prix,9,0.826,Aston Martin,Fernando Alonso,7,0.7746478873239436,0.84,3.0,0.6458333333333334,2.0,0.4819277108433735,0.4,18.6,-0.4,0.0,-1.016,204.3094,0.04,0.04225352112676056,0,1,1
2023,7,Spanish Grand Prix,7,0.729,Alpine F1 Team,Esteban Ocon,8,0.8068181818181819,0.84,9.0,0.14583333333333334,5.0,0.14056224899598393,-1.4,6.6,2.0,0.0,-0.190375,193.6722,0.1,0.045454545454545456,0,1,1
2023,7,Spanish Grand Prix,13,1.249,Alfa Romeo,Guanyu Zhou,9,0.7857142857142857,0.8685714285714285,15.0,0.013888888888888888,8.0,0.024096385542168676,1.6,0.4,1.8,0.0,0.556625,166.3585,0.06857142857142857,0.07142857142857142,0,0,0
2023,7,Spanish Grand Prix,4,0.544,Alpine F1 Team,Pierre Gasly,10,0.8256880733944953,0.84,10.0,0.09722222222222222,5.0,0.14056224899598393,-0.2,6.6,-2.2,0.0,-0.274875,193.6722,0.1,0.05504587155963303,0,1,1
2023,7,Spanish Grand Prix,19,1.807,Ferrari,Charles Leclerc,11,0.8165137614678899,0.8623853211009174,7.0,0.2916666666666667,4.0,0.3614457831325301,-4.6,13.4,2.6,0.0,-0.696875,199.01409999999998,0.05963302752293578,0.10091743119266056,0,1,1
2023,7,Spanish Grand Prix,15,1.59,AlphaTauri,Yuki Tsunoda,12,0.8,0.8208955223880597,16.0,0.013888888888888888,9.0,0.008032128514056224,1.0,0.4,-1.8,0.0,0.21569999999999998,175.62490000000003,0.09701492537313433,0.08,0,0,0
2023,7,Spanish Grand Prix,10,0.787,McLaren,Oscar Piastri,13,0.8333333333333334,0.8486238532110092,13.0,0.034722222222222224,6.0,0.06827309236947791,0.4,3.4,0.6,0.0,0.2591,206.72149999999996,0.0871559633027523,0.0,0,1,1
2023,7,Spanish Grand Prix,14,1.309,AlphaTauri,Nyck de Vries,14,0.7142857142857143,0.8208955223880597,19.0,0.0,9.0,0.008032128514056224,0.2,0.4,-1.0,0.0,0.3746666666666667,175.62490000000003,0.09701492537313433,0.0,0,0,0
2023,7,Spanish Grand Prix,8,0.957,Haas F1 Team,Nico Hülkenberg,15,0.7735849056603774,0.7788018433179723,12.0,0.041666666666666664,7.0,0.0321285140562249,0.0,1.6,1.2,0.0,0.2958,206.3743,0.07373271889400922,0.09433962264150944,0,1,1
2023,7,Spanish Grand Prix,18,1.791,Williams,Alexander Albon,16,0.84375,0.8119266055045872,18.0,0.006944444444444444,10.0,0.004016064257028112,-3.2,0.0,-1.2,0.0,0.4255,30.124900000000004,0.0779816513761468,0.0625,0,1,1
2023,7,Spanish Grand Prix,3,0.504,McLaren,Lando Norris,17,0.8863636363636364,0.8486238532110092,11.0,0.08333333333333333,6.0,0.06827309236947791,1.4,3.4,1.4,0.0,-0.0124,206.72149999999996,0.0871559633027523,0.045454545454545456,0,1,1
2023,7,Spanish Grand Prix,17,1.77,Haas F1 Team,Kevin Magnussen,18,0.7701149425287357,0.7788018433179723,17.0,0.013888888888888888,7.0,0.0321285140562249,-0.6,1.6,-1.2,0.0,0.13533333333333333,206.3743,0.07373271889400922,0.06896551724137931,0,0,1
2023,7,Spanish Grand Prix,16,1.705,Alfa Romeo,Valtteri Bottas,19,0.8623853211009174,0.8685714285714285,14.0,0.027777777777777776,8.0,0.024096385542168676,0.2,0.4,0.0,0.0,0.6872,166.3585,0.06857142857142857,0.045871559633027525,0,1,0
2023,7,Spanish Grand Prix,20,2.427,Williams,Logan Sargeant,20,0.8333333333333334,0.8119266055045872,20.0,0.0,10.0,0.004016064257028112,0.6,0.0,-1.2,0.0,0.833875,30.124900000000004,0.0779816513761468,0.0,0,0,1
2023,8,Canadian Grand Prix,1,0.367,Red Bull,Max Verstappen,1,0.8545454545454545,0.8454545454545455,1.0,1.0,1.0,1.0,1.6,37.2,-2.6,0.0,-1.2882,198.1611,0.09545454545454546,0.06363636363636363,0,1,1
2023,8,Canadian Grand Prix,3,1.051,Aston Martin,Fernando Alonso,2,0.7777777777777778,0.8431372549019608,3.0,0.5823529411764706,3.0,0.46689895470383275,0.8,18.4,0.4,0.0,-0.7723,204.0519,0.0392156862745098,0.041666666666666664,0,1,1
2023,8,Canadian Grand Prix,4,1.701,Mercedes,Lewis Hamilton,3,0.963302752293578,0.9318181818181819,4.0,0.5117647058823529,2.0,0.5296167247386759,2.4,21.4,0.0,0.0,-0.6005,203.3985,0.031818181818181815,0.01834862385321101,0,1,1
2023,8,Canadian Grand Prix,11,1.89,Ferrari,Charles Leclerc,4,0.8181818181818181,0.8636363636363636,7.0,0.24705882352941178,4.0,0.34843205574912894,-2.0,12.6,2.6,0.0,-0.548,199.4051,0.05909090909090909,0.1,0,1,1
2023,8,Canadian Grand Prix,8,1.131,Ferrari,Carlos Sainz,5,0.8636363636363636,0.8636363636363636,6.0,0.3411764705882353,4.0,0.34843205574912894,-3.2,12.6,-0.4,0.0,-0.5282,199.4051,0.05909090909090909,0.07272727272727272,0,1,1
2023,8,Canadian Grand Prix,12,2.234,Red Bull,Sergio Pérez,6,0.8888888888888888,0.8454545454545455,2.0,0.6882352941176471,1.0,1.0,5.4,37.2,1.4,0.0,-0.8284,198.1611,0.09545454545454546,0.037037037037037035,0,1,1
2023,8,Canadian Grand Prix,10,0.0,Williams,Alexander Albon,7,0.8461538461538461,0.8136363636363636,18.0,0.0058823529411764705,10.0,0.003484320557491289,-2.4,0.0,0.8,0.0,0.4575,30.5556,0.07727272727272727,0.06153846153846154,0,1,1
2023,8,Canadian Grand Prix,6,1.681,Alpine F1 Team,Esteban Ocon,8,0.8089887640449438,0.8431372549019608,9.0,0.14705882352941177,5.0,0.13937282229965156,-1.4,6.4,0.0,0.0,-0.078125,194.22390000000001,0.09803921568627451,0.0449438202247191,0,1,1
2023,8,Canadian Grand Prix,13,2.759,Aston Martin,Lance Stroll,9,0.8256880733944953,0.8431372549019608,8.0,0.20588235294117646,3.0,0.46689895470383275,0.8,18.4,2.8,0.0,-0.292,204.0519,0.0392156862745098,0.08256880733944955,0,1,1
2023,8,Canadian Grand Prix,15,3.096,Alfa Romeo,Valtteri Bottas,10,0.8636363636363636,0.8700564971751412,14.0,0.023529411764705882,8.0,0.027874564459930314,0.4,0.8,0.2,0.0,0.6507000000000001,166.73,0.06779661016949153,0.045454545454545456,0,1,0
2023,8,Canadian Grand Prix,9,0.934,McLaren,Oscar Piastri,11,0.8571428571428572,0.85,13.0,0.029411764705882353,6.0,0.059233449477351915,1.0,3.4,0.6,0.0,0.2696,205.4027,0.08636363636363636,0.0,0,1,1
2023,8,Canadian Grand Prix,17,4.161,Alpine F1 Team,Pierre Gasly,12,0.8272727272727273,0.8431372549019608,10.0,0.08823529411764706,5.0,0.13937282229965156,-1.6,6.4,-1.4,0.0,-0.2125,194.22390000000001,0.09803921568627451,0.05454545454545454,0,1,1
2023,8,Canadian Grand Prix,7,0.622,McLaren,Lando Norris,13,0.8876404494382022,0.85,11.0,0.07058823529411765,6.0,0.059233449477351915,-1.8,3.4,-3.2,0.0,-0.101,205.4027,0.08636363636363636,0.0449438202247191,0,1,1
2023,8,Canadian Grand Prix,16,4.021,AlphaTauri,Yuki Tsunoda,14,0.803921568627451,0.8235294117647058,16.0,0.011764705882352941,9.0,0.006968641114982578,0.6,0.4,-0.4,0.0,0.1446,175.7904,0.09558823529411764,0.0784313725490196,0,0,0
2023,8,Canadian Grand Prix,2,1.58,Haas F1 Team,Nico Hülkenberg,15,0.7777777777777778,0.7808219178082192,12.0,0.03529411764705882,7.0,0.027874564459930314,-1.2,1.4,-1.2,0.0,0.133,206.68609999999998,0.0730593607305936,0.09259259259259259,0,1,1
2023,8,Canadian Grand Prix,20,4.617,Alfa Romeo,Guanyu Zhou,16,0.7931034482758621,0.8700564971751412,15.0,0.023529411764705882,8.0,0.027874564459930314,2.6,0.8,1.0,0.0,0.528125,166.73,0.06779661016949153,0.06896551724137931,0,0,0
2023,8,Canadian Grand Prix,14,2.953,Haas F1 Team,Kevin Magnussen,17,0.7727272727272727,0.7808219178082192,17.0,0.011764705882352941,7.0,0.027874564459930314,-1.4,1.4,-0.8,0.0,0.20033333333333334,206.68609999999998,0.0730593607305936,0.06818181818181818,0,0,1
2023,8,Canadian Grand Prix,18,4.412,AlphaTauri,Nyck de Vries,18,0.75,0.8235294117647058,19.0,0.0,9.0,0.006968641114982578,-0.6,0.4,-0.8,0.0,0.3646666666666667,175.7904,0.09558823529411764,0.0,0,0,0
2023,8,Canadian Grand Prix,5,1.373,Mercedes,George Russell,19,0.8426966292134832,0.9318181818181819,5.0,0.38235294117647056,2.0,0.5296167247386759,0.2,21.4,1.8,2.712121212121213,-0.6325,203.3985,0.031818181818181815,0.06741573033707865,0,1,1
2023,8,Canadian Grand Prix,19,4.612,Williams,Logan Sargeant,20,0.8571428571428572,0.8136363636363636,20.0,0.0,10.0,0.003484320557491289,-0.2,0.0,-0.8,0.0,0.80825,30.5556,0.07727272727272727,0.0,0,0,1
2023,9,Austrian Grand Prix,1,0.0,Red Bull,Max Verstappen,1,0.8558558558558559,0.8468468468468469,1.0,1.0,1.0,1.0,1.6,36.8,0.0,0.0,-1.2334,22.696199999999997,0.0945945945945946,0.06306306306306306,0,1,1
2023,9,Austrian Grand Prix,2,0.048,Ferrari,Charles Leclerc,2,0.8198198198198199,0.8648648648648649,7.0,0.27692307692307694,4.0,0.38006230529595014,2.0,17.0,4.0,0.0,-0.5337000000000001,23.0579,0.05855855855855856,0.0990990990990991,0,1,1
2023,9,Austrian Grand Prix,15,0.786,Red Bull,Sergio Pérez,3,0.8899082568807339,0.8468468468468469,2.0,0.6461538461538462,1.0,1.0,3.6,36.8,-1.8,1.3243243243243246,-0.651,22.696199999999997,0.0945945945945946,0.03669724770642202,0,1,1
2023,9,Austrian Grand Prix,4,0.267,McLaren,Lando Norris,4,0.8888888888888888,0.8513513513513513,11.0,0.06153846153846154,6.0,0.0529595015576324,-4.4,1.0,-2.6,0.0,0.081,23.334300000000002,0.08558558558558559,0.044444444444444446,0,1,1
2023,9,Austrian Grand Prix,7,0.52,Aston Martin,Fernando Alonso,5,0.7808219178082192,0.8461538461538461,3.0,0.6,3.0,0.4797507788161994,0.8,17.0,0.0,0.0,-0.7479,23.412399999999998,0.038461538461538464,0.0410958904109589,0,1,1
2023,9,Austrian Grand Prix,3,0.19,Ferrari,Carlos Sainz,6,0.8648648648648649,0.8648648648648649,5.0,0.3487179487179487,4.0,0.38006230529595014,-1.2,17.0,2.0,0.0,-0.446,23.0579,0.05855855855855856,0.07207207207207207,0,1,1
2023,9,Austrian Grand Prix,11,1.037,Mercedes,George Russell,7,0.8333333333333334,0.9279279279279279,6.0,0.3333333333333333,2.0,0.5202492211838006,0.6,20.8,0.4,0.0,-0.6325,23.2301,0.03153153153153153,0.06666666666666667,0,1,1
2023,9,Austrian Grand Prix,5,0.428,Mercedes,Lewis Hamilton,8,0.9636363636363636,0.9279279279279279,4.0,0.5230769230769231,2.0,0.5202492211838006,2.4,20.8,0.0,0.0,-0.5836,23.2301,0.03153153153153153,0.01818181818181818,0,1,1
2023,9,Austrian Grand Prix,6,0.502,Aston Martin,Lance Stroll,9,0.8272727272727273,0.8461538461538461,8.0,0.18974358974358974,3.0,0.4797507788161994,1.2,17.0,0.4,0.0,-0.155125,23.412399999999998,0.038461538461538464,0.08181818181818182,0,1,1
2023,9,Austrian Grand Prix,9,0.779,Alpine F1 Team,Pierre Gasly,10,0.8288288288288288,0.8461538461538461,10.0,0.07692307692307693,5.0,0.13707165109034267,0.2,7.2,1.8,0.0,-0.15109999999999998,23.115000000000002,0.09615384615384616,0.05405405405405406,0,1,1
2023,9,Austrian Grand Prix,10,0.996,Williams,Alexander Albon,11,0.8484848484848485,0.8108108108108107,12.0,0.035897435897435895,9.0,0.021806853582554516,0.4,1.2,2.8,0.0,0.43739999999999996,26.2326,0.07657657657657657,0.06060606060606061,0,1,1
2023,9,Austrian Grand Prix,17,1.427,Alfa Romeo,Guanyu Zhou,12,0.8,0.8715083798882681,16.0,0.020512820512820513,7.0,0.028037383177570093,1.8,0.6,-0.8,0.0,0.65125,23.6938,0.0670391061452514,0.06666666666666667,0,0,0
2023,9,Austrian Grand Prix,18,1.557,Williams,Logan Sargeant,13,0.75,0.8108108108108107,20.0,0.0,9.0,0.021806853582554516,-0.8,1.2,-0.6,0.0,0.80825,26.2326,0.07657657657657657,0.0,0,0,1
2023,9,Austrian Grand Prix,12,1.062,Alpine F1 Team,Esteban Ocon,14,0.8111111111111111,0.8461538461538461,9.0,0.14871794871794872,5.0,0.13707165109034267,-1.2,7.2,0.2,0.0,-0.0335,23.115000000000002,0.09615384615384616,0.044444444444444446,0,1,1
2023,9,Austrian Grand Prix,14,1.289,Alfa Romeo,Valtteri Bottas,15,0.8648648648648649,0.8715083798882681,15.0,0.02564102564102564,7.0,0.028037383177570093,-0.2,0.6,-0.6,0.0,0.5702,23.6938,0.0670391061452514,0.04504504504504504,0,1,0
2023,9,Austrian Grand Prix,13,1.214,McLaren,Oscar Piastri,16,0.875,0.8513513513513513,14.0,0.02564102564102564,6.0,0.0529595015576324,-1.0,1.0,-2.0,0.0,0.3525,23.334300000000002,0.08558558558558559,0.0,0,1,1
2023,9,Austrian Grand Prix,20,1.583,AlphaTauri,Nyck de Vries,17,0.7777777777777778,0.8260869565217391,19.0,0.0,10.0,0.006230529595015576,-0.6,0.2,0.0,0.0,0.4965,23.8047,0.09420289855072464,0.0,0,0,0
2023,9,Austrian Grand Prix,19,1.58,Haas F1 Team,Kevin Magnussen,18,0.7752808988764045,0.7828054298642534,18.0,0.010256410256410256,8.0,0.024922118380062305,-1.4,0.2,0.0,0.0,0.36375,26.3604,0.07239819004524888,0.06741573033707865,0,0,1
2023,9,Austrian Grand Prix,16,1.393,AlphaTauri,Yuki Tsunoda,19,0.8076923076923077,0.8260869565217391,17.0,0.010256410256410256,10.0,0.006230529595015576,0.6,0.2,0.0,0.0,0.0683,23.8047,0.09420289855072464,0.07692307692307693,0,0,0
2023,9,Austrian Grand Prix,8,0.699,Haas F1 Team,Nico Hülkenberg,20,0.7818181818181819,0.7828054298642534,13.0,0.03076923076923077,8.0,0.024922118380062305,-4.4,0.2,-3.2,0.0,0.403,26.3604,0.07239819004524888,0.09090909090909091,0,1,1
2023,10,British Grand Prix,1,0.0,Red Bull,Max Verstappen,1,0.8571428571428572,0.8482142857142857,1.0,1.0,1.0,1.0,1.6,36.4,0.0,0.0,-1.084,22.8522,0.09375,0.0625,0,1,1
2023,10,British Grand Prix,2,0.241,McLaren,Lando Norris,2,0.8901098901098901,0.8526785714285714,10.0,0.10480349344978165,6.0,0.07692307692307693,-4.0,3.0,0.4,0.0,-0.0536,23.627100000000002,0.08482142857142858,0.04395604395604396,0,1,1
2023,10,British Grand Prix,7,0.491,Mercedes,Lewis Hamilton,3,0.963963963963964,0.9285714285714286,4.0,0.462882096069869,2.0,0.47214854111405835,2.0,20.2,-0.4,0.0,-0.4766,23.507799999999996,0.03125,0.018018018018018018,0,1,1
2023,10,British Grand Prix,3,0.372,McLaren,Oscar Piastri,4,0.8888888888888888,0.8526785714285714,14.0,0.021834061135371178,6.0,0.07692307692307693,-1.4,3.0,-0.4,0.0,0.38489999999999996,23.627100000000002,0.08482142857142858,0.0,0,1,1
2023,10,British Grand Prix,6,0.435,Mercedes,George Russell,5,0.8351648351648352,0.9285714285714286,7.0,0.314410480349345,2.0,0.47214854111405835,0.8,20.2,0.2,0.0,-0.5125,23.507799999999996,0.03125,0.06593406593406594,0,1,1
2023,10,British Grand Prix,15,3.248,Red Bull,Sergio Pérez,6,0.8909090909090909,0.8482142857142857,2.0,0.6462882096069869,1.0,1.0,5.6,36.4,2.0,0.0,-0.45539999999999997,22.8522,0.09375,0.03636363636363636,0,1,1
2023,10,British Grand Prix,9,0.939,Aston Martin,Fernando Alonso,7,0.7837837837837838,0.8490566037735849,3.0,0.5720524017467249,3.0,0.46419098143236076,0.8,15.8,0.0,0.0,-0.5732999999999999,23.1801,0.03773584905660377,0.04054054054054054,0,1,1
2023,10,British Grand Prix,8,0.81,Williams,Alexander Albon,8,0.8507462686567164,0.8125,13.0,0.03056768558951965,9.0,0.01856763925729443,0.0,1.2,-0.4,0.0,0.4142,26.331300000000006,0.07589285714285714,0.05970149253731343,0,1,1
2023,10,British Grand Prix,4,0.416,Ferrari,Charles Leclerc,9,0.8214285714285714,0.8660714285714286,6.0,0.314410480349345,4.0,0.40848806366047746,2.4,17.2,0.4,0.0,-0.4681,23.2378,0.05803571428571429,0.09821428571428571,0,1,1
2023,10,British Grand Prix,5,0.428,Ferrari,Carlos Sainz,10,0.8660714285714286,0.8660714285714286,5.0,0.35807860262008734,4.0,0.40848806366047746,-1.6,17.2,-0.4,0.0,-0.43119999999999997,23.2378,0.05803571428571429,0.07142857142857142,0,1,1
2023,10,British Grand Prix,14,2.311,Williams,Logan Sargeant,11,0.7777777777777778,0.8125,19.0,0.0,9.0,0.01856763925729443,0.4,1.2,1.2,0.0,0.777125,26.331300000000006,0.07589285714285714,0.0,0,0,1
2023,10,British Grand Prix,15,3.078,Alfa Romeo,Valtteri Bottas,12,0.8660714285714286,0.8729281767955801,15.0,0.021834061135371178,8.0,0.023872679045092837,0.4,0.6,0.6,0.0,0.43389999999999995,23.7564,0.06629834254143646,0.044642857142857144,0,1,0
2023,10,British Grand Prix,11,2.176,Haas F1 Team,Nico Hülkenberg,13,0.7678571428571428,0.7802690582959642,12.0,0.039301310043668124,7.0,0.029177718832891247,-6.8,0.2,-2.4,0.0,0.374375,25.240499999999997,0.07174887892376682,0.08928571428571429,0,1,1
2023,10,British Grand Prix,12,2.215,Aston Martin,Lance Stroll,14,0.8288288288288288,0.8490566037735849,8.0,0.19213973799126638,3.0,0.46419098143236076,0.2,15.8,-1.0,0.0,0.015875,23.1801,0.03773584905660377,0.08108108108108109,0,1,1
2023,10,British Grand Prix,17,3.403,Alfa Romeo,Guanyu Zhou,15,0.8064516129032258,0.8729281767955801,16.0,0.017467248908296942,8.0,0.023872679045092837,3.4,0.6,1.6,0.0,0.6206,23.7564,0.06629834254143646,0.06451612903225806,0,0,0
2023,10,British Grand Prix,16,3.305,AlphaTauri,Yuki Tsunoda,16,0.8113207547169812,0.8285714285714285,17.0,0.008733624454148471,10.0,0.005305039787798408,0.4,0.0,-0.2,0.0,0.1495,23.971899999999998,0.09285714285714286,0.07547169811320754,0,0,0
2023,10,British Grand Prix,18,3.793,AlphaTauri,Nyck de Vries,17,0.8,0.8285714285714285,20.0,0.0,10.0,0.005305039787798408,0.0,0.0,0.6,0.0,0.5431,23.971899999999998,0.09285714285714286,0.0,0,0,0
2023,10,British Grand Prix,10,0.969,Alpine F1 Team,Pierre Gasly,18,0.8303571428571428,0.8490566037735849,11.0,0.06986899563318777,5.0,0.1246684350132626,-1.0,7.4,-1.2,0.0,-0.1829,23.425800000000002,0.09433962264150944,0.05357142857142857,0,1,1
2023,10,British Grand Prix,19,5.658,Haas F1 Team,Kevin Magnussen,19,0.7777777777777778,0.7802690582959642,18.0,0.008733624454148471,7.0,0.029177718832891247,-2.2,0.2,-0.8,0.0,0.59975,25.240499999999997,0.07174887892376682,0.06666666666666667,0,0,1
2023,10,British Grand Prix,13,2.236,Alpine F1 Team,Esteban Ocon,20,0.8131868131868132,0.8490566037735849,9.0,0.13537117903930132,5.0,0.1246684350132626,-1.0,7.4,0.2,0.0,-0.0158,23.425800000000002,0.09433962264150944,0.04395604395604396,0,1,1
2023,11,Hungarian Grand Prix,2,0.003,Red Bull,Max Verstappen,1,0.8584070796460177,0.8495575221238938,1.0,1.0,1.0,1.0,0.0,34.4,-1.6,0.0,-1.0635,24.1066,0.09292035398230089,0.061946902654867256,0,1,1
2023,11,Hungarian Grand Prix,3,0.085,McLaren,Lando Norris,2,0.8913043478260869,0.8539823008849557,9.0,0.16470588235294117,5.0,0.1435523114355231,-3.8,9.0,0.2,0.0,-0.2186,24.7069,0.084070796460177,0.043478260869565216,0,1,1
2023,11,Hungarian Grand Prix,9,0.436,Red Bull,Sergio Pérez,3,0.8918918918918919,0.8495575221238938,2.0,0.611764705882353,1.0,1.0,7.6,34.4,2.0,0.0,-0.2457,24.1066,0.09292035398230089,0.036036036036036036,0,1,1
2023,11,Hungarian Grand Prix,1,0.0,Mercedes,Lewis Hamilton,4,0.9642857142857143,0.9292035398230089,4.0,0.4745098039215686,2.0,0.49391727493917276,1.4,21.2,-0.6,0.0,-0.5414,24.921699999999998,0.030973451327433628,0.017857142857142856,0,1,1
2023,11,Hungarian Grand Prix,4,0.296,McLaren,Oscar Piastri,5,0.9,0.8539823008849557,11.0,0.06666666666666667,5.0,0.1435523114355231,-1.6,9.0,-0.2,0.0,0.1555,24.7069,0.084070796460177,0.0,0,1,1
2023,11,Hungarian Grand Prix,18,2.418,Mercedes,George Russell,6,0.8369565217391304,0.9292035398230089,6.0,0.3215686274509804,2.0,0.49391727493917276,0.6,21.2,-0.2,0.0,-0.427,24.921699999999998,0.030973451327433628,0.06521739130434782,0,1,1
2023,11,Hungarian Grand Prix,6,0.383,Ferrari,Charles Leclerc,7,0.8230088495575221,0.8672566371681416,7.0,0.2901960784313726,4.0,0.3819951338199513,1.4,14.6,-1.0,0.0,-0.48360000000000003,24.5642,0.05752212389380531,0.09734513274336283,0,1,1
2023,11,Hungarian Grand Prix,11,1.094,Ferrari,Carlos Sainz,8,0.8672566371681416,0.8672566371681416,5.0,0.3254901960784314,4.0,0.3819951338199513,-2.2,14.6,-0.6,0.0,-0.38889999999999997,24.5642,0.05752212389380531,0.07079646017699115,0,1,1
2023,11,Hungarian Grand Prix,8,0.426,Aston Martin,Fernando Alonso,9,0.7866666666666666,0.8518518518518519,3.0,0.5372549019607843,3.0,0.44038929440389296,1.4,14.0,0.6,0.0,-0.5068,24.3759,0.037037037037037035,0.04,0,1,1
2023,11,Hungarian Grand Prix,14,1.535,Aston Martin,Lance Stroll,10,0.8303571428571428,0.8518518518518519,8.0,0.17254901960784313,3.0,0.44038929440389296,-1.4,14.0,-1.6,0.0,0.086875,24.3759,0.037037037037037035,0.08035714285714286,0,1,1
2023,11,Hungarian Grand Prix,16,2.308,Williams,Alexander Albon,11,0.8529411764705882,0.8141592920353982,13.0,0.043137254901960784,7.0,0.0267639902676399,0.6,2.0,0.6,0.0,0.48869999999999997,25.0374,0.0752212389380531,0.058823529411764705,0,1,1
2023,11,Hungarian Grand Prix,7,0.425,Alfa Romeo,Valtteri Bottas,12,0.8672566371681416,0.8743169398907104,15.0,0.0196078431372549,9.0,0.021897810218978103,1.6,0.6,1.2,0.0,0.522,25.044900000000002,0.06557377049180328,0.04424778761061947,0,1,0
2023,11,Hungarian Grand Prix,13,1.393,AlphaTauri,Daniel Ricciardo,13,0.8155339805825242,0.8309859154929577,0.0,0.0,10.0,0.004866180048661801,0.0,0.0,-2.2,0.0,0.323375,25.0608,0.09154929577464789,0.038834951456310676,0,0,0
2023,11,Hungarian Grand Prix,10,0.577,Haas F1 Team,Nico Hülkenberg,14,0.7719298245614035,0.7777777777777778,14.0,0.03529411764705882,8.0,0.0267639902676399,-6.6,0.0,0.2,0.0,0.387625,27.8644,0.07111111111111111,0.08771929824561403,0,1,1
2023,11,Hungarian Grand Prix,17,2.31,AlphaTauri,Yuki Tsunoda,15,0.8148148148148149,0.8309859154929577,17.0,0.00784313725490196,10.0,0.004866180048661801,-0.8,0.0,-1.2,0.0,0.1253,25.0608,0.09154929577464789,0.07407407407407407,0,0,0
2023,11,Hungarian Grand Prix,5,0.362,Alfa Romeo,Guanyu Zhou,16,0.8125,0.8743169398907104,16.0,0.01568627450980392,9.0,0.021897810218978103,4.2,0.6,0.8,0.0,0.6212000000000001,25.044900000000002,0.06557377049180328,0.0625,0,0,0
2023,11,Hungarian Grand Prix,19,2.597,Haas F1 Team,Kevin Magnussen,17,0.7692307692307692,0.7777777777777778,18.0,0.00784313725490196,8.0,0.0267639902676399,-1.0,0.0,1.2,0.0,0.8358333333333333,27.8644,0.07111111111111111,0.06593406593406594,0,0,1
2023,11,Hungarian Grand Prix,20,2.639,Williams,Logan Sargeant,18,0.8,0.8141592920353982,19.0,0.0,7.0,0.0267639902676399,1.0,2.0,0.6,0.0,0.722125,25.0374,0.0752212389380531,0.0,0,0,1
2023,11,Hungarian Grand Prix,12,1.232,Alpine F1 Team,Esteban Ocon,19,0.8043478260869565,0.8333333333333334,10.0,0.12156862745098039,6.0,0.11435523114355231,-2.2,6.2,-1.2,0.0,-0.082875,0.0,0.09259259259259259,0.043478260869565216,0,1,1
2023,11,Hungarian Grand Prix,15,1.608,Alpine F1 Team,Pierre Gasly,20,0.8230088495575221,0.8333333333333334,12.0,0.06274509803921569,6.0,0.11435523114355231,-2.0,6.2,-1.0,0.0,-0.15375,0.0,0.09259259259259259,0.05309734513274336,0,1,1
2023,12,Belgian Grand Prix,1,0.0,Red Bull,Max Verstappen,1,0.8596491228070176,0.8508771929824561,1.0,1.0,1.0,1.0,0.2,37.6,0.2,0.0,-0.9882000000000001,23.38,0.09210526315789473,0.06140350877192982,0,1,1
2023,12,Belgian Grand Prix,3,0.877,Red Bull,Sergio Pérez,2,0.8928571428571429,0.8508771929824561,2.0,0.608540925266904,1.0,1.0,8.0,37.6,0.4,0.0,-0.5338999999999999,23.38,0.09210526315789473,0.03571428571428571,0,1,1
2023,12,Belgian Grand Prix,2,0.82,Ferrari,Charles Leclerc,3,0.8245614035087719,0.868421052631579,7.0,0.2846975088967972,4.0,0.3694690265486726,1.8,14.2,0.4,0.0,-0.3256,23.918,0.05701754385964912,0.09649122807017543,0,1,1
2023,12,Belgian Grand Prix,4,0.919,Mercedes,Lewis Hamilton,4,0.9646017699115044,0.9298245614035088,4.0,0.47330960854092524,2.0,0.49336283185840707,0.4,20.6,-1.0,0.0,-0.43910000000000005,23.946099999999998,0.03070175438596491,0.017699115044247787,0,1,1
2023,12,Belgian Grand Prix,9,1.675,Aston Martin,Fernando Alonso,5,0.7894736842105263,0.8545454545454545,3.0,0.49466192170818507,3.0,0.40707964601769914,1.2,11.0,-0.2,0.0,-0.21559999999999999,23.976599999999998,0.03636363636363636,0.039473684210526314,0,1,1
2023,12,Belgian Grand Prix,8,1.637,Mercedes,George Russell,6,0.8387096774193549,0.9298245614035088,5.0,0.3202846975088968,2.0,0.49336283185840707,2.4,20.6,1.8,0.0,-0.358875,23.946099999999998,0.03070175438596491,0.06451612903225806,0,1,1
2023,12,Belgian Grand Prix,7,1.501,McLaren,Lando Norris,7,0.8924731182795699,0.8552631578947368,8.0,0.21352313167259787,5.0,0.19247787610619468,-3.8,14.0,0.0,0.0,-0.2819,23.833800000000004,0.08333333333333333,0.043010752688172046,0,1,1
2023,12,Belgian Grand Prix,15,10.204,Alpine F1 Team,Esteban Ocon,8,0.7956989247311828,0.8181818181818181,10.0,0.1103202846975089,6.0,0.10398230088495575,-3.8,2.0,-1.6,0.0,0.1755,24.6815,0.09090909090909091,0.043010752688172046,0,1,1
2023,12,Belgian Grand Prix,10,2.673,Aston Martin,Lance Stroll,9,0.831858407079646,0.8545454545454545,9.0,0.1601423487544484,3.0,0.40707964601769914,0.6,11.0,2.0,0.0,0.0867,23.976599999999998,0.03636363636363636,0.07964601769911504,0,1,1
2023,12,Belgian Grand Prix,11,6.98,AlphaTauri,Yuki Tsunoda,10,0.8181818181818181,0.8333333333333334,17.0,0.0071174377224199285,10.0,0.004424778761061947,0.8,0.0,1.6,0.0,0.3354,23.6524,0.09027777777777778,0.07272727272727272,0,0,0
2023,12,Belgian Grand Prix,12,7.503,Alpine F1 Team,Pierre Gasly,11,0.8157894736842105,0.8181818181818181,12.0,0.05693950177935943,6.0,0.10398230088495575,-3.0,2.0,-1.0,0.0,0.060833333333333336,24.6815,0.09090909090909091,0.05263157894736842,0,1,1
2023,12,Belgian Grand Prix,14,8.526,Alfa Romeo,Valtteri Bottas,12,0.868421052631579,0.8756756756756756,15.0,0.017793594306049824,9.0,0.01991150442477876,-0.2,0.6,-1.8,0.0,0.469,24.4262,0.06486486486486487,0.043859649122807015,0,1,0
2023,12,Belgian Grand Prix,17,14.664,Alfa Romeo,Guanyu Zhou,13,0.8181818181818181,0.8756756756756756,16.0,0.014234875444839857,9.0,0.01991150442477876,0.8,0.6,-3.4,0.0,0.5456,24.4262,0.06486486486486487,0.06060606060606061,0,0,0
2023,12,Belgian Grand Prix,16,14.146,Williams,Alexander Albon,14,0.855072463768116,0.8114035087719298,13.0,0.03914590747330961,7.0,0.024336283185840708,1.8,2.0,1.2,0.0,0.37289999999999995,24.2755,0.07456140350877193,0.057971014492753624,0,1,1
2023,12,Belgian Grand Prix,13,7.992,Haas F1 Team,Kevin Magnussen,15,0.7717391304347826,0.7797356828193833,18.0,0.0071174377224199285,8.0,0.024336283185840708,-0.2,0.0,0.8,0.0,0.948625,25.633,0.07048458149779736,0.06521739130434782,0,0,1
2023,12,Belgian Grand Prix,19,15.991,AlphaTauri,Daniel Ricciardo,16,0.8173076923076923,0.8333333333333334,21.0,0.0,10.0,0.004424778761061947,0.0,0.0,0.0,0.0,0.243875,23.6524,0.09027777777777778,0.038461538461538464,0,0,0
2023,12,Belgian Grand Prix,18,15.367,Williams,Logan Sargeant,17,0.7272727272727273,0.8114035087719298,19.0,0.0,7.0,0.024336283185840708,1.8,2.0,0.8,0.0,0.5261666666666667,24.2755,0.07456140350877193,0.0,0,0,1
2023,12,Belgian Grand Prix,20,16.998,Haas F1 Team,Nico Hülkenberg,18,0.7758620689655172,0.7797356828193833,14.0,0.03202846975088968,8.0,0.024336283185840708,-7.6,0.0,-1.0,0.0,0.412,25.633,0.07048458149779736,0.08620689655172414,0,1,1
2023,12,Belgian Grand Prix,5,0.984,Ferrari,Carlos Sainz,19,0.868421052631579,0.868421052631579,6.0,0.3096085409252669,4.0,0.3694690265486726,-1.0,14.2,1.2,0.0,-0.2547,23.918,0.05701754385964912,0.07017543859649122,0,1,1
2023,12,Belgian Grand Prix,6,1.197,McLaren,Oscar Piastri,20,0.9090909090909091,0.8552631578947368,11.0,0.09608540925266904,5.0,0.19247787610619468,-2.0,14.0,-0.4,0.0,0.1167,23.833800000000004,0.08333333333333333,0.0,0,1,1
2023,13,Dutch Grand Prix,1,0.0,Red Bull,Max Verstappen,1,0.8608695652173913,0.8521739130434782,1.0,1.0,1.0,1.0,0.2,38.6,0.0,0.0,-1.0873,23.5683,0.09130434782608696,0.06086956521739131,0,1,1
2023,13,Dutch Grand Prix,5,0.939,Aston Martin,Fernando Alonso,2,0.7922077922077921,0.8571428571428572,3.0,0.4745222929936306,3.0,0.38966202783300197,1.6,10.6,0.4,0.0,-0.3334,24.1908,0.03571428571428571,0.03896103896103896,0,1,1
2023,13,Dutch Grand Prix,12,9.561,Alpine F1 Team,Pierre Gasly,3,0.817391304347826,0.8214285714285714,12.0,0.07006369426751592,6.0,0.11332007952286283,-1.6,1.8,1.4,0.0,0.1385,24.2953,0.08928571428571429,0.05217391304347826,0,1,1
2023,13,Dutch Grand Prix,7,1.313,Red Bull,Sergio Pérez,4,0.8938053097345133,0.8521739130434782,2.0,0.6019108280254777,1.0,1.0,6.8,38.6,-1.2,0.0,-0.6116,23.5683,0.09130434782608696,0.035398230088495575,0,1,1
2023,13,Dutch Grand Prix,6,1.187,Ferrari,Carlos Sainz,5,0.8608695652173913,0.8652173913043478,7.0,0.2929936305732484,4.0,0.3797216699801193,-3.2,15.2,-2.2,0.0,-0.29575,24.0932,0.05652173913043478,0.06956521739130435,0,1,1
2023,13,Dutch Grand Prix,13,9.584,Mercedes,Lewis Hamilton,6,0.9649122807017544,0.9304347826086956,4.0,0.4713375796178344,2.0,0.49105367793240556,-0.2,18.2,-0.6,0.0,-0.4598,24.0857,0.030434782608695653,0.017543859649122806,0,1,1
2023,13,Dutch Grand Prix,2,0.537,McLaren,Lando Norris,7,0.8936170212765957,0.8521739130434782,8.0,0.2197452229299363,5.0,0.2047713717693837,-1.0,15.2,2.8,0.0,-0.37189999999999995,24.139400000000002,0.08260869565217391,0.0425531914893617,0,1,1
2023,13,Dutch Grand Prix,4,0.852,Williams,Alexander Albon,8,0.8571428571428572,0.8130434782608695,13.0,0.03503184713375796,7.0,0.02186878727634195,1.8,2.0,0.0,0.0,0.36989999999999995,24.3153,0.07391304347826087,0.05714285714285714,0,1,1
2023,13,Dutch Grand Prix,8,1.371,McLaren,Oscar Piastri,9,0.8333333333333334,0.8521739130434782,11.0,0.10828025477707007,5.0,0.2047713717693837,-4.2,15.2,-2.2,0.0,0.065,24.139400000000002,0.08260869565217391,0.0,0,1,1
2023,13,Dutch Grand Prix,17,11.543,Alpine F1 Team,Esteban Ocon,10,0.7978723404255319,0.8214285714285714,10.0,0.11146496815286625,6.0,0.11332007952286283,-2.2,1.8,1.6,0.0,0.12283333333333332,24.2953,0.08928571428571429,0.0425531914893617,0,1,1
2023,13,Dutch Grand Prix,11,9.554,Aston Martin,Lance Stroll,11,0.8333333333333334,0.8571428571428572,9.0,0.14968152866242038,3.0,0.38966202783300197,0.8,10.6,0.2,0.0,0.1434,24.1908,0.03571428571428571,0.07894736842105263,0,1,1
2023,13,Dutch Grand Prix,15,9.683,Haas F1 Team,Nico Hülkenberg,12,0.7796610169491526,0.7816593886462881,14.0,0.028662420382165606,8.0,0.02186878727634195,-5.8,0.0,1.8,0.0,0.778375,25.8984,0.06986899563318777,0.0847457627118644,0,1,1
2023,13,Dutch Grand Prix,20,12.853,AlphaTauri,Liam Lawson,13,0.9,0.8356164383561644,0.0,0.0,10.0,0.005964214711729622,0.0,0.2,0.0,0.0,0.0,23.7919,0.08904109589041095,0.1,0,1,0
2023,13,Dutch Grand Prix,19,11.693,Alfa Romeo,Valtteri Bottas,14,0.8695652173913043,0.8770053475935828,15.0,0.01592356687898089,9.0,0.017892644135188866,0.8,0.2,1.0,0.0,0.32480000000000003,24.4972,0.06417112299465241,0.043478260869565216,0,1,0
2023,13,Dutch Grand Prix,14,9.663,AlphaTauri,Yuki Tsunoda,15,0.8214285714285714,0.8356164383561644,17.0,0.009554140127388535,10.0,0.005964214711729622,0.4,0.2,-0.4,0.0,0.37060000000000004,23.7919,0.08904109589041095,0.07142857142857142,0,0,0
2023,13,Dutch Grand Prix,18,11.625,Haas F1 Team,Kevin Magnussen,16,0.7741935483870968,0.7816593886462881,18.0,0.006369426751592357,8.0,0.02186878727634195,-0.4,0.0,-0.2,0.0,1.02825,25.8984,0.06986899563318777,0.06451612903225806,0,0,1
2023,13,Dutch Grand Prix,3,0.727,Mercedes,George Russell,17,0.8404255319148937,0.9304347826086956,6.0,0.31528662420382164,2.0,0.49105367793240556,1.0,18.2,-1.4,0.0,-0.08475,24.0857,0.030434782608695653,0.06382978723404255,0,1,1
2023,13,Dutch Grand Prix,16,11.5,Alfa Romeo,Guanyu Zhou,18,0.8235294117647058,0.8770053475935828,16.0,0.012738853503184714,9.0,0.017892644135188866,0.8,0.2,0.0,0.0,0.6326,24.4972,0.06417112299465241,0.058823529411764705,0,0,0
2023,13,Dutch Grand Prix,9,2.098,Ferrari,Charles Leclerc,19,0.8260869565217391,0.8652173913043478,5.0,0.31528662420382164,4.0,0.3797216699801193,0.0,15.2,-1.8,0.0,-0.5196000000000001,24.0932,0.05652173913043478,0.09565217391304348,0,1,1
2023,13,Dutch Grand Prix,10,6.181,Williams,Logan Sargeant,20,0.75,0.8130434782608695,19.0,0.0,7.0,0.02186878727634195,2.0,2.0,0.2,0.0,0.7338333333333333,24.3153,0.07391304347826087,0.0,0,0,1
2023,14,Italian Grand Prix,2,0.013,Red Bull,Max Verstappen,1,0.8620689655172413,0.853448275862069,1.0,1.0,1.0,1.0,0.2,39.2,0.0,0.0,-1.2432999999999998,22.953899999999997,0.09051724137931035,0.0603448275862069,0,1,1
2023,14,Italian Grand Prix,5,0.394,Red Bull,Sergio Pérez,2,0.8947368421052632,0.853448275862069,2.0,0.5929203539823009,1.0,1.0,6.2,39.2,-0.6,0.0,-0.7778999999999999,22.953899999999997,0.09051724137931035,0.03508771929824561,0,1,1
2023,14,Italian Grand Prix,1,0.0,Ferrari,Carlos Sainz,3,0.8620689655172413,0.8620689655172413,5.0,0.3008849557522124,4.0,0.37222222222222223,-3.6,12.8,-0.4,0.0,-0.41225,23.440199999999997,0.0603448275862069,0.06896551724137931,0,1,1
2023,14,Italian Grand Prix,3,0.067,Ferrari,Charles Leclerc,4,0.8189655172413793,0.8620689655172413,6.0,0.2920353982300885,4.0,0.37222222222222223,-3.4,12.8,-3.4,0.0,-0.530375,23.440199999999997,0.0603448275862069,0.09482758620689655,0,1,1
2023,14,Italian Grand Prix,4,0.377,Mercedes,George Russell,5,0.8421052631578947,0.9310344827586207,7.0,0.2920353982300885,2.0,0.4722222222222222,1.0,16.8,0.0,0.0,-0.09509999999999999,23.4159,0.03017241379310345,0.06315789473684211,0,1,1
2023,14,Italian Grand Prix,8,0.526,Mercedes,Lewis Hamilton,6,0.9652173913043478,0.9310344827586207,4.0,0.46017699115044247,2.0,0.4722222222222222,1.0,16.8,1.2,0.0,-0.3974,23.4159,0.03017241379310345,0.017391304347826087,0,1,1
2023,14,Italian Grand Prix,6,0.466,Williams,Alexander Albon,7,0.8591549295774648,0.8103448275862069,13.0,0.04424778761061947,7.0,0.027777777777777776,0.4,1.6,-1.4,0.0,0.1392,25.3559,0.07327586206896551,0.056338028169014086,0,1,1
2023,14,Italian Grand Prix,9,0.685,McLaren,Lando Norris,8,0.8947368421052632,0.853448275862069,8.0,0.22123893805309736,5.0,0.20555555555555555,-0.8,16.8,0.2,0.0,-0.5411,23.3786,0.08189655172413793,0.042105263157894736,0,1,1
2023,14,Italian Grand Prix,10,1.123,Aston Martin,Fernando Alonso,9,0.7948717948717949,0.8596491228070176,3.0,0.49557522123893805,3.0,0.39814814814814814,2.0,10.4,0.4,0.0,-0.3568,23.5443,0.03508771929824561,0.038461538461538464,0,1,1
2023,14,Italian Grand Prix,14,1.646,Alfa Romeo,Valtteri Bottas,10,0.8706896551724138,0.873015873015873,15.0,0.014749262536873156,9.0,0.016666666666666666,0.8,0.0,0.0,0.0,0.38680000000000003,23.7588,0.06349206349206349,0.04310344827586207,0,1,0
2023,14,Italian Grand Prix,12,1.464,AlphaTauri,Liam Lawson,11,1.0,0.8378378378378378,22.0,0.0,10.0,0.005555555555555556,7.0,0.2,0.0,-4.5476190476190474,0.6145,25.1315,0.08783783783783784,0.0,0,1,0
2023,14,Italian Grand Prix,7,0.491,McLaren,Oscar Piastri,12,0.8461538461538461,0.853448275862069,12.0,0.10619469026548672,5.0,0.20555555555555555,-4.0,16.8,0.2,1.449612403100775,-0.151125,23.3786,0.08189655172413793,0.0,0,1,1
2023,14,Italian Grand Prix,15,1.636,Williams,Logan Sargeant,13,0.6923076923076923,0.8103448275862069,19.0,0.0,7.0,0.027777777777777776,0.2,1.6,-1.8,4.681818181818182,0.7338333333333333,25.3559,0.07327586206896551,0.07692307692307693,0,0,1
2023,14,Italian Grand Prix,16,2.096,Alfa Romeo,Guanyu Zhou,14,0.8,0.873015873015873,16.0,0.011799410029498525,9.0,0.016666666666666666,-0.4,0.0,-1.2,4.266666666666667,0.6005,23.7588,0.06349206349206349,0.08571428571428572,0,0,0
2023,14,Italian Grand Prix,17,2.251,Alpine F1 Team,Pierre Gasly,15,0.8189655172413793,0.8245614035087719,10.0,0.10914454277286136,6.0,0.13518518518518519,-0.8,4.2,0.8,1.6811594202898545,-0.15633333333333335,24.1023,0.08771929824561403,0.05172413793103448,0,1,1
2023,14,Italian Grand Prix,20,2.566,Aston Martin,Lance Stroll,16,0.8347826086956522,0.8596491228070176,9.0,0.13864306784660768,3.0,0.39814814814814814,0.0,10.4,-0.8,-2.5531914893617023,0.2336,23.5443,0.03508771929824561,0.0782608695652174,0,1,1
2023,14,Italian Grand Prix,13,1.482,Haas F1 Team,Nico Hülkenberg,17,0.7833333333333333,0.7835497835497836,14.0,0.02654867256637168,8.0,0.020370370370370372,-2.6,0.0,3.2,6.020833333333333,0.579125,25.6757,0.06926406926406926,0.08333333333333333,0,1,1
2023,14,Italian Grand Prix,19,2.298,Haas F1 Team,Kevin Magnussen,18,0.7765957446808511,0.7835497835497836,18.0,0.0058997050147492625,8.0,0.020370370370370372,0.6,0.0,1.0,1.0714285714285712,0.915,25.6757,0.06926406926406926,0.06382978723404255,0,0,1
2023,14,Italian Grand Prix,18,2.254,Alpine F1 Team,Esteban Ocon,19,0.8,0.8245614035087719,11.0,0.10619469026548672,6.0,0.13518518518518519,-0.4,4.2,1.8,0.0,-0.159,24.1023,0.08771929824561403,0.042105263157894736,0,1,1
2023,14,Italian Grand Prix,11,1.3,AlphaTauri,Yuki Tsunoda,20,0.8245614035087719,0.8378378378378378,17.0,0.008849557522123894,10.0,0.005555555555555556,-0.2,0.2,-0.6,-1.4215686274509807,0.32289999999999996,25.1315,0.08783783783783784,0.07017543859649122,0,0,0
2023,15,Singapore Grand Prix,1,0.0,Ferrari,Carlos Sainz,1,0.8632478632478633,0.8632478632478633,5.0,0.32142857142857145,3.0,0.3910806174957118,-3.4,13.0,0.2,0.0,-0.44575,23.8621,0.05982905982905983,0.06837606837606838,0,1,1
2023,15,Singapore Grand Prix,4,0.286,McLaren,Lando Norris,2,0.8958333333333334,0.8547008547008547,8.0,0.21703296703296704,5.0,0.19725557461406518,-0.6,15.2,0.2,0.0,-0.4631,23.7876,0.0811965811965812,0.041666666666666664,0,1,1
2023,15,Singapore Grand Prix,5,0.501,Mercedes,Lewis Hamilton,3,0.9655172413793104,0.9316239316239316,4.0,0.45054945054945056,2.0,0.46826758147512865,2.0,18.4,1.0,0.0,-0.38039999999999996,23.8934,0.029914529914529916,0.017241379310344827,0,1,1
2023,15,Singapore Grand Prix,3,0.079,Ferrari,Charles Leclerc,4,0.8205128205128205,0.8632478632478633,6.0,0.30494505494505497,3.0,0.3910806174957118,-3.6,13.0,-0.2,0.0,-0.506375,23.8621,0.05982905982905983,0.09401709401709402,0,1,1
2023,15,Singapore Grand Prix,11,1.189,Red Bull,Max Verstappen,5,0.8632478632478633,0.8547008547008547,1.0,1.0,1.0,1.0,0.4,39.6,0.2,5.571428571428571,-1.2137,23.493000000000002,0.08974358974358974,0.05982905982905983,0,1,1
2023,15,Singapore Grand Prix,12,1.29,Alpine F1 Team,Pierre Gasly,6,0.8205128205128205,0.8189655172413793,10.0,0.10164835164835165,6.0,0.12521440823327615,-0.2,4.0,0.6,2.473684210526317,-0.108,24.1876,0.08620689655172414,0.05128205128205128,0,1,1
2023,15,Singapore Grand Prix,17,1.918,McLaren,Oscar Piastri,7,0.8571428571428572,0.8547008547008547,12.0,0.0989010989010989,5.0,0.19725557461406518,-4.4,15.2,-0.4,-3.586206896551724,-0.319625,23.7876,0.0811965811965812,0.0,0,1,1
2023,15,Singapore Grand Prix,13,1.115,Red Bull,Sergio Pérez,8,0.8956521739130435,0.8547008547008547,2.0,0.6016483516483516,1.0,1.0,4.4,39.6,-1.8,5.0,-0.7345,23.493000000000002,0.08974358974358974,0.034782608695652174,0,1,1
2023,15,Singapore Grand Prix,10,1.182,AlphaTauri,Liam Lawson,9,1.0,0.8333333333333334,20.0,0.0,10.0,0.005145797598627788,4.0,0.2,-6.0,0.0,0.34975,25.714199999999998,0.08666666666666667,0.0,0,1,0
2023,15,Singapore Grand Prix,6,0.591,Haas F1 Team,Kevin Magnussen,10,0.7789473684210526,0.7854077253218884,18.0,0.005494505494505495,8.0,0.018867924528301886,0.6,0.0,0.0,0.0,0.6965,26.168200000000002,0.06866952789699571,0.06315789473684211,0,0,1
2023,15,Singapore Grand Prix,14,1.684,Williams,Alexander Albon,11,0.8611111111111112,0.811965811965812,13.0,0.057692307692307696,7.0,0.036020583190394515,0.4,2.8,0.0,-3.1236559139784945,0.038799999999999994,25.9771,0.07264957264957266,0.05555555555555555,0,1,1
2023,15,Singapore Grand Prix,19,2.274,Alfa Romeo,Guanyu Zhou,12,0.8055555555555556,0.8743455497382199,16.0,0.01098901098901099,9.0,0.017152658662092625,-1.0,0.2,-0.6,0.7698412698412698,0.511,24.3019,0.06282722513089005,0.08333333333333333,0,0,0
2023,15,Singapore Grand Prix,9,0.824,Haas F1 Team,Nico Hülkenberg,13,0.7868852459016393,0.7854077253218884,14.0,0.024725274725274724,8.0,0.018867924528301886,-1.0,0.0,1.6,4.34375,0.5247,26.168200000000002,0.06866952789699571,0.08196721311475409,0,1,1
2023,15,Singapore Grand Prix,18,2.268,Williams,Logan Sargeant,14,0.7142857142857143,0.811965811965812,19.0,0.0,7.0,0.036020583190394515,-0.4,2.8,-0.6,-2.846153846153846,0.653,25.9771,0.07264957264957266,0.07142857142857142,0,0,1
2023,15,Singapore Grand Prix,7,0.631,Aston Martin,Fernando Alonso,15,0.7974683544303798,0.8620689655172413,3.0,0.46703296703296704,4.0,0.37221269296740994,1.8,8.4,-0.2,0.4772727272727275,-0.322,24.1922,0.034482758620689655,0.0379746835443038,0,1,1
2023,15,Singapore Grand Prix,2,0.072,Mercedes,George Russell,16,0.84375,0.9316239316239316,7.0,0.29945054945054944,2.0,0.46826758147512865,0.0,18.4,-1.0,-0.5014925373134327,-0.22790000000000002,23.8934,0.029914529914529916,0.0625,0,1,1
2023,15,Singapore Grand Prix,16,1.825,Alfa Romeo,Valtteri Bottas,17,0.8717948717948718,0.8743455497382199,15.0,0.016483516483516484,9.0,0.017152658662092625,1.8,0.2,1.0,0.117647058823529,0.3712,24.3019,0.06282722513089005,0.042735042735042736,0,1,0
2023,15,Singapore Grand Prix,8,0.689,Alpine F1 Team,Esteban Ocon,18,0.7916666666666666,0.8189655172413793,11.0,0.0989010989010989,6.0,0.12521440823327615,-0.2,4.0,0.2,1.8260869565217392,-0.42175,24.1876,0.08620689655172414,0.041666666666666664,0,1,1
2023,15,Singapore Grand Prix,15,1.007,AlphaTauri,Yuki Tsunoda,19,0.8103448275862069,0.8333333333333334,17.0,0.008241758241758242,10.0,0.005145797598627788,-1.4,0.2,-1.2,2.78095238095238,0.224125,25.714199999999998,0.08666666666666667,0.06896551724137931,0,0,0
2023,15,Singapore Grand Prix,20,2.413,Aston Martin,Lance Stroll,20,0.8362068965517242,0.8620689655172413,9.0,0.12912087912087913,4.0,0.37221269296740994,1.4,8.4,1.4,0.0,0.2702,24.1922,0.034482758620689655,0.07758620689655173,0,1,1
2023,16,Japanese Grand Prix,1,0.0,Red Bull,Max Verstappen,1,0.864406779661017,0.8559322033898304,1.0,1.0,1.0,1.0,1.6,35.6,1.2,4.25,-1.0626,23.6489,0.08898305084745763,0.059322033898305086,0,1,1
2023,16,Japanese Grand Prix,3,0.616,McLaren,Lando Norris,2,0.8969072164948454,0.8559322033898304,8.0,0.25935828877005346,5.0,0.23283082077051925,-0.2,14.0,0.4,-2.2511415525114153,-0.5121,23.9637,0.08050847457627118,0.041237113402061855,0,1,1
2023,16,Japanese Grand Prix,2,0.581,McLaren,Oscar Piastri,3,0.8666666666666667,0.8559322033898304,11.0,0.11229946524064172,5.0,0.23283082077051925,-2.2,14.0,2.2,0.0,-0.1835,23.9637,0.08050847457627118,0.0,0,1,1
2023,16,Japanese Grand Prix,4,0.665,Ferrari,Charles Leclerc,4,0.8220338983050848,0.864406779661017,6.0,0.32887700534759357,3.0,0.4438860971524288,-2.8,19.8,0.8,-3.3133333333333335,-0.556375,24.3398,0.059322033898305086,0.09322033898305085,0,1,1
2023,16,Japanese Grand Prix,7,1.031,Mercedes,Lewis Hamilton,5,0.9658119658119658,0.9279661016949152,3.0,0.48128342245989303,2.0,0.48408710217755446,1.6,16.6,-0.4,-2.25,-0.4768,24.298000000000002,0.029661016949152543,0.017094017094017096,0,1,1
2023,16,Japanese Grand Prix,6,0.973,Ferrari,Carlos Sainz,6,0.864406779661017,0.864406779661017,5.0,0.37967914438502676,3.0,0.4438860971524288,-2.4,19.8,1.0,-4.188311688311688,-0.616875,24.3398,0.059322033898305086,0.06779661016949153,0,1,1
2023,16,Japanese Grand Prix,8,1.342,Mercedes,George Russell,7,0.8350515463917526,0.9279661016949152,7.0,0.2914438502673797,2.0,0.48408710217755446,-3.0,16.6,-3.0,0.0,-0.23,24.298000000000002,0.029661016949152543,0.061855670103092786,0,1,1
2023,16,Japanese Grand Prix,10,1.588,Aston Martin,Fernando Alonso,8,0.8,0.8559322033898304,4.0,0.45454545454545453,4.0,0.36348408710217756,-0.2,7.2,-2.0,0.0,-0.31760000000000005,26.806,0.03389830508474576,0.0375,0,1,1
2023,16,Japanese Grand Prix,14,1.709,Alpine F1 Team,Esteban Ocon,9,0.7835051546391752,0.8135593220338984,12.0,0.0962566844919786,6.0,0.135678391959799,-0.8,5.6,-0.6,-3.55,-0.42175,25.9591,0.0847457627118644,0.041237113402061855,0,1,1
2023,16,Japanese Grand Prix,12,1.632,Alpine F1 Team,Pierre Gasly,10,0.8220338983050848,0.8135593220338984,10.0,0.12032085561497326,6.0,0.135678391959799,2.6,5.6,2.8,3.7061728395061717,-0.044,25.9591,0.0847457627118644,0.05084745762711865,0,1,1
2023,16,Japanese Grand Prix,11,1.548,AlphaTauri,Liam Lawson,11,1.0,0.8289473684210527,19.0,0.0053475935828877,10.0,0.008375209380234505,3.0,0.6,-3.0,0.0,0.3983333333333333,26.5072,0.08552631578947369,0.0,0,1,0
2023,16,Japanese Grand Prix,9,1.327,AlphaTauri,Yuki Tsunoda,12,0.7966101694915254,0.8289473684210527,17.0,0.008021390374331552,10.0,0.008375209380234505,-2.2,0.6,-0.8,-1.1024096385542173,0.29433333333333334,26.5072,0.08552631578947369,0.06779661016949153,0,0,0
2023,16,Japanese Grand Prix,19,2.521,Alfa Romeo,Guanyu Zhou,13,0.8108108108108107,0.8704663212435233,16.0,0.0106951871657754,9.0,0.01675041876046901,0.0,0.2,1.0,3.25,0.443,24.5154,0.06217616580310881,0.08108108108108109,0,0,0
2023,16,Japanese Grand Prix,18,2.422,Haas F1 Team,Nico Hülkenberg,14,0.7903225806451613,0.7872340425531915,14.0,0.02406417112299465,8.0,0.020100502512562814,-1.4,0.2,-0.4,0.0,0.581,25.5863,0.06808510638297872,0.08064516129032258,0,1,1
2023,16,Japanese Grand Prix,15,1.788,Haas F1 Team,Kevin Magnussen,15,0.78125,0.7872340425531915,18.0,0.008021390374331552,8.0,0.020100502512562814,-0.2,0.2,-0.8,-3.1395348837209305,0.6173,25.5863,0.06808510638297872,0.0625,0,0,1
2023,16,Japanese Grand Prix,13,1.66,Williams,Alexander Albon,16,0.863013698630137,0.8135593220338984,13.0,0.05614973262032086,7.0,0.035175879396984924,1.0,2.0,0.6,-0.9195402298850572,0.0585,26.244600000000002,0.07203389830508475,0.0547945205479452,0,1,1
2023,16,Japanese Grand Prix,20,1.548,Williams,Logan Sargeant,17,0.7333333333333334,0.8135593220338984,20.0,0.0,7.0,0.035175879396984924,-0.2,2.0,0.2,7.109848484848484,0.4538333333333333,26.244600000000002,0.07203389830508475,0.06666666666666667,0,0,1
2023,16,Japanese Grand Prix,17,2.304,Aston Martin,Lance Stroll,18,0.829059829059829,0.8559322033898304,9.0,0.12566844919786097,4.0,0.36348408710217756,1.8,7.2,0.4,-1.5056179775280896,0.221875,26.806,0.03389830508474576,0.07692307692307693,0,1,1
2023,16,Japanese Grand Prix,5,0.773,Red Bull,Sergio Pérez,19,0.896551724137931,0.8559322033898304,2.0,0.5962566844919787,1.0,1.0,3.6,35.6,-0.8,3.144444444444444,-0.6989,23.6489,0.08898305084745763,0.034482758620689655,0,1,1
2023,16,Japanese Grand Prix,16,2.172,Alfa Romeo,Valtteri Bottas,20,0.864406779661017,0.8704663212435233,15.0,0.016042780748663103,9.0,0.01675041876046901,1.0,0.2,-0.8,-0.9725274725274726,0.35075,24.5154,0.06217616580310881,0.0423728813559322,0,1,0
2023,17,Qatar Grand Prix,1,0.0,Red Bull,Max Verstappen,1,0.865546218487395,0.8529411764705882,1.0,1.0,1.0,1.0,1.4,32.6,-0.2,-3.101449275362319,-1.1315,25.650299999999998,0.08823529411764706,0.058823529411764705,0,1,1
2023,17,Qatar Grand Prix,6,0.762,McLaren,Oscar Piastri,2,0.875,0.8571428571428572,9.0,0.1425,5.0,0.27608346709470305,-2.2,15.0,0.0,2.612903225806452,-0.262625,24.3387,0.07983193277310924,0.0,0,1,1
2023,17,Qatar Grand Prix,10,0.907,McLaren,Lando Norris,3,0.8979591836734694,0.8571428571428572,7.0,0.2875,5.0,0.27608346709470305,-0.2,15.0,0.0,1.4095744680851068,-0.6021,24.3387,0.07983193277310924,0.04081632653061224,0,1,1
2023,17,Qatar Grand Prix,2,0.441,Mercedes,George Russell,4,0.8367346938775511,0.9285714285714286,8.0,0.2875,2.0,0.4895666131621188,-5.2,15.8,-2.2,0.0,-0.070375,24.7434,0.029411764705882353,0.061224489795918366,0,1,1
2023,17,Qatar Grand Prix,5,0.646,Ferrari,Charles Leclerc,5,0.8235294117647058,0.865546218487395,6.0,0.3375,3.0,0.45746388443017655,-2.6,21.8,0.2,6.75,-0.654375,24.616699999999998,0.058823529411764705,0.09243697478991597,0,1,1
2023,17,Qatar Grand Prix,4,0.591,Aston Martin,Fernando Alonso,6,0.8024691358024691,0.85,4.0,0.435,4.0,0.3547351524879615,0.4,7.4,0.6,-2.7061855670103094,-0.30319999999999997,27.0913,0.03333333333333333,0.037037037037037035,0,1,1
2023,17,Qatar Grand Prix,8,0.985,Alpine F1 Team,Esteban Ocon,7,0.7857142857142857,0.8166666666666667,12.0,0.095,6.0,0.1348314606741573,1.6,6.2,2.4,5.275510204081633,0.029333333333333333,25.1814,0.08333333333333333,0.04081632653061224,0,1,1
2023,17,Qatar Grand Prix,9,1.28,Alfa Romeo,Valtteri Bottas,8,0.8571428571428572,0.8666666666666667,15.0,0.015,9.0,0.016051364365971106,1.2,0.2,0.2,-3.1818181818181817,0.3026666666666667,28.114099999999997,0.06153846153846154,0.04201680672268908,0,1,0
2023,17,Qatar Grand Prix,20,3.654,Alfa Romeo,Guanyu Zhou,9,0.8157894736842105,0.8666666666666667,16.0,0.01,9.0,0.016051364365971106,3.4,0.2,3.4,-2.473333333333333,0.448125,28.114099999999997,0.06153846153846154,0.07894736842105263,0,0,0
2023,17,Qatar Grand Prix,13,1.684,Red Bull,Sergio Pérez,10,0.8888888888888888,0.8529411764705882,2.0,0.5575,1.0,1.0,-0.4,32.6,-4.0,-3.432343234323432,-0.65075,25.650299999999998,0.08823529411764706,0.03418803418803419,0,1,1
2023,17,Qatar Grand Prix,17,2.567,Aston Martin,Lance Stroll,11,0.8220338983050848,0.85,10.0,0.1175,4.0,0.3547351524879615,0.8,7.4,-1.0,-3.3578431372549016,0.26716666666666666,27.0913,0.03333333333333333,0.07627118644067797,0,1,1
2023,17,Qatar Grand Prix,7,0.775,Alpine F1 Team,Pierre Gasly,12,0.8235294117647058,0.8166666666666667,11.0,0.115,6.0,0.1348314606741573,4.0,6.2,1.4,5.76537216828479,-0.0805,25.1814,0.08333333333333333,0.05042016806722689,0,1,1
2023,17,Qatar Grand Prix,14,1.929,Williams,Alexander Albon,13,0.8513513513513513,0.8067226890756303,13.0,0.0525,7.0,0.033707865168539325,-0.6,2.0,-1.6,-3.528846153846154,-0.014125,30.590899999999998,0.07142857142857142,0.05405405405405406,0,1,1
2023,17,Qatar Grand Prix,19,3.268,Haas F1 Team,Kevin Magnussen,14,0.7835051546391752,0.7890295358649789,18.0,0.0075,8.0,0.019261637239165328,-0.6,0.2,-0.4,4.0,0.4461,25.827800000000003,0.06751054852320675,0.061855670103092786,0,0,1
2023,17,Qatar Grand Prix,11,1.523,AlphaTauri,Yuki Tsunoda,15,0.8,0.8311688311688312,17.0,0.0075,10.0,0.008025682182985553,-3.2,0.6,-1.0,4.787735849056604,0.296,26.737399999999997,0.08441558441558442,0.06666666666666667,0,0,0
2023,17,Qatar Grand Prix,15,2.005,Haas F1 Team,Nico Hülkenberg,16,0.7936507936507937,0.7890295358649789,14.0,0.0225,8.0,0.019261637239165328,0.2,0.2,1.6,0.0,0.4043,25.827800000000003,0.06751054852320675,0.07936507936507936,0,1,1
2023,17,Qatar Grand Prix,18,2.857,AlphaTauri,Liam Lawson,17,1.0,0.8311688311688312,19.0,0.005,10.0,0.008025682182985553,2.25,0.6,-2.3333333333333335,-0.6481481481481479,0.3775,26.737399999999997,0.08441558441558442,0.0,0,1,0
2023,17,Qatar Grand Prix,16,2.432,Williams,Logan Sargeant,18,0.6875,0.8067226890756303,20.0,0.0,7.0,0.033707865168539325,0.0,2.0,0.2,-2.662385321100917,0.4538333333333333,30.590899999999998,0.07142857142857142,0.0625,0,0,1
2023,17,Qatar Grand Prix,3,0.527,Mercedes,Lewis Hamilton,19,0.9661016949152542,0.9285714285714286,3.0,0.475,2.0,0.4895666131621188,2.6,15.8,1.0,-1.8272727272727272,-0.495,24.7434,0.029411764705882353,0.01694915254237288,0,1,1
2023,17,Qatar Grand Prix,12,1.55,Ferrari,Carlos Sainz,20,0.865546218487395,0.865546218487395,5.0,0.375,3.0,0.45746388443017655,-3.0,21.8,-0.6,-0.6499356499356495,-0.655875,24.616699999999998,0.058823529411764705,0.06722689075630252,0,1,1
2023,18,United States Grand Prix,6,0.285,Red Bull,Max Verstappen,1,0.8666666666666667,0.8541666666666666,1.0,1.0,1.0,1.0,1.4,29.4,0.0,3.5744047619047628,-1.0074,26.856299999999997,0.0875,0.058333333333333334,0,1,1
2023,18,United States Grand Prix,2,0.13,McLaren,Lando Norris,2,0.898989898989899,0.8583333333333334,7.0,0.3140877598152425,5.0,0.3333333333333333,1.2,20.4,1.4,1.8743362831858406,-0.6776,25.017599999999998,0.07916666666666666,0.04040404040404041,0,1,1
2023,18,United States Grand Prix,4,0.222,Ferrari,Carlos Sainz,3,0.8583333333333334,0.8625,5.0,0.3533487297921478,3.0,0.4535768645357686,-1.8,20.8,1.2,0.9070175438596486,-0.655875,25.5465,0.058333333333333334,0.06666666666666667,0,1,1
2023,18,United States Grand Prix,9,0.45,Red Bull,Sergio Pérez,4,0.8898305084745762,0.8541666666666666,2.0,0.5173210161662818,1.0,1.0,0.0,29.4,0.4,-3.660869565217391,-0.470625,26.856299999999997,0.0875,0.03389830508474576,0,1,1
2023,18,United States Grand Prix,5,0.356,Mercedes,George Russell,5,0.8383838383838383,0.925,8.0,0.30484988452655887,2.0,0.4961948249619482,-6.0,14.0,-0.8,5.170689655172414,-0.2535,25.804399999999998,0.029166666666666667,0.06060606060606061,0,1,1
2023,18,United States Grand Prix,7,0.366,Alpine F1 Team,Pierre Gasly,6,0.825,0.819672131147541,11.0,0.10623556581986143,6.0,0.136986301369863,2.8,6.6,-1.2,-0.5982905982905979,-0.09770000000000001,26.3274,0.08196721311475409,0.05,0,1,1
2023,18,United States Grand Prix,19,1.866,Aston Martin,Lance Stroll,7,0.8235294117647058,0.8524590163934427,10.0,0.10854503464203233,4.0,0.350076103500761,1.8,6.6,1.0,2.731638418079096,0.18883333333333335,28.0142,0.03278688524590164,0.07563025210084033,0,1,1
2023,18,United States Grand Prix,11,0.974,AlphaTauri,Yuki Tsunoda,8,0.8032786885245902,0.8333333333333334,17.0,0.006928406466512702,10.0,0.0076103500761035,-4.2,0.4,-1.0,0.0,0.4916666666666667,27.7774,0.08333333333333333,0.06557377049180328,0,0,0
2023,18,United States Grand Prix,18,1.592,Williams,Alexander Albon,9,0.8533333333333333,0.8041666666666667,13.0,0.053117782909930716,7.0,0.0350076103500761,-0.8,2.0,-0.2,-2.791666666666667,-0.2115,31.7249,0.07083333333333333,0.05333333333333334,0,1,1
2023,18,United States Grand Prix,20,2.104,Williams,Logan Sargeant,10,0.6470588235294117,0.8041666666666667,20.0,0.0,7.0,0.0350076103500761,-0.6,2.0,-0.6,-2.2623966942148757,0.044,31.7249,0.07083333333333333,0.058823529411764705,0,0,1
2023,18,United States Grand Prix,16,1.512,Haas F1 Team,Nico Hülkenberg,11,0.796875,0.7907949790794979,15.0,0.020785219399538105,9.0,0.0182648401826484,-0.4,0.2,-0.6,-1.7336065573770494,0.2064,26.776,0.06694560669456066,0.078125,0,1,1
2023,18,United States Grand Prix,13,1.135,Alfa Romeo,Valtteri Bottas,12,0.8583333333333334,0.868020304568528,14.0,0.023094688221709007,8.0,0.0243531202435312,1.0,1.4,-0.2,0.0,0.1495,29.124000000000002,0.06091370558375635,0.041666666666666664,0,1,0
2023,18,United States Grand Prix,12,0.975,Alfa Romeo,Guanyu Zhou,13,0.8205128205128205,0.868020304568528,16.0,0.013856812933025405,8.0,0.0243531202435312,4.8,1.4,1.4,-2.82741935483871,0.35575,29.124000000000002,0.06091370558375635,0.07692307692307693,0,0,0
2023,18,United States Grand Prix,14,1.157,Haas F1 Team,Kevin Magnussen,14,0.7857142857142857,0.7907949790794979,18.0,0.006928406466512702,9.0,0.0182648401826484,0.8,0.2,1.4,5.0285714285714285,0.3628,26.776,0.06694560669456066,0.061224489795918366,0,0,1
2023,18,United States Grand Prix,15,1.251,AlphaTauri,Daniel Ricciardo,15,0.819047619047619,0.8333333333333334,22.0,0.0,10.0,0.0076103500761035,0.4,0.4,0.4,-2.7063492063492056,0.050125,27.7774,0.08333333333333333,0.0380952380952381,0,0,0
2023,18,United States Grand Prix,17,1.545,Aston Martin,Fernando Alonso,16,0.8048780487804879,0.8524590163934427,4.0,0.4226327944572748,4.0,0.350076103500761,-0.8,6.6,-1.2,2.653543307086614,-0.25989999999999996,28.0142,0.03278688524590164,0.036585365853658534,0,1,1
2023,18,United States Grand Prix,10,0.744,McLaren,Oscar Piastri,17,0.8823529411764706,0.8583333333333334,9.0,0.19168591224018475,5.0,0.3333333333333333,1.4,20.4,3.6,1.2890625,-0.3755,25.017599999999998,0.07916666666666666,0.0,0,1,1
2023,18,United States Grand Prix,8,0.431,Alpine F1 Team,Esteban Ocon,18,0.7878787878787878,0.819672131147541,12.0,0.10161662817551963,6.0,0.136986301369863,0.4,6.6,-1.2,0.06589147286821717,0.059,26.3274,0.08196721311475409,0.04040404040404041,0,1,1
2023,18,United States Grand Prix,3,0.139,Mercedes,Lewis Hamilton,19,0.957983193277311,0.925,3.0,0.44803695150115475,2.0,0.4961948249619482,-0.6,14.0,-3.2,-3.407692307692308,-0.396625,25.804399999999998,0.029166666666666667,0.01680672268907563,0,1,1
2023,18,United States Grand Prix,1,0.0,Ferrari,Charles Leclerc,20,0.825,0.8625,6.0,0.3348729792147806,3.0,0.4535768645357686,-2.4,20.8,0.2,1.9440203562340965,-0.565625,25.5465,0.058333333333333334,0.09166666666666666,0,1,1
2023,19,Mexico City Grand Prix,3,0.097,Red Bull,Max Verstappen,1,0.8677685950413223,0.8553719008264463,1.0,1.0,1.0,1.0,2.4,29.4,1.0,-0.7636363636363632,-0.9091,27.578300000000002,0.08677685950413223,0.05785123966942149,0,1,1
2023,19,Mexico City Grand Prix,6,0.288,Mercedes,Lewis Hamilton,2,0.95,0.9214876033057852,3.0,0.4313304721030043,2.0,0.48725212464589235,-5.2,14.4,-4.6,-1.8759398496240598,-0.4446666666666667,26.5069,0.028925619834710745,0.016666666666666666,0,1,1
2023,19,Mexico City Grand Prix,1,0.0,Ferrari,Charles Leclerc,3,0.8181818181818181,0.859504132231405,7.0,0.3240343347639485,3.0,0.45609065155807366,-4.2,21.8,-1.8,-2.3507462686567164,-0.565625,26.0865,0.05785123966942149,0.09090909090909091,0,1,1
2023,19,Mexico City Grand Prix,2,0.067,Ferrari,Carlos Sainz,4,0.859504132231405,0.859504132231405,5.0,0.3669527896995708,3.0,0.45609065155807366,-1.8,21.8,0.0,-0.575925925925926,-0.66825,26.0865,0.05785123966942149,0.06611570247933884,0,1,1
2023,19,Mexico City Grand Prix,19,4.388,McLaren,Lando Norris,5,0.9,0.8553719008264463,6.0,0.34120171673819744,4.0,0.34277620396600567,2.2,22.4,1.0,2.954831932773109,-0.7206,25.690199999999997,0.07851239669421488,0.04,0,1,1
2023,19,Mexico City Grand Prix,8,0.507,Mercedes,George Russell,6,0.84,0.9214876033057852,8.0,0.30686695278969955,2.0,0.48725212464589235,-3.2,14.4,2.8,1.352798053527981,-0.31,26.5069,0.028925619834710745,0.06,0,1,1
2023,19,Mexico City Grand Prix,4,0.216,AlphaTauri,Daniel Ricciardo,7,0.8207547169811321,0.8354430379746836,22.0,0.0,10.0,0.014164305949008499,-0.4,1.4,-0.8,0.5144927536231885,0.206625,26.433999999999997,0.08227848101265822,0.03773584905660377,0,0,0
2023,19,Mexico City Grand Prix,7,0.457,McLaren,Oscar Piastri,8,0.8333333333333334,0.8553719008264463,9.0,0.1781115879828326,4.0,0.34277620396600567,0.2,22.4,-1.2,-3.316546762589928,-0.355,25.690199999999997,0.07851239669421488,0.0,0,1,1
2023,19,Mexico City Grand Prix,14,1.662,Williams,Alexander Albon,9,0.8552631578947368,0.8057851239669421,13.0,0.0536480686695279,7.0,0.036827195467422094,1.8,1.8,2.6,4.033333333333334,0.108125,30.626800000000003,0.07024793388429752,0.05263157894736842,0,1,1
2023,19,Mexico City Grand Prix,16,1.914,Alpine F1 Team,Esteban Ocon,10,0.78,0.814516129032258,12.0,0.0944206008583691,6.0,0.141643059490085,-3.0,5.0,-3.4,3.887943262411347,0.43875,26.6986,0.08064516129032258,0.04,0,1,1
2023,19,Mexico City Grand Prix,11,1.355,Alpine F1 Team,Pierre Gasly,11,0.8264462809917356,0.814516129032258,10.0,0.12017167381974249,6.0,0.141643059490085,1.2,5.0,-1.6,-0.06690140845070403,0.0213,26.6986,0.08064516129032258,0.049586776859504134,0,1,1
2023,19,Mexico City Grand Prix,15,1.724,AlphaTauri,Yuki Tsunoda,12,0.8064516129032258,0.8354430379746836,16.0,0.017167381974248927,10.0,0.014164305949008499,-3.4,1.4,0.8,-2.7006993006993008,0.5088333333333334,26.433999999999997,0.08227848101265822,0.06451612903225806,0,0,0
2023,19,Mexico City Grand Prix,12,1.358,Haas F1 Team,Nico Hülkenberg,13,0.8,0.7925311203319502,15.0,0.019313304721030045,9.0,0.0169971671388102,0.0,0.2,0.4,-2.291666666666667,0.2851,27.040399999999998,0.06639004149377593,0.07692307692307693,0,1,1
2023,19,Mexico City Grand Prix,10,0.884,Alfa Romeo,Guanyu Zhou,14,0.825,0.8693467336683417,17.0,0.012875536480686695,8.0,0.0226628895184136,5.0,1.4,0.2,-1.9034482758620688,0.416,30.0105,0.06030150753768844,0.075,0,0,0
2023,19,Mexico City Grand Prix,9,0.85,Alfa Romeo,Valtteri Bottas,15,0.859504132231405,0.8693467336683417,14.0,0.02145922746781116,8.0,0.0226628895184136,0.2,1.4,-0.8,0.0,0.1495,30.0105,0.06030150753768844,0.04132231404958678,0,1,0
2023,19,Mexico City Grand Prix,20,0.884,Williams,Logan Sargeant,16,0.6666666666666667,0.8057851239669421,20.0,0.002145922746781116,7.0,0.036827195467422094,3.4,1.8,4.0,-2.7857142857142856,0.18966666666666665,30.626800000000003,0.07024793388429752,0.05555555555555555,0,0,1
2023,19,Mexico City Grand Prix,18,2.061,Aston Martin,Lance Stroll,17,0.825,0.8467741935483871,11.0,0.11373390557939914,5.0,0.3342776203966006,4.2,4.0,2.4,-2.763513513513513,-0.069,28.812,0.03225806451612903,0.075,0,1,1
2023,19,Mexico City Grand Prix,13,1.572,Aston Martin,Fernando Alonso,18,0.7951807228915663,0.8467741935483871,4.0,0.3927038626609442,5.0,0.3342776203966006,-1.2,4.0,-0.4,5.124832214765101,-0.121875,28.812,0.03225806451612903,0.03614457831325301,0,1,1
2023,19,Mexico City Grand Prix,17,1.997,Haas F1 Team,Kevin Magnussen,19,0.7878787878787878,0.7925311203319502,18.0,0.006437768240343348,9.0,0.0169971671388102,0.4,0.2,-0.4,-0.9266666666666663,0.4918,27.040399999999998,0.06639004149377593,0.06060606060606061,0,0,1
2023,19,Mexico City Grand Prix,5,0.257,Red Bull,Sergio Pérez,20,0.8907563025210083,0.8553719008264463,2.0,0.5150214592274678,1.0,1.0,0.4,29.4,0.4,0.5417218543046358,-0.5075,27.578300000000002,0.08677685950413223,0.03361344537815126,0,1,1
2023,20,São Paulo Grand Prix,1,0.141,Red Bull,Max Verstappen,1,0.8688524590163934,0.8524590163934427,1.0,1.0,1.0,1.0,2.6,25.8,0.2,4.1381578947368425,-1.0206,27.259000000000004,0.0860655737704918,0.05737704918032787,0,1,1
2023,20,São Paulo Grand Prix,7,0.0,McLaren,Lando Norris,2,0.900990099009901,0.8565573770491803,6.0,0.34419551934826886,4.0,0.35020519835841313,4.8,24.4,2.6,-2.7483660130718954,-0.8445,25.610400000000006,0.0778688524590164,0.039603960396039604,0,1,1
2023,20,São Paulo Grand Prix,4,0.216,Aston Martin,Fernando Alonso,3,0.7857142857142857,0.8333333333333334,5.0,0.3727087576374745,5.0,0.3228454172366621,-2.4,3.6,-1.2,-2.900432900432901,-0.1285,149.0185,0.031746031746031744,0.03571428571428571,0,1,1
2023,20,São Paulo Grand Prix,9,0.198,Red Bull,Sergio Pérez,4,0.8833333333333333,0.8524590163934427,2.0,0.48879837067209775,1.0,1.0,-3.2,25.8,-3.6,0.7677419354838708,-0.45666666666666667,27.259000000000004,0.0860655737704918,0.041666666666666664,0,1,1
2023,20,São Paulo Grand Prix,3,0.354,Aston Martin,Lance Stroll,5,0.8181818181818181,0.8333333333333334,11.0,0.1079429735234216,5.0,0.3228454172366621,3.6,3.6,-0.6,-0.21153846153846168,-0.2655,149.0185,0.031746031746031744,0.08264462809917356,0,1,1
2023,20,São Paulo Grand Prix,8,0.233,Ferrari,Carlos Sainz,6,0.860655737704918,0.860655737704918,4.0,0.3727087576374745,3.0,0.4774281805745554,-1.8,21.8,0.0,-2.3530482256596907,-0.639375,144.4511,0.05737704918032787,0.06557377049180328,0,1,1
2023,20,São Paulo Grand Prix,13,0.546,Alpine F1 Team,Pierre Gasly,7,0.8278688524590164,0.8174603174603174,10.0,0.11405295315682282,6.0,0.1381668946648427,0.8,5.2,-0.4,-2.046835443037975,0.0332,266.901,0.07936507936507936,0.04918032786885246,0,1,1
2023,20,São Paulo Grand Prix,5,0.245,Mercedes,Lewis Hamilton,8,0.9504132231404958,0.9221311475409836,3.0,0.4480651731160896,2.0,0.5075239398084815,-4.8,16.2,0.4,-0.34381551362683416,-0.6841666666666666,145.18179999999998,0.028688524590163935,0.01652892561983471,0,1,1
2023,20,São Paulo Grand Prix,16,0.816,AlphaTauri,Yuki Tsunoda,9,0.8095238095238095,0.8375,16.0,0.016293279022403257,8.0,0.02188782489740082,-1.0,2.6,2.4,2.3062500000000004,0.35625,146.31040000000002,0.08125,0.06349206349206349,0,0,0
2023,20,São Paulo Grand Prix,12,0.541,Alpine F1 Team,Esteban Ocon,10,0.7821782178217822,0.8174603174603174,12.0,0.09164969450101833,6.0,0.1381668946648427,-1.6,5.2,1.4,0.3913043478260869,0.508,266.901,0.07936507936507936,0.039603960396039604,0,1,1
2023,20,São Paulo Grand Prix,19,1.014,Williams,Logan Sargeant,11,0.631578947368421,0.8032786885245902,21.0,0.002036659877800407,7.0,0.038303693570451436,3.8,1.0,0.4,1.2504409171075839,0.1125,150.8614,0.06967213114754098,0.05263157894736842,0,0,1
2023,20,São Paulo Grand Prix,11,0.454,Haas F1 Team,Nico Hülkenberg,12,0.803030303030303,0.7901234567901234,15.0,0.018329938900203666,10.0,0.016415868673050615,0.6,0.2,0.6,-3.0996932515337425,0.316,26.826300000000003,0.06584362139917696,0.07575757575757576,0,1,1
2023,20,São Paulo Grand Prix,17,0.822,AlphaTauri,Daniel Ricciardo,13,0.822429906542056,0.8375,17.0,0.012219959266802444,8.0,0.02188782489740082,0.2,2.6,0.6,3.664634146341464,0.0842,146.31040000000002,0.08125,0.037383177570093455,0,0,0
2023,20,São Paulo Grand Prix,10,0.309,McLaren,Oscar Piastri,14,0.8421052631578947,0.8565573770491803,9.0,0.17718940936863545,4.0,0.35020519835841313,1.0,24.4,0.8,3.3515151515151516,-0.422875,25.610400000000006,0.0778688524590164,0.0,0,1,1
2023,20,São Paulo Grand Prix,6,0.295,Mercedes,George Russell,15,0.8415841584158416,0.9221311475409836,8.0,0.3075356415478615,2.0,0.5075239398084815,-2.6,16.2,0.6,-0.49518072289156656,-0.281625,145.18179999999998,0.028688524590163935,0.0594059405940594,0,1,1
2023,20,São Paulo Grand Prix,18,0.934,Alfa Romeo,Valtteri Bottas,16,0.860655737704918,0.8706467661691543,14.0,0.020366598778004074,9.0,0.02188782489740082,-1.8,1.2,-2.0,-2.4481037924151696,0.29133333333333333,150.37759999999997,0.05970149253731343,0.040983606557377046,0,1,0
2023,20,São Paulo Grand Prix,20,1.254,Alfa Romeo,Guanyu Zhou,17,0.8292682926829268,0.8706467661691543,18.0,0.012219959266802444,9.0,0.02188782489740082,3.8,1.2,-1.2,-1.5952380952380953,0.4683,150.37759999999997,0.05970149253731343,0.07317073170731707,0,0,0
2023,20,São Paulo Grand Prix,14,0.581,Haas F1 Team,Kevin Magnussen,18,0.78,0.7901234567901234,19.0,0.006109979633401222,10.0,0.016415868673050615,-0.2,0.2,-0.6,-2.087771203155819,0.50375,26.826300000000003,0.06584362139917696,0.07,0,0,1
2023,20,São Paulo Grand Prix,15,0.6,Williams,Alexander Albon,19,0.8571428571428572,0.8032786885245902,13.0,0.054989816700611,7.0,0.038303693570451436,3.0,1.0,1.2,-1.2470588235294118,0.21325,150.8614,0.06967213114754098,0.05194805194805195,0,1,1
2023,20,São Paulo Grand Prix,2,0.282,Ferrari,Charles Leclerc,20,0.819672131147541,0.860655737704918,7.0,0.3380855397148676,3.0,0.4774281805745554,-4.4,21.8,-0.2,-2.8947368421052637,-0.60125,144.4511,0.05737704918032787,0.09016393442622951,0,1,1
2023,21,Las Vegas Grand Prix,3,0.378,Red Bull,Max Verstappen,1,0.8699186991869918,0.8536585365853658,1.0,1.0,1.0,1.0,1.4,30.4,-1.2,-2.066445182724253,-1.1637,26.0476,0.08536585365853659,0.056910569105691054,0,1,1
2023,21,Las Vegas Grand Prix,1,0.0,Ferrari,Charles Leclerc,2,0.8130081300813008,0.8577235772357723,7.0,0.3244274809160305,3.0,0.4629156010230179,-7.8,16.0,-3.4,-0.6907514450867049,-0.6233333333333334,142.9385,0.056910569105691054,0.08943089430894309,0,1,1
2023,21,Las Vegas Grand Prix,12,1.129,Red Bull,Sergio Pérez,3,0.884297520661157,0.8536585365853658,2.0,0.49236641221374045,1.0,1.0,-3.2,30.4,0.0,-0.09195402298850563,-0.6183333333333334,26.0476,0.08536585365853659,0.04132231404958678,0,1,1
2023,21,Las Vegas Grand Prix,17,2.108,Alpine F1 Team,Esteban Ocon,4,0.7843137254901961,0.8203125,12.0,0.08778625954198473,6.0,0.13810741687979539,0.8,5.0,2.4,-2.2800000000000002,0.421125,265.5527000000001,0.078125,0.0392156862745098,0,1,1
2023,21,Las Vegas Grand Prix,14,1.473,Aston Martin,Lance Stroll,5,0.819672131147541,0.8359375,10.0,0.12022900763358779,5.0,0.3337595907928389,3.2,8.6,-0.4,-2.1174242424242427,-0.246,145.4841,0.03125,0.08196721311475409,0,1,1
2023,21,Las Vegas Grand Prix,2,0.044,Ferrari,Carlos Sainz,6,0.8617886178861789,0.8577235772357723,6.0,0.366412213740458,3.0,0.4629156010230179,-1.4,16.0,0.4,-0.27683615819208995,-0.49325,142.9385,0.056910569105691054,0.06504065040650407,0,1,1
2023,21,Las Vegas Grand Prix,11,1.111,Mercedes,Lewis Hamilton,7,0.9508196721311475,0.9186991869918699,3.0,0.4312977099236641,2.0,0.4884910485933504,-5.8,13.8,-1.0,-1.5014044943820224,-0.4246666666666667,143.68399999999997,0.028455284552845527,0.01639344262295082,0,1,1
2023,21,Las Vegas Grand Prix,4,0.386,Mercedes,George Russell,8,0.8333333333333334,0.9186991869918699,8.0,0.29770992366412213,2.0,0.4884910485933504,-1.6,13.8,1.0,0.9256983240223464,-0.281625,143.68399999999997,0.028455284552845527,0.058823529411764705,0,1,1
2023,21,Las Vegas Grand Prix,10,0.829,Aston Martin,Fernando Alonso,9,0.788235294117647,0.8359375,4.0,0.37786259541984735,5.0,0.3337595907928389,-0.6,8.6,1.8,2.083333333333334,-0.20183333333333334,145.4841,0.03125,0.03529411764705882,0,1,1
2023,21,Las Vegas Grand Prix,19,2.124,McLaren,Oscar Piastri,10,0.85,0.8577235772357723,9.0,0.16603053435114504,4.0,0.36061381074168797,-1.8,23.4,-2.8,0.1774861878453038,-0.4165,24.472,0.07723577235772358,0.0,0,1,1
2023,21,Las Vegas Grand Prix,5,0.513,Alpine F1 Team,Pierre Gasly,11,0.8292682926829268,0.8203125,11.0,0.1183206106870229,6.0,0.13810741687979539,0.8,5.0,0.0,1.5604395604395602,0.016800000000000002,265.5527000000001,0.078125,0.04878048780487805,0,1,1
2023,21,Las Vegas Grand Prix,6,0.597,Williams,Alexander Albon,12,0.8461538461538461,0.8008130081300813,13.0,0.05152671755725191,7.0,0.03580562659846547,1.6,1.0,-1.4,0.0,0.17116666666666666,149.9297,0.06910569105691057,0.05128205128205128,0,1,1
2023,21,Las Vegas Grand Prix,9,0.811,Haas F1 Team,Kevin Magnussen,13,0.7722772277227723,0.7877551020408163,19.0,0.0057251908396946565,10.0,0.015345268542199489,-0.2,0.0,0.0,0.0,0.5715,26.076900000000002,0.0653061224489796,0.06930693069306931,0,0,1
2023,21,Las Vegas Grand Prix,15,1.582,AlphaTauri,Daniel Ricciardo,14,0.8240740740740741,0.8395061728395061,17.0,0.011450381679389313,8.0,0.026854219948849106,0.8,2.6,0.6,0.0,0.0863,144.9477,0.08024691358024691,0.037037037037037035,0,0,0
2023,21,Las Vegas Grand Prix,18,2.123,Alfa Romeo,Guanyu Zhou,15,0.8095238095238095,0.8620689655172413,18.0,0.011450381679389313,9.0,0.020460358056265986,3.0,1.2,-0.8,0.0,0.504,149.08319999999998,0.059113300492610835,0.07142857142857142,0,0,0
2023,21,Las Vegas Grand Prix,7,0.787,Williams,Logan Sargeant,16,0.65,0.8008130081300813,21.0,0.0019083969465648854,7.0,0.03580562659846547,4.6,1.0,0.8,0.0,0.4695,149.9297,0.06910569105691057,0.05,0,0,1
2023,21,Las Vegas Grand Prix,8,0.799,Alfa Romeo,Valtteri Bottas,17,0.8536585365853658,0.8620689655172413,15.0,0.019083969465648856,9.0,0.020460358056265986,-1.2,1.2,0.6,0.0,0.29133333333333333,149.08319999999998,0.059113300492610835,0.04065040650406504,0,1,0
2023,21,Las Vegas Grand Prix,20,3.721,AlphaTauri,Yuki Tsunoda,18,0.8125,0.8395061728395061,14.0,0.02480916030534351,8.0,0.026854219948849106,1.2,2.6,2.2,0.0,0.2646,144.9477,0.08024691358024691,0.0625,0,0,0
2023,21,Las Vegas Grand Prix,13,1.253,Haas F1 Team,Nico Hülkenberg,19,0.8059701492537313,0.7877551020408163,16.0,0.01717557251908397,10.0,0.015345268542199489,1.2,0.0,0.6,0.0,0.3019,26.076900000000002,0.0653061224489796,0.07462686567164178,0,1,1
2023,21,Las Vegas Grand Prix,16,1.977,McLaren,Lando Norris,20,0.9019607843137255,0.8577235772357723,5.0,0.37213740458015265,4.0,0.36061381074168797,5.4,23.4,0.6,0.0,-0.8292,24.472,0.07723577235772358,0.0392156862745098,0,1,1
2023,22,Abu Dhabi Grand Prix,1,0.0,Red Bull,Max Verstappen,1,0.8709677419354839,0.8548387096774194,1.0,1.0,1.0,1.0,1.8,33.2,0.4,0.0,-1.0780999999999998,24.562900000000003,0.0846774193548387,0.056451612903225805,0,1,1
2023,22,Abu Dhabi Grand Prix,2,0.139,Ferrari,Charles Leclerc,2,0.814516129032258,0.8588709677419355,7.0,0.3424408014571949,3.0,0.4720194647201946,-8.0,17.2,-0.2,0.0,-0.7383333333333334,142.82309999999998,0.056451612903225805,0.08870967741935484,0,1,1
2023,22,Abu Dhabi Grand Prix,4,0.343,Mercedes,George Russell,3,0.8349514563106796,0.9193548387096774,8.0,0.29143897996357016,2.0,0.4768856447688564,-2.6,12.6,-1.0,0.0,-0.45075,143.32319999999999,0.028225806451612902,0.05825242718446602,0,1,1
2023,22,Abu Dhabi Grand Prix,9,0.671,Red Bull,Sergio Pérez,4,0.8852459016393442,0.8548387096774194,2.0,0.4972677595628415,1.0,1.0,1.4,33.2,4.6,0.0,-0.74875,24.562900000000003,0.0846774193548387,0.040983606557377046,0,1,1
2023,22,Abu Dhabi Grand Prix,5,0.371,McLaren,Lando Norris,5,0.8932038834951457,0.8548387096774194,6.0,0.3551912568306011,4.0,0.34549878345498786,4.4,17.2,-1.0,0.0,-0.766125,24.180300000000003,0.07661290322580645,0.038834951456310676,0,1,1
2023,22,Abu Dhabi Grand Prix,3,0.337,McLaren,Oscar Piastri,6,0.8571428571428572,0.8548387096774194,9.0,0.1621129326047359,4.0,0.34549878345498786,0.2,17.2,2.0,0.0,-0.450875,24.180300000000003,0.07661290322580645,0.0,0,1,1
2023,22,Abu Dhabi Grand Prix,7,0.639,Aston Martin,Fernando Alonso,7,0.7906976744186046,0.8384615384615385,5.0,0.36429872495446264,5.0,0.33211678832116787,-0.8,10.2,-0.2,0.0,-0.1555,145.2453,0.03076923076923077,0.03488372093023256,0,1,1
2023,22,Abu Dhabi Grand Prix,6,0.523,AlphaTauri,Yuki Tsunoda,8,0.8,0.8353658536585366,14.0,0.023679417122040074,8.0,0.025547445255474453,2.2,2.6,1.0,0.0,0.1135,144.4802,0.07926829268292683,0.06153846153846154,0,0,0
2023,22,Abu Dhabi Grand Prix,11,0.914,Mercedes,Lewis Hamilton,9,0.9512195121951219,0.9193548387096774,3.0,0.4225865209471767,2.0,0.4768856447688564,-5.4,12.6,0.4,0.0,-0.4256666666666667,143.32319999999999,0.028225806451612902,0.016260162601626018,0,1,1
2023,22,Abu Dhabi Grand Prix,13,0.96,Aston Martin,Lance Stroll,10,0.8211382113821138,0.8384615384615385,10.0,0.13296903460837886,5.0,0.33211678832116787,5.2,10.2,2.0,0.0,-0.294,145.2453,0.03076923076923077,0.08130081300813008,0,1,1
2023,22,Abu Dhabi Grand Prix,15,0.997,AlphaTauri,Daniel Ricciardo,11,0.8256880733944953,0.8353658536585366,17.0,0.01092896174863388,8.0,0.025547445255474453,1.0,2.6,0.2,0.0,0.2019,144.4802,0.07926829268292683,0.03669724770642202,0,0,0
2023,22,Abu Dhabi Grand Prix,12,0.946,Alpine F1 Team,Esteban Ocon,12,0.7864077669902912,0.823076923076923,12.0,0.10564663023679417,6.0,0.145985401459854,2.4,6.8,1.6,0.0,0.057875,265.04130000000004,0.07692307692307693,0.038834951456310676,0,1,1
2023,22,Abu Dhabi Grand Prix,10,0.633,Alpine F1 Team,Pierre Gasly,13,0.8306451612903226,0.823076923076923,11.0,0.11293260473588343,6.0,0.145985401459854,-0.8,6.8,-1.6,0.0,-0.0106,265.04130000000004,0.07692307692307693,0.04838709677419355,0,1,1
2023,22,Abu Dhabi Grand Prix,14,0.853,Williams,Alexander Albon,14,0.8481012658227848,0.8024193548387097,13.0,0.04918032786885246,7.0,0.0340632603406326,1.0,1.0,-0.6,0.0,0.099875,145.417,0.06854838709677419,0.05063291139240506,0,1,1
2023,22,Abu Dhabi Grand Prix,8,0.663,Haas F1 Team,Nico Hülkenberg,15,0.7941176470588236,0.7854251012145749,16.0,0.01639344262295082,10.0,0.014598540145985401,-0.8,0.0,-2.0,0.0,0.3775,25.7471,0.06477732793522267,0.07352941176470588,0,1,1
2023,22,Abu Dhabi Grand Prix,20,0.671,Williams,Logan Sargeant,16,0.6666666666666667,0.8024193548387097,21.0,0.0018214936247723133,7.0,0.0340632603406326,2.2,1.0,-2.4,0.0,0.3265,145.417,0.06854838709677419,0.047619047619047616,0,0,1
2023,22,Abu Dhabi Grand Prix,19,1.714,Alfa Romeo,Guanyu Zhou,17,0.813953488372093,0.8634146341463415,18.0,0.01092896174863388,9.0,0.019464720194647202,2.4,1.2,-0.6,0.0,0.47625,145.30599999999998,0.05853658536585366,0.06976744186046512,0,0,0
2023,22,Abu Dhabi Grand Prix,16,1.293,Ferrari,Carlos Sainz,18,0.8629032258064516,0.8588709677419355,4.0,0.36429872495446264,3.0,0.4720194647201946,-2.2,17.2,-0.8,0.0,-0.443,142.82309999999998,0.056451612903225805,0.06451612903225806,0,1,1
2023,22,Abu Dhabi Grand Prix,18,1.343,Alfa Romeo,Valtteri Bottas,19,0.8548387096774194,0.8634146341463415,15.0,0.018214936247723135,9.0,0.019464720194647202,-2.2,1.2,-1.0,0.0,0.67075,145.30599999999998,0.05853658536585366,0.04032258064516129,0,1,0
2023,22,Abu Dhabi Grand Prix,17,1.319,Haas F1 Team,Kevin Magnussen,20,0.7745098039215687,0.7854251012145749,19.0,0.00546448087431694,10.0,0.014598540145985401,-1.0,0.0,-0.8,0.0,0.5566666666666666,25.7471,0.06477732793522267,0.06862745098039216,0,0,1
2024,1,Bahrain Grand Prix,1,0.014,Red Bull,Max Verstappen,1,0.872,0.856,1.0,1.0,1.0,1.0,1.8,35.4,0.0,0.0,-1.1205,23.0391,0.084,0.056,0,1,1
2024,1,Bahrain Grand Prix,5,0.372,Red Bull,Sergio Pérez,2,0.8861788617886179,0.856,2.0,0.4956521739130435,1.0,1.0,1.8,35.4,0.4,0.0,-0.891625,23.0391,0.084,0.04065040650406504,0,1,1
2024,1,Bahrain Grand Prix,4,0.342,Ferrari,Carlos Sainz,3,0.856,0.856,7.0,0.34782608695652173,3.0,0.4720930232558139,-1.0,18.8,1.2,0.741935483870968,-0.443,141.5295,0.056,0.064,0,1,1
2024,1,Bahrain Grand Prix,2,0.0,Ferrari,Charles Leclerc,4,0.8160000000000001,0.856,5.0,0.3582608695652174,3.0,0.4720930232558139,-8.0,18.8,0.0,0.0,-0.7653333333333334,141.5295,0.056,0.088,0,1,1
2024,1,Bahrain Grand Prix,3,0.32,Mercedes,George Russell,5,0.8365384615384616,0.92,8.0,0.30434782608695654,2.0,0.4755813953488372,-2.0,13.6,0.6,0.0,-0.56825,142.05049999999997,0.028,0.057692307692307696,0,1,1
2024,1,Bahrain Grand Prix,7,0.449,McLaren,Lando Norris,6,0.8942307692307693,0.856,6.0,0.3565217391304348,4.0,0.3511627906976744,3.0,14.2,-1.4,0.0,-0.70075,22.9387,0.076,0.038461538461538464,0,1,1
2024,1,Bahrain Grand Prix,9,0.545,Mercedes,Lewis Hamilton,7,0.9516129032258065,0.92,3.0,0.40695652173913044,2.0,0.4755813953488372,-1.8,13.6,3.6,0.0,-0.445125,142.05049999999997,0.028,0.016129032258064516,0,1,1
2024,1,Bahrain Grand Prix,8,0.518,McLaren,Oscar Piastri,8,0.8636363636363636,0.856,9.0,0.16869565217391305,4.0,0.3511627906976744,-1.2,14.2,-1.4,0.0,-0.344875,22.9387,0.076,0.0,0,1,1
2024,1,Bahrain Grand Prix,6,0.377,Aston Martin,Fernando Alonso,9,0.7931034482758621,0.8409090909090909,4.0,0.3582608695652174,5.0,0.32558139534883723,-0.4,10.0,0.4,0.0,-0.10933333333333332,143.9335,0.030303030303030304,0.034482758620689655,0,1,1
2024,1,Bahrain Grand Prix,12,0.8,Aston Martin,Lance Stroll,10,0.8225806451612903,0.8409090909090909,10.0,0.12869565217391304,5.0,0.32558139534883723,4.6,10.0,-0.6,0.0,-0.317125,143.9335,0.030303030303030304,0.08064516129032258,0,1,1
2024,1,Bahrain Grand Prix,17,1.592,Sauber,Guanyu Zhou,11,0.8181818181818181,0.7619047619047619,18.0,0.010434782608695653,0.0,0.0,0.6,4.2,-1.8,0.0,0.5665,25.6716,0.11904761904761904,0.06818181818181818,0,0,0
2024,1,Bahrain Grand Prix,15,1.364,Haas F1 Team,Kevin Magnussen,12,0.7766990291262136,0.7871485943775101,19.0,0.0052173913043478265,10.0,0.013953488372093023,-2.6,0.0,-1.6,0.0,0.5825,24.4024,0.0642570281124498,0.06796116504854369,0,0,1
2024,1,Bahrain Grand Prix,14,1.113,RB F1 Team,Daniel Ricciardo,13,0.8272727272727273,0.9,17.0,0.010434782608695653,0.0,0.0,1.2,0.0,0.2,0.0,0.191,0.0,0.1,0.03636363636363636,0,0,1
2024,1,Bahrain Grand Prix,11,0.964,RB F1 Team,Yuki Tsunoda,14,0.803030303030303,0.9,14.0,0.029565217391304348,0.0,0.0,2.6,0.0,0.4,0.0,-0.056625,0.0,0.1,0.06060606060606061,0,0,1
2024,1,Bahrain Grand Prix,13,1.056,Williams,Alexander Albon,15,0.85,0.804,13.0,0.04695652173913043,7.0,0.03255813953488372,0.8,1.0,-0.2,0.0,0.198875,143.97070000000002,0.068,0.05,0,1,1
2024,1,Bahrain Grand Prix,10,0.686,Haas F1 Team,Nico Hülkenberg,16,0.7971014492753623,0.7871485943775101,16.0,0.01565217391304348,10.0,0.013953488372093023,-2.0,0.0,-1.2,0.0,0.39075,24.4024,0.0642570281124498,0.07246376811594203,0,1,1
2024,1,Bahrain Grand Prix,19,1.628,Alpine F1 Team,Esteban Ocon,17,0.7884615384615384,0.8257575757575757,12.0,0.10086956521739131,6.0,0.13953488372093023,2.2,5.6,-0.2,0.0,0.108875,263.8457,0.07575757575757576,0.038461538461538464,0,1,1
2024,1,Bahrain Grand Prix,20,1.783,Alpine F1 Team,Pierre Gasly,18,0.832,0.8257575757575757,11.0,0.10782608695652174,6.0,0.13953488372093023,-0.4,5.6,0.4,0.0,-0.0507,263.8457,0.07575757575757576,0.048,0,1,1
2024,1,Bahrain Grand Prix,16,1.591,Sauber,Valtteri Bottas,19,0.856,0.7619047619047619,15.0,0.017391304347826087,0.0,0.0,-2.6,4.2,-0.4,0.0,1.00325,25.6716,0.11904761904761904,0.04,0,1,0
2024,1,Bahrain Grand Prix,18,1.605,Williams,Logan Sargeant,20,0.6818181818181819,0.804,21.0,0.0017391304347826088,7.0,0.03255813953488372,3.4,1.0,1.2,0.0,0.33425,143.97070000000002,0.068,0.045454545454545456,0,0,1
2024,2,Saudi Arabian Grand Prix,1,0.0,Red Bull,Max Verstappen,1,0.873015873015873,0.8571428571428572,1.0,1.0,1.0,1.0,0.8,36.8,-1.0,0.0,-1.1614,23.1469,0.08333333333333333,0.05555555555555555,1,1,1
2024,2,Saudi Arabian Grand Prix,3,0.335,Red Bull,Sergio Pérez,2,0.8870967741935484,0.8571428571428572,2.0,0.6923076923076923,1.0,1.0,1.4,36.8,-0.4,0.0,-0.824875,23.1469,0.08333333333333333,0.04032258064516129,1,1,1
2024,2,Saudi Arabian Grand Prix,2,0.319,Ferrari,Charles Leclerc,3,0.8174603174603174,0.8571428571428572,4.0,0.46153846153846156,2.0,0.6136363636363636,-4.6,21.2,3.4,0.0,-0.639,141.6154,0.05555555555555555,0.0873015873015873,1,1,1
2024,2,Saudi Arabian Grand Prix,5,0.617,McLaren,Oscar Piastri,4,0.8695652173913043,0.8571428571428572,8.0,0.15384615384615385,4.0,0.2727272727272727,0.2,13.0,1.4,0.0,-0.32789999999999997,23.1428,0.07539682539682539,0.0,1,1,1
2024,2,Saudi Arabian Grand Prix,4,0.374,Aston Martin,Fernando Alonso,5,0.7954545454545454,0.8432835820895522,9.0,0.07692307692307693,5.0,0.06818181818181818,-1.2,9.4,-0.8,0.0,-0.02975,143.9386,0.029850746268656716,0.03409090909090909,1,1,1
2024,2,Saudi Arabian Grand Prix,7,0.844,Mercedes,George Russell,6,0.8380952380952381,0.9206349206349207,5.0,0.38461538461538464,3.0,0.36363636363636365,-2.4,14.8,-0.4,0.0,-0.570875,142.1144,0.027777777777777776,0.05714285714285714,1,1,1
2024,2,Saudi Arabian Grand Prix,11,1.17,Ferrari,Oliver Bearman,7,0.9,0.8571428571428572,0.0,0.0,2.0,0.6136363636363636,0.0,21.2,0.0,0.0,0.0,141.6154,0.05555555555555555,0.1,1,1,1
2024,2,Saudi Arabian Grand Prix,6,0.66,McLaren,Lando Norris,8,0.8952380952380953,0.8571428571428572,6.0,0.3076923076923077,4.0,0.2727272727272727,3.2,13.0,0.2,0.0,-0.6,23.1428,0.07539682539682539,0.0380952380952381,1,1,1
2024,2,Saudi Arabian Grand Prix,8,0.988,Mercedes,Lewis Hamilton,9,0.952,0.9206349206349207,7.0,0.23076923076923078,3.0,0.36363636363636365,1.8,14.8,3.6,0.0,-0.4285,142.1144,0.027777777777777776,0.016,1,1,1
2024,2,Saudi Arabian Grand Prix,15,1.583,Haas F1 Team,Nico Hülkenberg,10,0.8,0.7888446215139442,16.0,0.0,7.0,0.0,-4.2,0.0,-2.2,0.0,0.268625,24.3748,0.06374501992031872,0.07142857142857142,1,1,1
2024,2,Saudi Arabian Grand Prix,12,1.508,Williams,Alexander Albon,11,0.8518518518518519,0.8055555555555556,15.0,0.0,9.0,0.0,-1.4,0.4,-2.2,0.0,0.300125,144.0294,0.06746031746031746,0.04938271604938271,1,1,1
2024,2,Saudi Arabian Grand Prix,13,1.548,Haas F1 Team,Kevin Magnussen,12,0.7788461538461539,0.7888446215139442,12.0,0.0,7.0,0.0,-2.0,0.0,0.6,0.235294117647058,0.5308333333333334,24.3748,0.06374501992031872,0.0673076923076923,1,0,1
2024,2,Saudi Arabian Grand Prix,17,2.003,Alpine F1 Team,Esteban Ocon,13,0.7904761904761904,0.8283582089552239,17.0,0.0,10.0,0.0,4.6,4.0,2.4,0.0,0.2928,264.01570000000004,0.07462686567164178,0.0380952380952381,1,1,1
2024,2,Saudi Arabian Grand Prix,19,2.054,Williams,Logan Sargeant,14,0.6956521739130435,0.8055555555555556,20.0,0.0,9.0,0.0,1.0,0.4,-2.4,0.0,0.405,144.0294,0.06746031746031746,0.043478260869565216,1,0,1
2024,2,Saudi Arabian Grand Prix,9,1.075,RB F1 Team,Yuki Tsunoda,15,0.8059701492537313,1.0,14.0,0.0,8.0,0.0,1.4,0.0,-1.2,0.0,0.10025,24.79,0.0,0.05970149253731343,1,0,1
2024,2,Saudi Arabian Grand Prix,14,1.553,RB F1 Team,Daniel Ricciardo,16,0.8288288288288288,1.0,13.0,0.0,8.0,0.0,1.4,0.0,0.2,0.0,0.1579,24.79,0.0,0.036036036036036036,1,0,1
2024,2,Saudi Arabian Grand Prix,16,1.707,Sauber,Valtteri Bottas,17,0.8571428571428572,0.7727272727272727,19.0,0.0,6.0,0.0,-3.4,4.2,-0.8,0.0,1.089125,25.5,0.11363636363636363,0.03968253968253968,1,1,0
2024,2,Saudi Arabian Grand Prix,20,1.075,Sauber,Guanyu Zhou,18,0.8222222222222222,0.7727272727272727,11.0,0.0,6.0,0.0,2.0,4.2,1.4,0.0,0.503,25.5,0.11363636363636363,0.06666666666666667,1,0,0
2024,2,Saudi Arabian Grand Prix,10,0.778,Aston Martin,Lance Stroll,19,0.8240000000000001,0.8432835820895522,10.0,0.038461538461538464,5.0,0.06818181818181818,2.6,9.4,-2.0,-2.208333333333332,-0.138125,143.9386,0.029850746268656716,0.08,1,1,1
2024,2,Saudi Arabian Grand Prix,18,2.007,Alpine F1 Team,Pierre Gasly,20,0.8333333333333334,0.8283582089552239,18.0,0.0,10.0,0.0,-0.2,4.0,0.2,-1.2399999999999984,0.15880000000000002,264.01570000000004,0.07462686567164178,0.047619047619047616,1,1,1
2024,3,Australian Grand Prix,2,0.27,Ferrari,Carlos Sainz,1,0.8571428571428572,0.8582677165354331,6.0,0.29411764705882354,2.0,0.5632183908045977,-1.0,20.2,0.0,0.76923076923077,-0.425,22.927,0.05511811023622047,0.06349206349206349,0,1,1
2024,3,Australian Grand Prix,5,0.389,Ferrari,Charles Leclerc,2,0.8188976377952756,0.8582677165354331,3.0,0.5490196078431373,2.0,0.5632183908045977,-4.4,20.2,0.2,0.0,-0.709875,22.927,0.05511811023622047,0.08661417322834646,0,1,1
2024,3,Australian Grand Prix,4,0.4,McLaren,Lando Norris,3,0.8962264150943396,0.8582677165354331,8.0,0.23529411764705882,3.0,0.3218390804597701,0.0,13.4,-3.2,0.0,-0.606875,22.759800000000002,0.07480314960629922,0.03773584905660377,0,1,1
2024,3,Australian Grand Prix,6,0.657,McLaren,Oscar Piastri,4,0.875,0.8582677165354331,5.0,0.3137254901960784,3.0,0.3218390804597701,0.6,13.4,0.4,0.0,-0.3638,22.759800000000002,0.07480314960629922,0.0,0,1,1
2024,3,Australian Grand Prix,3,0.359,Red Bull,Sergio Pérez,5,0.888,0.8582677165354331,2.0,0.7058823529411765,1.0,1.0,4.6,40.4,3.2,0.0,-0.9511000000000001,22.9418,0.08267716535433071,0.04,0,1,1
2024,3,Australian Grand Prix,9,0.865,Aston Martin,Lance Stroll,6,0.8174603174603174,0.8382352941176471,12.0,0.0196078431372549,5.0,0.14942528735632185,0.6,11.4,-2.0,0.0,-0.138125,23.1114,0.029411764705882353,0.07936507936507936,0,1,1
2024,3,Australian Grand Prix,8,0.873,RB F1 Team,Yuki Tsunoda,7,0.8088235294117647,1.0,18.0,0.0,9.0,0.0,-0.4,0.0,-1.8,0.0,0.416625,33.659499999999994,0.0,0.058823529411764705,0,0,1
2024,3,Australian Grand Prix,10,0.795,Aston Martin,Fernando Alonso,8,0.797752808988764,0.8382352941176471,7.0,0.23529411764705882,5.0,0.14942528735632185,-0.4,11.4,0.8,0.0,-0.1335,23.1114,0.029411764705882353,0.033707865168539325,0,1,1
2024,3,Australian Grand Prix,16,2.061,Haas F1 Team,Nico Hülkenberg,9,0.8028169014084507,0.7905138339920948,11.0,0.0196078431372549,6.0,0.011494252873563218,-3.0,0.2,1.2,0.0,0.239625,23.8959,0.06324110671936758,0.07042253521126761,0,1,1
2024,3,Australian Grand Prix,14,1.512,Haas F1 Team,Kevin Magnussen,10,0.780952380952381,0.7905138339920948,15.0,0.0,6.0,0.011494252873563218,-1.4,0.2,0.6,0.0,0.6965,23.8959,0.06324110671936758,0.06666666666666667,0,0,1
2024,3,Australian Grand Prix,12,1.215,Williams,Alexander Albon,11,0.8536585365853658,0.8070866141732284,13.0,0.0,7.0,0.0,-2.2,0.0,-0.8,0.0,0.495,23.3999,0.06692913385826772,0.04878048780487805,0,1,1
2024,3,Australian Grand Prix,18,2.17,RB F1 Team,Daniel Ricciardo,12,0.8303571428571428,1.0,16.0,0.0,9.0,0.0,1.6,0.0,0.2,0.0,0.4938,33.659499999999994,0.0,0.03571428571428571,0,0,1
2024,3,Australian Grand Prix,17,2.067,Alpine F1 Team,Pierre Gasly,13,0.8267716535433071,0.8235294117647058,21.0,0.0,10.0,0.0,-0.6,3.8,-0.4,0.0,0.139125,23.3765,0.07352941176470588,0.047244094488188976,0,1,1
2024,3,Australian Grand Prix,13,1.425,Sauber,Valtteri Bottas,14,0.8582677165354331,0.782608695652174,20.0,0.0,8.0,0.0,-2.4,4.0,1.0,1.0256410256410273,1.26125,24.281,0.10869565217391304,0.03937007874015748,0,1,0
2024,3,Australian Grand Prix,19,2.273,Sauber,Guanyu Zhou,15,0.8260869565217391,0.782608695652174,14.0,0.0,8.0,0.0,3.2,4.0,1.2,0.0,0.582625,24.281,0.10869565217391304,0.06521739130434782,0,0,0
2024,3,Australian Grand Prix,15,1.702,Alpine F1 Team,Esteban Ocon,16,0.7924528301886793,0.8235294117647058,17.0,0.0,10.0,0.0,4.2,3.8,-0.4,0.0,0.36569999999999997,23.3765,0.07352941176470588,0.03773584905660377,0,1,1
2024,3,Australian Grand Prix,7,0.809,Mercedes,George Russell,17,0.839622641509434,0.9212598425196851,4.0,0.35294117647058826,4.0,0.2988505747126437,-2.6,11.4,-0.2,-0.21428571428571352,-0.53625,22.7108,0.027559055118110236,0.05660377358490566,0,1,1
2024,3,Australian Grand Prix,11,1.045,Mercedes,Lewis Hamilton,18,0.9523809523809523,0.9212598425196851,9.0,0.1568627450980392,4.0,0.2988505747126437,0.8,11.4,-1.0,0.0,-0.3604,22.7108,0.027559055118110236,0.015873015873015872,0,1,1
2024,3,Australian Grand Prix,1,0.0,Red Bull,Max Verstappen,19,0.8740157480314961,0.8582677165354331,1.0,1.0,1.0,1.0,0.4,40.4,-0.4,1.3181818181818183,-1.1710999999999998,22.9418,0.08267716535433071,0.05511811023622047,0,1,1
2024,4,Japanese Grand Prix,1,0.0,Red Bull,Max Verstappen,1,0.8671875,0.85546875,1.0,1.0,1.0,1.0,-3.2,35.0,-3.6,0.0,-1.246125,21.8191,0.08203125,0.0546875,0,1,1
2024,4,Japanese Grand Prix,2,0.066,Red Bull,Sergio Pérez,2,0.8888888888888888,0.85546875,3.0,0.9019607843137255,1.0,1.0,3.2,35.0,-1.4,0.0,-1.0245,21.8191,0.08203125,0.03968253968253968,0,1,1
2024,4,Japanese Grand Prix,4,0.485,Ferrari,Carlos Sainz,3,0.8582677165354331,0.859375,4.0,0.7843137254901961,2.0,0.9587628865979382,-0.4,27.4,0.6,0.0,-0.613125,21.7017,0.0546875,0.06299212598425197,0,1,1
2024,4,Japanese Grand Prix,8,0.589,Ferrari,Charles Leclerc,4,0.8203125,0.859375,2.0,0.9215686274509803,2.0,0.9587628865979382,-0.2,27.4,4.2,0.3333333333333339,-0.7566,21.7017,0.0546875,0.0859375,0,1,1
2024,4,Japanese Grand Prix,3,0.292,McLaren,Lando Norris,5,0.897196261682243,0.859375,6.0,0.5294117647058824,3.0,0.5670103092783505,-0.8,15.0,-0.8,-0.341836734693878,-0.696375,21.5557,0.07421875,0.037383177570093455,0,1,1
2024,4,Japanese Grand Prix,5,0.489,Aston Martin,Fernando Alonso,6,0.8,0.8405797101449275,8.0,0.3137254901960784,5.0,0.25773195876288657,-0.2,8.8,0.2,0.0,-0.0928,21.9052,0.028985507246376812,0.03333333333333333,0,1,1
2024,4,Japanese Grand Prix,9,0.811,Mercedes,George Russell,7,0.8317757009345794,0.9140625,7.0,0.35294117647058826,4.0,0.26804123711340205,-2.8,10.6,-0.2,-2.686274509803921,-0.53625,21.534399999999998,0.02734375,0.056074766355140186,0,1,1
2024,4,Japanese Grand Prix,6,0.563,McLaren,Oscar Piastri,8,0.88,0.859375,5.0,0.5490196078431373,3.0,0.5670103092783505,1.8,15.0,1.2,-3.23076923076923,-0.5418,21.5557,0.07421875,0.0,0,1,1
2024,4,Japanese Grand Prix,7,0.569,Mercedes,Lewis Hamilton,9,0.9448818897637795,0.9140625,10.0,0.1568627450980392,4.0,0.26804123711340205,0.0,10.6,-0.8,0.0,-0.4605,21.534399999999998,0.02734375,0.015748031496062992,0,1,1
2024,4,Japanese Grand Prix,10,1.216,RB F1 Team,Yuki Tsunoda,10,0.8115942028985508,1.0,11.0,0.11764705882352941,6.0,0.061855670103092786,-1.6,2.0,-1.2,-4.814814814814815,0.489125,28.442333333333334,0.0,0.057971014492753624,0,0,1
2024,4,Japanese Grand Prix,12,1.297,Haas F1 Team,Nico Hülkenberg,11,0.8055555555555556,0.792156862745098,13.0,0.058823529411764705,7.0,0.041237113402061855,-1.4,0.8,1.6,0.0,0.166375,21.6749,0.06274509803921569,0.06944444444444445,0,1,1
2024,4,Japanese Grand Prix,16,1.827,Aston Martin,Lance Stroll,12,0.8188976377952756,0.8405797101449275,9.0,0.17647058823529413,5.0,0.25773195876288657,1.6,8.8,1.0,0.0,-0.034125,21.9052,0.028985507246376812,0.07874015748031496,0,1,1
2024,4,Japanese Grand Prix,18,1.934,Haas F1 Team,Kevin Magnussen,13,0.7830188679245282,0.792156862745098,14.0,0.0196078431372549,7.0,0.041237113402061855,0.2,0.8,1.6,0.0,0.6497999999999999,21.6749,0.06274509803921569,0.0660377358490566,0,0,1
2024,4,Japanese Grand Prix,13,1.396,Sauber,Valtteri Bottas,14,0.859375,0.7916666666666666,20.0,0.0,9.0,0.0,-3.0,2.4,-0.6,0.0,1.0338,24.471399999999996,0.10416666666666667,0.0390625,0,1,0
2024,4,Japanese Grand Prix,15,1.614,Alpine F1 Team,Esteban Ocon,15,0.794392523364486,0.8260869565217391,18.0,0.0,10.0,0.0,3.6,2.4,-0.6,0.0,0.361,22.226499999999998,0.07246376811594203,0.037383177570093455,0,1,1
2024,4,Japanese Grand Prix,17,1.922,Alpine F1 Team,Pierre Gasly,16,0.828125,0.8260869565217391,19.0,0.0,10.0,0.0,-1.0,2.4,-0.4,0.6999999999999993,0.220875,22.226499999999998,0.07246376811594203,0.046875,0,1,1
2024,4,Japanese Grand Prix,19,1.942,Williams,Logan Sargeant,17,0.7083333333333333,0.807843137254902,21.0,0.0,8.0,0.0,1.2,0.0,0.2,0.0,0.5674,21.766,0.06666666666666667,0.041666666666666664,0,0,1
2024,4,Japanese Grand Prix,20,1.946,Sauber,Guanyu Zhou,18,0.8297872340425532,0.7916666666666666,16.0,0.0,9.0,0.0,3.4,2.4,0.2,0.0,0.5348999999999999,24.471399999999996,0.10416666666666667,0.06382978723404255,0,0,0
2024,4,Japanese Grand Prix,11,1.275,RB F1 Team,Daniel Ricciardo,19,0.831858407079646,1.0,17.0,0.0,6.0,0.061855670103092786,2.0,2.0,0.4,0.0,0.5452,28.442333333333334,0.0,0.035398230088495575,0,0,1
2024,4,Japanese Grand Prix,14,1.517,Williams,Alexander Albon,20,0.8554216867469879,0.807843137254902,15.0,0.0,8.0,0.0,-1.2,0.0,1.0,0.0,0.4388,21.766,0.06666666666666667,0.04819277108433735,0,1,1
2024,5,Chinese Grand Prix,1,0.0,Red Bull,Max Verstappen,1,0.8682170542635659,0.8565891472868217,1.0,1.0,1.0,1.0,-3.6,35.8,-0.4,0.0,-1.32475,21.634800000000002,0.08139534883720931,0.05426356589147287,0,1,1
2024,5,Chinese Grand Prix,4,0.505,McLaren,Lando Norris,2,0.8981481481481481,0.8604651162790697,5.0,0.4805194805194805,3.0,0.48936170212765956,-0.4,17.4,0.4,0.0,-0.8039,21.8405,0.07364341085271318,0.037037037037037035,0,1,1
2024,5,Chinese Grand Prix,2,0.322,Red Bull,Sergio Pérez,3,0.889763779527559,0.8565891472868217,2.0,0.8311688311688312,1.0,1.0,1.4,35.8,-1.8,0.0,-0.9721000000000001,21.634800000000002,0.08139534883720931,0.03937007874015748,0,1,1
2024,5,Chinese Grand Prix,6,0.629,Ferrari,Charles Leclerc,4,0.8217054263565892,0.8604651162790697,3.0,0.7662337662337663,2.0,0.851063829787234,0.8,27.6,1.0,0.0,-0.6235,21.9081,0.05426356589147287,0.08527131782945736,0,1,1
2024,5,Chinese Grand Prix,7,0.637,Ferrari,Carlos Sainz,5,0.859375,0.8604651162790697,4.0,0.7142857142857143,2.0,0.851063829787234,-0.6,27.6,-0.2,0.0,-0.747125,21.9081,0.05426356589147287,0.0625,0,1,1
2024,5,Chinese Grand Prix,8,0.773,Mercedes,George Russell,6,0.8333333333333334,0.9147286821705426,7.0,0.3116883116883117,4.0,0.24113475177304963,-1.6,10.2,1.2,0.0,-0.48875,21.841700000000003,0.027131782945736434,0.05555555555555555,0,1,1
2024,5,Chinese Grand Prix,3,0.488,Aston Martin,Fernando Alonso,7,0.8021978021978022,0.8428571428571429,8.0,0.3116883116883117,5.0,0.23404255319148937,-0.6,8.0,-0.4,0.0,-0.19090000000000001,21.974400000000003,0.02857142857142857,0.03296703296703297,0,1,1
2024,5,Chinese Grand Prix,5,0.613,McLaren,Oscar Piastri,8,0.8846153846153846,0.8604651162790697,6.0,0.4155844155844156,3.0,0.48936170212765956,-0.4,17.4,-2.2,0.0,-0.481,21.8405,0.07364341085271318,0.0,0,1,1
2024,5,Chinese Grand Prix,18,1.913,Mercedes,Lewis Hamilton,9,0.9453125,0.9147286821705426,9.0,0.12987012987012986,4.0,0.24113475177304963,-1.2,10.2,-1.2,0.0,-0.384125,21.841700000000003,0.027131782945736434,0.015625,0,1,1
2024,5,Chinese Grand Prix,9,0.944,Haas F1 Team,Nico Hülkenberg,10,0.8082191780821918,0.7937743190661479,13.0,0.03896103896103896,7.0,0.028368794326241134,0.0,0.8,1.4,0.0,0.3517,22.512300000000003,0.0622568093385214,0.0684931506849315,0,1,1
2024,5,Chinese Grand Prix,13,1.563,Alpine F1 Team,Esteban Ocon,11,0.7962962962962963,0.8285714285714285,18.0,0.0,10.0,0.0,1.0,0.0,-2.6,0.0,0.7162000000000001,22.6265,0.07142857142857142,0.037037037037037035,0,1,1
2024,5,Chinese Grand Prix,14,1.581,Williams,Alexander Albon,12,0.8452380952380952,0.8054474708171206,15.0,0.0,8.0,0.0,-1.2,0.0,0.0,0.0,0.577,22.4801,0.06614785992217899,0.047619047619047616,0,1,1
2024,5,Chinese Grand Prix,15,1.627,Alpine F1 Team,Pierre Gasly,13,0.8294573643410853,0.8285714285714285,19.0,0.0,10.0,0.0,0.4,0.0,1.4,0.0,0.614,22.6265,0.07142857142857142,0.046511627906976744,0,1,1
2024,5,Chinese Grand Prix,16,1.845,Sauber,Guanyu Zhou,14,0.8125,0.78,16.0,0.0,9.0,0.0,3.2,1.2,-0.2,0.0,0.48775,25.034299999999998,0.1,0.0625,0,0,0
2024,5,Chinese Grand Prix,11,1.178,Aston Martin,Lance Stroll,15,0.8203125,0.8428571428571429,10.0,0.11688311688311688,5.0,0.23404255319148937,0.6,8.0,-1.0,0.0,0.167875,21.974400000000003,0.02857142857142857,0.078125,0,1,1
2024,5,Chinese Grand Prix,17,1.856,Haas F1 Team,Kevin Magnussen,16,0.7850467289719626,0.7937743190661479,14.0,0.012987012987012988,7.0,0.028368794326241134,2.0,0.8,1.8,0.0,0.752,22.512300000000003,0.0622568093385214,0.06542056074766354,0,0,1
2024,5,Chinese Grand Prix,20,2.698,Williams,Logan Sargeant,17,0.72,0.8054474708171206,21.0,0.0,8.0,0.0,0.0,0.0,-1.2,0.0,0.75,22.4801,0.06614785992217899,0.04,0,0,1
2024,5,Chinese Grand Prix,12,1.274,RB F1 Team,Daniel Ricciardo,18,0.8245614035087719,0.875,17.0,0.0,6.0,0.04964539007092199,0.2,1.75,-1.8,0.0,0.58375,27.20325,0.0,0.03508771929824561,0,0,1
2024,5,Chinese Grand Prix,19,2.086,RB F1 Team,Yuki Tsunoda,19,0.8142857142857143,0.875,11.0,0.09090909090909091,6.0,0.04964539007092199,-2.0,1.75,-0.4,0.0,0.3773,27.20325,0.0,0.05714285714285714,0,0,1
2024,5,Chinese Grand Prix,10,1.005,Sauber,Valtteri Bottas,20,0.8604651162790697,0.78,20.0,0.0,9.0,0.0,-1.4,1.2,1.6,0.0,0.7787999999999999,25.034299999999998,0.1,0.03875968992248062,0,1,0
2024,6,Miami Grand Prix,5,0.353,McLaren,Lando Norris,1,0.8990825688073394,0.8615384615384616,5.0,0.5272727272727272,3.0,0.49230769230769234,0.0,18.2,0.4,0.0,-0.7577,21.98,0.07307692307692308,0.03669724770642202,0,1,1
2024,6,Miami Grand Prix,1,0.0,Red Bull,Max Verstappen,2,0.8692307692307693,0.8576923076923078,1.0,1.0,1.0,1.0,-3.6,36.2,0.0,0.0,-1.5435,21.8268,0.08076923076923077,0.05384615384615385,0,1,1
2024,6,Miami Grand Prix,2,0.141,Ferrari,Charles Leclerc,3,0.823076923076923,0.8615384615384616,3.0,0.6909090909090909,2.0,0.7743589743589744,1.2,28.4,0.4,0.0,-0.5281,22.126,0.05384615384615385,0.08461538461538462,0,1,1
2024,6,Miami Grand Prix,4,0.219,Red Bull,Sergio Pérez,4,0.890625,0.8576923076923078,2.0,0.7727272727272727,1.0,1.0,0.2,36.2,-1.2,0.0,-1.0777999999999999,21.8268,0.08076923076923077,0.0390625,0,1,1
2024,6,Miami Grand Prix,3,0.214,Ferrari,Carlos Sainz,5,0.8604651162790697,0.8615384615384616,4.0,0.6272727272727273,2.0,0.7743589743589744,0.6,28.4,1.2,0.0,-0.720875,22.126,0.05384615384615385,0.06201550387596899,0,1,1
2024,6,Miami Grand Prix,8,0.456,Mercedes,Lewis Hamilton,6,0.9457364341085271,0.9153846153846154,9.0,0.17272727272727273,4.0,0.26666666666666666,0.2,8.8,1.4,0.0,-0.28425,21.946800000000003,0.026923076923076925,0.015503875968992248,0,1,1
2024,6,Miami Grand Prix,10,0.926,RB F1 Team,Yuki Tsunoda,7,0.8028169014084507,0.7,11.0,0.06363636363636363,6.0,0.035897435897435895,-1.6,1.4,0.4,0.0,0.478625,26.2822,0.0,0.056338028169014086,0,0,1
2024,6,Miami Grand Prix,7,0.826,Mercedes,George Russell,8,0.8348623853211009,0.9153846153846154,7.0,0.3,4.0,0.26666666666666666,-1.4,8.8,0.2,0.0,-0.463125,21.946800000000003,0.026923076923076925,0.05504587155963303,0,1,1
2024,6,Miami Grand Prix,15,1.186,Aston Martin,Fernando Alonso,9,0.8043478260869565,0.8450704225352113,8.0,0.2818181818181818,5.0,0.20512820512820512,-1.4,8.0,-0.8,0.0,-0.3235,22.2395,0.028169014084507043,0.03260869565217391,0,1,1
2024,6,Miami Grand Prix,13,0.968,Alpine F1 Team,Esteban Ocon,10,0.7981651376146789,0.8309859154929577,16.0,0.0,9.0,0.0,1.4,0.0,0.4,0.0,0.6948,22.6499,0.07042253521126761,0.03669724770642202,0,1,1
2024,6,Miami Grand Prix,9,0.905,Haas F1 Team,Nico Hülkenberg,11,0.8108108108108107,0.7953667953667953,13.0,0.03636363636363636,7.0,0.02564102564102564,1.2,1.0,1.2,0.0,0.2908,22.7219,0.06177606177606178,0.06756756756756757,0,1,1
2024,6,Miami Grand Prix,12,0.735,Alpine F1 Team,Pierre Gasly,12,0.8307692307692307,0.8309859154929577,19.0,0.0,9.0,0.0,1.4,0.0,1.0,0.0,0.6055,22.6499,0.07042253521126761,0.046153846153846156,0,1,1
2024,6,Miami Grand Prix,6,0.434,McLaren,Oscar Piastri,13,0.8888888888888888,0.8615384615384616,6.0,0.34545454545454546,3.0,0.49230769230769234,-0.4,18.2,0.0,0.0,-0.48219999999999996,21.98,0.07307692307692308,0.0,0,1,1
2024,6,Miami Grand Prix,20,1.583,Sauber,Guanyu Zhou,14,0.8163265306122449,0.7692307692307692,17.0,0.0,10.0,0.0,3.2,0.0,0.0,0.0,0.536,25.330099999999998,0.09615384615384616,0.061224489795918366,0,0,0
2024,6,Miami Grand Prix,18,1.376,RB F1 Team,Daniel Ricciardo,15,0.817391304347826,0.7,18.0,0.0,6.0,0.035897435897435895,-1.8,1.4,-2.0,0.0,0.7631666666666667,26.2822,0.0,0.034782608695652174,0,0,1
2024,6,Miami Grand Prix,16,1.222,Sauber,Valtteri Bottas,16,0.8538461538461538,0.7692307692307692,20.0,0.0,10.0,0.0,-3.2,0.0,-1.8,0.0,0.70875,25.330099999999998,0.09615384615384616,0.038461538461538464,0,1,0
2024,6,Miami Grand Prix,11,0.936,Aston Martin,Lance Stroll,17,0.8217054263565892,0.8450704225352113,10.0,0.08181818181818182,5.0,0.20512820512820512,-0.8,8.0,-1.4,0.0,0.160125,22.2395,0.028169014084507043,0.07751937984496124,0,1,1
2024,6,Miami Grand Prix,14,1.102,Williams,Alexander Albon,18,0.8470588235294118,0.8069498069498069,15.0,0.0,8.0,0.0,-0.8,0.0,0.4,0.0,0.685,22.726,0.06563706563706563,0.047058823529411764,0,1,1
2024,6,Miami Grand Prix,19,1.378,Haas F1 Team,Kevin Magnussen,19,0.787037037037037,0.7953667953667953,14.0,0.00909090909090909,7.0,0.02564102564102564,2.8,1.0,0.8,-3.833333333333334,0.965,22.7219,0.06177606177606178,0.06481481481481481,0,0,1
2024,6,Miami Grand Prix,17,1.246,Williams,Logan Sargeant,20,0.7307692307692308,0.8069498069498069,21.0,0.0,8.0,0.0,2.4,0.0,2.4,-0.023255813953488413,0.888,22.726,0.06563706563706563,0.038461538461538464,0,0,1
2024,7,Emilia Romagna Grand Prix,1,0.0,Red Bull,Max Verstappen,1,0.8702290076335878,0.8587786259541985,1.0,1.0,1.0,1.0,-3.8,33.4,-0.2,0.0,-1.387625,21.356299999999997,0.08015267175572519,0.05343511450381679,0,1,1
2024,7,Emilia Romagna Grand Prix,3,0.091,McLaren,Lando Norris,2,0.9,0.8625954198473282,4.0,0.6102941176470589,3.0,0.5188284518828452,0.6,20.8,0.6,-0.32222222222222285,-0.8947999999999999,21.4675,0.07251908396946564,0.03636363636363636,0,1,1
2024,7,Emilia Romagna Grand Prix,4,0.224,Ferrari,Charles Leclerc,3,0.8244274809160306,0.8625954198473282,3.0,0.7205882352941176,2.0,0.7824267782426778,1.4,28.0,0.2,0.0,-0.6537999999999999,21.7685,0.05343511450381679,0.08396946564885496,0,1,1
2024,7,Emilia Romagna Grand Prix,2,0.074,McLaren,Oscar Piastri,4,0.8928571428571429,0.8625954198473282,6.0,0.3014705882352941,3.0,0.5188284518828452,-1.8,20.8,-1.4,1.3971631205673773,-0.5171,21.4675,0.07251908396946564,0.0,0,1,1
2024,7,Emilia Romagna Grand Prix,5,0.487,Ferrari,Carlos Sainz,5,0.8615384615384616,0.8625954198473282,5.0,0.6102941176470589,2.0,0.7824267782426778,0.6,28.0,0.0,0.0,-0.6784,21.7685,0.05343511450381679,0.06153846153846154,0,1,1
2024,7,Emilia Romagna Grand Prix,8,0.758,Mercedes,Lewis Hamilton,6,0.9461538461538461,0.916030534351145,9.0,0.19852941176470587,4.0,0.26778242677824265,0.2,8.0,0.0,-5.0,-0.181375,21.4731,0.026717557251908396,0.015384615384615385,0,1,1
2024,7,Emilia Romagna Grand Prix,6,0.488,Mercedes,George Russell,7,0.8363636363636364,0.916030534351145,7.0,0.27205882352941174,4.0,0.26778242677824265,-1.2,8.0,0.2,4.1,-0.30025,21.4731,0.026717557251908396,0.05454545454545454,0,1,1
2024,7,Emilia Romagna Grand Prix,11,0.96,Red Bull,Sergio Pérez,8,0.8914728682170543,0.8587786259541985,2.0,0.7573529411764706,1.0,1.0,-0.4,33.4,-0.6,0.0,-1.0205,21.356299999999997,0.08015267175572519,0.03875968992248062,0,1,1
2024,7,Emilia Romagna Grand Prix,13,1.246,Aston Martin,Lance Stroll,9,0.823076923076923,0.8472222222222222,11.0,0.0661764705882353,5.0,0.17573221757322174,-2.4,7.8,-1.6,-1.5576923076923084,0.23725,21.832600000000003,0.027777777777777776,0.07692307692307693,0,1,1
2024,7,Emilia Romagna Grand Prix,7,0.612,RB F1 Team,Yuki Tsunoda,10,0.8055555555555556,0.75,10.0,0.10294117647058823,6.0,0.0794979079497908,-0.4,2.6,1.2,4.349056603773585,0.345125,25.7935,0.0,0.05555555555555555,0,0,1
2024,7,Emilia Romagna Grand Prix,10,0.823,Haas F1 Team,Nico Hülkenberg,11,0.8133333333333334,0.7969348659003832,13.0,0.04411764705882353,7.0,0.029288702928870293,2.0,1.0,0.8,-5.203703703703704,0.36810000000000004,22.421300000000002,0.06130268199233716,0.06666666666666667,0,1,1
2024,7,Emilia Romagna Grand Prix,18,2.108,Haas F1 Team,Kevin Magnussen,12,0.7889908256880733,0.7969348659003832,16.0,0.007352941176470588,7.0,0.029288702928870293,2.2,1.0,-0.6,4.245454545454546,0.9013,22.421300000000002,0.06130268199233716,0.06422018348623854,0,0,1
2024,7,Emilia Romagna Grand Prix,9,0.928,RB F1 Team,Daniel Ricciardo,13,0.8189655172413793,0.75,14.0,0.03676470588235294,6.0,0.0794979079497908,-1.4,2.6,0.4,-1.6428571428571423,0.7418333333333333,25.7935,0.0,0.034482758620689655,0,0,1
2024,7,Emilia Romagna Grand Prix,12,1.16,Alpine F1 Team,Esteban Ocon,14,0.8,0.8333333333333334,15.0,0.007352941176470588,8.0,0.0041841004184100415,1.6,0.2,0.2,-0.40350877192982537,0.6058,22.114800000000002,0.06944444444444445,0.03636363636363636,0,1,1
2024,7,Emilia Romagna Grand Prix,17,2.088,Sauber,Guanyu Zhou,15,0.8200000000000001,0.7777777777777778,18.0,0.0,10.0,0.0,3.2,0.0,0.0,1.568965517241379,0.560375,24.770699999999998,0.09259259259259259,0.06,0,0,0
2024,7,Emilia Romagna Grand Prix,15,1.269,Alpine F1 Team,Pierre Gasly,16,0.83206106870229,0.8333333333333334,19.0,0.0,8.0,0.0041841004184100415,1.0,0.2,-0.4,0.0,0.475,22.114800000000002,0.06944444444444445,0.04580152671755725,0,1,1
2024,7,Emilia Romagna Grand Prix,20,0.928,Williams,Logan Sargeant,17,0.7037037037037037,0.8045977011494253,21.0,0.0,9.0,0.0,1.0,0.0,-1.4,-3.5166666666666675,1.020625,22.234199999999998,0.06513409961685823,0.037037037037037035,0,0,1
2024,7,Emilia Romagna Grand Prix,16,1.88,Sauber,Valtteri Bottas,18,0.8549618320610687,0.7777777777777778,20.0,0.0,10.0,0.0,-2.6,0.0,0.6,-3.0901639344262293,0.571375,24.770699999999998,0.09259259259259259,0.03816793893129771,0,1,0
2024,7,Emilia Romagna Grand Prix,19,2.171,Aston Martin,Fernando Alonso,19,0.8064516129032258,0.8472222222222222,8.0,0.2426470588235294,5.0,0.17573221757322174,0.4,7.8,1.8,6.903225806451612,-0.2718,21.832600000000003,0.027777777777777776,0.03225806451612903,0,1,1
2024,7,Emilia Romagna Grand Prix,14,1.454,Williams,Alexander Albon,20,0.8488372093023255,0.8045977011494253,17.0,0.0,9.0,0.0,-1.2,0.0,-0.4,0.0,0.587375,22.234199999999998,0.06513409961685823,0.046511627906976744,0,1,1
2024,8,Monaco Grand Prix,1,0.0,Ferrari,Charles Leclerc,1,0.8257575757575757,0.8636363636363636,2.0,0.7018633540372671,2.0,0.7910447761194029,1.8,28.6,0.4,-5.171875,-0.6844,23.246599999999997,0.05303030303030303,0.08333333333333333,1,1,1
2024,8,Monaco Grand Prix,2,0.154,McLaren,Oscar Piastri,2,0.896551724137931,0.8636363636363636,6.0,0.32919254658385094,3.0,0.5746268656716418,-2.4,23.6,-0.6,-4.646153846153846,-0.6109,23.076300000000003,0.07196969696969698,0.0,1,1,1
2024,8,Monaco Grand Prix,3,0.248,Ferrari,Carlos Sainz,3,0.8625954198473282,0.8636363636363636,5.0,0.577639751552795,2.0,0.7910447761194029,0.4,28.6,-0.2,4.348484848484848,-0.6778,23.246599999999997,0.05303030303030303,0.061068702290076333,1,1,1
2024,8,Monaco Grand Prix,4,0.272,McLaren,Lando Norris,4,0.9009009009009009,0.8636363636363636,4.0,0.6273291925465838,3.0,0.5746268656716418,1.2,23.6,0.6,0.0,-1.0166,23.076300000000003,0.07196969696969698,0.036036036036036036,1,1,1
2024,8,Monaco Grand Prix,5,0.273,Mercedes,George Russell,5,0.8378378378378378,0.9166666666666666,7.0,0.2732919254658385,4.0,0.2947761194029851,-1.6,9.0,-0.4,3.264705882352942,-0.4165,23.2758,0.026515151515151516,0.05405405405405406,1,1,1
2024,8,Monaco Grand Prix,6,0.297,Red Bull,Max Verstappen,6,0.8712121212121212,0.8598484848484849,1.0,1.0,1.0,1.0,-3.8,30.6,0.0,0.9818840579710137,-1.322125,23.0845,0.07954545454545454,0.05303030303030303,1,1,1
2024,8,Monaco Grand Prix,7,0.351,Mercedes,Lewis Hamilton,7,0.9465648854961832,0.9166666666666666,8.0,0.21739130434782608,4.0,0.2947761194029851,0.8,9.0,0.6,-0.814285714285715,-0.235125,23.2758,0.026515151515151516,0.015267175572519083,1,1,1
2024,8,Monaco Grand Prix,8,0.588,RB F1 Team,Yuki Tsunoda,8,0.8082191780821918,0.7857142857142857,10.0,0.09316770186335403,6.0,0.07462686567164178,0.2,2.8,0.6,-5.774647887323944,0.120875,23.2573,0.0,0.0547945205479452,1,0,1
2024,8,Monaco Grand Prix,9,0.678,Williams,Alexander Albon,9,0.8390804597701149,0.8022813688212928,17.0,0.0,9.0,0.0,-2.6,0.0,-1.4,4.944444444444446,0.4291666666666667,23.9236,0.06463878326996197,0.04597701149425287,1,1,1
2024,8,Monaco Grand Prix,10,0.626,Alpine F1 Team,Pierre Gasly,10,0.8333333333333334,0.8356164383561644,19.0,0.0,8.0,0.0037313432835820895,1.2,0.2,0.2,0.30136986301369895,0.452,23.7452,0.0684931506849315,0.045454545454545456,1,1,1
2024,8,Monaco Grand Prix,14,1.749,Aston Martin,Fernando Alonso,11,0.8085106382978724,0.8493150684931507,9.0,0.20496894409937888,5.0,0.16417910447761194,0.6,6.2,0.2,0.0,-0.0294,23.452199999999998,0.0273972602739726,0.031914893617021274,1,1,1
2024,8,Monaco Grand Prix,12,1.212,RB F1 Team,Daniel Ricciardo,12,0.8205128205128205,0.7857142857142857,14.0,0.031055900621118012,6.0,0.07462686567164178,-1.8,2.8,-0.4,0.0,0.3938333333333333,23.2573,0.0,0.03418803418803419,1,0,1
2024,8,Monaco Grand Prix,17,2.242,Sauber,Valtteri Bottas,13,0.8560606060606061,0.7857142857142857,20.0,0.0,10.0,0.0,-2.8,0.0,-0.2,0.048245614035087314,0.41975,26.1629,0.08928571428571429,0.03787878787878788,1,1,0
2024,8,Monaco Grand Prix,13,1.293,Aston Martin,Lance Stroll,14,0.8244274809160306,0.8493150684931507,11.0,0.06832298136645963,5.0,0.16417910447761194,0.2,6.2,2.6,-3.0346320346320343,0.259,23.452199999999998,0.0273972602739726,0.07633587786259542,1,1,1
2024,8,Monaco Grand Prix,15,1.75,Williams,Logan Sargeant,15,0.7142857142857143,0.8022813688212928,21.0,0.0,9.0,0.0,2.0,0.0,1.0,3.320512820512821,1.062625,23.9236,0.06463878326996197,0.03571428571428571,1,0,1
2024,8,Monaco Grand Prix,18,2.758,Sauber,Guanyu Zhou,16,0.8235294117647058,0.7857142857142857,18.0,0.0,10.0,0.0,3.2,0.0,0.0,5.008438818565402,0.606375,26.1629,0.08928571428571429,0.058823529411764705,1,0,0
2024,8,Monaco Grand Prix,11,1.015,Alpine F1 Team,Esteban Ocon,17,0.8018018018018018,0.8356164383561644,15.0,0.006211180124223602,8.0,0.0037313432835820895,0.4,0.2,-1.2,-1.375,0.5484,23.7452,0.0684931506849315,0.036036036036036036,1,1,1
2024,8,Monaco Grand Prix,16,1.79,Red Bull,Sergio Pérez,18,0.8923076923076922,0.8598484848484849,3.0,0.6645962732919255,1.0,1.0,0.0,30.6,0.4,0.1728395061728385,-0.7491,23.0845,0.07954545454545454,0.038461538461538464,1,1,1
2024,8,Monaco Grand Prix,14,1.17,Haas F1 Team,Nico Hülkenberg,19,0.8157894736842105,0.7984790874524714,13.0,0.037267080745341616,7.0,0.026119402985074626,0.8,0.8,-1.2,2.833333333333334,0.3767,0.0,0.060836501901140684,0.06578947368421052,1,1,1
2024,8,Monaco Grand Prix,15,1.455,Haas F1 Team,Kevin Magnussen,20,0.7909090909090909,0.7984790874524714,16.0,0.006211180124223602,7.0,0.026119402985074626,3.2,0.8,1.0,0.0,0.8196,0.0,0.060836501901140684,0.06363636363636363,1,0,1
2024,9,Canadian Grand Prix,2,0.258,Red Bull,Max Verstappen,1,0.8721804511278195,0.8571428571428572,1.0,1.0,1.0,1.0,-0.2,30.2,3.6,-0.8809523809523814,-1.2597,259.1994,0.07894736842105263,0.05263157894736842,0,1,1
2024,9,Canadian Grand Prix,3,0.279,McLaren,Lando Norris,2,0.9017857142857143,0.8646616541353384,3.0,0.6686390532544378,3.0,0.6666666666666666,1.0,24.2,-0.2,3.7333333333333325,-1.0422,491.8517,0.07142857142857142,0.03571428571428571,0,1,1
2024,9,Canadian Grand Prix,1,0.0,Mercedes,George Russell,3,0.8392857142857143,0.9172932330827068,7.0,0.31952662721893493,4.0,0.34782608695652173,0.4,12.4,2.0,-1.9147286821705425,-0.5277999999999999,493.55559999999997,0.02631578947368421,0.05357142857142857,0,1,1
2024,9,Canadian Grand Prix,7,0.237,Mercedes,Lewis Hamilton,4,0.946969696969697,0.9172932330827068,8.0,0.2485207100591716,4.0,0.34782608695652173,2.2,12.4,1.4,-3.873563218390805,-0.3965,493.55559999999997,0.02631578947368421,0.015151515151515152,0,1,1
2024,9,Canadian Grand Prix,4,0.361,McLaren,Oscar Piastri,5,0.9,0.8646616541353384,6.0,0.42011834319526625,3.0,0.6666666666666666,-2.8,24.2,-0.4,-2.8219696969696972,-0.6717000000000001,491.8517,0.07142857142857142,0.0,0,1,1
2024,9,Canadian Grand Prix,6,0.486,Aston Martin,Fernando Alonso,6,0.8105263157894737,0.8513513513513513,9.0,0.1952662721893491,5.0,0.15942028985507245,0.8,3.8,0.2,2.8838951310861436,0.2032,261.0349,0.02702702702702703,0.031578947368421054,0,1,1
2024,9,Canadian Grand Prix,9,0.917,Aston Martin,Lance Stroll,7,0.8257575757575757,0.8513513513513513,11.0,0.0650887573964497,5.0,0.15942028985507245,-0.6,3.8,-0.8,0.0,0.299,261.0349,0.02702702702702703,0.07575757575757576,0,1,1
2024,9,Canadian Grand Prix,5,0.436,RB F1 Team,Daniel Ricciardo,8,0.8220338983050848,0.8125,14.0,0.029585798816568046,6.0,0.08695652173913043,-3.0,2.4,-1.2,0.0,0.7153333333333334,495.9943999999999,0.0,0.03389830508474576,0,0,1
2024,9,Canadian Grand Prix,15,1.198,Alpine F1 Team,Pierre Gasly,9,0.8345864661654135,0.8310810810810811,18.0,0.005917159763313609,9.0,0.007246376811594203,0.4,0.4,-0.8,3.144927536231883,0.49319999999999997,496.46639999999996,0.06756756756756757,0.045112781954887216,0,1,1
2024,9,Canadian Grand Prix,18,1.693,Alpine F1 Team,Esteban Ocon,10,0.7946428571428572,0.8310810810810811,16.0,0.005917159763313609,9.0,0.007246376811594203,-0.6,0.4,-1.0,-4.973118279569892,0.65125,496.46639999999996,0.06756756756756757,0.03571428571428571,0,1,1
2024,9,Canadian Grand Prix,19,2.236,Haas F1 Team,Nico Hülkenberg,11,0.8051948051948052,0.7924528301886793,13.0,0.03550295857988166,7.0,0.025362318840579712,-1.6,0.2,-2.4,-0.41489361702127603,0.41975,24.2769,0.06037735849056604,0.06493506493506493,0,1,1
2024,9,Canadian Grand Prix,14,1.174,Haas F1 Team,Kevin Magnussen,12,0.7837837837837838,0.7924528301886793,17.0,0.005917159763313609,7.0,0.025362318840579712,1.4,0.2,-1.8,3.5578947368421048,0.90875,24.2769,0.06037735849056604,0.06306306306306306,0,0,1
2024,9,Canadian Grand Prix,17,1.624,Sauber,Valtteri Bottas,13,0.8571428571428572,0.7931034482758621,20.0,0.0,10.0,0.0,-1.8,0.0,1.0,1.7208333333333332,0.615125,261.6512000000001,0.08620689655172414,0.03759398496240601,0,1,0
2024,9,Canadian Grand Prix,8,0.561,RB F1 Team,Yuki Tsunoda,14,0.8108108108108107,0.8125,10.0,0.11242603550295859,6.0,0.08695652173913043,0.0,2.4,-0.2,-1.223367697594501,0.210375,495.9943999999999,0.0,0.05405405405405406,0,0,1
2024,9,Canadian Grand Prix,20,2.55,Sauber,Guanyu Zhou,15,0.8269230769230769,0.7931034482758621,19.0,0.0,10.0,0.0,2.8,0.0,-0.4,0.4183673469387763,0.8545,261.6512000000001,0.08620689655172414,0.057692307692307696,0,0,0
2024,9,Canadian Grand Prix,12,0.986,Ferrari,Carlos Sainz,16,0.8636363636363636,0.8646616541353384,4.0,0.6390532544378699,2.0,0.9130434782608695,0.2,27.8,-0.2,0.0,-0.6285,488.25559999999996,0.05263157894736842,0.06060606060606061,0,1,1
2024,9,Canadian Grand Prix,10,0.743,Williams,Alexander Albon,17,0.8409090909090909,0.8037735849056604,15.0,0.011834319526627219,8.0,0.007246376811594203,-2.8,0.4,-0.2,1.6600000000000001,0.5601666666666666,496.6516,0.06415094339622641,0.045454545454545456,0,1,1
2024,9,Canadian Grand Prix,16,1.584,Red Bull,Sergio Pérez,18,0.8854961832061069,0.8571428571428572,5.0,0.6331360946745562,1.0,1.0,0.0,30.2,0.0,2.1262376237623766,-0.758125,259.1994,0.07894736842105263,0.03816793893129771,0,1,1
2024,9,Canadian Grand Prix,11,0.949,Ferrari,Charles Leclerc,19,0.8270676691729324,0.8646616541353384,2.0,0.8165680473372781,2.0,0.9130434782608695,1.2,27.8,-0.6,-2.549019607843137,-0.7199,488.25559999999996,0.05263157894736842,0.08270676691729323,0,1,1
2024,9,Canadian Grand Prix,13,0.994,Williams,Logan Sargeant,20,0.7241379310344828,0.8037735849056604,21.0,0.0,8.0,0.007246376811594203,1.0,0.4,-1.0,2.2451456310679614,1.067625,496.6516,0.06415094339622641,0.034482758620689655,0,0,1
2024,10,Spanish Grand Prix,2,0.02,Red Bull,Max Verstappen,1,0.8731343283582089,0.8544776119402985,1.0,1.0,1.0,1.0,0.0,26.4,0.2,-2.1378205128205128,-1.3212000000000002,259.4312,0.07835820895522388,0.05223880597014925,0,1,1
2024,10,Spanish Grand Prix,1,0.0,McLaren,Lando Norris,2,0.9026548672566371,0.8656716417910448,3.0,0.6752577319587629,3.0,0.7043189368770764,1.6,27.0,0.6,3.6190476190476186,-1.1527,491.9318,0.0708955223880597,0.035398230088495575,0,1,1
2024,10,Spanish Grand Prix,3,0.318,Mercedes,Lewis Hamilton,3,0.9473684210526316,0.917910447761194,8.0,0.28350515463917525,4.0,0.4119601328903654,3.2,16.4,1.0,0.37264150943396146,-0.6142000000000001,493.7679999999999,0.026119402985074626,0.015037593984962405,0,1,1
2024,10,Spanish Grand Prix,4,0.32,Mercedes,George Russell,4,0.8407079646017699,0.917910447761194,7.0,0.3556701030927835,4.0,0.4119601328903654,-0.4,16.4,-0.8,-0.8831775700934585,-0.6043999999999999,493.7679999999999,0.026119402985074626,0.05309734513274336,0,1,1
2024,10,Spanish Grand Prix,5,0.348,Ferrari,Charles Leclerc,5,0.8208955223880597,0.8582089552238806,2.0,0.711340206185567,2.0,0.8372093023255814,-1.2,22.4,-2.4,0.6018518518518512,-0.839625,488.4632,0.05223880597014925,0.08208955223880597,0,1,1
2024,10,Spanish Grand Prix,6,0.353,Ferrari,Carlos Sainz,6,0.8571428571428572,0.8582089552238806,4.0,0.5567010309278351,2.0,0.8372093023255814,-0.8,22.4,-1.0,2.532110091743119,-0.607875,488.4632,0.05223880597014925,0.06015037593984962,0,1,1
2024,10,Spanish Grand Prix,10,0.628,McLaren,Oscar Piastri,7,0.9032258064516129,0.8656716417910448,6.0,0.4175257731958763,3.0,0.7043189368770764,-2.6,27.0,0.2,-2.25,-0.9349,491.9318,0.0708955223880597,0.0,0,1,1
2024,10,Spanish Grand Prix,8,0.671,Red Bull,Sergio Pérez,8,0.8787878787878788,0.8544776119402985,5.0,0.5515463917525774,1.0,1.0,-0.4,26.4,-0.4,-4.067567567567568,-0.7181666666666666,259.4312,0.07835820895522388,0.03787878787878788,0,1,1
2024,10,Spanish Grand Prix,7,0.474,Alpine F1 Team,Pierre Gasly,9,0.835820895522388,0.8333333333333334,15.0,0.015463917525773196,8.0,0.016611295681063124,1.4,1.0,1.0,-3.0267857142857135,0.2906,496.5629,0.06666666666666667,0.04477611940298507,0,1,1
2024,10,Spanish Grand Prix,9,0.726,Alpine F1 Team,Esteban Ocon,10,0.7964601769911505,0.8333333333333334,17.0,0.010309278350515464,8.0,0.016611295681063124,1.0,1.0,1.6,3.9159292035398234,0.328125,496.5629,0.06666666666666667,0.035398230088495575,0,1,1
2024,10,Spanish Grand Prix,13,0.927,Haas F1 Team,Nico Hülkenberg,11,0.8076923076923077,0.7940074906367041,14.0,0.030927835051546393,7.0,0.023255813953488372,-0.2,0.2,1.4,0.9473684210526319,0.27625,25.598300000000002,0.0599250936329588,0.0641025641025641,0,1,1
2024,10,Spanish Grand Prix,11,0.745,Aston Martin,Fernando Alonso,12,0.8125,0.8533333333333333,9.0,0.211340206185567,5.0,0.19269102990033224,1.0,5.0,0.2,3.4956521739130437,0.115,261.3244,0.02666666666666667,0.03125,0,1,1
2024,10,Spanish Grand Prix,15,1.355,Sauber,Guanyu Zhou,13,0.8301886792452831,0.8,19.0,0.0,10.0,0.0,3.4,0.0,0.6,1.181034482758621,0.8692000000000001,261.78860000000003,0.08333333333333333,0.05660377358490566,0,0,0
2024,10,Spanish Grand Prix,14,0.989,Aston Martin,Lance Stroll,14,0.8270676691729324,0.8533333333333333,11.0,0.08762886597938144,5.0,0.19269102990033224,-1.0,5.0,-0.4,-5.138461538461538,0.1031,261.3244,0.02666666666666667,0.07518796992481203,0,1,1
2024,10,Spanish Grand Prix,18,1.692,RB F1 Team,Daniel Ricciardo,15,0.8235294117647058,0.8333333333333334,12.0,0.04639175257731959,6.0,0.09302325581395349,-2.0,3.0,1.0,0.13135593220338926,0.502,496.41099999999994,0.0,0.03361344537815126,0,0,1
2024,10,Spanish Grand Prix,12,0.844,Sauber,Valtteri Bottas,16,0.8582089552238806,0.8,20.0,0.0,10.0,0.0,-0.8,0.0,1.0,3.3949579831932777,0.619875,261.78860000000003,0.08333333333333333,0.03731343283582089,0,1,0
2024,10,Spanish Grand Prix,16,1.554,Haas F1 Team,Kevin Magnussen,17,0.7857142857142857,0.7940074906367041,18.0,0.005154639175257732,7.0,0.023255813953488372,0.8,0.2,-0.6,0.7416666666666671,0.68125,25.598300000000002,0.0599250936329588,0.0625,0,0,1
2024,10,Spanish Grand Prix,19,1.77,Williams,Alexander Albon,18,0.8314606741573034,0.797752808988764,16.0,0.010309278350515464,9.0,0.006644518272425249,-3.0,0.4,-0.2,-3.044628099173554,0.5601666666666666,496.63229999999993,0.06367041198501873,0.0449438202247191,0,1,1
2024,10,Spanish Grand Prix,17,1.602,RB F1 Team,Yuki Tsunoda,19,0.8133333333333334,0.8333333333333334,10.0,0.0979381443298969,6.0,0.09302325581395349,-1.2,3.0,-1.2,1.9606557377049185,0.292625,496.41099999999994,0.0,0.05333333333333334,0,0,1
2024,10,Spanish Grand Prix,20,2.126,Williams,Logan Sargeant,20,0.7,0.797752808988764,21.0,0.0,9.0,0.006644518272425249,-0.8,0.4,-1.8,0.1577235772357728,0.9665,496.63229999999993,0.06367041198501873,0.03333333333333333,0,0,1
2024,11,Austrian Grand Prix,3,0.526,Mercedes,George Russell,1,0.8421052631578947,0.9185185185185185,7.0,0.3698630136986301,4.0,0.4575757575757576,-0.8,19.8,-0.4,0.8983870967741936,-0.6457999999999999,493.704,0.025925925925925925,0.05263157894736842,0,1,1
2024,11,Austrian Grand Prix,7,0.734,McLaren,Oscar Piastri,2,0.90625,0.8666666666666667,6.0,0.3972602739726027,3.0,0.7181818181818181,-1.4,27.6,1.2,-3.4102857142857133,-1.0492000000000001,491.9437999999999,0.07037037037037037,0.0,0,1,1
2024,11,Austrian Grand Prix,4,0.537,Ferrari,Carlos Sainz,3,0.8582089552238806,0.8592592592592593,4.0,0.5296803652968036,2.0,0.8181818181818182,-1.2,21.6,-0.4,2.4301587301587286,-0.805875,488.4085999999999,0.05185185185185185,0.05970149253731343,0,1,1
2024,11,Austrian Grand Prix,5,0.589,Mercedes,Lewis Hamilton,4,0.9477611940298507,0.9185185185185185,8.0,0.319634703196347,4.0,0.4575757575757576,1.4,19.8,-1.8,0.02834645669291369,-0.7756000000000001,493.704,0.025925925925925925,0.014925373134328358,0,1,1
2024,11,Austrian Grand Prix,1,0.0,Red Bull,Max Verstappen,5,0.8740740740740741,0.8555555555555556,1.0,1.0,1.0,1.0,0.2,24.2,0.2,0.0,-1.134,259.2759,0.07777777777777778,0.05185185185185185,0,1,1
2024,11,Austrian Grand Prix,9,0.948,Haas F1 Team,Nico Hülkenberg,6,0.810126582278481,0.7955390334572491,14.0,0.0273972602739726,8.0,0.021212121212121213,0.4,0.0,0.6,0.0,0.32675,24.9669,0.05947955390334572,0.06329113924050633,0,1,1
2024,11,Austrian Grand Prix,8,0.83,Red Bull,Sergio Pérez,7,0.8796992481203008,0.8555555555555556,5.0,0.5068493150684932,1.0,1.0,-0.2,24.2,0.2,0.0,-0.4543333333333333,259.2759,0.07777777777777778,0.03759398496240601,0,1,1
2024,11,Austrian Grand Prix,12,1.033,Haas F1 Team,Kevin Magnussen,8,0.7876106194690266,0.7955390334572491,18.0,0.0045662100456621,8.0,0.021212121212121213,0.4,0.0,-0.4,0.0,0.45075,24.9669,0.05947955390334572,0.061946902654867256,0,0,1
2024,11,Austrian Grand Prix,11,0.975,RB F1 Team,Daniel Ricciardo,9,0.825,0.85,12.0,0.0410958904109589,6.0,0.08484848484848485,-0.2,3.0,1.8,0.0,0.503,496.313,0.0,0.03333333333333333,0,0,1
2024,11,Austrian Grand Prix,13,1.045,Alpine F1 Team,Pierre Gasly,10,0.837037037037037,0.8355263157894737,15.0,0.0228310502283105,7.0,0.024242424242424242,0.6,1.6,-0.8,0.0,0.2119,496.29679999999996,0.06578947368421052,0.044444444444444446,0,1,1
2024,11,Austrian Grand Prix,6,0.73,Ferrari,Charles Leclerc,11,0.8222222222222222,0.8592592592592593,3.0,0.6757990867579908,2.0,0.8181818181818182,-1.6,21.6,-0.4,0.0,-1.053125,488.4085999999999,0.05185185185185185,0.08148148148148149,0,1,1
2024,11,Austrian Grand Prix,10,0.96,Alpine F1 Team,Esteban Ocon,12,0.7982456140350878,0.8355263157894737,16.0,0.0136986301369863,7.0,0.024242424242424242,0.4,1.6,-0.6,0.0,0.278125,496.29679999999996,0.06578947368421052,0.03508771929824561,0,1,1
2024,11,Austrian Grand Prix,17,1.505,Aston Martin,Lance Stroll,13,0.8283582089552239,0.8552631578947368,11.0,0.0776255707762557,5.0,0.17575757575757575,-0.2,3.6,0.8,0.0,0.193,261.14140000000003,0.02631578947368421,0.07462686567164178,0,1,1
2024,11,Austrian Grand Prix,14,1.098,RB F1 Team,Yuki Tsunoda,14,0.8157894736842105,0.85,10.0,0.0867579908675799,6.0,0.08484848484848485,-1.6,3.0,-0.4,0.0,0.36310000000000003,496.313,0.0,0.05263157894736842,0,0,1
2024,11,Austrian Grand Prix,16,1.422,Williams,Alexander Albon,15,0.8333333333333334,0.7992565055762082,17.0,0.0091324200913242,9.0,0.006060606060606061,-3.2,0.4,-0.2,0.0,0.5908333333333333,496.4727999999999,0.06319702602230483,0.044444444444444446,0,1,1
2024,11,Austrian Grand Prix,18,1.533,Sauber,Valtteri Bottas,16,0.8592592592592593,0.8064516129032258,20.0,0.0,10.0,0.0,0.4,0.0,1.2,0.0,0.6345,261.6979,0.08064516129032258,0.037037037037037035,0,1,0
2024,11,Austrian Grand Prix,20,1.747,Sauber,Guanyu Zhou,17,0.8333333333333334,0.8064516129032258,19.0,0.0,10.0,0.0,3.4,0.0,0.0,0.0,0.8058,261.6979,0.08064516129032258,0.05555555555555555,0,0,0
2024,11,Austrian Grand Prix,15,1.325,Aston Martin,Fernando Alonso,18,0.8144329896907216,0.8552631578947368,9.0,0.1872146118721461,5.0,0.17575757575757575,1.6,3.6,0.6,0.0,0.3351,261.14140000000003,0.02631578947368421,0.030927835051546393,0,1,1
2024,11,Austrian Grand Prix,19,1.542,Williams,Logan Sargeant,19,0.7096774193548387,0.7992565055762082,21.0,0.0,9.0,0.006060606060606061,-1.4,0.4,-0.6,0.0,1.1916666666666667,496.4727999999999,0.06319702602230483,0.03225806451612903,0,0,1
2024,11,Austrian Grand Prix,2,0.404,McLaren,Lando Norris,20,0.9035087719298246,0.8666666666666667,2.0,0.684931506849315,3.0,0.7181818181818181,1.0,27.6,-0.6,0.0,-1.2888,491.9437999999999,0.07037037037037037,0.03508771929824561,0,1,1
2024,12,British Grand Prix,2,0.171,Mercedes,Lewis Hamilton,1,0.9481481481481482,0.9191176470588235,8.0,0.35864978902953587,4.0,0.5521126760563381,1.2,24.8,-0.2,0.0,-0.8949,493.53689999999995,0.025735294117647058,0.014814814814814815,0,1,1
2024,12,British Grand Prix,4,0.384,Red Bull,Max Verstappen,2,0.875,0.8566176470588236,1.0,1.0,1.0,1.0,-0.4,21.4,-0.6,0.0,-1.1705,259.38430000000005,0.07720588235294118,0.051470588235294115,0,1,1
2024,12,British Grand Prix,3,0.211,McLaren,Lando Norris,3,0.9043478260869565,0.8676470588235294,2.0,0.6582278481012658,3.0,0.7549295774647887,-3.4,26.2,-4.4,0.0,-1.2258,491.73949999999996,0.06985294117647059,0.034782608695652174,0,1,1
2024,12,British Grand Prix,5,0.418,McLaren,Oscar Piastri,4,0.9090909090909091,0.8676470588235294,6.0,0.47257383966244726,3.0,0.7549295774647887,1.0,26.2,2.4,0.0,-1.0857,491.73949999999996,0.06985294117647059,0.0,0,1,1
2024,12,British Grand Prix,7,0.69,Ferrari,Carlos Sainz,5,0.8592592592592593,0.8602941176470589,4.0,0.569620253164557,2.0,0.819718309859155,-0.6,19.6,0.6,0.0,-0.8575,488.2423999999999,0.051470588235294115,0.05925925925925926,0,1,1
2024,12,British Grand Prix,6,0.519,Haas F1 Team,Nico Hülkenberg,6,0.8125,0.7970479704797048,12.0,0.05907172995780591,7.0,0.05352112676056338,1.4,2.4,1.0,0.0,0.249375,24.697499999999998,0.05904059040590406,0.0625,0,1,1
2024,12,British Grand Prix,8,0.766,Aston Martin,Lance Stroll,7,0.8296296296296296,0.8571428571428572,11.0,0.07172995780590717,5.0,0.16338028169014085,1.8,3.2,2.0,0.0,0.1705,260.91179999999997,0.025974025974025976,0.07407407407407407,0,1,1
2024,12,British Grand Prix,10,0.911,Aston Martin,Fernando Alonso,8,0.8163265306122449,0.8571428571428572,9.0,0.1729957805907173,5.0,0.16338028169014085,-0.2,3.2,-1.8,0.0,0.3044,260.91179999999997,0.025974025974025976,0.030612244897959183,0,1,1
2024,12,British Grand Prix,9,0.821,Williams,Alexander Albon,9,0.8351648351648352,0.8007380073800738,18.0,0.008438818565400843,9.0,0.005633802816901409,-2.2,0.4,1.0,0.0,0.529,496.3691999999999,0.06273062730627306,0.04395604395604396,0,1,1
2024,12,British Grand Prix,13,1.45,RB F1 Team,Yuki Tsunoda,10,0.8181818181818181,0.8636363636363636,10.0,0.08016877637130802,6.0,0.08450704225352113,-2.2,2.2,-0.6,0.0,0.4117,496.11889999999994,0.0,0.05194805194805195,0,0,1
2024,12,British Grand Prix,12,1.356,Williams,Logan Sargeant,11,0.71875,0.8007380073800738,21.0,0.0,9.0,0.005633802816901409,-0.8,0.4,0.6,0.0,1.1005,496.3691999999999,0.06273062730627306,0.03125,0,0,1
2024,12,British Grand Prix,17,7.086,Haas F1 Team,Kevin Magnussen,12,0.7894736842105263,0.7970479704797048,16.0,0.02109704641350211,7.0,0.05352112676056338,1.2,2.4,0.8,0.0,0.319875,24.697499999999998,0.05904059040590406,0.06140350877192982,0,0,1
2024,12,British Grand Prix,15,2.13,RB F1 Team,Daniel Ricciardo,13,0.8264462809917356,0.8636363636363636,13.0,0.046413502109704644,6.0,0.08450704225352113,-0.4,2.2,-0.2,0.0,0.3937,496.11889999999994,0.0,0.03305785123966942,0,0,1
2024,12,British Grand Prix,11,1.278,Ferrari,Charles Leclerc,14,0.8235294117647058,0.8602941176470589,3.0,0.6329113924050633,2.0,0.819718309859155,-2.4,19.6,-0.8,0.0,-0.9815,488.2423999999999,0.051470588235294115,0.08088235294117647,0,1,1
2024,12,British Grand Prix,16,6.612,Sauber,Valtteri Bottas,15,0.8602941176470589,0.8125,20.0,0.0,10.0,0.0,0.8,0.0,0.4,0.0,0.6528999999999999,261.4854000000001,0.078125,0.03676470588235294,0,1,0
2024,12,British Grand Prix,18,8.738,Alpine F1 Team,Esteban Ocon,16,0.8,0.8376623376623377,17.0,0.012658227848101266,8.0,0.02535211267605634,-0.6,1.6,-1.0,0.0,0.19575,496.1313,0.06493506493506493,0.034782608695652174,0,1,1
2024,12,British Grand Prix,19,12.529,Red Bull,Sergio Pérez,17,0.8805970149253731,0.8566176470588236,5.0,0.4978902953586498,1.0,1.0,0.0,21.4,0.2,0.0,-0.3095,259.38430000000005,0.07720588235294118,0.03731343283582089,0,1,1
2024,12,British Grand Prix,14,2.048,Sauber,Guanyu Zhou,18,0.8363636363636364,0.8125,19.0,0.0,10.0,0.0,2.8,0.0,-0.6,0.0,0.8627,261.4854000000001,0.078125,0.05454545454545454,0,0,0
2024,12,British Grand Prix,1,0.0,Mercedes,George Russell,19,0.8434782608695652,0.9191176470588235,7.0,0.46835443037974683,4.0,0.5521126760563381,-0.2,24.8,0.6,0.0,-0.8529,493.53689999999995,0.025735294117647058,0.05217391304347826,0,1,1
2024,12,British Grand Prix,20,13.985,Alpine F1 Team,Pierre Gasly,20,0.8382352941176471,0.8376623376623377,15.0,0.02531645569620253,8.0,0.02535211267605634,1.2,1.6,0.6,0.0,0.1696,496.1313,0.06493506493506493,0.04411764705882353,0,1,1
2024,13,Hungarian Grand Prix,2,0.022,McLaren,Oscar Piastri,1,0.9117647058823529,0.8686131386861313,5.0,0.48627450980392156,3.0,0.7908847184986595,1.6,25.6,0.6,0.0,-1.1271,491.64099999999996,0.06934306569343066,0.0,0,1,1
2024,13,Hungarian Grand Prix,1,0.0,McLaren,Lando Norris,2,0.9051724137931034,0.8686131386861313,2.0,0.6705882352941176,3.0,0.7908847184986595,-3.6,25.6,-0.2,0.0,-1.2264000000000002,491.64099999999996,0.06934306569343066,0.034482758620689655,0,1,1
2024,13,Hungarian Grand Prix,5,0.627,Mercedes,Lewis Hamilton,3,0.9485294117647058,0.916058394160584,8.0,0.43137254901960786,4.0,0.5924932975871313,1.0,26.8,-0.2,0.0,-1.0680999999999998,493.6235,0.025547445255474453,0.014705882352941176,0,1,1
2024,13,Hungarian Grand Prix,6,0.664,Ferrari,Charles Leclerc,4,0.8248175182481752,0.8613138686131387,3.0,0.5882352941176471,2.0,0.8096514745308311,-3.2,16.8,-0.8,0.0,-0.78675,488.003,0.051094890510948905,0.08029197080291971,0,1,1
2024,13,Hungarian Grand Prix,3,0.046,Red Bull,Max Verstappen,5,0.8759124087591241,0.8576642335766423,1.0,1.0,1.0,1.0,0.0,19.2,0.4,0.0,-1.146,259.17050000000006,0.07664233576642336,0.051094890510948905,0,1,1
2024,13,Hungarian Grand Prix,4,0.469,Ferrari,Carlos Sainz,6,0.8602941176470589,0.8613138686131387,4.0,0.5725490196078431,2.0,0.8096514745308311,-0.2,16.8,0.4,0.0,-0.836875,488.003,0.051094890510948905,0.058823529411764705,0,1,1
2024,13,Hungarian Grand Prix,16,2.659,Red Bull,Sergio Pérez,7,0.8814814814814815,0.8576642335766423,6.0,0.4627450980392157,1.0,1.0,-0.2,19.2,-0.2,0.0,0.16016666666666665,259.17050000000006,0.07664233576642336,0.037037037037037035,0,1,1
2024,13,Hungarian Grand Prix,17,2.741,Mercedes,George Russell,8,0.8362068965517242,0.916058394160584,7.0,0.43529411764705883,4.0,0.5924932975871313,-3.6,26.8,-3.4,0.0,-0.865625,493.6235,0.025547445255474453,0.05172413793103448,0,1,1
2024,13,Hungarian Grand Prix,10,0.894,RB F1 Team,Yuki Tsunoda,9,0.8205128205128205,0.875,12.0,0.0784313725490196,6.0,0.08310991957104558,-1.0,2.2,1.2,0.0,0.3413,496.08089999999993,0.0,0.05128205128205128,0,0,1
2024,13,Hungarian Grand Prix,8,0.848,Aston Martin,Lance Stroll,10,0.8308823529411764,0.858974358974359,10.0,0.09019607843137255,5.0,0.18230563002680966,1.2,4.8,-0.6,0.0,0.0603,260.7474,0.02564102564102564,0.07352941176470588,0,1,1
2024,13,Hungarian Grand Prix,7,0.816,Aston Martin,Fernando Alonso,11,0.8181818181818181,0.858974358974359,9.0,0.17647058823529413,5.0,0.18230563002680966,0.2,4.8,0.4,0.0,0.073,260.7474,0.02564102564102564,0.030303030303030304,0,1,1
2024,13,Hungarian Grand Prix,9,0.975,RB F1 Team,Daniel Ricciardo,12,0.8278688524590164,0.875,13.0,0.043137254901960784,6.0,0.08310991957104558,0.8,2.2,1.2,0.0,0.4455,496.08089999999993,0.0,0.03278688524590164,0,0,1
2024,13,Hungarian Grand Prix,11,1.09,Haas F1 Team,Nico Hülkenberg,13,0.8148148148148149,0.7985347985347986,11.0,0.08627450980392157,7.0,0.07238605898123325,1.6,4.0,0.2,0.0,0.034875,26.0594,0.05860805860805861,0.06172839506172839,0,1,1
2024,13,Hungarian Grand Prix,13,1.202,Williams,Alexander Albon,14,0.8369565217391304,0.8021978021978022,17.0,0.01568627450980392,9.0,0.010723860589812333,-1.0,0.8,1.2,0.0,0.361625,496.3675,0.06227106227106227,0.043478260869565216,0,1,1
2024,13,Hungarian Grand Prix,15,1.321,Haas F1 Team,Kevin Magnussen,15,0.7913043478260869,0.7985347985347986,16.0,0.0196078431372549,7.0,0.07238605898123325,1.0,4.0,-0.2,0.0,0.13575,26.0594,0.05860805860805861,0.06086956521739131,0,0,1
2024,13,Hungarian Grand Prix,12,1.157,Sauber,Valtteri Bottas,16,0.8613138686131387,0.8181818181818181,21.0,0.0,10.0,0.0,1.4,0.0,0.6,0.0,0.6862,261.4836,0.07575757575757576,0.0364963503649635,0,1,0
2024,13,Hungarian Grand Prix,14,1.316,Williams,Logan Sargeant,17,0.7272727272727273,0.8021978021978022,20.0,0.0,9.0,0.010723860589812333,-1.2,0.8,-0.4,0.0,0.86975,496.3675,0.06227106227106227,0.030303030303030304,0,0,1
2024,13,Hungarian Grand Prix,19,2.822,Alpine F1 Team,Esteban Ocon,18,0.8017241379310345,0.8333333333333334,18.0,0.011764705882352941,8.0,0.024128686327077747,0.2,1.6,0.8,0.0,0.637125,495.7586,0.0641025641025641,0.034482758620689655,0,1,1
2024,13,Hungarian Grand Prix,18,2.81,Sauber,Guanyu Zhou,19,0.8392857142857143,0.8181818181818181,19.0,0.0,10.0,0.0,1.6,0.0,-1.2,0.0,1.253,261.4836,0.07575757575757576,0.05357142857142857,0,0,0
2024,13,Hungarian Grand Prix,20,2.939,Alpine F1 Team,Pierre Gasly,20,0.8321167883211679,0.8333333333333334,15.0,0.023529411764705882,8.0,0.024128686327077747,1.4,1.6,0.2,0.0,0.122,495.7586,0.0641025641025641,0.043795620437956206,0,1,1
2024,14,Belgian Grand Prix,4,0.676,Mercedes,Lewis Hamilton,1,0.948905109489051,0.9166666666666666,6.0,0.4716981132075472,4.0,0.6195372750642674,1.4,27.4,0.4,0.0,-1.0823,24.020599999999998,0.025362318840579712,0.014598540145985401,0,1,1
2024,14,Belgian Grand Prix,6,0.868,McLaren,Oscar Piastri,2,0.9142857142857143,0.8695652173913043,5.0,0.5622641509433962,2.0,0.8688946015424165,1.8,28.2,0.2,0.0,-1.0786,23.6691,0.06884057971014493,0.0,0,1,1
2024,14,Belgian Grand Prix,2,0.595,Ferrari,Charles Leclerc,3,0.8260869565217391,0.8623188405797102,3.0,0.6113207547169811,3.0,0.8277634961439588,-2.8,12.8,0.4,0.0,-0.7915,23.831,0.050724637681159424,0.07971014492753623,0,1,1
2024,14,Belgian Grand Prix,1,0.0,Red Bull,Max Verstappen,4,0.8768115942028986,0.8586956521739131,1.0,1.0,1.0,1.0,-0.4,20.8,-0.4,0.0,-1.068,23.796100000000003,0.07608695652173914,0.050724637681159424,0,1,1
2024,14,Belgian Grand Prix,5,0.822,McLaren,Lando Norris,5,0.905982905982906,0.8695652173913043,2.0,0.7132075471698113,2.0,0.8688946015424165,-3.8,28.2,-0.2,0.0,-1.1514000000000002,23.6691,0.06884057971014493,0.03418803418803419,0,1,1
2024,14,Belgian Grand Prix,8,0.953,Ferrari,Carlos Sainz,6,0.8613138686131387,0.8623188405797102,4.0,0.5811320754716981,3.0,0.8277634961439588,-0.6,12.8,-0.4,0.0,-0.76725,23.831,0.050724637681159424,0.058394160583941604,0,1,1
2024,14,Belgian Grand Prix,3,0.606,Red Bull,Sergio Pérez,7,0.8823529411764706,0.8586956521739131,7.0,0.4679245283018868,1.0,1.0,2.0,20.8,2.2,0.0,-0.041625,23.796100000000003,0.07608695652173914,0.03676470588235294,0,1,1
2024,14,Belgian Grand Prix,9,1.099,Aston Martin,Fernando Alonso,8,0.8200000000000001,0.8607594936708861,9.0,0.16981132075471697,5.0,0.17737789203084833,-1.2,5.0,-1.4,0.0,-0.1103,24.0493,0.02531645569620253,0.03,0,1,1
2024,14,Belgian Grand Prix,10,1.301,Alpine F1 Team,Esteban Ocon,9,0.8034188034188035,0.8291139240506329,18.0,0.011320754716981131,8.0,0.02313624678663239,1.6,1.4,1.4,0.0,0.6528999999999999,23.6649,0.06329113924050633,0.03418803418803419,0,1,1
2024,14,Belgian Grand Prix,13,1.523,RB F1 Team,Daniel Ricciardo,10,0.8292682926829268,0.8846153846153846,13.0,0.04150943396226415,6.0,0.08483290488431877,0.2,1.8,-0.6,0.0,0.32639999999999997,24.0178,0.0,0.032520325203252036,0,0,1
2024,14,Belgian Grand Prix,15,2.557,Aston Martin,Lance Stroll,11,0.8321167883211679,0.8607594936708861,10.0,0.09056603773584905,5.0,0.17737789203084833,1.0,5.0,-0.2,0.0,-0.017,24.0493,0.02531645569620253,0.072992700729927,0,1,1
2024,14,Belgian Grand Prix,11,1.314,Williams,Alexander Albon,12,0.8387096774193549,0.8036363636363637,17.0,0.01509433962264151,9.0,0.010282776349614395,-1.2,0.4,-0.2,0.0,0.324125,24.4711,0.06181818181818182,0.043010752688172046,0,1,1
2024,14,Belgian Grand Prix,12,1.476,Alpine F1 Team,Pierre Gasly,13,0.8260869565217391,0.8291139240506329,15.0,0.022641509433962263,8.0,0.02313624678663239,1.4,1.4,0.0,0.0,-0.037,23.6649,0.06329113924050633,0.043478260869565216,0,1,1
2024,14,Belgian Grand Prix,17,3.341,Haas F1 Team,Kevin Magnussen,14,0.7931034482758621,0.8,16.0,0.018867924528301886,7.0,0.06940874035989718,2.0,4.0,1.0,0.0,0.2866,24.430200000000003,0.05818181818181818,0.0603448275862069,0,0,1
2024,14,Belgian Grand Prix,14,1.605,Sauber,Valtteri Bottas,15,0.8623188405797102,0.8235294117647058,21.0,0.0,10.0,0.0,-0.2,0.0,-1.6,0.0,0.6795,24.819399999999998,0.07352941176470588,0.036231884057971016,0,1,0
2024,14,Belgian Grand Prix,18,3.434,RB F1 Team,Yuki Tsunoda,16,0.8227848101265822,0.8846153846153846,12.0,0.0830188679245283,6.0,0.08483290488431877,-0.8,1.8,0.2,0.0,0.2449,24.0178,0.0,0.05063291139240506,0,0,1
2024,14,Belgian Grand Prix,19,4.071,Williams,Logan Sargeant,17,0.7352941176470589,0.8036363636363637,20.0,0.0,9.0,0.010282776349614395,-1.8,0.4,-0.6,0.0,0.7865,24.4711,0.06181818181818182,0.029411764705882353,0,0,1
2024,14,Belgian Grand Prix,16,3.149,Haas F1 Team,Nico Hülkenberg,18,0.8170731707317074,0.8,11.0,0.0830188679245283,7.0,0.06940874035989718,2.2,4.0,0.6,0.0,0.1277,24.430200000000003,0.05818181818181818,0.06097560975609756,0,1,1
2024,14,Belgian Grand Prix,20,4.616,Sauber,Guanyu Zhou,19,0.8421052631578947,0.8235294117647058,19.0,0.0,10.0,0.0,1.0,0.0,-0.6,0.0,1.1859000000000002,24.819399999999998,0.07352941176470588,0.05263157894736842,0,0,0
2024,14,Belgian Grand Prix,7,0.936,Mercedes,George Russell,20,0.8376068376068376,0.9166666666666666,8.0,0.4377358490566038,4.0,0.6195372750642674,-1.8,27.4,1.8,0.0,-0.591375,24.020599999999998,0.025362318840579712,0.05128205128205128,0,1,1
2024,15,Dutch Grand Prix,1,0.0,McLaren,Lando Norris,1,0.9067796610169492,0.8705035971223022,2.0,0.7184115523465704,2.0,0.8970588235294118,-4.0,28.2,-0.2,0.0,-1.0258,23.4543,0.0683453237410072,0.03389830508474576,0,1,1
2024,15,Dutch Grand Prix,2,0.356,Red Bull,Max Verstappen,2,0.8776978417266187,0.8597122302158273,1.0,1.0,1.0,1.0,-1.2,19.6,-0.8,0.0,-0.9372999999999999,23.4616,0.07553956834532374,0.050359712230215826,0,1,1
2024,15,Dutch Grand Prix,6,0.909,Ferrari,Charles Leclerc,3,0.8273381294964028,0.8633093525179856,3.0,0.6389891696750902,3.0,0.8455882352941176,-1.4,17.4,1.4,0.0,-0.8372,23.522100000000002,0.050359712230215826,0.07913669064748201,0,1,1
2024,15,Dutch Grand Prix,3,0.499,McLaren,Oscar Piastri,4,0.9166666666666666,0.8705035971223022,4.0,0.6028880866425993,2.0,0.8970588235294118,2.8,28.2,1.0,0.0,-0.9752000000000001,23.4543,0.0683453237410072,0.0,0,1,1
2024,15,Dutch Grand Prix,10,1.241,Ferrari,Carlos Sainz,5,0.8623188405797102,0.8633093525179856,5.0,0.5848375451263538,3.0,0.8455882352941176,0.6,17.4,1.2,0.0,-0.6905,23.522100000000002,0.050359712230215826,0.057971014492753624,0,1,1
2024,15,Dutch Grand Prix,5,0.743,Red Bull,Sergio Pérez,6,0.8832116788321168,0.8597122302158273,7.0,0.4729241877256318,1.0,1.0,1.6,19.6,-0.4,0.0,-0.1915,23.4616,0.07553956834532374,0.0364963503649635,0,1,1
2024,15,Dutch Grand Prix,4,0.571,Mercedes,George Russell,7,0.8305084745762712,0.9136690647482014,8.0,0.4187725631768953,4.0,0.6519607843137255,-4.0,26.8,-2.2,0.0,-0.5138333333333334,23.5957,0.025179856115107913,0.05084745762711865,0,1,1
2024,15,Dutch Grand Prix,11,1.275,Mercedes,Lewis Hamilton,8,0.9492753623188406,0.9136690647482014,6.0,0.5415162454873647,4.0,0.6519607843137255,1.4,26.8,0.0,0.0,-1.0692000000000002,23.5957,0.025179856115107913,0.014492753623188406,0,1,1
2024,15,Dutch Grand Prix,9,1.142,Alpine F1 Team,Pierre Gasly,9,0.8273381294964028,0.83125,15.0,0.021660649819494584,8.0,0.02696078431372549,0.0,1.2,-1.4,0.0,0.06016666666666667,23.392500000000002,0.0625,0.04316546762589928,0,1,1
2024,15,Dutch Grand Prix,7,0.96,Aston Martin,Fernando Alonso,10,0.8217821782178218,0.8625,9.0,0.17689530685920576,5.0,0.17892156862745098,-1.0,3.0,0.2,0.0,0.07440000000000001,23.7207,0.025,0.0297029702970297,0,1,1
2024,15,Dutch Grand Prix,13,1.542,Haas F1 Team,Nico Hülkenberg,11,0.8192771084337349,0.8014440433212997,11.0,0.07942238267148015,7.0,0.0661764705882353,0.2,4.0,-2.0,0.0,0.12290000000000001,24.176000000000002,0.05776173285198556,0.060240963855421686,0,1,1
2024,15,Dutch Grand Prix,15,2.27,RB F1 Team,Daniel Ricciardo,12,0.8306451612903226,0.8928571428571429,13.0,0.04332129963898917,6.0,0.08333333333333333,1.4,1.2,1.2,0.0,0.37960000000000005,23.4326,0.0,0.03225806451612903,0,0,1
2024,15,Dutch Grand Prix,8,0.988,Aston Martin,Lance Stroll,13,0.8333333333333334,0.8625,10.0,0.08664259927797834,5.0,0.17892156862745098,1.4,3.0,0.4,0.0,0.1713,23.7207,0.025,0.07246376811594203,0,1,1
2024,15,Dutch Grand Prix,10,0.98,Williams,Alexander Albon,14,0.8404255319148937,0.8050541516245487,18.0,0.01444043321299639,9.0,0.00980392156862745,0.0,0.4,1.2,0.0,0.35860000000000003,24.209799999999998,0.061371841155234655,0.0425531914893617,0,1,1
2024,15,Dutch Grand Prix,16,2.322,Alpine F1 Team,Esteban Ocon,15,0.8050847457627118,0.83125,17.0,0.018050541516245487,8.0,0.02696078431372549,0.2,1.2,-1.4,0.0,0.6921,23.392500000000002,0.0625,0.03389830508474576,0,1,1
2024,15,Dutch Grand Prix,20,1.142,Williams,Logan Sargeant,16,0.7428571428571429,0.8050541516245487,20.0,0.0,9.0,0.00980392156862745,0.0,0.4,1.8,0.0,0.8482999999999999,24.209799999999998,0.061371841155234655,0.02857142857142857,0,0,1
2024,15,Dutch Grand Prix,12,1.282,RB F1 Team,Yuki Tsunoda,17,0.825,0.8928571428571429,12.0,0.07942238267148015,6.0,0.08333333333333333,0.8,1.2,1.6,0.0,0.25839999999999996,23.4326,0.0,0.05,0,0,1
2024,15,Dutch Grand Prix,14,1.622,Haas F1 Team,Kevin Magnussen,18,0.7948717948717949,0.8014440433212997,16.0,0.018050541516245487,7.0,0.0661764705882353,2.2,4.0,0.2,0.0,0.4111,24.176000000000002,0.05776173285198556,0.05982905982905983,0,0,1
2024,15,Dutch Grand Prix,17,2.495,Sauber,Valtteri Bottas,19,0.8633093525179856,0.8142857142857143,21.0,0.0,10.0,0.0,-1.2,0.0,-1.0,0.0,0.6738,24.0317,0.07142857142857142,0.03597122302158273,0,1,0
2024,15,Dutch Grand Prix,18,3.588,Sauber,Guanyu Zhou,20,0.8275862068965517,0.8142857142857143,19.0,0.0,10.0,0.0,0.2,0.0,-0.8,0.0,1.250375,24.0317,0.07142857142857142,0.05172413793103448,0,0,0
2024,16,Italian Grand Prix,4,0.134,Ferrari,Charles Leclerc,1,0.8285714285714285,0.8642857142857143,3.0,0.6508474576271186,3.0,0.8525345622119815,-0.8,18.8,0.6,0.0,-0.8392999999999999,23.2459,0.05,0.07857142857142857,0,1,1
2024,16,Italian Grand Prix,2,0.109,McLaren,Oscar Piastri,2,0.9189189189189189,0.8714285714285714,4.0,0.6067796610169491,2.0,0.9308755760368663,2.0,30.8,-0.8,0.0,-0.9853999999999999,23.2404,0.06785714285714285,0.0,0,1,1
2024,16,Italian Grand Prix,1,0.0,McLaren,Lando Norris,3,0.907563025210084,0.8714285714285714,2.0,0.7627118644067796,2.0,0.9308755760368663,-3.8,30.8,0.2,0.0,-1.086,23.2404,0.06785714285714285,0.03361344537815126,0,1,1
2024,16,Italian Grand Prix,5,0.14,Ferrari,Carlos Sainz,4,0.8633093525179856,0.8642857142857143,5.0,0.5830508474576271,3.0,0.8525345622119815,1.6,18.8,1.0,0.0,-0.7547,23.2459,0.05,0.05755395683453238,0,1,1
2024,16,Italian Grand Prix,6,0.186,Mercedes,Lewis Hamilton,5,0.9496402877697842,0.9142857142857143,6.0,0.5220338983050847,4.0,0.6359447004608295,2.0,23.4,0.6,0.0,-1.0706,23.3744,0.025,0.014388489208633094,0,1,1
2024,16,Italian Grand Prix,7,0.335,Red Bull,Max Verstappen,6,0.8785714285714286,0.8607142857142858,1.0,1.0,1.0,1.0,-1.4,19.0,-0.2,0.0,-0.9367000000000001,23.524700000000003,0.075,0.05,0,1,1
2024,16,Italian Grand Prix,3,0.113,Mercedes,George Russell,7,0.8319327731092436,0.9142857142857143,8.0,0.4135593220338983,4.0,0.6359447004608295,-4.6,23.4,-0.6,0.0,-0.48,23.3744,0.025,0.05042016806722689,0,1,1
2024,16,Italian Grand Prix,8,0.735,Red Bull,Sergio Pérez,8,0.8840579710144928,0.8607142857142858,7.0,0.4711864406779661,1.0,1.0,1.4,19.0,-0.2,0.0,-0.2214,23.524700000000003,0.075,0.036231884057971016,0,1,1
2024,16,Italian Grand Prix,9,0.972,Williams,Alexander Albon,9,0.8421052631578947,0.8064516129032258,18.0,0.013559322033898305,9.0,0.009216589861751152,-1.0,0.4,-1.0,0.0,0.25,23.9707,0.06093189964157706,0.042105263157894736,0,1,1
2024,16,Italian Grand Prix,13,1.371,Haas F1 Team,Kevin Magnussen,10,0.7966101694915254,0.8028673835125448,16.0,0.01694915254237288,7.0,0.06221198156682028,1.6,4.0,-0.6,0.0,0.4467,23.869999999999997,0.05734767025089606,0.059322033898305086,0,0,1
2024,16,Italian Grand Prix,11,1.094,Aston Martin,Fernando Alonso,11,0.8235294117647058,0.8641975308641976,9.0,0.1694915254237288,5.0,0.17050691244239632,-1.4,3.2,-0.4,0.0,0.0876,23.5412,0.024691358024691357,0.029411764705882353,0,1,1
2024,16,Italian Grand Prix,18,1.734,Williams,Franco Colapinto,12,0.9,0.8064516129032258,0.0,0.0,9.0,0.009216589861751152,0.0,0.4,0.0,0.0,0.0,23.9707,0.06093189964157706,0.1,0,1,1
2024,16,Italian Grand Prix,12,1.152,RB F1 Team,Daniel Ricciardo,13,0.832,0.9,13.0,0.04067796610169491,6.0,0.07834101382488479,1.4,1.2,0.0,0.0,0.263,23.199400000000004,0.0,0.032,0,0,1
2024,16,Italian Grand Prix,15,1.437,Alpine F1 Team,Esteban Ocon,14,0.8067226890756303,0.8333333333333334,17.0,0.01694915254237288,8.0,0.029953917050691243,0.6,1.0,0.4,0.0,0.9075,23.383100000000002,0.06172839506172839,0.03361344537815126,0,1,1
2024,16,Italian Grand Prix,14,1.411,Alpine F1 Team,Pierre Gasly,15,0.8285714285714285,0.8333333333333334,14.0,0.02711864406779661,8.0,0.029953917050691243,0.4,1.0,0.4,0.0,0.25283333333333335,23.383100000000002,0.06172839506172839,0.04285714285714286,0,1,1
2024,16,Italian Grand Prix,19,1.774,Sauber,Valtteri Bottas,16,0.8642857142857143,0.8194444444444444,21.0,0.0,10.0,0.0,-0.8,0.0,0.4,0.0,0.6556000000000001,23.709699999999998,0.06944444444444445,0.03571428571428571,0,1,0
2024,16,Italian Grand Prix,10,1.012,Haas F1 Team,Nico Hülkenberg,17,0.8214285714285714,0.8028673835125448,11.0,0.07457627118644068,7.0,0.06221198156682028,0.2,4.0,0.0,0.0,0.08990000000000001,23.869999999999997,0.05734767025089606,0.05952380952380952,0,1,1
2024,16,Italian Grand Prix,20,2.118,Sauber,Guanyu Zhou,18,0.8305084745762712,0.8194444444444444,19.0,0.0,10.0,0.0,-0.6,0.0,-0.8,0.0,1.494125,23.709699999999998,0.06944444444444445,0.05084745762711865,0,0,0
2024,16,Italian Grand Prix,17,1.686,Aston Martin,Lance Stroll,19,0.8345323741007195,0.8641975308641976,10.0,0.08135593220338982,5.0,0.17050691244239632,0.4,3.2,-1.0,0.0,0.1159,23.5412,0.024691358024691357,0.07194244604316546,0,1,1
2024,16,Italian Grand Prix,16,1.618,RB F1 Team,Yuki Tsunoda,20,0.8271604938271605,0.9,12.0,0.07457627118644068,6.0,0.07834101382488479,0.2,1.2,-0.6,0.0,0.2344,23.199400000000004,0.0,0.04938271604938271,0,0,1
2024,17,Azerbaijan Grand Prix,2,0.321,McLaren,Oscar Piastri,1,0.9210526315789473,0.8723404255319149,4.0,0.6501650165016502,2.0,0.9820627802690582,1.0,34.0,-1.0,0.0,-1.1260999999999999,23.885399999999997,0.0673758865248227,0.0,1,1,1
2024,17,Azerbaijan Grand Prix,1,0.0,Ferrari,Charles Leclerc,2,0.8297872340425532,0.8652482269503546,3.0,0.7161716171617162,3.0,0.9125560538116592,0.8,23.2,1.6,-1.891304347826087,-0.9688,23.8355,0.04964539007092199,0.07801418439716312,1,1,1
2024,17,Azerbaijan Grand Prix,5,0.509,Mercedes,George Russell,3,0.8333333333333334,0.9148936170212766,8.0,0.42244224422442245,4.0,0.6547085201793722,-5.8,19.2,-1.2,0.0,-0.3725,24.1274,0.024822695035460994,0.05,1,1,1
2024,17,Azerbaijan Grand Prix,16,2.244,McLaren,Lando Norris,4,0.9083333333333333,0.8723404255319149,2.0,0.7953795379537953,2.0,0.9820627802690582,-0.6,34.0,3.2,-2.270833333333333,-1.1904000000000001,23.885399999999997,0.0673758865248227,0.03333333333333333,1,1,1
2024,17,Azerbaijan Grand Prix,6,0.658,Red Bull,Max Verstappen,5,0.8794326241134752,0.8617021276595744,1.0,1.0,1.0,1.0,-0.4,18.2,1.0,6.326530612244898,-0.9853999999999999,23.8667,0.07446808510638298,0.04964539007092199,1,1,1
2024,17,Azerbaijan Grand Prix,8,1.004,Aston Martin,Fernando Alonso,6,0.8252427184466019,0.8658536585365854,9.0,0.16501650165016502,5.0,0.16591928251121077,-0.8,3.2,0.6,1.96,0.030899999999999997,24.2178,0.024390243902439025,0.02912621359223301,1,1,1
2024,17,Azerbaijan Grand Prix,10,1.475,Williams,Alexander Albon,7,0.84375,0.8078291814946619,17.0,0.019801980198019802,9.0,0.013452914798206279,-1.2,0.8,-0.2,8.588235294117647,0.2065,24.5469,0.060498220640569395,0.041666666666666664,1,1,1
2024,17,Azerbaijan Grand Prix,9,1.108,Williams,Franco Colapinto,8,1.0,0.8078291814946619,21.0,0.0,9.0,0.013452914798206279,6.0,0.8,0.0,0.0,0.1665,24.5469,0.060498220640569395,0.0,1,1,1
2024,17,Azerbaijan Grand Prix,7,0.924,Mercedes,Lewis Hamilton,9,0.95,0.9148936170212766,6.0,0.5412541254125413,4.0,0.6547085201793722,2.0,19.2,0.0,-1.2075471698113205,-1.1937,24.1274,0.024822695035460994,0.014285714285714285,1,1,1
2024,17,Azerbaijan Grand Prix,11,1.603,Haas F1 Team,Oliver Bearman,10,1.0,0.8042704626334519,15.0,0.019801980198019802,7.0,0.06278026905829596,4.0,1.8,0.0,2.8703703703703702,-0.559,26.820600000000002,0.05693950177935943,0.0,1,1,1
2024,17,Azerbaijan Grand Prix,13,1.736,Haas F1 Team,Nico Hülkenberg,11,0.8235294117647058,0.8042704626334519,11.0,0.07260726072607261,7.0,0.06278026905829596,-1.8,1.8,-2.0,0.9818181818181815,0.1679,26.820600000000002,0.05693950177935943,0.058823529411764705,1,1,1
2024,17,Azerbaijan Grand Prix,15,1.814,Alpine F1 Team,Pierre Gasly,12,0.8297872340425532,0.8353658536585366,14.0,0.026402640264026403,8.0,0.02914798206278027,-0.4,0.8,-0.8,2.0357142857142856,0.3786666666666667,23.8763,0.06097560975609756,0.0425531914893617,1,1,1
2024,17,Azerbaijan Grand Prix,15,2.182,RB F1 Team,Daniel Ricciardo,13,0.8333333333333334,0.875,13.0,0.039603960396039604,6.0,0.07623318385650224,0.8,0.8,-0.6,-2.8771929824561404,0.2489,24.9876,0.0,0.031746031746031744,1,0,1
2024,17,Azerbaijan Grand Prix,18,2.881,Sauber,Guanyu Zhou,14,0.8333333333333334,0.8243243243243243,19.0,0.0,10.0,0.0,-0.8,0.0,-0.2,4.206896551724138,1.551125,24.473599999999998,0.06756756756756757,0.05,1,0,0
2024,17,Azerbaijan Grand Prix,19,3.139,Alpine F1 Team,Esteban Ocon,15,0.8083333333333333,0.8353658536585366,18.0,0.0165016501650165,8.0,0.02914798206278027,1.2,0.8,0.6,-3.694915254237288,1.0666,23.8763,0.06097560975609756,0.03333333333333333,1,1,1
2024,17,Azerbaijan Grand Prix,17,2.253,Sauber,Valtteri Bottas,16,0.8652482269503546,0.8243243243243243,22.0,0.0,10.0,0.0,-0.6,0.0,0.2,-0.11666666666666625,0.8421000000000001,24.473599999999998,0.06756756756756757,0.03546099290780142,1,1,0
2024,17,Azerbaijan Grand Prix,4,0.448,Red Bull,Sergio Pérez,17,0.8848920863309353,0.8617021276595744,7.0,0.47194719471947194,1.0,1.0,1.2,18.2,-0.2,0.4754098360655741,-0.2457,23.8667,0.07446808510638298,0.03597122302158273,1,1,1
2024,17,Azerbaijan Grand Prix,3,0.44,Ferrari,Carlos Sainz,18,0.8642857142857143,0.8652482269503546,5.0,0.6072607260726073,3.0,0.9125560538116592,1.6,23.2,0.0,-0.467741935483871,-0.8076,23.8355,0.04964539007092199,0.05714285714285714,1,1,1
2024,17,Azerbaijan Grand Prix,14,2.005,Aston Martin,Lance Stroll,19,0.8357142857142857,0.8658536585365854,10.0,0.07920792079207921,5.0,0.16591928251121077,-0.8,3.2,-1.2,-1.6825396825396828,0.1819,24.2178,0.024390243902439025,0.07142857142857142,1,1,1
2024,17,Azerbaijan Grand Prix,12,1.67,RB F1 Team,Yuki Tsunoda,20,0.8170731707317074,0.875,12.0,0.07260726072607261,6.0,0.07623318385650224,-0.6,0.8,-0.8,4.359375,0.207625,24.9876,0.0,0.04878048780487805,1,0,1
2024,18,Singapore Grand Prix,1,0.0,McLaren,Lando Norris,1,0.9090909090909091,0.8732394366197183,2.0,0.8115015974440895,1.0,1.0,1.8,36.2,2.4,1.384615384615385,-0.9582,22.0006,0.06690140845070422,0.03305785123966942,0,1,1
2024,18,Singapore Grand Prix,2,0.155,Red Bull,Max Verstappen,2,0.8802816901408451,0.8591549295774648,1.0,1.0,2.0,0.957983193277311,-0.6,16.6,-0.2,4.409090909090909,-0.8709,22.217000000000002,0.07394366197183098,0.04929577464788732,0,1,1
2024,18,Singapore Grand Prix,5,0.115,McLaren,Oscar Piastri,3,0.9230769230769231,0.8732394366197183,4.0,0.7092651757188498,1.0,1.0,1.0,36.2,0.0,1.932835820895522,-1.0995,22.0006,0.06690140845070422,0.0,0,1,1
2024,18,Singapore Grand Prix,4,0.342,Mercedes,George Russell,4,0.8347107438016529,0.9154929577464789,7.0,0.45686900958466453,4.0,0.6491596638655462,-1.8,17.6,4.0,-4.264705882352941,-0.446375,22.244100000000003,0.02464788732394366,0.049586776859504134,0,1,1
2024,18,Singapore Grand Prix,9,0.222,Ferrari,Charles Leclerc,5,0.8309859154929577,0.8626760563380281,3.0,0.7507987220447284,3.0,0.8928571428571429,1.2,24.6,0.4,1.304347826086956,-1.1156,22.2246,0.04929577464788732,0.07746478873239436,0,1,1
2024,18,Singapore Grand Prix,3,0.316,Mercedes,Lewis Hamilton,6,0.950354609929078,0.9154929577464789,6.0,0.5303514376996805,4.0,0.6491596638655462,1.4,17.6,-0.6,0.371428571428571,-0.9731000000000001,22.244100000000003,0.02464788732394366,0.014184397163120567,0,1,1
2024,18,Singapore Grand Prix,10,0.583,Ferrari,Carlos Sainz,7,0.8581560283687943,0.8626760563380281,5.0,0.5878594249201278,3.0,0.8928571428571429,-1.8,24.6,-3.4,-2.330985915492958,-0.821875,22.2246,0.04929577464788732,0.05673758865248227,0,1,1
2024,18,Singapore Grand Prix,7,0.689,Aston Martin,Fernando Alonso,8,0.8269230769230769,0.8614457831325302,9.0,0.1853035143769968,5.0,0.1722689075630252,-0.8,2.8,0.0,-2.333333333333333,0.1468,22.3796,0.024096385542168676,0.028846153846153848,0,1,1
2024,18,Singapore Grand Prix,6,0.59,Haas F1 Team,Nico Hülkenberg,9,0.8255813953488372,0.8056537102473498,11.0,0.07028753993610223,7.0,0.06092436974789916,-1.4,0.4,0.4,4.068493150684931,0.2432,25.095,0.05653710247349823,0.05813953488372093,0,1,1
2024,18,Singapore Grand Prix,13,1.054,Red Bull,Sergio Pérez,10,0.8785714285714286,0.8591549295774648,8.0,0.45686900958466453,2.0,0.957983193277311,-1.8,16.6,-3.0,-0.2117117117117111,-0.634625,22.217000000000002,0.07394366197183098,0.03571428571428571,0,1,1
2024,18,Singapore Grand Prix,12,0.956,Williams,Franco Colapinto,11,1.0,0.8091872791519434,19.0,0.012779552715654952,8.0,0.03361344537815126,3.5,2.4,-5.0,-1.9333333333333336,0.19275,22.4107,0.06007067137809187,0.0,0,1,1
2024,18,Singapore Grand Prix,8,0.764,RB F1 Team,Yuki Tsunoda,12,0.8072289156626506,0.8529411764705882,12.0,0.07028753993610223,6.0,0.07142857142857142,-2.8,0.6,-2.2,0.09210526315789469,0.3051666666666667,23.346600000000002,0.0,0.04819277108433735,0,0,1
2024,18,Singapore Grand Prix,15,1.244,Alpine F1 Team,Esteban Ocon,13,0.8099173553719008,0.8373493975903614,18.0,0.01597444089456869,9.0,0.0273109243697479,1.6,0.8,0.4,-0.216450216450216,0.8605,22.2073,0.060240963855421686,0.03305785123966942,0,1,1
2024,18,Singapore Grand Prix,17,1.569,Aston Martin,Lance Stroll,14,0.8297872340425532,0.8614457831325302,10.0,0.07667731629392971,5.0,0.1722689075630252,-2.0,2.8,-1.2,-3.5128205128205123,0.278625,22.3796,0.024096385542168676,0.07092198581560284,0,1,1
2024,18,Singapore Grand Prix,20,2.529,Sauber,Guanyu Zhou,15,0.8360655737704918,0.8289473684210527,20.0,0.0,10.0,0.0,0.8,0.0,1.6,0.7679324894514767,1.17525,22.4835,0.06578947368421052,0.04918032786885246,0,0,0
2024,18,Singapore Grand Prix,19,2.047,Sauber,Valtteri Bottas,16,0.8661971830985915,0.8289473684210527,22.0,0.0,10.0,0.0,-0.6,0.0,0.0,-4.208333333333334,0.8099,22.4835,0.06578947368421052,0.035211267605633804,0,1,0
2024,18,Singapore Grand Prix,18,1.787,Alpine F1 Team,Pierre Gasly,17,0.8309859154929577,0.8373493975903614,15.0,0.025559105431309903,9.0,0.0273109243697479,0.2,0.8,0.6,0.0,0.452,22.2073,0.060240963855421686,0.04225352112676056,0,1,1
2024,18,Singapore Grand Prix,16,1.56,RB F1 Team,Daniel Ricciardo,18,0.8346456692913385,0.8529411764705882,14.0,0.038338658146964855,6.0,0.07142857142857142,0.8,0.6,0.0,0.0,0.2855,23.346600000000002,0.0,0.031496062992125984,0,0,1
2024,18,Singapore Grand Prix,14,1.128,Haas F1 Team,Kevin Magnussen,19,0.7983193277310925,0.8056537102473498,17.0,0.019169329073482427,7.0,0.06092436974789916,1.4,0.4,-0.2,0.0,0.4014,25.095,0.05653710247349823,0.058823529411764705,0,0,1
2024,18,Singapore Grand Prix,11,0.949,Williams,Alexander Albon,20,0.845360824742268,0.8091872791519434,13.0,0.038338658146964855,8.0,0.03361344537815126,-0.6,2.4,0.6,0.0,0.26839999999999997,22.4107,0.06007067137809187,0.041237113402061855,0,1,1
2024,19,United States Grand Prix,4,0.41,Ferrari,Charles Leclerc,1,0.8321678321678322,0.8636363636363636,3.0,0.7401812688821753,3.0,0.8546511627906976,1.6,23.8,0.4,0.0,-0.8827999999999999,23.7295,0.04895104895104895,0.07692307692307693,0,1,1
2024,19,United States Grand Prix,3,0.322,Ferrari,Carlos Sainz,2,0.8591549295774648,0.8636363636363636,5.0,0.5740181268882175,3.0,0.8546511627906976,-0.8,23.8,1.0,0.0,-0.664,23.7295,0.04895104895104895,0.056338028169014086,0,1,1
2024,19,United States Grand Prix,2,0.031,Red Bull,Max Verstappen,3,0.8811188811188811,0.8601398601398601,1.0,1.0,2.0,0.9205426356589147,-0.2,17.2,0.4,0.0,-1.0225,23.8076,0.07342657342657342,0.04895104895104895,0,1,1
2024,19,United States Grand Prix,1,0.0,McLaren,Lando Norris,4,0.9098360655737705,0.8741258741258742,2.0,0.8429003021148036,1.0,1.0,2.0,35.6,0.2,0.0,-1.1431,23.478500000000004,0.06643356643356643,0.03278688524590164,0,1,1
2024,19,United States Grand Prix,5,0.62,McLaren,Oscar Piastri,5,0.925,0.8741258741258742,4.0,0.716012084592145,1.0,1.0,1.2,35.6,0.2,0.0,-1.0241,23.478500000000004,0.06643356643356643,0.0,0,1,1
2024,19,United States Grand Prix,6,0.644,Mercedes,George Russell,6,0.8360655737704918,0.916083916083916,7.0,0.46827794561933533,4.0,0.6375968992248062,-3.6,17.6,-1.8,0.0,-0.59175,23.7755,0.024475524475524476,0.04918032786885246,0,1,1
2024,19,United States Grand Prix,10,0.69,Red Bull,Sergio Pérez,7,0.8794326241134752,0.8601398601398601,8.0,0.4350453172205438,2.0,0.9205426356589147,-3.0,17.2,-1.2,0.0,-0.450875,23.8076,0.07342657342657342,0.03546099290780142,0,1,1
2024,19,United States Grand Prix,12,1.214,Haas F1 Team,Nico Hülkenberg,8,0.8275862068965517,0.8035087719298246,10.0,0.07250755287009064,7.0,0.060077519379844964,-1.6,0.8,-0.2,0.0,0.1464,26.5807,0.056140350877192984,0.05747126436781609,0,1,1
2024,19,United States Grand Prix,15,1.009,RB F1 Team,Liam Lawson,9,1.0,0.8611111111111112,0.0,0.0,6.0,0.06589147286821706,2.0,0.2,-1.5,0.0,0.5092,25.0025,0.0,0.0,0,1,1
2024,19,United States Grand Prix,17,1.732,Williams,Franco Colapinto,10,1.0,0.8070175438596492,19.0,0.012084592145015106,8.0,0.031007751937984496,2.6666666666666665,2.4,-2.5,0.0,0.19483333333333333,23.918899999999997,0.05964912280701754,0.0,0,1,1
2024,19,United States Grand Prix,9,1.144,Haas F1 Team,Kevin Magnussen,11,0.7916666666666666,0.8035087719298246,17.0,0.01812688821752266,7.0,0.060077519379844964,-0.6,0.8,-2.0,0.0,0.489625,26.5807,0.056140350877192984,0.058333333333333334,0,0,1
2024,19,United States Grand Prix,7,0.688,Alpine F1 Team,Pierre Gasly,12,0.8321678321678322,0.8392857142857143,15.0,0.02416918429003021,9.0,0.025193798449612403,0.4,0.8,0.2,0.0,0.5344,24.0334,0.05952380952380952,0.04195804195804196,0,1,1
2024,19,United States Grand Prix,8,0.979,Aston Martin,Fernando Alonso,13,0.8285714285714285,0.8630952380952381,9.0,0.18731117824773413,5.0,0.16666666666666666,-0.2,3.4,0.6,0.0,0.10740000000000001,23.8045,0.023809523809523808,0.02857142857142857,0,1,1
2024,19,United States Grand Prix,11,1.176,RB F1 Team,Yuki Tsunoda,14,0.8095238095238095,0.8611111111111112,12.0,0.06646525679758308,6.0,0.06589147286821706,-3.8,0.2,-1.0,0.0,0.4171666666666667,25.0025,0.0,0.047619047619047616,0,0,1
2024,19,United States Grand Prix,14,1.429,Aston Martin,Lance Stroll,15,0.8309859154929577,0.8630952380952381,11.0,0.07250755287009064,5.0,0.16666666666666666,-1.0,3.4,1.0,0.0,0.49225,23.8045,0.023809523809523808,0.07042253521126761,0,1,1
2024,19,United States Grand Prix,16,1.721,Williams,Alexander Albon,16,0.8367346938775511,0.8070175438596492,13.0,0.03625377643504532,8.0,0.031007751937984496,-2.2,2.4,-1.6,0.0,0.22125,23.918899999999997,0.05964912280701754,0.04081632653061224,0,1,1
2024,19,United States Grand Prix,18,1.822,Sauber,Valtteri Bottas,17,0.8671328671328671,0.8333333333333334,22.0,0.0,10.0,0.0,0.8,0.0,1.4,0.0,0.8805,24.047900000000002,0.0641025641025641,0.03496503496503497,0,1,0
2024,19,United States Grand Prix,13,1.267,Alpine F1 Team,Esteban Ocon,18,0.8114754098360656,0.8392857142857143,18.0,0.015105740181268883,9.0,0.025193798449612403,1.8,0.8,0.2,0.0,0.8395,24.0334,0.05952380952380952,0.03278688524590164,0,1,1
2024,19,United States Grand Prix,20,1.898,Sauber,Guanyu Zhou,19,0.8387096774193549,0.8333333333333334,20.0,0.0,10.0,0.0,2.0,0.0,1.2,0.0,1.20225,24.047900000000002,0.0641025641025641,0.04838709677419355,0,0,0
2024,19,United States Grand Prix,19,1.824,Mercedes,Lewis Hamilton,20,0.9507042253521126,0.916083916083916,6.0,0.525679758308157,4.0,0.6375968992248062,0.4,17.6,-1.0,0.0,-0.809,23.7755,0.024475524475524476,0.014084507042253521,0,1,1
2024,20,Mexico City Grand Prix,1,0.0,Ferrari,Carlos Sainz,1,0.8601398601398601,0.8645833333333334,5.0,0.6073446327683616,3.0,0.9117647058823529,-1.0,27.8,-0.2,0.0,-0.899125,23.8906,0.04861111111111111,0.055944055944055944,0,1,1
2024,20,Mexico City Grand Prix,3,0.314,McLaren,Lando Norris,2,0.9105691056910569,0.875,2.0,0.8389830508474576,1.0,1.0,1.4,34.4,-0.6,0.0,-1.0839,23.7318,0.06597222222222222,0.032520325203252036,0,1,1
2024,20,Mexico City Grand Prix,4,0.319,Ferrari,Charles Leclerc,3,0.8333333333333334,0.8645833333333334,3.0,0.7768361581920904,3.0,0.9117647058823529,2.4,27.8,0.8,0.0,-0.9359,23.8906,0.04861111111111111,0.0763888888888889,0,1,1
2024,20,Mexico City Grand Prix,6,0.705,Mercedes,Lewis Hamilton,4,0.9440559440559441,0.9131944444444444,6.0,0.5,4.0,0.6323529411764706,-0.4,14.2,-0.8,0.0,-0.68975,25.1001,0.024305555555555556,0.013986013986013986,0,1,1
2024,20,Mexico City Grand Prix,5,0.41,Mercedes,George Russell,5,0.8373983739837398,0.9131944444444444,7.0,0.4717514124293785,4.0,0.6323529411764706,-1.0,14.2,2.6,0.0,-0.5565,25.1001,0.024305555555555556,0.04878048780487805,0,1,1
2024,20,Mexico City Grand Prix,2,0.225,Red Bull,Max Verstappen,6,0.8819444444444444,0.8611111111111112,1.0,1.0,2.0,0.9264705882352942,0.2,17.6,0.4,0.0,-1.0659,24.05,0.07291666666666667,0.04861111111111111,0,1,1
2024,20,Mexico City Grand Prix,7,0.94,Haas F1 Team,Kevin Magnussen,7,0.7933884297520661,0.8048780487804879,15.0,0.022598870056497175,6.0,0.06985294117647059,-1.0,1.6,-0.4,0.0,0.285,26.685699999999997,0.05574912891986063,0.05785123966942149,0,0,1
2024,20,Mexico City Grand Prix,17,1.651,McLaren,Oscar Piastri,8,0.926829268292683,0.875,4.0,0.6977401129943502,1.0,1.0,0.4,34.4,-0.8,0.0,-0.9459,23.7318,0.06597222222222222,0.0,0,1,1
2024,20,Mexico City Grand Prix,10,1.049,Haas F1 Team,Nico Hülkenberg,9,0.8295454545454546,0.8048780487804879,10.0,0.08192090395480225,6.0,0.06985294117647059,-0.4,1.6,1.2,0.0,0.0427,26.685699999999997,0.05574912891986063,0.056818181818181816,0,1,1
2024,20,Mexico City Grand Prix,8,0.946,Alpine F1 Team,Pierre Gasly,10,0.8333333333333334,0.8411764705882353,16.0,0.022598870056497175,9.0,0.02389705882352941,-0.4,0.4,-0.8,0.0,0.5075,24.6418,0.058823529411764705,0.041666666666666664,0,1,1
2024,20,Mexico City Grand Prix,14,1.348,Aston Martin,Lance Stroll,11,0.8321678321678322,0.8647058823529412,11.0,0.06779661016949153,5.0,0.15808823529411764,-2.0,2.6,-1.0,0.0,0.699875,24.2606,0.023529411764705882,0.06993006993006994,0,1,1
2024,20,Mexico City Grand Prix,16,1.612,Williams,Franco Colapinto,12,1.0,0.8083623693379791,18.0,0.014124293785310734,8.0,0.03125,3.75,2.6,0.3333333333333333,0.0,0.212625,24.1027,0.059233449477351915,0.0,0,1,1
2024,20,Mexico City Grand Prix,19,1.671,Alpine F1 Team,Esteban Ocon,13,0.8130081300813008,0.8411764705882353,19.0,0.014124293785310734,9.0,0.02389705882352941,0.6,0.4,-1.2,0.0,1.0242,24.6418,0.058823529411764705,0.032520325203252036,0,1,1
2024,20,Mexico City Grand Prix,15,1.447,Sauber,Valtteri Bottas,14,0.8680555555555556,0.8375,23.0,0.0,10.0,0.0,1.2,0.0,0.4,0.0,0.9311,24.3261,0.0625,0.034722222222222224,0,1,0
2024,20,Mexico City Grand Prix,20,2.126,Sauber,Guanyu Zhou,15,0.8412698412698413,0.8375,21.0,0.0,10.0,0.0,2.0,0.0,0.0,0.0,1.1750999999999998,24.3261,0.0625,0.047619047619047616,0,0,0
2024,20,Mexico City Grand Prix,12,1.216,RB F1 Team,Liam Lawson,16,1.0,0.868421052631579,20.0,0.005649717514124294,7.0,0.0661764705882353,1.8,0.4,-0.2,0.0,0.4323,25.2771,0.0,0.0,0,1,1
2024,20,Mexico City Grand Prix,18,1.665,Red Bull,Sergio Pérez,17,0.8802816901408451,0.8611111111111112,8.0,0.423728813559322,2.0,0.9264705882352942,-1.6,17.6,1.4,0.0,-0.320375,24.05,0.07291666666666667,0.035211267605633804,0,1,1
2024,20,Mexico City Grand Prix,13,1.222,Aston Martin,Fernando Alonso,18,0.8301886792452831,0.8647058823529412,9.0,0.1751412429378531,5.0,0.15808823529411764,-1.4,2.6,-1.2,0.0,0.2366,24.2606,0.023529411764705882,0.02830188679245283,0,1,1
2024,20,Mexico City Grand Prix,9,1.042,Williams,Alexander Albon,19,0.8383838383838383,0.8083623693379791,13.0,0.03389830508474576,8.0,0.03125,-2.0,2.6,0.2,-2.095238095238095,0.404,24.1027,0.059233449477351915,0.04040404040404041,0,1,1
2024,20,Mexico City Grand Prix,11,1.183,RB F1 Team,Yuki Tsunoda,20,0.8117647058823529,0.868421052631579,12.0,0.062146892655367235,7.0,0.0661764705882353,-4.8,0.4,-1.0,-2.666666666666666,0.5075,25.2771,0.0,0.047058823529411764,0,0,1
2024,21,São Paulo Grand Prix,12,4.366,Red Bull,Max Verstappen,1,0.8827586206896552,0.8620689655172413,1.0,1.0,3.0,0.9045936395759717,-0.6,14.0,-0.8,-5.090909090909092,-1.0027000000000001,24.6685,0.07241379310344828,0.04827586206896552,0,1,1
2024,21,São Paulo Grand Prix,4,1.07,Alpine F1 Team,Esteban Ocon,2,0.814516129032258,0.8430232558139534,19.0,0.013812154696132596,9.0,0.024734982332155476,1.6,0.2,1.0,-2.7888888888888896,1.0174,24.9206,0.05813953488372093,0.03225806451612903,0,1,1
2024,21,São Paulo Grand Prix,15,6.015,Alpine F1 Team,Pierre Gasly,3,0.8344827586206897,0.8430232558139534,16.0,0.024861878453038673,9.0,0.024734982332155476,-0.8,0.2,-0.4,-3.195652173913043,0.5333,24.9206,0.05813953488372093,0.041379310344827586,0,1,1
2024,21,São Paulo Grand Prix,2,0.173,Mercedes,George Russell,4,0.8387096774193549,0.9137931034482758,7.0,0.4889502762430939,4.0,0.6466431095406361,-0.4,16.6,0.6,1.3085106382978715,-0.5253,25.3674,0.02413793103448276,0.04838709677419355,0,1,1
2024,21,São Paulo Grand Prix,6,1.12,Ferrari,Charles Leclerc,5,0.8344827586206897,0.8655172413793104,3.0,0.8038674033149171,2.0,0.9487632508833922,2.0,31.0,-0.4,-2.145833333333334,-0.9408,24.2605,0.04827586206896552,0.07586206896551724,0,1,1
2024,21,São Paulo Grand Prix,1,0.0,McLaren,Lando Norris,6,0.9112903225806451,0.8758620689655172,2.0,0.8701657458563536,1.0,1.0,1.6,31.2,0.2,1.4183673469387763,-1.1000999999999999,23.874900000000004,0.06551724137931035,0.03225806451612903,0,1,1
2024,21,São Paulo Grand Prix,3,0.706,RB F1 Team,Yuki Tsunoda,7,0.8023255813953488,0.85,12.0,0.06077348066298342,7.0,0.0636042402826855,-5.6,0.4,-0.8,0.0,0.49875,26.3772,0.0,0.046511627906976744,0,0,1
2024,21,São Paulo Grand Prix,8,1.281,McLaren,Oscar Piastri,8,0.9285714285714286,0.8758620689655172,4.0,0.6933701657458563,1.0,1.0,2.4,31.2,2.0,5.4411764705882355,-0.678,23.874900000000004,0.06551724137931035,0.0,0,1,1
2024,21,São Paulo Grand Prix,5,1.079,RB F1 Team,Liam Lawson,9,1.0,0.85,20.0,0.0055248618784530384,7.0,0.0636042402826855,0.8,0.4,-1.0,0.0,0.5654,26.3772,0.0,0.0,0,1,1
2024,21,São Paulo Grand Prix,16,7.745,Mercedes,Lewis Hamilton,10,0.9444444444444444,0.9137931034482758,6.0,0.5220994475138122,4.0,0.6466431095406361,-0.6,16.6,-0.2,0.0,-0.666,25.3674,0.02413793103448276,0.013888888888888888,0,1,1
2024,21,São Paulo Grand Prix,13,4.753,Red Bull,Sergio Pérez,11,0.8811188811188811,0.8620689655172413,8.0,0.4143646408839779,3.0,0.9045936395759717,-1.2,14.0,0.4,0.0,0.017125,24.6685,0.07241379310344828,0.03496503496503497,0,1,1
2024,21,São Paulo Grand Prix,17,7.824,Haas F1 Team,Oliver Bearman,12,1.0,0.8062283737024222,17.0,0.019337016574585635,6.0,0.0812720848056537,2.5,3.2,-3.0,0.0,-0.379,27.024400000000004,0.05536332179930796,0.0,0,1,1
2024,21,São Paulo Grand Prix,11,3.067,Sauber,Valtteri Bottas,13,0.8689655172413793,0.8414634146341463,23.0,0.0,10.0,0.0,1.8,0.0,0.6,-5.017857142857142,1.0005,24.6214,0.06097560975609756,0.034482758620689655,0,1,0
2024,21,São Paulo Grand Prix,9,5.593,Aston Martin,Fernando Alonso,14,0.822429906542056,0.8604651162790697,9.0,0.1712707182320442,5.0,0.1519434628975265,-1.8,2.4,-0.4,-4.9298245614035086,0.2215,24.505699999999997,0.023255813953488372,0.028037383177570093,0,1,1
2024,21,São Paulo Grand Prix,20,8.858,Sauber,Guanyu Zhou,15,0.84375,0.8414634146341463,21.0,0.0,10.0,0.0,3.4,0.0,1.4,6.068965517241379,1.1424,24.6214,0.06097560975609756,0.046875,0,0,0
2024,21,São Paulo Grand Prix,14,6.001,Ferrari,Carlos Sainz,16,0.8611111111111112,0.8655172413793104,5.0,0.6629834254143646,2.0,0.9487632508833922,-2.0,31.0,-1.0,-3.6313559322033893,-0.92525,24.2605,0.04827586206896552,0.05555555555555555,0,1,1
2024,21,São Paulo Grand Prix,18,7.865,Williams,Franco Colapinto,17,1.0,0.8062283737024222,18.0,0.013812154696132596,8.0,0.030035335689045935,3.8,2.6,-0.5,0.0,0.3105,24.630099999999995,0.058823529411764705,0.0,0,1,1
2024,21,São Paulo Grand Prix,7,1.252,Williams,Alexander Albon,18,0.83,0.8062283737024222,14.0,0.03314917127071823,8.0,0.030035335689045935,-3.2,2.6,-1.2,0.0,0.4966666666666667,24.630099999999995,0.058823529411764705,0.04,0,1,1
2024,21,São Paulo Grand Prix,10,2.929,Aston Martin,Lance Stroll,19,0.8333333333333334,0.8604651162790697,11.0,0.06629834254143646,5.0,0.1519434628975265,-0.4,2.4,1.6,0.4301075268817218,0.79825,24.505699999999997,0.023255813953488372,0.06944444444444445,0,1,1
2024,21,São Paulo Grand Prix,19,8.218,Haas F1 Team,Nico Hülkenberg,20,0.8314606741573034,0.8062283737024222,10.0,0.0856353591160221,6.0,0.0812720848056537,-0.6,3.2,-0.2,-4.888888888888889,0.0354,27.024400000000004,0.05536332179930796,0.056179775280898875,0,1,1
2024,22,Las Vegas Grand Prix,1,0.0,Mercedes,George Russell,1,0.84,0.9143835616438356,6.0,0.48854961832061067,4.0,0.6441821247892074,0.0,16.0,0.4,3.6875,-0.5444,164.4444,0.023972602739726026,0.048,0,1,1
2024,22,Las Vegas Grand Prix,10,0.255,Mercedes,Lewis Hamilton,2,0.9448275862068966,0.9143835616438356,7.0,0.48346055979643765,4.0,0.6441821247892074,0.4,16.0,1.0,4.307692307692308,-0.358375,164.4444,0.023972602739726026,0.013793103448275862,0,1,1
2024,22,Las Vegas Grand Prix,2,0.098,Ferrari,Carlos Sainz,3,0.8551724137931034,0.863013698630137,5.0,0.6208651399491094,2.0,0.93929173693086,-2.6,25.6,-0.6,-0.6363636363636367,-0.9071666666666667,163.9921,0.04794520547945205,0.05517241379310345,0,1,1
2024,22,Las Vegas Grand Prix,4,0.471,Ferrari,Charles Leclerc,4,0.8356164383561644,0.863013698630137,3.0,0.7811704834605598,2.0,0.93929173693086,1.6,25.6,-0.4,1.2238805970149258,-0.7391,163.9921,0.04794520547945205,0.07534246575342465,0,1,1
2024,22,Las Vegas Grand Prix,5,0.485,Red Bull,Max Verstappen,5,0.8835616438356164,0.863013698630137,1.0,1.0,3.0,0.9173693086003373,1.4,16.8,2.0,-2.0,-0.8876000000000001,301.6413,0.07191780821917808,0.04794520547945205,0,1,1
2024,22,Las Vegas Grand Prix,6,0.696,McLaren,Lando Norris,6,0.912,0.8767123287671232,2.0,0.8422391857506362,1.0,1.0,1.0,26.8,-0.6,-0.08695652173913082,-0.9266,163.13230000000001,0.06506849315068493,0.032,0,1,1
2024,22,Las Vegas Grand Prix,8,0.712,McLaren,Oscar Piastri,7,0.9302325581395349,0.8767123287671232,4.0,0.6666666666666666,1.0,1.0,2.4,26.8,0.0,-2.0047619047619047,-0.4177,163.13230000000001,0.06506849315068493,0.0,0,1,1
2024,22,Las Vegas Grand Prix,9,0.75,Haas F1 Team,Nico Hülkenberg,8,0.8222222222222222,0.8041237113402062,10.0,0.07888040712468193,7.0,0.0775716694772344,0.6,3.0,1.2,0.0,-0.04525,26.860200000000003,0.054982817869415807,0.05555555555555555,0,1,1
2024,22,Las Vegas Grand Prix,7,0.717,RB F1 Team,Yuki Tsunoda,9,0.8045977011494253,0.8571428571428572,11.0,0.07124681933842239,8.0,0.07419898819561552,-5.6,2.0,0.0,-1.8472222222222232,0.28983333333333333,165.03349999999998,0.0,0.04597701149425287,0,0,1
2024,22,Las Vegas Grand Prix,16,1.843,Red Bull,Sergio Pérez,10,0.8819444444444444,0.863013698630137,8.0,0.3842239185750636,3.0,0.9173693086003373,-0.8,16.8,0.4,3.3698630136986303,0.16,301.6413,0.07191780821917808,0.034722222222222224,0,1,1
2024,22,Las Vegas Grand Prix,17,1.946,Aston Martin,Fernando Alonso,11,0.8240740740740741,0.8563218390804598,9.0,0.15776081424936386,5.0,0.14502529510961215,-2.8,2.4,-1.0,0.0,0.161875,164.3304,0.022988505747126436,0.027777777777777776,0,1,1
2024,22,Las Vegas Grand Prix,12,0.985,Haas F1 Team,Kevin Magnussen,12,0.7950819672131147,0.8041237113402062,15.0,0.035623409669211195,7.0,0.0775716694772344,-1.6,3.0,-0.6,3.4000000000000004,0.02925,26.860200000000003,0.054982817869415807,0.05737704918032787,0,0,1
2024,22,Las Vegas Grand Prix,13,1.254,Sauber,Guanyu Zhou,13,0.8461538461538461,0.8452380952380952,21.0,0.0,10.0,0.0,4.0,0.0,0.6,-1.223684210526315,1.1818,33.175,0.05952380952380952,0.046153846153846156,0,0,0
2024,22,Las Vegas Grand Prix,14,1.434,Williams,Franco Colapinto,14,0.8333333333333334,0.8006872852233677,19.0,0.01272264631043257,9.0,0.02866779089376054,2.8,2.2,-1.0,-3.1363636363636367,0.3465,24.6879,0.058419243986254296,0.0,0,1,1
2024,22,Las Vegas Grand Prix,20,2.172,Aston Martin,Lance Stroll,15,0.8275862068965517,0.8563218390804598,13.0,0.061068702290076333,5.0,0.14502529510961215,-1.8,2.4,-1.4,0.0,0.8493333333333334,164.3304,0.022988505747126436,0.06896551724137931,0,1,1
2024,22,Las Vegas Grand Prix,15,1.775,RB F1 Team,Liam Lawson,16,1.0,0.8571428571428572,20.0,0.010178117048346057,8.0,0.07419898819561552,-0.2,2.0,-1.0,0.0,0.4663,165.03349999999998,0.0,0.0,0,1,1
2024,22,Las Vegas Grand Prix,11,0.909,Alpine F1 Team,Esteban Ocon,17,0.8160000000000001,0.8448275862068966,14.0,0.058524173027989825,6.0,0.08263069139966273,1.8,6.8,0.2,3.4625000000000004,0.7277,301.7081,0.05747126436781609,0.032,0,1,1
2024,22,Las Vegas Grand Prix,19,2.118,Sauber,Valtteri Bottas,18,0.8698630136986302,0.8452380952380952,23.0,0.0,10.0,0.0,0.8,0.0,-1.0,-1.2691358024691368,0.8092999999999999,33.175,0.05952380952380952,0.03424657534246575,0,1,0
2024,22,Las Vegas Grand Prix,18,2.113,Williams,Alexander Albon,19,0.8217821782178218,0.8006872852233677,16.0,0.030534351145038167,9.0,0.02866779089376054,-5.4,2.2,-2.2,0.0,0.69825,24.6879,0.058419243986254296,0.039603960396039604,0,1,1
2024,22,Las Vegas Grand Prix,3,0.352,Alpine F1 Team,Pierre Gasly,20,0.8356164383561644,0.8448275862068966,12.0,0.06615776081424936,6.0,0.08263069139966273,1.8,6.8,2.6,3.9457831325301207,0.383,301.7081,0.05747126436781609,0.0410958904109589,0,1,1
2024,23,Qatar Grand Prix,1,0.0,Red Bull,Max Verstappen,1,0.8843537414965986,0.8639455782312925,1.0,1.0,3.0,0.912828947368421,1.2,17.0,-0.2,2.9642857142857135,-0.9609,301.7291,0.07142857142857142,0.047619047619047616,0,1,1
2024,23,Qatar Grand Prix,5,0.332,Ferrari,Charles Leclerc,2,0.8367346938775511,0.8639455782312925,3.0,0.7915632754342432,2.0,0.9605263157894737,1.8,27.4,0.2,0.0,-0.6527000000000001,164.0144,0.047619047619047616,0.07482993197278912,0,1,1
2024,23,Qatar Grand Prix,4,0.309,McLaren,Oscar Piastri,3,0.9318181818181819,0.8775510204081632,4.0,0.6650124069478908,1.0,1.0,2.4,22.2,0.0,0.3604651162790695,-0.2454,163.3594,0.06462585034013606,0.0,0,1,1
2024,23,Qatar Grand Prix,2,0.055,Mercedes,George Russell,4,0.8412698412698413,0.9149659863945578,6.0,0.5384615384615384,4.0,0.6990131578947368,-0.4,21.2,-0.4,-4.666666666666666,-0.5901000000000001,164.534,0.023809523809523808,0.047619047619047616,0,1,1
2024,23,Qatar Grand Prix,11,0.917,Alpine F1 Team,Pierre Gasly,5,0.8299319727891157,0.8409090909090909,12.0,0.06451612903225806,7.0,0.0805921052631579,-2.2,6.8,-4.0,-0.0037878787878788955,0.31075,301.919,0.056818181818181816,0.04081632653061224,0,1,1
2024,23,Qatar Grand Prix,7,0.521,Ferrari,Carlos Sainz,6,0.8561643835616438,0.8639455782312925,5.0,0.6426799007444168,2.0,0.9605263157894737,0.2,27.4,2.8,-1.1067415730337071,-0.89525,164.0144,0.047619047619047616,0.0547945205479452,0,1,1
2024,23,Qatar Grand Prix,8,0.688,Aston Martin,Fernando Alonso,7,0.8256880733944953,0.8579545454545454,9.0,0.15384615384615385,5.0,0.14144736842105263,-2.0,0.8,0.8,-1.4444444444444446,0.132125,164.58710000000002,0.022727272727272728,0.027522935779816515,0,1,1
2024,23,Qatar Grand Prix,12,0.981,Sauber,Guanyu Zhou,8,0.8484848484848485,0.8488372093023255,21.0,0.0,10.0,0.0,3.2,0.0,-0.8,0.7967032967032974,1.052,33.5767,0.05813953488372093,0.045454545454545456,0,0,0
2024,23,Qatar Grand Prix,10,0.867,Haas F1 Team,Kevin Magnussen,9,0.7967479674796748,0.8054607508532423,15.0,0.034739454094292806,6.0,0.08223684210526316,-0.8,3.6,0.8,1.583333333333334,-0.022125,26.9113,0.05460750853242321,0.056910569105691054,0,0,1
2024,23,Qatar Grand Prix,3,0.252,McLaren,Lando Norris,10,0.9126984126984127,0.8775510204081632,2.0,0.8436724565756824,1.0,1.0,-1.4,22.2,-2.4,-1.513440860215054,-0.9639,163.3594,0.06462585034013606,0.031746031746031744,0,1,1
2024,23,Qatar Grand Prix,13,1.211,Sauber,Valtteri Bottas,11,0.8707482993197279,0.8488372093023255,23.0,0.0,10.0,0.0,0.8,0.0,0.0,-2.7765957446808507,0.8609,33.5767,0.05813953488372093,0.034013605442176874,0,1,0
2024,23,Qatar Grand Prix,6,0.491,Mercedes,Lewis Hamilton,12,0.9452054794520548,0.9149659863945578,7.0,0.5161290322580645,4.0,0.6990131578947368,2.4,21.2,2.0,0.0,-0.584125,164.534,0.023809523809523808,0.0136986301369863,0,1,1
2024,23,Qatar Grand Prix,14,1.251,RB F1 Team,Yuki Tsunoda,13,0.8068181818181819,0.8636363636363636,11.0,0.07444168734491315,8.0,0.0756578947368421,-4.4,2.4,1.2,0.4895833333333339,0.201,164.9646,0.0,0.045454545454545456,0,0,1
2024,23,Qatar Grand Prix,17,1.891,RB F1 Team,Liam Lawson,14,1.0,0.8636363636363636,20.0,0.009925558312655087,8.0,0.0756578947368421,-0.4,2.4,-0.2,-0.23195876288659711,0.5597000000000001,164.9646,0.0,0.0,0,1,1
2024,23,Qatar Grand Prix,16,1.87,Williams,Alexander Albon,15,0.8137254901960784,0.7986348122866894,16.0,0.02977667493796526,9.0,0.027960526315789474,-6.2,0.2,-0.8,-1.7244897959183678,1.2275,24.843799999999998,0.05802047781569966,0.0392156862745098,0,1,1
2024,23,Qatar Grand Prix,18,1.922,Haas F1 Team,Nico Hülkenberg,16,0.8241758241758241,0.8054607508532423,10.0,0.08684863523573201,6.0,0.08223684210526316,0.4,3.6,-0.2,5.202020202020202,-0.0365,26.9113,0.05460750853242321,0.054945054945054944,0,1,1
2024,23,Qatar Grand Prix,9,0.905,Red Bull,Sergio Pérez,17,0.8827586206896552,0.8639455782312925,8.0,0.3771712158808933,3.0,0.912828947368421,3.0,17.0,3.8,-3.163333333333333,0.071,301.7291,0.07142857142857142,0.034482758620689655,0,1,1
2024,23,Qatar Grand Prix,15,1.391,Aston Martin,Lance Stroll,18,0.8287671232876712,0.8579545454545454,13.0,0.05955334987593052,5.0,0.14144736842105263,0.2,0.8,2.0,-3.4983498349834994,0.64275,164.58710000000002,0.022727272727272728,0.0684931506849315,0,1,1
2024,23,Qatar Grand Prix,19,2.074,Williams,Franco Colapinto,19,0.8571428571428572,0.7986348122866894,19.0,0.01240694789081886,9.0,0.027960526315789474,2.6,0.2,-0.2,0.8872549019607838,0.26275,24.843799999999998,0.05802047781569966,0.0,0,1,1
2024,23,Qatar Grand Prix,20,2.194,Alpine F1 Team,Esteban Ocon,20,0.8174603174603174,0.8409090909090909,14.0,0.05707196029776675,7.0,0.0805921052631579,-0.2,6.8,-2.0,0.10679611650485477,0.5879,301.919,0.056818181818181816,0.031746031746031744,0,1,1
2024,24,Abu Dhabi Grand Prix,1,0.0,McLaren,Lando Norris,1,0.9133858267716536,0.8783783783783784,2.0,0.8135198135198135,1.0,1.0,-2.8,17.6,-1.4,-3.875,-0.9016000000000001,163.1399,0.06418918918918919,0.031496062992125984,0,1,1
2024,24,Abu Dhabi Grand Prix,3,0.229,Ferrari,Carlos Sainz,2,0.8571428571428572,0.8648648648648649,5.0,0.634032634032634,2.0,0.9671875,-0.2,29.4,-0.4,1.8095238095238084,-1.140875,163.916,0.0472972972972973,0.05442176870748299,0,1,1
2024,24,Abu Dhabi Grand Prix,14,0.707,Ferrari,Charles Leclerc,3,0.8378378378378378,0.8648648648648649,3.0,0.7948717948717948,2.0,0.9671875,1.6,29.4,-0.2,-1.6273584905660385,-0.8977,163.916,0.0472972972972973,0.07432432432432433,0,1,1
2024,24,Abu Dhabi Grand Prix,18,1.292,Mercedes,Lewis Hamilton,4,0.9455782312925171,0.9155405405405406,7.0,0.49184149184149184,4.0,0.696875,1.8,19.6,-0.6,0.0,-0.5385,164.2014,0.02364864864864865,0.013605442176870748,0,1,1
2024,24,Abu Dhabi Grand Prix,7,0.537,Mercedes,George Russell,5,0.8425196850393701,0.9155405405405406,6.0,0.5477855477855478,4.0,0.696875,-0.8,19.6,-0.4,-3.6296296296296298,-0.6376000000000001,164.2014,0.02364864864864865,0.047244094488188976,0,1,1
2024,24,Abu Dhabi Grand Prix,5,0.35,Red Bull,Max Verstappen,6,0.8851351351351351,0.8614864864864865,1.0,1.0,3.0,0.9078125,1.2,18.2,0.0,0.5559633027522946,-1.0249000000000001,301.06180000000006,0.07094594594594594,0.0472972972972973,0,1,1
2024,24,Abu Dhabi Grand Prix,6,0.389,Alpine F1 Team,Pierre Gasly,7,0.8310810810810811,0.8370786516853932,11.0,0.08391608391608392,6.0,0.0921875,-1.2,8.8,1.0,0.16363636363636402,0.05625,301.5664,0.056179775280898875,0.04054054054054054,0,1,1
2024,24,Abu Dhabi Grand Prix,4,0.291,Haas F1 Team,Nico Hülkenberg,8,0.8152173913043479,0.8033898305084746,10.0,0.08624708624708624,7.0,0.084375,1.4,3.6,1.0,1.1531531531531538,-0.05366666666666666,26.658300000000004,0.05423728813559322,0.05434782608695652,0,1,1
2024,24,Abu Dhabi Grand Prix,8,0.601,Aston Martin,Fernando Alonso,9,0.8272727272727273,0.8539325842696629,9.0,0.1585081585081585,5.0,0.14375,-1.6,1.2,0.4,-0.5059523809523796,0.152125,164.637,0.02247191011235955,0.02727272727272727,0,1,1
2024,24,Abu Dhabi Grand Prix,2,0.209,McLaren,Oscar Piastri,10,0.9333333333333333,0.8783783783783784,4.0,0.6783216783216783,1.0,1.0,2.2,17.6,-0.2,-1.1026548672566356,-0.3593,163.1399,0.06418918918918919,0.0,0,1,1
2024,24,Abu Dhabi Grand Prix,16,1.226,Williams,Alexander Albon,11,0.8155339805825242,0.7966101694915254,16.0,0.027972027972027972,9.0,0.0265625,-4.2,0.2,2.0,-2.7824561403508774,1.06875,25.526699999999998,0.0576271186440678,0.038834951456310676,0,1,1
2024,24,Abu Dhabi Grand Prix,11,0.824,RB F1 Team,Yuki Tsunoda,12,0.8089887640449438,0.8695652173913043,12.0,0.06993006993006994,8.0,0.071875,-3.4,2.4,1.0,-3.482608695652173,0.3275,164.8626,0.0,0.0449438202247191,0,0,1
2024,24,Abu Dhabi Grand Prix,17,1.285,Sauber,Guanyu Zhou,13,0.8507462686567164,0.8522727272727273,20.0,0.009324009324009324,10.0,0.00625,3.0,0.8,-0.2,-0.31379310344827616,0.8184,33.3986,0.056818181818181816,0.04477611940298507,0,0,0
2024,24,Abu Dhabi Grand Prix,13,1.134,Aston Martin,Lance Stroll,14,0.8231292517006803,0.8539325842696629,13.0,0.055944055944055944,5.0,0.14375,-1.0,1.2,-1.2,-0.615384615384615,0.5646666666666667,164.637,0.02247191011235955,0.06802721088435375,0,1,1
2024,24,Abu Dhabi Grand Prix,20,1.51,Alpine F1 Team,Jack Doohan,15,0.9,0.8370786516853932,0.0,0.0,6.0,0.0921875,0.0,8.8,0.0,1.0932203389830502,0.0,301.5664,0.056179775280898875,0.1,0,0,1
2024,24,Abu Dhabi Grand Prix,15,1.037,Haas F1 Team,Kevin Magnussen,16,0.7983870967741935,0.8033898305084746,15.0,0.037296037296037296,7.0,0.084375,-1.2,3.6,-0.4,0.0,0.01775,26.658300000000004,0.05423728813559322,0.056451612903225805,0,0,1
2024,24,Abu Dhabi Grand Prix,12,0.877,RB F1 Team,Liam Lawson,17,1.0,0.8695652173913043,21.0,0.009324009324009324,8.0,0.071875,0.0,2.4,0.4,4.591666666666667,0.5388999999999999,164.8626,0.0,0.0,0,1,1
2024,24,Abu Dhabi Grand Prix,9,0.609,Sauber,Valtteri Bottas,18,0.8716216216216216,0.8522727272727273,22.0,0.0,10.0,0.00625,0.6,0.8,-0.2,-2.3677685950413228,0.8402999999999999,33.3986,0.056818181818181816,0.033783783783783786,0,1,0
2024,24,Abu Dhabi Grand Prix,19,1.317,Williams,Franco Colapinto,19,0.75,0.7966101694915254,19.0,0.011655011655011656,9.0,0.0265625,2.4,0.2,-0.2,-1.8688524590163933,0.284,25.526699999999998,0.0576271186440678,0.0,0,1,1
2024,24,Abu Dhabi Grand Prix,10,0.669,Red Bull,Sergio Pérez,20,0.8767123287671232,0.8614864864864865,8.0,0.3543123543123543,3.0,0.9078125,0.8,18.2,-2.2,0.0,0.06675,301.06180000000006,0.07094594594594594,0.03424657534246575,0,1,1
2025,1,Australian Grand Prix,1,0.0,McLaren,Lando Norris,1,0.9140625,0.8791946308724832,2.0,0.8558352402745996,1.0,1.0,-2.2,18.4,0.6,1.3612903225806452,-0.995,163.07250000000002,0.06375838926174497,0.03125,0,1,1
2025,1,Australian Grand Prix,3,0.385,Red Bull,Max Verstappen,2,0.8859060402684564,0.8590604026845637,1.0,1.0,3.0,0.8843843843843844,1.2,15.6,0.0,-0.14171428571428635,-0.8664,302.8114,0.07046979865771812,0.04697986577181208,0,1,1
2025,1,Australian Grand Prix,4,0.45,Mercedes,George Russell,3,0.84375,0.9161073825503355,6.0,0.5606407322654462,4.0,0.7027027027027027,-0.4,22.4,0.4,-3.246031746031746,-0.724,162.671,0.02348993288590604,0.046875,0,1,1
2025,1,Australian Grand Prix,16,1.429,Mercedes,Andrea Kimi Antonelli,4,0.9,0.9161073825503355,0.0,0.0,4.0,0.7027027027027027,0.0,22.4,0.0,1.765748031496063,0.0,162.671,0.02348993288590604,0.1,0,1,1
2025,1,Australian Grand Prix,6,0.641,Williams,Alexander Albon,5,0.8173076923076923,0.7946127946127945,16.0,0.02745995423340961,9.0,0.025525525525525526,-3.2,0.0,1.0,0.5,0.606,25.3491,0.05723905723905724,0.038461538461538464,0,1,1
2025,1,Australian Grand Prix,13,1.273,Aston Martin,Lance Stroll,6,0.8243243243243243,0.8555555555555556,13.0,0.05491990846681922,5.0,0.14114114114114115,-1.0,1.6,0.0,0.9612403100775193,0.27516666666666667,164.14270000000002,0.022222222222222223,0.06756756756756757,0,1,1
2025,1,Australian Grand Prix,17,1.483,Sauber,Nico Hülkenberg,7,0.8172043010752688,0.8444444444444444,11.0,0.09382151029748284,10.0,0.006006006006006006,-0.2,0.8,-1.6,1.9461538461538463,-0.035666666666666666,34.263799999999996,0.05555555555555555,0.053763440860215055,0,1,0
2025,1,Australian Grand Prix,7,0.659,Ferrari,Charles Leclerc,8,0.8389261744966443,0.8657718120805369,3.0,0.8146453089244852,2.0,0.978978978978979,3.2,27.4,1.6,1.9389312977099245,-0.8566,163.4529,0.04697986577181208,0.0738255033557047,0,1,1
2025,1,Australian Grand Prix,2,0.084,McLaren,Oscar Piastri,9,0.9347826086956522,0.8791946308724832,4.0,0.6681922196796338,1.0,1.0,0.6,18.4,-1.6,-3.8984848484848476,-0.2427,163.07250000000002,0.06375838926174497,0.0,0,1,1
2025,1,Australian Grand Prix,8,0.823,Ferrari,Lewis Hamilton,10,0.9459459459459459,0.8657718120805369,7.0,0.5102974828375286,2.0,0.978978978978979,4.8,27.4,3.0,0.1597744360902258,-0.44989999999999997,163.4529,0.04697986577181208,0.013513513513513514,0,1,1
2025,1,Australian Grand Prix,9,0.884,Alpine F1 Team,Pierre Gasly,11,0.8322147651006712,0.8388888888888889,10.0,0.09610983981693363,6.0,0.09759759759759759,-0.4,10.0,0.8,0.09203980099502473,-0.0585,300.7453,0.05555555555555555,0.040268456375838924,0,1,1
2025,1,Australian Grand Prix,5,0.574,RB F1 Team,Yuki Tsunoda,12,0.8111111111111111,0.8541666666666666,12.0,0.06864988558352403,8.0,0.06906906906906907,-3.0,2.0,0.4,0.6907407407407415,0.216875,164.6574,0.0,0.044444444444444446,0,0,1
2025,1,Australian Grand Prix,19,2.051,Haas F1 Team,Esteban Ocon,13,0.8110236220472441,0.8047138047138047,14.0,0.05263157894736842,7.0,0.08708708708708708,-0.6,3.6,-0.4,0.37710084033613533,0.582125,26.2589,0.05387205387205387,0.031496062992125984,0,1,1
2025,1,Australian Grand Prix,20,0.884,Haas F1 Team,Oliver Bearman,14,1.0,0.8047138047138047,18.0,0.016018306636155607,7.0,0.08708708708708708,3.3333333333333335,3.6,0.5,0.38321167883211693,-0.206,26.2589,0.05387205387205387,0.0,0,1,1
2025,1,Australian Grand Prix,18,1.998,Red Bull,Liam Lawson,15,0.9090909090909091,0.8590604026845637,21.0,0.009153318077803204,3.0,0.8843843843843844,-2.2,15.6,-2.2,-2.5144927536231894,0.616125,302.8114,0.07046979865771812,0.0,0,1,1
2025,1,Australian Grand Prix,15,1.42,Sauber,Gabriel Bortoleto,16,0.9,0.8444444444444444,0.0,0.0,10.0,0.006006006006006006,0.0,0.8,0.0,-5.194244604316546,0.0,34.263799999999996,0.05555555555555555,0.1,0,1,0
2025,1,Australian Grand Prix,12,1.192,Aston Martin,Fernando Alonso,17,0.8288288288288288,0.8555555555555556,9.0,0.16018306636155608,5.0,0.14114114114114115,-0.8,1.6,0.8,0.1547619047619051,-0.051875,164.14270000000002,0.022222222222222223,0.02702702702702703,0,1,1
2025,1,Australian Grand Prix,10,0.835,Williams,Carlos Sainz,18,0.8581081081081081,0.7946127946127945,5.0,0.6636155606407322,9.0,0.025525525525525526,-0.2,0.0,0.0,-1.0056737588652496,-1.129125,25.3491,0.05723905723905724,0.05405405405405406,0,1,1
2025,1,Australian Grand Prix,14,1.219,Alpine F1 Team,Jack Doohan,19,1.0,0.8388888888888889,24.0,0.0,6.0,0.09759759759759759,5.0,10.0,0.0,-1.961267605633802,0.648,300.7453,0.05555555555555555,0.0,0,0,1
2025,1,Australian Grand Prix,11,1.079,RB F1 Team,Isack Hadjar,20,0.9,0.8541666666666666,0.0,0.0,8.0,0.06906906906906907,0.0,2.0,0.0,2.348251748251748,0.0,164.6574,0.0,0.1,0,1,1
2025,2,Chinese Grand Prix,1,0.0,McLaren,Oscar Piastri,1,0.9361702127659575,0.88,9.0,0.08,1.0,1.0,-2.6,19.4,-3.2,-2.2569444444444446,-0.6997000000000001,161.3968,0.06333333333333334,0.0,0,1,1
2025,2,Chinese Grand Prix,3,0.146,McLaren,Lando Norris,2,0.9147286821705426,0.88,1.0,1.0,1.0,1.0,-2.4,19.4,-0.2,-2.6482758620689655,-1.1688,161.3968,0.06333333333333334,0.031007751937984496,0,1,1
2025,2,Chinese Grand Prix,2,0.082,Mercedes,George Russell,3,0.8449612403100775,0.9166666666666666,3.0,0.6,2.0,1.0,-0.2,23.4,0.2,0.0,-0.9082,161.2742,0.023333333333333334,0.046511627906976744,0,1,1
2025,2,Chinese Grand Prix,4,0.176,Red Bull,Max Verstappen,4,0.8866666666666667,0.8566666666666667,2.0,0.72,3.0,0.6666666666666666,2.2,17.6,1.0,0.24829931972789154,-1.064,301.0828,0.07,0.04666666666666667,0,1,1
2025,2,Chinese Grand Prix,11,0.984,Haas F1 Team,Esteban Ocon,5,0.8125,0.8060200668896321,13.0,0.0,10.0,0.0,1.6,2.0,2.2,1.1238738738738743,0.655,25.432800000000004,0.05351170568561873,0.03125,0,1,1
2025,2,Chinese Grand Prix,8,0.462,Mercedes,Andrea Kimi Antonelli,6,1.0,0.9166666666666666,4.0,0.48,2.0,1.0,12.0,23.4,0.0,1.6187919463087255,1.072,161.2742,0.023333333333333334,0.0,0,1,1
2025,2,Chinese Grand Prix,10,0.862,Williams,Alexander Albon,7,0.819047619047619,0.7926421404682275,5.0,0.4,4.0,0.37037037037037035,-1.0,2.0,2.2,1.1533333333333342,0.32966666666666666,23.968700000000002,0.056856187290969896,0.0380952380952381,0,1,1
2025,2,Chinese Grand Prix,17,1.377,Haas F1 Team,Oliver Bearman,8,1.0,0.8060200668896321,14.0,0.0,10.0,0.0,4.0,2.0,0.6666666666666666,1.16158940397351,-0.00675,25.432800000000004,0.05351170568561873,0.0,0,1,1
2025,2,Chinese Grand Prix,14,1.132,Aston Martin,Lance Stroll,9,0.825503355704698,0.8516483516483516,6.0,0.32,5.0,0.2962962962962963,-0.2,3.2,0.8,0.375,0.269,162.7792,0.02197802197802198,0.06711409395973154,0,1,1
2025,2,Chinese Grand Prix,15,0.987,Williams,Carlos Sainz,10,0.8523489932885906,0.7926421404682275,0.0,0.0,4.0,0.37037037037037035,-1.8,2.0,-1.6,-0.47222222222222143,-1.0788333333333333,23.968700000000002,0.056856187290969896,0.053691275167785234,0,1,1
2025,2,Chinese Grand Prix,7,0.438,RB F1 Team,Isack Hadjar,11,0.0,0.84,0.0,0.0,9.0,0.0,-9.0,2.0,0.0,1.387445887445887,0.0,162.4135,0.0,0.0,0,1,1
2025,2,Chinese Grand Prix,20,1.533,Red Bull,Liam Lawson,12,0.8333333333333334,0.8566666666666667,0.0,0.0,3.0,0.6666666666666666,-0.8,17.6,1.4,2.459677419354838,0.5713333333333334,301.0828,0.07,0.0,0,1,1
2025,2,Chinese Grand Prix,18,1.451,Alpine F1 Team,Jack Doohan,13,0.5,0.8351648351648352,0.0,0.0,8.0,0.0,0.0,9.8,-10.0,-3.634615384615384,0.648,299.2492,0.054945054945054944,0.0,0,0,1
2025,2,Chinese Grand Prix,19,1.5,Sauber,Gabriel Bortoleto,14,0.0,0.8369565217391304,0.0,0.0,6.0,0.2222222222222222,-1.0,2.0,0.0,-0.49954504094631424,0.0,32.953199999999995,0.05434782608695652,0.0,0,1,0
2025,2,Chinese Grand Prix,12,0.991,Sauber,Nico Hülkenberg,15,0.8191489361702128,0.8369565217391304,7.0,0.24,6.0,0.2222222222222222,1.6,2.0,1.8,-0.535443037974682,0.3421666666666667,32.953199999999995,0.05434782608695652,0.05319148936170213,0,1,0
2025,2,Chinese Grand Prix,9,0.597,RB F1 Team,Yuki Tsunoda,16,0.8131868131868132,0.84,12.0,0.0,9.0,0.0,-2.6,2.0,0.4,0.1970649895178198,0.2135,162.4135,0.0,0.04395604395604396,0,0,1
2025,2,Chinese Grand Prix,13,1.047,Aston Martin,Fernando Alonso,17,0.8214285714285714,0.8516483516483516,0.0,0.0,5.0,0.2962962962962963,-0.8,3.2,0.0,1.1312499999999996,-0.051875,162.7792,0.02197802197802198,0.026785714285714284,0,1,1
2025,2,Chinese Grand Prix,6,0.38,Ferrari,Charles Leclerc,18,0.84,0.8666666666666667,8.0,0.16,7.0,0.18518518518518517,2.8,20.2,-0.4,-2.049689440993788,-0.7172000000000001,162.0342,0.04666666666666667,0.07333333333333333,0,1,1
2025,2,Chinese Grand Prix,5,0.286,Ferrari,Lewis Hamilton,19,0.9463087248322147,0.8666666666666667,10.0,0.04,7.0,0.18518518518518517,4.0,20.2,-0.8,1.3871252204585538,-0.4635,162.0342,0.04666666666666667,0.013422818791946308,0,1,1
2025,2,Chinese Grand Prix,16,1.351,Alpine F1 Team,Pierre Gasly,20,0.8333333333333334,0.8351648351648352,11.0,0.0,8.0,0.0,-0.4,9.8,0.0,-4.624233128834355,-0.056,299.2492,0.054945054945054944,0.04,0,1,1
2025,3,Japanese Grand Prix,1,0.0,Red Bull,Max Verstappen,1,0.8874172185430463,0.8576158940397351,2.0,0.8181818181818182,3.0,0.46153846153846156,0.0,14.8,-2.2,0.4486062717770043,-1.0594000000000001,23.713,0.0695364238410596,0.046357615894039736,0,1,1
2025,3,Japanese Grand Prix,2,0.012,McLaren,Lando Norris,2,0.9153846153846154,0.880794701986755,1.0,1.0,1.0,1.0,-1.2,25.6,1.2,-0.9363636363636356,-1.2277,21.870600000000003,0.06291390728476821,0.03076923076923077,0,1,1
2025,3,Japanese Grand Prix,3,0.044,McLaren,Oscar Piastri,3,0.9375,0.880794701986755,4.0,0.7727272727272727,1.0,1.0,-2.6,25.6,0.0,-0.6759036144578303,-0.8747999999999999,21.870600000000003,0.06291390728476821,0.0,0,1,1
2025,3,Japanese Grand Prix,4,0.316,Ferrari,Charles Leclerc,4,0.8344370860927153,0.8609271523178808,10.0,0.18181818181818182,5.0,0.21794871794871795,0.2,18.2,-2.6,1.8123752495009988,-0.83625,21.889,0.046357615894039736,0.0728476821192053,0,1,1
2025,3,Japanese Grand Prix,5,0.335,Mercedes,George Russell,5,0.8461538461538461,0.9172185430463576,3.0,0.7954545454545454,2.0,0.7307692307692307,0.0,25.4,0.2,-2.3988095238095237,-0.9479,21.6205,0.023178807947019868,0.046153846153846156,0,1,1
2025,3,Japanese Grand Prix,6,0.572,Mercedes,Andrea Kimi Antonelli,6,1.0,0.9172185430463576,5.0,0.5,2.0,0.7307692307692307,7.0,25.4,-10.0,-3.9191321499013805,0.562,21.6205,0.023178807947019868,0.0,0,1,1
2025,3,Japanese Grand Prix,8,0.627,Ferrari,Lewis Hamilton,7,0.94,0.8609271523178808,9.0,0.20454545454545456,5.0,0.21794871794871795,0.0,18.2,-4.0,3.923529411764706,-0.596375,21.889,0.046357615894039736,0.013333333333333334,0,1,1
2025,3,Japanese Grand Prix,7,0.586,RB F1 Team,Isack Hadjar,8,0.5,0.8461538461538461,16.0,0.0,9.0,0.038461538461538464,-6.5,0.4,5.0,-2.2514619883040936,0.211,22.2104,0.0,0.0,0,1,1
2025,3,Japanese Grand Prix,9,0.632,Williams,Alexander Albon,9,0.8207547169811321,0.7940199335548173,6.0,0.36363636363636365,4.0,0.21794871794871795,1.8,3.4,2.8,-0.039036544850498345,0.245125,23.5244,0.05647840531561462,0.03773584905660377,0,1,1
2025,3,Japanese Grand Prix,10,0.728,Haas F1 Team,Oliver Bearman,10,1.0,0.8073089700996677,12.0,0.09090909090909091,6.0,0.1794871794871795,5.0,4.8,1.25,0.8468208092485554,0.026199999999999998,22.874000000000002,0.053156146179401995,0.0,0,1,1
2025,3,Japanese Grand Prix,13,0.914,Aston Martin,Fernando Alonso,11,0.8141592920353982,0.8478260869565217,0.0,0.0,7.0,0.1282051282051282,-0.6,3.6,0.2,2.6063218390804597,0.00016666666666666666,22.5803,0.021739130434782608,0.02654867256637168,0,1,1
2025,3,Japanese Grand Prix,15,0.984,Red Bull,Yuki Tsunoda,12,0.8152173913043479,0.8576158940397351,13.0,0.06818181818181818,3.0,0.46153846153846156,-3.2,14.8,-0.6,0.8885714285714279,0.2621,23.713,0.0695364238410596,0.043478260869565216,0,0,1
2025,3,Japanese Grand Prix,11,0.839,Alpine F1 Team,Pierre Gasly,13,0.8278145695364238,0.8315217391304348,15.0,0.0,10.0,0.0,-3.6,3.2,-3.2,1.1647727272727266,0.010333333333333333,22.214199999999998,0.05434782608695652,0.039735099337748346,0,1,1
2025,3,Japanese Grand Prix,12,0.853,Williams,Carlos Sainz,14,0.8533333333333333,0.7940199335548173,14.0,0.022727272727272728,4.0,0.21794871794871795,-0.4,3.4,1.4,-0.13841807909604498,-0.732625,23.5244,0.05647840531561462,0.05333333333333334,0,1,1
2025,3,Japanese Grand Prix,19,1.894,Alpine F1 Team,Jack Doohan,15,0.6666666666666667,0.8315217391304348,18.0,0.0,10.0,0.0,1.6666666666666667,3.2,0.0,-2.189406099518459,0.58425,22.214199999999998,0.05434782608695652,0.0,0,0,1
2025,3,Japanese Grand Prix,16,1.587,Sauber,Nico Hülkenberg,16,0.8210526315789474,0.8404255319148937,11.0,0.13636363636363635,8.0,0.07692307692307693,1.2,2.0,-0.4,-1.0698324022346366,0.488875,23.836599999999997,0.05319148936170213,0.05263157894736842,0,1,0
2025,3,Japanese Grand Prix,14,0.923,RB F1 Team,Liam Lawson,17,0.8461538461538461,0.8461538461538461,17.0,0.0,9.0,0.038461538461538464,1.6,0.4,2.4,0.155555555555555,0.55,22.2104,0.0,0.0,0,1,1
2025,3,Japanese Grand Prix,18,1.713,Haas F1 Team,Esteban Ocon,18,0.813953488372093,0.8073089700996677,7.0,0.22727272727272727,6.0,0.1794871794871795,1.6,4.8,0.0,0.22529158993247478,0.445875,22.874000000000002,0.053156146179401995,0.031007751937984496,0,1,1
2025,3,Japanese Grand Prix,17,1.639,Sauber,Gabriel Bortoleto,19,0.5,0.8404255319148937,19.0,0.0,8.0,0.07692307692307693,2.0,2.0,6.0,-2.168956043956044,0.783,23.836599999999997,0.05319148936170213,0.0,0,1,0
2025,3,Japanese Grand Prix,20,2.288,Aston Martin,Lance Stroll,20,0.8266666666666667,0.8478260869565217,8.0,0.22727272727272727,7.0,0.1282051282051282,2.6,3.6,2.8,1.9590163934426226,0.399,22.5803,0.021739130434782608,0.06666666666666667,0,1,1
2025,4,Bahrain Grand Prix,1,0.0,McLaren,Oscar Piastri,1,0.9387755102040817,0.881578947368421,3.0,0.7903225806451613,1.0,1.0,-2.8,29.2,-0.2,0.0,-1.0111,22.2801,0.0625,0.0,0,1,1
2025,4,Bahrain Grand Prix,2,0.168,Mercedes,George Russell,2,0.8473282442748091,0.9177631578947368,4.0,0.7258064516129032,2.0,0.6756756756756757,0.0,20.4,0.0,0.0,-0.9444,22.163,0.023026315789473683,0.04580152671755725,0,1,1
2025,4,Bahrain Grand Prix,6,0.426,McLaren,Lando Norris,3,0.916030534351145,0.881578947368421,1.0,1.0,1.0,1.0,-1.2,29.2,0.0,0.0,-1.3996,22.2801,0.0625,0.030534351145038167,0,1,1
2025,4,Bahrain Grand Prix,3,0.334,Ferrari,Charles Leclerc,4,0.8355263157894737,0.8618421052631579,6.0,0.3225806451612903,4.0,0.3153153153153153,0.2,16.4,0.0,0.0,-0.88625,22.2796,0.046052631578947366,0.07236842105263158,0,1,1
2025,4,Bahrain Grand Prix,9,0.931,Ferrari,Lewis Hamilton,5,0.9403973509933775,0.8618421052631579,8.0,0.24193548387096775,4.0,0.3153153153153153,-1.4,16.4,-1.4,0.0,-0.312125,22.2796,0.046052631578947366,0.013245033112582781,0,1,1
2025,4,Bahrain Grand Prix,7,0.582,Red Bull,Max Verstappen,6,0.8881578947368421,0.8585526315789473,2.0,0.9838709677419355,3.0,0.5495495495495496,0.0,17.6,0.0,0.0,-1.0585,24.338,0.06907894736842106,0.046052631578947366,0,1,1
2025,4,Bahrain Grand Prix,5,0.375,Alpine F1 Team,Pierre Gasly,7,0.8289473684210527,0.8333333333333334,16.0,0.0,10.0,0.0,-0.6,3.2,3.0,0.0,-0.04175,22.8565,0.053763440860215055,0.039473684210526314,0,1,1
2025,4,Bahrain Grand Prix,14,1.753,Haas F1 Team,Esteban Ocon,8,0.8153846153846154,0.8085808580858086,9.0,0.16129032258064516,6.0,0.13513513513513514,1.2,4.2,-0.4,0.0,0.755875,23.4634,0.052805280528052806,0.03076923076923077,0,1,1
2025,4,Bahrain Grand Prix,10,1.387,Red Bull,Yuki Tsunoda,9,0.8172043010752688,0.8585526315789473,14.0,0.04838709677419355,3.0,0.5495495495495496,-2.2,17.6,1.0,0.0,0.2268,24.338,0.06907894736842106,0.043010752688172046,0,0,1
2025,4,Bahrain Grand Prix,20,2.532,Haas F1 Team,Oliver Bearman,10,1.0,0.8085808580858086,12.0,0.08064516129032258,6.0,0.13513513513513514,4.2,4.2,-0.8,0.0,0.1396,23.4634,0.052805280528052806,0.0,0,1,1
2025,4,Bahrain Grand Prix,4,0.372,Mercedes,Andrea Kimi Antonelli,11,1.0,0.9177631578947368,5.0,0.4838709677419355,2.0,0.6756756756756757,4.666666666666667,20.4,-6.0,0.0,0.30133333333333334,22.163,0.023026315789473683,0.0,0,1,1
2025,4,Bahrain Grand Prix,15,2.199,Williams,Alexander Albon,12,0.822429906542056,0.7953795379537953,7.0,0.2903225806451613,5.0,0.17117117117117117,2.0,3.8,0.2,0.0,0.26130000000000003,23.9232,0.056105610561056105,0.037383177570093455,0,1,1
2025,4,Bahrain Grand Prix,12,1.43,RB F1 Team,Isack Hadjar,13,0.6666666666666667,0.8518518518518519,13.0,0.06451612903225806,8.0,0.06306306306306306,-4.666666666666667,0.8,4.0,0.0,0.2405,22.688200000000002,0.0,0.0,0,1,1
2025,4,Bahrain Grand Prix,11,1.404,Alpine F1 Team,Jack Doohan,14,0.75,0.8333333333333334,19.0,0.0,10.0,0.0,2.25,3.2,-0.3333333333333333,0.0,0.4285,22.8565,0.053763440860215055,0.0,0,0,1
2025,4,Bahrain Grand Prix,13,1.793,Aston Martin,Fernando Alonso,15,0.8157894736842105,0.8494623655913979,17.0,0.0,7.0,0.09009009009009009,-1.4,3.6,-0.8,0.0,-0.10516666666666667,23.0256,0.021505376344086023,0.02631578947368421,0,1,1
2025,4,Bahrain Grand Prix,17,2.324,RB F1 Team,Liam Lawson,16,0.8571428571428572,0.8518518518518519,18.0,0.0,8.0,0.06306306306306306,1.2,0.8,-0.4,0.0,0.6143333333333334,22.688200000000002,0.0,0.0,0,1,1
2025,4,Bahrain Grand Prix,19,2.442,Aston Martin,Lance Stroll,17,0.8278145695364238,0.8494623655913979,10.0,0.16129032258064516,7.0,0.09009009009009009,1.6,3.6,-1.0,0.0,0.581875,23.0256,0.021505376344086023,0.06622516556291391,0,1,1
2025,4,Bahrain Grand Prix,18,2.345,Sauber,Gabriel Bortoleto,18,0.6666666666666667,0.84375,20.0,0.0,9.0,0.05405405405405406,0.6666666666666666,2.0,-0.5,0.0,0.81,24.071800000000003,0.052083333333333336,0.0,0,1,0
2025,4,Bahrain Grand Prix,8,0.839,Williams,Carlos Sainz,19,0.8543046357615894,0.7953795379537953,15.0,0.016129032258064516,5.0,0.17117117117117117,-0.6,3.8,-0.2,0.0,-0.25275,23.9232,0.056105610561056105,0.052980132450331126,0,1,1
2025,4,Bahrain Grand Prix,16,2.226,Sauber,Nico Hülkenberg,20,0.8229166666666666,0.84375,11.0,0.0967741935483871,9.0,0.05405405405405406,1.0,2.0,-0.2,0.0,0.543875,24.071800000000003,0.052083333333333336,0.052083333333333336,0,1,0
2025,5,Saudi Arabian Grand Prix,2,0.01,McLaren,Oscar Piastri,1,0.94,0.8823529411764706,2.0,0.961038961038961,1.0,1.0,-3.0,33.8,-0.2,0.0,-1.0,21.615099999999998,0.06209150326797386,0.0,1,1,1
2025,5,Saudi Arabian Grand Prix,1,0.0,Red Bull,Max Verstappen,2,0.8888888888888888,0.8594771241830066,3.0,0.8961038961038961,3.0,0.47019867549668876,0.2,14.6,0.2,0.0,-0.7597999999999999,24.4419,0.06862745098039216,0.0457516339869281,1,1,1
2025,5,Saudi Arabian Grand Prix,4,0.376,Ferrari,Charles Leclerc,3,0.8366013071895425,0.8627450980392157,5.0,0.4155844155844156,4.0,0.37748344370860926,-0.6,15.6,-0.8,0.0,-0.790625,21.4043,0.0457516339869281,0.0718954248366013,1,1,1
2025,5,Saudi Arabian Grand Prix,10,0.187,McLaren,Lando Norris,4,0.9166666666666666,0.8823529411764706,1.0,1.0,1.0,1.0,0.8,33.8,2.0,0.0,-1.2570999999999999,21.615099999999998,0.06209150326797386,0.030303030303030304,1,1,1
2025,5,Saudi Arabian Grand Prix,3,0.113,Mercedes,George Russell,5,0.8484848484848485,0.9183006535947712,4.0,0.8181818181818182,2.0,0.6158940397350994,0.4,21.6,0.4,0.0,-0.9421,21.5957,0.02287581699346405,0.045454545454545456,1,1,1
2025,5,Saudi Arabian Grand Prix,5,0.504,Mercedes,Andrea Kimi Antonelli,6,1.0,0.9183006535947712,6.0,0.38961038961038963,2.0,0.6158940397350994,1.75,21.6,-6.333333333333333,0.0,0.233375,21.5957,0.02287581699346405,0.0,1,1,1
2025,5,Saudi Arabian Grand Prix,7,0.808,Ferrari,Lewis Hamilton,7,0.9407894736842105,0.8627450980392157,7.0,0.3246753246753247,4.0,0.37748344370860926,0.6,15.6,2.0,0.0,-0.43075,21.4043,0.0457516339869281,0.013157894736842105,1,1,1
2025,5,Saudi Arabian Grand Prix,6,0.73,Williams,Carlos Sainz,8,0.8486842105263158,0.7934426229508197,16.0,0.012987012987012988,6.0,0.12582781456953643,-3.0,3.8,-2.4,0.0,0.029666666666666668,22.429299999999998,0.05573770491803279,0.05263157894736842,1,1,1
2025,5,Saudi Arabian Grand Prix,11,0.815,Williams,Alexander Albon,9,0.8240740740740741,0.7934426229508197,8.0,0.23376623376623376,6.0,0.12582781456953643,2.4,3.8,0.4,0.0,0.09820000000000001,22.429299999999998,0.05573770491803279,0.037037037037037035,1,1,1
2025,5,Saudi Arabian Grand Prix,14,1.124,RB F1 Team,Isack Hadjar,10,0.75,0.8571428571428572,15.0,0.05194805194805195,8.0,0.046357615894039736,-3.75,0.8,2.6666666666666665,0.0,0.25383333333333336,21.846899999999998,0.0,0.0,1,1,1
2025,5,Saudi Arabian Grand Prix,13,1.009,Aston Martin,Fernando Alonso,11,0.817391304347826,0.851063829787234,17.0,0.0,7.0,0.06622516556291391,-2.0,2.4,-0.6,0.0,-0.06266666666666666,22.012700000000002,0.02127659574468085,0.02608695652173913,1,1,1
2025,5,Saudi Arabian Grand Prix,12,0.897,RB F1 Team,Liam Lawson,12,0.8666666666666667,0.8571428571428572,18.0,0.0,8.0,0.046357615894039736,0.8,0.8,-0.4,0.0,0.4705,21.846899999999998,0.0,0.0,1,1,1
2025,5,Saudi Arabian Grand Prix,15,1.242,Haas F1 Team,Oliver Bearman,13,1.0,0.8098360655737705,13.0,0.07792207792207792,5.0,0.13245033112582782,6.0,4.8,1.8,0.0,0.2109,22.725599999999996,0.05245901639344262,0.0,1,1,1
2025,5,Saudi Arabian Grand Prix,19,1.798,Haas F1 Team,Esteban Ocon,14,0.816793893129771,0.8098360655737705,9.0,0.18181818181818182,5.0,0.13245033112582782,3.6,4.8,2.4,0.0,0.519,22.725599999999996,0.05245901639344262,0.030534351145038167,1,1,1
2025,5,Saudi Arabian Grand Prix,18,1.488,Sauber,Nico Hülkenberg,15,0.8144329896907216,0.8367346938775511,12.0,0.07792207792207792,10.0,0.039735099337748346,-0.2,1.2,-1.2,0.0,0.543875,23.1236,0.05102040816326531,0.05154639175257732,1,1,0
2025,5,Saudi Arabian Grand Prix,16,1.351,Aston Martin,Lance Stroll,16,0.8289473684210527,0.851063829787234,10.0,0.12987012987012986,7.0,0.06622516556291391,2.6,2.4,1.0,0.0,0.596,22.012700000000002,0.02127659574468085,0.06578947368421052,1,1,1
2025,5,Saudi Arabian Grand Prix,17,1.445,Alpine F1 Team,Jack Doohan,17,0.8,0.8351063829787234,19.0,0.0,9.0,0.039735099337748346,1.2,2.4,-2.0,0.0,0.371,22.097199999999997,0.05319148936170213,0.0,1,0,1
2025,5,Saudi Arabian Grand Prix,20,2.168,Sauber,Gabriel Bortoleto,18,0.75,0.8367346938775511,20.0,0.0,10.0,0.039735099337748346,0.5,1.2,0.3333333333333333,0.0,0.7885,23.1236,0.05102040816326531,0.0,1,1,0
2025,5,Saudi Arabian Grand Prix,8,0.696,Red Bull,Yuki Tsunoda,19,0.8191489361702128,0.8594771241830066,14.0,0.06493506493506493,3.0,0.47019867549668876,-2.2,14.6,0.0,0.0,0.0455,24.4419,0.06862745098039216,0.0425531914893617,1,0,1
2025,5,Saudi Arabian Grand Prix,9,0.731,Alpine F1 Team,Pierre Gasly,20,0.8300653594771241,0.8351063829787234,11.0,0.07792207792207792,9.0,0.039735099337748346,-2.2,2.4,-1.6,0.0,-0.078375,22.097199999999997,0.05319148936170213,0.0392156862745098,1,1,1
2025,6,Miami Grand Prix,4,0.0,McLaren,Oscar Piastri,1,0.9411764705882353,0.8831168831168831,1.0,1.0,1.0,1.0,-1.2,36.0,1.8,0.0,-1.2641,21.080199999999998,0.06168831168831169,0.0,0,1,1
2025,6,Miami Grand Prix,2,0.0,McLaren,Lando Norris,2,0.9172932330827068,0.8831168831168831,2.0,0.898989898989899,1.0,1.0,2.0,36.0,1.2,0.0,-1.1872,21.080199999999998,0.06168831168831169,0.03007518796992481,0,1,1
2025,6,Miami Grand Prix,5,0.0,Mercedes,George Russell,3,0.849624060150376,0.9188311688311688,4.0,0.7373737373737373,2.0,0.5904255319148937,-0.4,20.8,-0.8,0.0,-0.9104,21.3335,0.022727272727272728,0.045112781954887216,0,1,1
2025,6,Miami Grand Prix,1,0.0,Red Bull,Max Verstappen,4,0.8896103896103896,0.8571428571428572,3.0,0.8787878787878788,3.0,0.4734042553191489,0.2,16.6,0.0,0.0,-0.9872000000000001,23.1175,0.06818181818181818,0.045454545454545456,0,1,1
2025,6,Miami Grand Prix,7,0.0,Williams,Alexander Albon,5,0.8256880733944953,0.7947882736156352,8.0,0.20202020202020202,5.0,0.13297872340425532,1.8,5.0,-0.6,0.0,0.0343,22.357,0.05537459283387622,0.03669724770642202,0,1,1
2025,6,Miami Grand Prix,3,0.0,Mercedes,Andrea Kimi Antonelli,6,1.0,0.9188311688311688,6.0,0.3838383838383838,2.0,0.5904255319148937,1.2,20.8,-3.25,0.0,0.0322,21.3335,0.022727272727272728,0.0,0,1,1
2025,6,Miami Grand Prix,8,0.0,Ferrari,Charles Leclerc,7,0.8376623376623377,0.8636363636363636,5.0,0.47474747474747475,4.0,0.4148936170212766,-2.6,13.2,-2.0,0.0,-0.763875,21.116899999999998,0.045454545454545456,0.07142857142857142,0,1,1
2025,6,Miami Grand Prix,12,0.0,Ferrari,Lewis Hamilton,8,0.9411764705882353,0.8636363636363636,7.0,0.31313131313131315,4.0,0.4148936170212766,-2.2,13.2,-2.8,0.0,-0.502,21.116899999999998,0.045454545454545456,0.013071895424836602,0,1,1
2025,6,Miami Grand Prix,6,0.0,Williams,Carlos Sainz,9,0.8496732026143791,0.7947882736156352,15.0,0.050505050505050504,5.0,0.13297872340425532,-3.6,5.0,-0.6,0.0,0.4735,22.357,0.05537459283387622,0.05228758169934641,0,1,1
2025,6,Miami Grand Prix,10,0.0,Red Bull,Yuki Tsunoda,10,0.8105263157894737,0.8571428571428572,16.0,0.050505050505050504,3.0,0.4734042553191489,-4.2,16.6,-2.0,0.0,0.018125,23.1175,0.06818181818181818,0.042105263157894736,0,0,1
2025,6,Miami Grand Prix,11,0.0,RB F1 Team,Isack Hadjar,11,0.8,0.8620689655172413,14.0,0.050505050505050504,8.0,0.0425531914893617,-2.2,1.0,3.25,0.0,0.28725,21.384999999999998,0.0,0.0,0,1,1
2025,6,Miami Grand Prix,9,0.0,Haas F1 Team,Esteban Ocon,12,0.8181818181818181,0.8110749185667753,9.0,0.1414141414141414,6.0,0.10638297872340426,4.6,4.0,1.0,0.0,0.6224,22.6683,0.05211726384364821,0.030303030303030304,0,1,1
2025,6,Miami Grand Prix,18,0.0,Alpine F1 Team,Pierre Gasly,13,0.8246753246753247,0.8315789473684211,11.0,0.06060606060606061,9.0,0.031914893617021274,-4.2,1.2,-2.0,0.0,-0.06916666666666667,21.8925,0.05263157894736842,0.03896103896103896,0,1,1
2025,6,Miami Grand Prix,16,0.0,Sauber,Nico Hülkenberg,14,0.8163265306122449,0.84,12.0,0.06060606060606061,10.0,0.031914893617021274,1.2,1.2,1.4,0.0,0.79775,21.600099999999998,0.05,0.05102040816326531,0,1,0
2025,6,Miami Grand Prix,17,0.0,Aston Martin,Fernando Alonso,15,0.8189655172413793,0.8526315789473684,17.0,0.0,7.0,0.05319148936170213,-1.4,2.0,0.6,0.0,0.0023333333333333335,21.6802,0.021052631578947368,0.02586206896551724,0,1,1
2025,6,Miami Grand Prix,19,0.0,Aston Martin,Lance Stroll,16,0.8300653594771241,0.8526315789473684,10.0,0.10101010101010101,7.0,0.05319148936170213,2.8,2.0,0.2,0.0,0.7512000000000001,21.6802,0.021052631578947368,0.06535947712418301,0,1,1
2025,6,Miami Grand Prix,15,0.0,RB F1 Team,Liam Lawson,17,0.875,0.8620689655172413,18.0,0.0,8.0,0.0425531914893617,1.8,1.0,1.0,0.0,0.445,21.384999999999998,0.0,0.0,0,1,1
2025,6,Miami Grand Prix,13,0.0,Sauber,Gabriel Bortoleto,18,0.8,0.84,20.0,0.0,10.0,0.031914893617021274,0.8,1.2,0.75,0.0,0.944125,21.600099999999998,0.05,0.0,0,1,0
2025,6,Miami Grand Prix,20,0.0,Haas F1 Team,Oliver Bearman,19,1.0,0.8110749185667753,13.0,0.06060606060606061,6.0,0.10638297872340426,5.4,4.0,-0.6,0.0,0.21869999999999998,22.6683,0.05211726384364821,0.0,0,1,1
2025,6,Miami Grand Prix,14,0.0,Alpine F1 Team,Jack Doohan,20,0.8333333333333334,0.8315789473684211,19.0,0.0,9.0,0.031914893617021274,0.2,1.2,-1.0,0.0,0.552,21.8925,0.05263157894736842,0.0,0,0,1
2025,7,Emilia Romagna Grand Prix,2,0.034,Red Bull,Max Verstappen,1,0.8903225806451613,0.8580645161290322,3.0,0.7557251908396947,3.0,0.4268292682926829,-0.6,15.6,-0.8,0.0,-0.7426,24.3618,0.06774193548387097,0.04516129032258064,0,1,1
2025,7,Emilia Romagna Grand Prix,4,0.292,McLaren,Lando Norris,2,0.917910447761194,0.8838709677419355,2.0,0.8778625954198473,1.0,1.0,2.0,39.2,0.0,0.0,-0.9458,22.7773,0.06129032258064516,0.029850746268656716,0,1,1
2025,7,Emilia Romagna Grand Prix,1,0.0,McLaren,Oscar Piastri,3,0.9423076923076923,0.8838709677419355,1.0,1.0,1.0,1.0,0.8,39.2,2.0,0.0,-1.1037000000000001,22.7773,0.06129032258064516,0.0,0,1,1
2025,7,Emilia Romagna Grand Prix,12,1.095,Ferrari,Lewis Hamilton,4,0.9415584415584416,0.864516129032258,7.0,0.31297709923664124,4.0,0.3821138211382114,-1.0,14.2,1.2,0.0,-0.3135,22.5263,0.04516129032258064,0.012987012987012988,0,1,1
2025,7,Emilia Romagna Grand Prix,7,0.803,Williams,Alexander Albon,5,0.8272727272727273,0.7961165048543689,8.0,0.22900763358778625,5.0,0.15040650406504066,2.0,5.4,0.2,0.0,0.0289,23.390499999999996,0.05501618122977346,0.03636363636363636,0,1,1
2025,7,Emilia Romagna Grand Prix,11,0.934,Ferrari,Charles Leclerc,6,0.8387096774193549,0.864516129032258,5.0,0.40458015267175573,4.0,0.3821138211382114,-2.2,14.2,0.4,0.0,-0.696625,22.5263,0.04516129032258064,0.07096774193548387,0,1,1
2025,7,Emilia Romagna Grand Prix,3,0.137,Mercedes,George Russell,7,0.8507462686567164,0.9193548387096774,4.0,0.7099236641221374,2.0,0.573170731707317,-0.2,20.0,0.2,0.0,-0.6527999999999999,23.0943,0.02258064516129032,0.04477611940298507,0,1,1
2025,7,Emilia Romagna Grand Prix,6,0.528,Williams,Carlos Sainz,8,0.8506493506493507,0.7961165048543689,13.0,0.05343511450381679,5.0,0.15040650406504066,-2.6,5.4,1.0,-3.80952380952381,0.325375,23.390499999999996,0.05501618122977346,0.05194805194805195,0,1,1
2025,7,Emilia Romagna Grand Prix,9,0.84,RB F1 Team,Isack Hadjar,9,0.8333333333333334,0.85,16.0,0.03816793893129771,8.0,0.032520325203252036,-0.4,1.0,1.8,-1.8604651162790695,0.08220000000000001,22.7958,0.0,0.0,0,1,1
2025,7,Emilia Romagna Grand Prix,20,0.84,Red Bull,Yuki Tsunoda,10,0.8125,0.8580645161290322,11.0,0.06870229007633588,3.0,0.4268292682926829,-2.8,15.6,1.4,1.1590909090909083,-0.023625,24.3618,0.06774193548387097,0.041666666666666664,0,0,1
2025,7,Emilia Romagna Grand Prix,5,0.761,Aston Martin,Fernando Alonso,11,0.8205128205128205,0.8541666666666666,17.0,0.0,7.0,0.056910569105691054,0.0,0.4,1.4,3.6111111111111107,0.135375,23.1172,0.020833333333333332,0.02564102564102564,0,1,1
2025,7,Emilia Romagna Grand Prix,17,1.848,Sauber,Nico Hülkenberg,12,0.8181818181818181,0.8333333333333334,14.0,0.04580152671755725,10.0,0.024390243902439025,-0.4,0.0,-1.6,3.0652173913043477,0.6915,22.7963,0.049019607843137254,0.050505050505050504,0,1,0
2025,7,Emilia Romagna Grand Prix,10,0.835,Alpine F1 Team,Pierre Gasly,13,0.8258064516129032,0.828125,12.0,0.05343511450381679,9.0,0.028455284552845527,-2.8,1.2,1.4,0.02127659574468055,-0.08816666666666667,23.155700000000003,0.052083333333333336,0.03870967741935484,0,1,1
2025,7,Emilia Romagna Grand Prix,16,1.709,RB F1 Team,Liam Lawson,14,0.8235294117647058,0.85,18.0,0.0,8.0,0.032520325203252036,0.8,1.0,-1.0,-4.083333333333334,0.445,22.7958,0.0,0.0,0,1,1
2025,7,Emilia Romagna Grand Prix,8,0.827,Aston Martin,Lance Stroll,15,0.8311688311688312,0.8541666666666666,10.0,0.10687022900763359,7.0,0.056910569105691054,2.0,0.4,-0.8,3.8979591836734695,0.7275,23.1172,0.020833333333333332,0.06493506493506493,0,1,1
2025,7,Emilia Romagna Grand Prix,15,1.586,Alpine F1 Team,Franco Colapinto,16,0.6666666666666667,0.828125,0.0,0.0,9.0,0.028455284552845527,1.0,1.2,-1.4,0.0,0.293,23.155700000000003,0.052083333333333336,0.0,0,1,1
2025,7,Emilia Romagna Grand Prix,16,2.248,Haas F1 Team,Oliver Bearman,17,0.8888888888888888,0.8090614886731391,15.0,0.04580152671755725,6.0,0.08130081300813008,4.4,4.0,-1.0,1.4803921568627452,0.125625,23.4859,0.05177993527508091,0.0,0,1,1
2025,7,Emilia Romagna Grand Prix,14,1.59,Sauber,Gabriel Bortoleto,18,0.6666666666666667,0.8333333333333334,20.0,0.0,10.0,0.024390243902439025,0.0,0.0,-0.8,0.0,0.944125,22.7963,0.049019607843137254,0.0,0,1,0
2025,7,Emilia Romagna Grand Prix,13,1.102,Mercedes,Andrea Kimi Antonelli,19,1.0,0.9193548387096774,6.0,0.366412213740458,2.0,0.573170731707317,-1.8,20.0,-3.0,0.0,-0.2102,23.0943,0.02258064516129032,0.0,0,1,1
2025,7,Emilia Romagna Grand Prix,18,1.943,Haas F1 Team,Esteban Ocon,20,0.8195488721804511,0.8090614886731391,9.0,0.10687022900763359,6.0,0.08130081300813008,2.8,4.0,-1.8,0.0,0.2396,23.4859,0.05177993527508091,0.03007518796992481,0,1,1
2025,8,Monaco Grand Prix,1,0.0,McLaren,Lando Norris,1,0.9185185185185185,0.8846153846153846,2.0,0.910958904109589,1.0,1.0,2.2,37.2,0.2,0.0,-0.9491,24.3204,0.060897435897435896,0.02962962962962963,1,1,1
2025,8,Monaco Grand Prix,2,0.109,Ferrari,Charles Leclerc,2,0.8397435897435898,0.8653846153846154,5.0,0.4178082191780822,4.0,0.40860215053763443,1.2,18.2,3.4,2.3928571428571423,-0.7185,24.0434,0.04487179487179487,0.07051282051282051,1,1,1
2025,8,Monaco Grand Prix,3,0.175,McLaren,Oscar Piastri,3,0.9433962264150944,0.8846153846153846,1.0,1.0,1.0,1.0,0.4,37.2,-0.4,0.0,-1.0832,24.3204,0.060897435897435896,0.0,1,1,1
2025,8,Monaco Grand Prix,5,0.715,Red Bull,Max Verstappen,4,0.891025641025641,0.858974358974359,3.0,0.8493150684931506,3.0,0.46953405017921146,-0.4,18.4,0.2,0.0,-0.7796000000000001,25.8324,0.0673076923076923,0.04487179487179487,1,1,1
2025,8,Monaco Grand Prix,4,0.428,Ferrari,Lewis Hamilton,5,0.9419354838709677,0.8653846153846154,6.0,0.363013698630137,4.0,0.40860215053763443,3.4,18.2,4.4,0.0,-0.2268,24.0434,0.04487179487179487,0.012903225806451613,1,1,1
2025,8,Monaco Grand Prix,6,0.969,RB F1 Team,Isack Hadjar,6,0.8571428571428572,0.8548387096774194,14.0,0.04794520547945205,8.0,0.035842293906810034,0.4,1.4,0.8,0.0,0.067,24.3011,0.0,0.0,1,1,1
2025,8,Monaco Grand Prix,8,0.988,Haas F1 Team,Esteban Ocon,7,0.8134328358208955,0.8070739549839229,9.0,0.0958904109589041,6.0,0.07168458781362007,1.2,1.2,-1.6,0.0,0.287125,25.1765,0.05144694533762058,0.029850746268656716,1,1,1
2025,8,Monaco Grand Prix,9,1.175,RB F1 Team,Liam Lawson,8,0.8333333333333334,0.8548387096774194,18.0,0.0,8.0,0.035842293906810034,-0.4,1.4,-1.2,0.0,0.49875,24.3011,0.0,0.0,1,1,1
2025,8,Monaco Grand Prix,10,0.778,Williams,Alexander Albon,9,0.8288288288288288,0.797427652733119,8.0,0.273972602739726,5.0,0.1827956989247312,1.8,6.8,-0.2,0.0,-0.0038,24.8373,0.05466237942122187,0.036036036036036036,1,1,1
2025,8,Monaco Grand Prix,11,1.408,Williams,Carlos Sainz,10,0.8516129032258064,0.797427652733119,11.0,0.07534246575342465,5.0,0.1827956989247312,-4.0,6.8,-1.4,0.0,0.165375,24.8373,0.05466237942122187,0.05161290322580645,1,1,1
2025,8,Monaco Grand Prix,14,1.553,Mercedes,George Russell,11,0.8518518518518519,0.9166666666666666,4.0,0.678082191780822,2.0,0.5268817204301075,-0.8,16.6,-0.6,0.0,-0.5879,24.604599999999998,0.022435897435897436,0.044444444444444446,1,1,1
2025,8,Monaco Grand Prix,17,2.025,Haas F1 Team,Oliver Bearman,12,0.9,0.8070739549839229,16.0,0.0410958904109589,6.0,0.07168458781362007,2.4,1.2,-2.0,0.0,0.163125,25.1765,0.05144694533762058,0.0,1,1,1
2025,8,Monaco Grand Prix,20,2.643,Alpine F1 Team,Franco Colapinto,13,0.7,0.8298969072164948,21.0,0.0,9.0,0.025089605734767026,0.0,1.2,-1.0,0.0,0.188,24.8221,0.05154639175257732,0.0,1,1,1
2025,8,Monaco Grand Prix,16,1.948,Sauber,Gabriel Bortoleto,14,0.7142857142857143,0.8365384615384616,20.0,0.0,10.0,0.021505376344086023,-1.8,0.0,-1.8,0.0,0.805375,24.2834,0.04807692307692308,0.0,1,1,0
2025,8,Monaco Grand Prix,19,2.609,Aston Martin,Lance Stroll,15,0.832258064516129,0.8556701030927836,10.0,0.0958904109589041,7.0,0.05017921146953405,-0.4,0.0,-2.4,0.0,0.6401,24.7286,0.020618556701030927,0.06451612903225806,1,1,1
2025,8,Monaco Grand Prix,13,1.642,Sauber,Nico Hülkenberg,16,0.8200000000000001,0.8365384615384616,15.0,0.0410958904109589,10.0,0.021505376344086023,1.2,0.0,1.6,0.0,0.568,24.2834,0.04807692307692308,0.05,1,1,0
2025,8,Monaco Grand Prix,12,1.461,Red Bull,Yuki Tsunoda,17,0.8144329896907216,0.858974358974359,12.0,0.0684931506849315,3.0,0.46953405017921146,0.6,18.4,3.4,0.0,0.071875,25.8324,0.0673076923076923,0.041237113402061855,1,0,1
2025,8,Monaco Grand Prix,15,1.926,Mercedes,Andrea Kimi Antonelli,18,0.8571428571428572,0.9166666666666666,7.0,0.3287671232876712,2.0,0.5268817204301075,-3.4,16.6,-1.6,0.0,-0.27575,24.604599999999998,0.022435897435897436,0.0,1,1,1
2025,8,Monaco Grand Prix,7,0.97,Aston Martin,Fernando Alonso,19,0.8220338983050848,0.8556701030927836,17.0,0.0,7.0,0.05017921146953405,-0.4,0.0,-0.4,0.0,0.1799,24.7286,0.020618556701030927,0.025423728813559324,1,1,1
2025,8,Monaco Grand Prix,18,2.04,Alpine F1 Team,Pierre Gasly,20,0.8269230769230769,0.8298969072164948,13.0,0.04794520547945205,9.0,0.025089605734767026,-2.6,1.2,0.2,0.0,-0.061125,24.8221,0.05154639175257732,0.038461538461538464,1,1,1
2025,9,Spanish Grand Prix,1,0.0,McLaren,Oscar Piastri,1,0.9444444444444444,0.8853503184713376,1.0,1.0,1.0,1.0,0.4,38.6,0.0,0.0,-1.3582,24.5398,0.06050955414012739,0.0,0,1,1
2025,9,Spanish Grand Prix,2,0.209,McLaren,Lando Norris,2,0.9191176470588235,0.8853503184713376,2.0,0.9813664596273292,1.0,1.0,2.2,38.6,0.0,0.0,-1.1807999999999998,24.5398,0.06050955414012739,0.029411764705882353,0,1,1
2025,9,Spanish Grand Prix,7,0.585,Ferrari,Charles Leclerc,3,0.8407643312101911,0.8662420382165605,5.0,0.4906832298136646,4.0,0.445141065830721,1.2,20.2,0.0,0.0,-0.9977,24.1405,0.044585987261146494,0.07006369426751592,0,1,1
2025,9,Spanish Grand Prix,4,0.302,Mercedes,George Russell,4,0.8529411764705882,0.9171974522292994,4.0,0.6149068322981367,2.0,0.4608150470219436,-0.2,13.0,0.6,0.0,-0.1628,24.7396,0.022292993630573247,0.04411764705882353,0,1,1
2025,9,Spanish Grand Prix,16,1.644,Sauber,Nico Hülkenberg,5,0.8217821782178218,0.839622641509434,15.0,0.037267080745341616,10.0,0.018808777429467086,0.6,0.0,-0.6,0.0,0.7975,24.4694,0.04716981132075472,0.04950495049504951,0,1,0
2025,9,Spanish Grand Prix,5,0.499,Ferrari,Lewis Hamilton,6,0.9423076923076923,0.8662420382165605,6.0,0.391304347826087,4.0,0.445141065830721,3.0,20.2,-0.4,0.0,-0.5453,24.1405,0.044585987261146494,0.01282051282051282,0,1,1
2025,9,Spanish Grand Prix,9,0.706,RB F1 Team,Isack Hadjar,7,0.875,0.859375,10.0,0.09316770186335403,7.0,0.06896551724137931,0.6,3.0,0.2,0.0,-0.033600000000000005,24.453300000000002,0.0,0.0,0,1,1
2025,9,Spanish Grand Prix,8,0.653,Alpine F1 Team,Pierre Gasly,8,0.821656050955414,0.826530612244898,14.0,0.043478260869565216,9.0,0.0219435736677116,-2.6,1.2,0.0,0.0,-0.0155,24.755000000000003,0.05102040816326531,0.03821656050955414,0,1,1
2025,9,Spanish Grand Prix,10,0.738,Aston Martin,Fernando Alonso,9,0.8151260504201681,0.8520408163265306,18.0,0.0,8.0,0.0438871473354232,-3.2,0.0,-2.8,0.0,0.312125,25.058799999999998,0.02040816326530612,0.025210084033613446,0,1,1
2025,9,Spanish Grand Prix,3,0.302,Red Bull,Max Verstappen,10,0.89171974522293,0.8598726114649682,3.0,0.84472049689441,3.0,0.4482758620689655,-0.2,15.8,0.2,0.0,-1.0495,25.794599999999996,0.06687898089171974,0.044585987261146494,0,1,1
2025,9,Spanish Grand Prix,13,1.217,RB F1 Team,Liam Lawson,11,0.8421052631578947,0.859375,17.0,0.024844720496894408,7.0,0.06896551724137931,0.4,3.0,0.8,0.0,0.094,24.453300000000002,0.0,0.0,0,1,1
2025,9,Spanish Grand Prix,12,1.21,Sauber,Gabriel Bortoleto,12,0.75,0.839622641509434,21.0,0.0,10.0,0.018808777429467086,-1.0,0.0,0.8,0.0,0.77025,24.4694,0.04716981132075472,0.0,0,1,0
2025,9,Spanish Grand Prix,20,1.839,Red Bull,Yuki Tsunoda,13,0.8163265306122449,0.8598726114649682,13.0,0.062111801242236024,3.0,0.4482758620689655,-1.0,15.8,-1.6,0.0,0.443375,25.794599999999996,0.06687898089171974,0.04081632653061224,0,0,1
2025,9,Spanish Grand Prix,18,1.657,Williams,Carlos Sainz,14,0.8525641025641025,0.7987220447284344,12.0,0.07453416149068323,5.0,0.16927899686520376,-3.4,7.0,0.6,0.0,0.13925,25.0182,0.054313099041533544,0.05128205128205128,0,1,1
2025,9,Spanish Grand Prix,19,1.788,Alpine F1 Team,Franco Colapinto,15,0.7272727272727273,0.826530612244898,20.0,0.0,9.0,0.0219435736677116,1.2,1.2,1.2,0.0,0.4286666666666667,24.755000000000003,0.05102040816326531,0.0,0,1,1
2025,9,Spanish Grand Prix,17,1.655,Haas F1 Team,Esteban Ocon,16,0.8148148148148149,0.8083067092651757,9.0,0.12422360248447205,6.0,0.08150470219435736,1.4,2.2,0.2,0.0,0.022625,25.2815,0.051118210862619806,0.02962962962962963,0,1,1
2025,9,Spanish Grand Prix,15,1.528,Haas F1 Team,Oliver Bearman,17,0.9090909090909091,0.8083067092651757,16.0,0.037267080745341616,6.0,0.08150470219435736,3.4,2.2,1.0,0.0,0.35725,25.2815,0.051118210862619806,0.0,0,1,1
2025,9,Spanish Grand Prix,6,0.565,Mercedes,Andrea Kimi Antonelli,18,0.875,0.9171974522292994,7.0,0.2981366459627329,2.0,0.4608150470219436,-4.0,13.0,-0.6,0.0,0.127,24.7396,0.022292993630573247,0.0,0,1,1
2025,9,Spanish Grand Prix,11,1.095,Williams,Alexander Albon,19,0.8303571428571428,0.7987220447284344,8.0,0.2608695652173913,5.0,0.16927899686520376,2.0,7.0,0.2,0.0,-0.047700000000000006,25.0182,0.054313099041533544,0.03571428571428571,0,1,1
2025,10,Canadian Grand Prix,1,0.0,Mercedes,George Russell,1,0.8540145985401459,0.9145569620253164,4.0,0.5967741935483871,3.0,0.43922651933701656,-0.2,11.8,0.0,0.0,-0.1958,24.285200000000003,0.022151898734177215,0.043795620437956206,0,1,1
2025,10,Canadian Grand Prix,2,0.16,Red Bull,Max Verstappen,2,0.8924050632911392,0.8607594936708861,3.0,0.7365591397849462,4.0,0.39779005524861877,-1.8,14.0,-1.6,0.0,-1.2851,24.8737,0.06645569620253164,0.04430379746835443,0,1,1
2025,10,Canadian Grand Prix,4,0.492,Mercedes,Andrea Kimi Antonelli,3,0.7777777777777778,0.9145569620253164,7.0,0.25806451612903225,3.0,0.43922651933701656,-5.0,11.8,-1.0,0.0,0.1595,24.285200000000003,0.022151898734177215,0.0,0,1,1
2025,10,Canadian Grand Prix,3,0.221,McLaren,Oscar Piastri,4,0.9454545454545454,0.8860759493670887,1.0,1.0,1.0,1.0,0.4,39.2,0.0,0.0,-1.4068,24.0317,0.060126582278481014,0.0,0,1,1
2025,10,Canadian Grand Prix,8,0.727,Ferrari,Charles Leclerc,5,0.8417721518987342,0.8670886075949367,5.0,0.5053763440860215,2.0,0.4558011049723757,2.2,20.4,1.0,0.0,-1.0511,23.7055,0.04430379746835443,0.06962025316455696,0,1,1
2025,10,Canadian Grand Prix,5,0.627,Ferrari,Lewis Hamilton,6,0.9426751592356688,0.8670886075949367,6.0,0.3817204301075269,2.0,0.4558011049723757,2.0,20.4,-1.0,-1.6428571428571432,-0.5684,23.7055,0.04430379746835443,0.012738853503184714,0,1,1
2025,10,Canadian Grand Prix,6,0.687,Aston Martin,Fernando Alonso,7,0.8166666666666667,0.8527918781725888,18.0,0.010752688172043012,9.0,0.04419889502762431,-2.6,0.4,0.6,0.4108527131782953,0.3425,24.563499999999998,0.02030456852791878,0.025,0,1,1
2025,10,Canadian Grand Prix,13,1.284,Sauber,Nico Hülkenberg,8,0.8235294117647058,0.8425925925925926,11.0,0.08602150537634409,8.0,0.04419889502762431,3.6,2.0,3.0,-3.090909090909091,0.6897000000000001,24.0256,0.046296296296296294,0.049019607843137254,0,1,0
2025,10,Canadian Grand Prix,15,1.479,Haas F1 Team,Esteban Ocon,9,0.8161764705882353,0.8095238095238095,10.0,0.10752688172043011,7.0,0.0718232044198895,0.4,1.2,-1.0,2.9000000000000004,0.285625,24.8043,0.050793650793650794,0.029411764705882353,0,1,1
2025,10,Canadian Grand Prix,17,1.499,Williams,Carlos Sainz,10,0.8535031847133758,0.7968253968253969,13.0,0.06451612903225806,5.0,0.14917127071823205,-0.4,7.0,3.0,3.304347826086956,0.1756,26.0488,0.05396825396825397,0.050955414012738856,0,1,1
2025,10,Canadian Grand Prix,14,1.407,Haas F1 Team,Oliver Bearman,11,0.9166666666666666,0.8095238095238095,16.0,0.03225806451612903,7.0,0.0718232044198895,1.0,1.2,-2.4,-1.829787234042553,0.47025,24.8043,0.050793650793650794,0.0,0,1,1
2025,10,Canadian Grand Prix,11,1.203,Red Bull,Yuki Tsunoda,12,0.8181818181818181,0.8607594936708861,15.0,0.053763440860215055,4.0,0.39779005524861877,0.2,14.0,1.2,-3.354166666666667,0.491125,24.8737,0.06645569620253164,0.04040404040404041,0,0,1
2025,10,Canadian Grand Prix,12,1.243,Alpine F1 Team,Franco Colapinto,13,0.75,0.8282828282828283,21.0,0.0,10.0,0.03038674033149171,2.0,0.8,0.8,2.5,0.8706666666666666,24.1902,0.050505050505050504,0.0,0,1,1
2025,10,Canadian Grand Prix,16,1.486,Sauber,Gabriel Bortoleto,14,0.7777777777777778,0.8425925925925926,19.0,0.0,8.0,0.04419889502762431,-1.0,2.0,0.0,0.0,0.705125,24.0256,0.046296296296296294,0.0,0,1,0
2025,10,Canadian Grand Prix,20,1.768,Alpine F1 Team,Pierre Gasly,15,0.8227848101265822,0.8282828282828283,14.0,0.05913978494623656,10.0,0.03038674033149171,-2.2,0.8,0.4,4.147058823529412,0.246,24.1902,0.050505050505050504,0.0379746835443038,0,1,1
2025,10,Canadian Grand Prix,9,0.968,RB F1 Team,Isack Hadjar,16,0.8888888888888888,0.8636363636363636,9.0,0.11290322580645161,6.0,0.07734806629834254,1.2,4.2,0.6,0.0,-0.1123,23.868900000000004,0.0,0.0,0,1,1
2025,10,Canadian Grand Prix,18,1.618,Aston Martin,Lance Stroll,17,0.8333333333333334,0.8527918781725888,12.0,0.07526881720430108,9.0,0.04419889502762431,0.4,0.4,0.8,0.0,0.7114,24.563499999999998,0.02030456852791878,0.0641025641025641,0,1,1
2025,10,Canadian Grand Prix,7,0.7,McLaren,Lando Norris,18,0.9197080291970803,0.8860759493670887,2.0,0.946236559139785,1.0,1.0,1.6,39.2,-0.6,0.0,-1.2892000000000001,24.0317,0.060126582278481014,0.029197080291970802,0,1,1
2025,10,Canadian Grand Prix,19,1.626,RB F1 Team,Liam Lawson,19,0.85,0.8636363636363636,17.0,0.021505376344086023,6.0,0.07734806629834254,0.6,4.2,0.2,0.0,0.052125,23.868900000000004,0.0,0.0,0,1,1
2025,10,Canadian Grand Prix,10,0.993,Williams,Alexander Albon,20,0.8230088495575221,0.7968253968253969,8.0,0.22580645161290322,5.0,0.14917127071823205,-0.2,7.0,-2.2,-3.6607142857142856,-0.08325,26.0488,0.05396825396825397,0.035398230088495575,0,1,1
2025,11,Austrian Grand Prix,1,0.0,McLaren,Lando Norris,1,0.9130434782608696,0.8836477987421384,2.0,0.8888888888888888,1.0,1.0,-1.8,34.2,-3.4,-0.4385964912280702,-1.3665,24.4948,0.059748427672955975,0.028985507246376812,0,1,1
2025,11,Austrian Grand Prix,3,0.583,McLaren,Oscar Piastri,2,0.9464285714285714,0.8836477987421384,1.0,1.0,1.0,1.0,0.0,34.2,-0.4,-3.362068965517241,-1.3700999999999999,24.4948,0.059748427672955975,0.0,0,1,1
2025,11,Austrian Grand Prix,2,0.521,Ferrari,Charles Leclerc,3,0.8427672955974843,0.8679245283018868,5.0,0.5252525252525253,3.0,0.4893048128342246,2.6,19.8,0.4,0.7669491525423728,-1.0439,23.3395,0.0440251572327044,0.06918238993710692,0,1,1
2025,11,Austrian Grand Prix,4,0.611,Ferrari,Lewis Hamilton,4,0.9430379746835443,0.8679245283018868,6.0,0.398989898989899,3.0,0.4893048128342246,1.8,19.8,-0.2,0.0,-0.6254,23.3395,0.0440251572327044,0.012658227848101266,0,1,1
2025,11,Austrian Grand Prix,5,0.792,Mercedes,George Russell,5,0.855072463768116,0.9150943396226415,4.0,0.6868686868686869,2.0,0.5320855614973262,0.2,16.2,0.4,0.0,-0.32539999999999997,24.056400000000004,0.0220125786163522,0.043478260869565216,0,1,1
2025,11,Austrian Grand Prix,6,0.955,RB F1 Team,Liam Lawson,6,0.8095238095238095,0.8529411764705882,18.0,0.020202020202020204,7.0,0.0748663101604278,0.6,4.0,0.0,-2.338709677419355,-0.05333333333333334,24.388799999999996,0.0,0.0,0,1,1
2025,11,Austrian Grand Prix,11,1.157,Aston Martin,Fernando Alonso,7,0.8181818181818181,0.8542713567839196,16.0,0.04040404040404041,8.0,0.058823529411764705,-3.2,1.6,-0.6,-5.428571428571429,0.208125,23.9731,0.020100502512562814,0.024793388429752067,0,1,1
2025,11,Austrian Grand Prix,8,0.875,Sauber,Gabriel Bortoleto,8,0.8,0.8454545454545455,19.0,0.0,9.0,0.053475935828877004,-1.0,2.8,0.0,-3.890625,0.49675,23.455900000000003,0.045454545454545456,0.0,0,1,0
2025,11,Austrian Grand Prix,20,1.635,Sauber,Nico Hülkenberg,9,0.8252427184466019,0.8454545454545455,11.0,0.10101010101010101,9.0,0.053475935828877004,4.0,2.8,0.4,-2.3076923076923075,0.506,23.455900000000003,0.045454545454545456,0.04854368932038835,0,1,0
2025,11,Austrian Grand Prix,17,1.393,Haas F1 Team,Esteban Ocon,10,0.8175182481751825,0.8107255520504733,9.0,0.1111111111111111,6.0,0.0748663101604278,0.6,1.6,0.2,1.916666666666667,0.09475,24.0948,0.050473186119873815,0.029197080291970802,0,1,1
2025,11,Austrian Grand Prix,15,1.247,Haas F1 Team,Oliver Bearman,11,0.9230769230769231,0.8107255520504733,17.0,0.030303030303030304,6.0,0.0748663101604278,1.2,1.6,0.2,2.397014925373135,0.475625,24.0948,0.050473186119873815,0.0,0,1,1
2025,11,Austrian Grand Prix,13,1.092,RB F1 Team,Isack Hadjar,12,0.9,0.8529411764705882,10.0,0.10606060606060606,7.0,0.0748663101604278,-1.0,4.0,-2.2,2.2058823529411766,-0.1159,24.388799999999996,0.0,0.0,0,1,1
2025,11,Austrian Grand Prix,10,0.875,Alpine F1 Team,Pierre Gasly,13,0.8238993710691824,0.83,14.0,0.05555555555555555,10.0,0.029411764705882353,1.0,0.8,3.2,-4.0434782608695645,0.363375,23.6233,0.05,0.03773584905660377,0,1,1
2025,11,Austrian Grand Prix,16,1.358,Aston Martin,Lance Stroll,14,0.8343949044585988,0.8542713567839196,12.0,0.0707070707070707,8.0,0.058823529411764705,0.2,1.6,-0.2,-1.8857142857142861,0.6738,23.9731,0.020100502512562814,0.06369426751592357,0,1,1
2025,11,Austrian Grand Prix,14,1.307,Alpine F1 Team,Franco Colapinto,15,0.7692307692307692,0.83,20.0,0.0,10.0,0.029411764705882353,1.8,0.8,-0.2,0.0,0.761125,23.6233,0.05,0.0,0,1,1
2025,11,Austrian Grand Prix,18,1.398,Red Bull,Yuki Tsunoda,16,0.8200000000000001,0.8616352201257862,15.0,0.050505050505050504,4.0,0.43315508021390375,2.2,14.0,2.0,4.416666666666667,0.472,23.3295,0.0660377358490566,0.04,0,0,1
2025,11,Austrian Grand Prix,12,1.172,Williams,Alexander Albon,17,0.8157894736842105,0.7949526813880126,8.0,0.21212121212121213,5.0,0.14705882352941177,-2.6,6.0,-2.4,3.3607305936073066,-0.10516666666666667,25.0781,0.05362776025236593,0.03508771929824561,0,1,1
2025,11,Austrian Grand Prix,7,0.865,Red Bull,Max Verstappen,18,0.8930817610062893,0.8616352201257862,3.0,0.7828282828282829,4.0,0.43315508021390375,-1.6,14.0,0.2,0.0,-1.2384000000000002,23.3295,0.0660377358490566,0.0440251572327044,0,1,1
2025,11,Austrian Grand Prix,9,1.081,Mercedes,Andrea Kimi Antonelli,19,0.8,0.9150943396226415,7.0,0.3181818181818182,2.0,0.5320855614973262,-4.6,16.2,0.4,3.84,-0.0395,24.056400000000004,0.0220125786163522,0.0,0,1,1
2025,11,Austrian Grand Prix,19,1.611,Williams,Carlos Sainz,20,0.8544303797468354,0.7949526813880126,13.0,0.06565656565656566,5.0,0.14705882352941177,1.4,6.0,1.8,-6.184210526315789,0.2206,25.0781,0.05362776025236593,0.05063291139240506,0,1,1
2025,12,British Grand Prix,3,0.118,McLaren,Lando Norris,1,0.9136690647482014,0.884375,2.0,0.9305555555555556,1.0,1.0,-1.8,34.2,0.0,3.3311688311688314,-1.363,24.4356,0.059375,0.02877697841726619,0,1,1
2025,12,British Grand Prix,2,0.103,McLaren,Oscar Piastri,2,0.9473684210526316,0.884375,1.0,1.0,1.0,1.0,-0.4,34.2,-0.4,0.0,-1.3596,24.4356,0.059375,0.0,0,1,1
2025,12,British Grand Prix,19,1.682,Sauber,Nico Hülkenberg,3,0.8269230769230769,0.8482142857142857,10.0,0.10185185185185185,9.0,0.06235011990407674,5.8,4.0,1.8,0.0,0.3896,23.2785,0.044642857142857144,0.04807692307692308,0,1,0
2025,12,British Grand Prix,5,0.192,Ferrari,Lewis Hamilton,4,0.9433962264150944,0.86875,6.0,0.4212962962962963,2.0,0.5035971223021583,1.0,23.2,-0.8,-1.3249999999999993,-0.7271,23.0703,0.04375,0.012578616352201259,0,1,1
2025,12,British Grand Prix,1,0.0,Red Bull,Max Verstappen,5,0.8875,0.859375,3.0,0.7175925925925926,4.0,0.38848920863309355,-3.2,11.4,-1.6,-5.858024691358025,-1.412,24.2369,0.065625,0.04375,0,1,1
2025,12,British Grand Prix,10,0.819,Alpine F1 Team,Pierre Gasly,6,0.825,0.8316831683168316,16.0,0.05092592592592592,10.0,0.026378896882494004,-0.6,0.8,-1.6,5.012195121951219,0.394875,23.6177,0.04950495049504951,0.0375,0,1,1
2025,12,British Grand Prix,18,1.612,Aston Martin,Lance Stroll,7,0.8354430379746836,0.8557213930348259,12.0,0.06481481481481481,8.0,0.0671462829736211,0.6,2.8,0.4,0.0,0.5204,23.754199999999997,0.01990049751243781,0.06329113924050633,0,1,1
2025,12,British Grand Prix,14,0.997,Williams,Alexander Albon,8,0.808695652173913,0.7899686520376176,8.0,0.19444444444444445,5.0,0.13189448441247004,-4.0,3.6,-1.4,-1.583333333333334,-0.03275,24.888,0.05329153605015674,0.034782608695652174,0,1,1
2025,12,British Grand Prix,9,0.701,Aston Martin,Fernando Alonso,9,0.819672131147541,0.8557213930348259,13.0,0.06481481481481481,8.0,0.0671462829736211,-2.8,2.8,0.4,-5.6117647058823525,0.142,23.754199999999997,0.01990049751243781,0.02459016393442623,0,1,1
2025,12,British Grand Prix,4,0.137,Mercedes,George Russell,10,0.8561151079136691,0.9125,4.0,0.6759259259259259,3.0,0.5011990407673861,-0.2,13.6,-0.4,-5.627906976744185,-0.3063,23.5122,0.021875,0.04316546762589928,0,1,1
2025,12,British Grand Prix,8,0.579,Haas F1 Team,Oliver Bearman,11,0.9285714285714286,0.8119122257053292,18.0,0.027777777777777776,7.0,0.06954436450839328,1.8,1.8,0.6,-7.097701149425287,0.45130000000000003,23.881800000000002,0.050156739811912224,0.0,0,1,1
2025,12,British Grand Prix,11,0.854,Williams,Carlos Sainz,12,0.8490566037735849,0.7899686520376176,14.0,0.06018518518518518,5.0,0.13189448441247004,1.8,3.6,0.4,2.963636363636363,0.3055,24.888,0.05329153605015674,0.050314465408805034,0,1,1
2025,12,British Grand Prix,15,1.058,Haas F1 Team,Esteban Ocon,13,0.8188405797101449,0.8119122257053292,9.0,0.10648148148148148,7.0,0.06954436450839328,2.6,1.8,2.0,2.3595505617977537,0.2245,23.881800000000002,0.050156739811912224,0.028985507246376812,0,1,1
2025,12,British Grand Prix,6,0.229,Ferrari,Charles Leclerc,14,0.84375,0.86875,5.0,0.5509259259259259,2.0,0.5035971223021583,2.2,23.2,-0.4,-2.3999999999999995,-1.2037,23.0703,0.04375,0.06875,0,1,1
2025,12,British Grand Prix,12,0.934,Red Bull,Yuki Tsunoda,15,0.8217821782178218,0.859375,17.0,0.046296296296296294,4.0,0.38848920863309355,2.6,11.4,0.4,-1.008241758241759,0.493,24.2369,0.065625,0.039603960396039604,0,0,1
2025,12,British Grand Prix,7,0.482,Mercedes,Andrea Kimi Antonelli,16,0.7272727272727273,0.9125,7.0,0.2916666666666667,3.0,0.5011990407673861,-6.0,13.6,-1.4,-3.021739130434783,0.01075,23.5122,0.021875,0.0,0,1,1
2025,12,British Grand Prix,13,0.972,RB F1 Team,Isack Hadjar,17,0.9090909090909091,0.8571428571428572,11.0,0.09722222222222222,6.0,0.08633093525179857,-0.8,5.6,0.2,0.0,0.1435,24.2202,0.0,0.0,0,1,1
2025,12,British Grand Prix,17,1.554,Sauber,Gabriel Bortoleto,18,0.8181818181818181,0.8482142857142857,19.0,0.018518518518518517,9.0,0.06235011990407674,0.0,4.0,1.0,3.4308510638297864,0.4038,23.2785,0.044642857142857144,0.0,0,1,0
2025,12,British Grand Prix,16,1.548,RB F1 Team,Liam Lawson,19,0.8181818181818181,0.8571428571428572,15.0,0.05555555555555555,6.0,0.08633093525179857,1.0,5.6,0.4,-6.936842105263159,0.00125,24.2202,0.0,0.0,0,1,1
2025,12,British Grand Prix,20,2.168,Alpine F1 Team,Franco Colapinto,20,0.7857142857142857,0.8316831683168316,20.0,0.0,10.0,0.026378896882494004,1.6,0.8,-0.2,-4.927083333333334,0.6787000000000001,23.6177,0.04950495049504951,0.0,0,1,1
2025,13,Belgian Grand Prix,2,0.064,McLaren,Oscar Piastri,1,0.9482758620689655,0.8850931677018634,1.0,1.0,1.0,1.0,0.0,36.2,0.4,2.436426116838488,-1.6685,24.2895,0.059006211180124224,0.0,0,1,1
2025,13,Belgian Grand Prix,1,0.0,McLaren,Lando Norris,2,0.9142857142857143,0.8850931677018634,2.0,0.9658119658119658,1.0,1.0,-1.8,36.2,0.0,-5.221088435374151,-1.79475,24.2895,0.059006211180124224,0.02857142857142857,0,1,1
2025,13,Belgian Grand Prix,3,0.338,Ferrari,Charles Leclerc,3,0.84472049689441,0.8695652173913043,5.0,0.5085470085470085,2.0,0.4826086956521739,-0.4,21.6,-2.6,2.3939393939393945,-1.0929,22.881,0.043478260869565216,0.06832298136645963,0,1,1
2025,13,Belgian Grand Prix,4,0.341,Red Bull,Max Verstappen,4,0.8881987577639752,0.860248447204969,3.0,0.7051282051282052,4.0,0.3739130434782609,-4.2,8.2,-1.0,-0.9600000000000009,-1.25875,24.098800000000004,0.06521739130434782,0.043478260869565216,0,1,1
2025,13,Belgian Grand Prix,6,0.692,Mercedes,George Russell,5,0.8571428571428572,0.9099378881987578,4.0,0.6282051282051282,3.0,0.45652173913043476,-0.6,12.6,-0.4,0.0,-0.2933,23.2434,0.021739130434782608,0.04285714285714286,0,1,1
2025,13,Belgian Grand Prix,5,0.639,Williams,Alexander Albon,6,0.8103448275862069,0.7912772585669782,8.0,0.19658119658119658,5.0,0.1282608695652174,-3.2,1.6,0.8,0.0,0.1355,24.6872,0.0529595015576324,0.034482758620689655,0,1,1
2025,13,Belgian Grand Prix,16,1.377,Ferrari,Lewis Hamilton,7,0.94375,0.8695652173913043,6.0,0.44017094017094016,2.0,0.4826086956521739,-0.4,21.6,-1.4,0.0,-0.9668,22.881,0.043478260869565216,0.0125,0,1,1
2025,13,Belgian Grand Prix,9,0.735,RB F1 Team,Liam Lawson,8,0.782608695652174,0.8333333333333334,16.0,0.05128205128205128,7.0,0.0782608695652174,0.0,5.2,-1.0,0.0,-0.048666666666666664,23.9029,0.0,0.0,0,1,1
2025,13,Belgian Grand Prix,10,0.774,Sauber,Gabriel Bortoleto,9,0.75,0.8421052631578947,19.0,0.017094017094017096,6.0,0.0891304347826087,0.6,7.0,0.6,0.0,0.44775,23.168400000000002,0.043859649122807015,0.0,0,1,0
2025,13,Belgian Grand Prix,13,1.071,Alpine F1 Team,Pierre Gasly,10,0.8260869565217391,0.8284313725490196,13.0,0.0811965811965812,10.0,0.041304347826086954,0.8,2.4,1.4,0.0,0.42575,23.0963,0.049019607843137254,0.037267080745341616,0,1,1
2025,13,Belgian Grand Prix,12,1.055,Haas F1 Team,Oliver Bearman,11,0.9333333333333333,0.8130841121495327,18.0,0.02564102564102564,9.0,0.06304347826086956,1.4,1.8,-0.4,0.0,0.2434,23.4281,0.04984423676012461,0.0,0,1,1
2025,13,Belgian Grand Prix,14,1.145,Sauber,Nico Hülkenberg,12,0.8285714285714285,0.8421052631578947,9.0,0.1581196581196581,6.0,0.0891304347826087,8.0,7.0,2.2,0.0,0.107,23.168400000000002,0.043859649122807015,0.047619047619047616,0,1,0
2025,13,Belgian Grand Prix,7,0.683,Red Bull,Yuki Tsunoda,13,0.8235294117647058,0.860248447204969,17.0,0.042735042735042736,4.0,0.3739130434782609,0.0,8.2,-2.6,0.0,0.5519,24.098800000000004,0.06521739130434782,0.0392156862745098,0,0,1
2025,13,Belgian Grand Prix,20,1.94,Aston Martin,Lance Stroll,14,0.8364779874213837,0.8571428571428572,12.0,0.08547008547008547,8.0,0.0782608695652174,2.2,4.4,1.6,0.0,0.2908,23.2852,0.019704433497536946,0.06289308176100629,0,1,1
2025,13,Belgian Grand Prix,11,0.963,Haas F1 Team,Esteban Ocon,15,0.8201438848920863,0.8130841121495327,10.0,0.09829059829059829,9.0,0.06304347826086956,3.4,1.8,0.8,0.0,0.2425,23.4281,0.04984423676012461,0.02877697841726619,0,1,1
2025,13,Belgian Grand Prix,18,1.577,Mercedes,Andrea Kimi Antonelli,16,0.6666666666666667,0.9099378881987578,7.0,0.2692307692307692,3.0,0.45652173913043476,-6.6,12.6,-0.6,0.0,0.01075,23.2434,0.021739130434782608,0.0,0,1,1
2025,13,Belgian Grand Prix,19,1.823,Aston Martin,Fernando Alonso,17,0.8211382113821138,0.8571428571428572,14.0,0.06837606837606838,8.0,0.0782608695652174,-1.6,4.4,1.2,0.0,0.0335,23.2852,0.019704433497536946,0.024390243902439025,0,1,1
2025,13,Belgian Grand Prix,15,1.129,Williams,Carlos Sainz,18,0.85,0.7912772585669782,15.0,0.05555555555555555,5.0,0.1282608695652174,2.0,1.6,0.2,0.0,0.45275,24.6872,0.0529595015576324,0.05,0,1,1
2025,13,Belgian Grand Prix,17,1.46,Alpine F1 Team,Franco Colapinto,19,0.7333333333333334,0.8284313725490196,20.0,0.0,10.0,0.041304347826086954,1.8,2.4,0.2,0.0,0.725375,23.0963,0.049019607843137254,0.0,0,1,1
2025,13,Belgian Grand Prix,8,0.719,RB F1 Team,Isack Hadjar,20,0.8333333333333334,0.8333333333333334,11.0,0.08974358974358974,7.0,0.0782608695652174,-1.6,5.2,-0.8,0.0,0.145625,23.9029,0.0,0.0,0,1,1
2025,14,Hungarian Grand Prix,3,0.0,McLaren,Lando Norris,1,0.9148936170212766,0.8858024691358025,2.0,0.9398496240601504,1.0,1.0,-2.0,36.8,-0.2,0.0,-1.584375,24.2662,0.05864197530864197,0.028368794326241134,0,1,1
2025,14,Hungarian Grand Prix,2,0.051,McLaren,Oscar Piastri,2,0.9491525423728814,0.8858024691358025,1.0,1.0,1.0,1.0,0.2,36.8,0.2,0.0,-1.4833,24.2662,0.05864197530864197,0.0,0,1,1
2025,14,Hungarian Grand Prix,4,0.311,Mercedes,George Russell,3,0.8581560283687943,0.9104938271604939,4.0,0.5902255639097744,3.0,0.4263565891472868,-1.0,14.6,-0.4,0.0,-0.6784,23.0738,0.021604938271604937,0.0425531914893617,0,1,1
2025,14,Hungarian Grand Prix,1,0.482,Ferrari,Charles Leclerc,4,0.845679012345679,0.8703703703703703,5.0,0.5225563909774437,2.0,0.4806201550387597,-0.4,20.2,0.0,0.0,-0.8549,22.8646,0.043209876543209874,0.06790123456790123,0,1,1
2025,14,Hungarian Grand Prix,5,0.391,Aston Martin,Fernando Alonso,5,0.8225806451612903,0.8585365853658536,15.0,0.06015037593984962,8.0,0.06976744186046512,1.2,4.4,2.8,0.0,0.1143,22.9486,0.01951219512195122,0.024193548387096774,0,1,1
2025,14,Hungarian Grand Prix,7,0.696,Sauber,Gabriel Bortoleto,6,0.7692307692307692,0.8448275862068966,19.0,0.022556390977443608,6.0,0.08333333333333333,0.4,7.4,-0.2,0.0,0.184,23.0088,0.04310344827586207,0.0,0,1,0
2025,14,Hungarian Grand Prix,6,0.239,Aston Martin,Lance Stroll,7,0.8375,0.8585365853658536,13.0,0.07518796992481203,8.0,0.06976744186046512,4.8,4.4,2.6,0.0,0.2685,22.9486,0.01951219512195122,0.0625,0,1,1
2025,14,Hungarian Grand Prix,9,0.74,RB F1 Team,Liam Lawson,8,0.7916666666666666,0.8378378378378378,14.0,0.06015037593984962,7.0,0.07945736434108527,0.0,3.6,0.0,0.0,0.09466666666666668,23.7264,0.0,0.0,0,1,1
2025,14,Hungarian Grand Prix,8,0.657,Red Bull,Max Verstappen,9,0.8888888888888888,0.8611111111111112,3.0,0.6954887218045113,4.0,0.37209302325581395,-4.4,8.2,-0.2,0.0,-0.961625,24.2031,0.06481481481481481,0.043209876543209874,0,1,1
2025,14,Hungarian Grand Prix,15,0.892,Mercedes,Andrea Kimi Antonelli,10,0.6923076923076923,0.9104938271604939,7.0,0.23684210526315788,3.0,0.4263565891472868,-5.6,14.6,1.0,0.0,-0.5345,23.0738,0.021604938271604937,0.0,0,1,1
2025,14,Hungarian Grand Prix,10,0.579,RB F1 Team,Isack Hadjar,11,0.8461538461538461,0.8378378378378378,11.0,0.08270676691729323,7.0,0.07945736434108527,-4.0,3.6,-2.4,0.0,0.693375,23.7264,0.0,0.0,0,1,1
2025,14,Hungarian Grand Prix,12,0.812,Ferrari,Lewis Hamilton,12,0.9440993788819876,0.8703703703703703,6.0,0.40977443609022557,2.0,0.4806201550387597,1.6,20.2,2.0,0.0,-0.7141000000000001,22.8646,0.043209876543209874,0.012422360248447204,0,1,1
2025,14,Hungarian Grand Prix,19,1.191,Sauber,Nico Hülkenberg,13,0.8301886792452831,0.8448275862068966,9.0,0.13909774436090225,6.0,0.08333333333333333,9.0,7.4,1.0,0.0,-0.028,23.0088,0.04310344827586207,0.04716981132075472,0,1,0
2025,14,Hungarian Grand Prix,13,0.762,Williams,Carlos Sainz,14,0.8509316770186335,0.7925696594427245,16.0,0.06015037593984962,5.0,0.13565891472868216,1.2,2.6,-0.8,0.0,0.4105,24.6691,0.05263157894736842,0.049689440993788817,0,1,1
2025,14,Hungarian Grand Prix,20,1.333,Williams,Alexander Albon,15,0.811965811965812,0.7925696594427245,8.0,0.20300751879699247,5.0,0.13565891472868216,-3.6,2.6,-0.4,0.0,-0.186,24.6691,0.05263157894736842,0.03418803418803419,0,1,1
2025,14,Hungarian Grand Prix,18,1.133,Haas F1 Team,Esteban Ocon,16,0.8214285714285714,0.8142414860681114,10.0,0.10150375939849623,9.0,0.06782945736434108,2.4,0.6,-1.0,0.0,0.3483,23.1865,0.04953560371517028,0.02857142857142857,0,1,1
2025,14,Hungarian Grand Prix,16,1.009,Red Bull,Yuki Tsunoda,17,0.8252427184466019,0.8611111111111112,17.0,0.03759398496240601,4.0,0.37209302325581395,-0.2,8.2,-0.2,0.0,0.3513,24.2031,0.06481481481481481,0.038834951456310676,0,0,1
2025,14,Hungarian Grand Prix,14,0.985,Alpine F1 Team,Franco Colapinto,18,0.75,0.8300970873786407,20.0,0.0,10.0,0.03875968992248062,0.0,2.6,-1.8,0.0,0.74925,22.954100000000004,0.04854368932038835,0.0,0,1,1
2025,14,Hungarian Grand Prix,17,1.076,Alpine F1 Team,Pierre Gasly,19,0.8271604938271605,0.8300970873786407,12.0,0.07518796992481203,10.0,0.03875968992248062,1.8,2.6,1.0,0.0,0.4081,22.954100000000004,0.04854368932038835,0.037037037037037035,0,1,1
2025,14,Hungarian Grand Prix,11,0.804,Haas F1 Team,Oliver Bearman,20,0.9375,0.8142414860681114,18.0,0.03007518796992481,9.0,0.06782945736434108,0.6,0.6,-0.8,0.0,0.09259999999999999,23.1865,0.04953560371517028,0.0,0,1,1
2025,15,Dutch Grand Prix,1,0.0,McLaren,Oscar Piastri,1,0.95,0.8865030674846626,1.0,1.0,1.0,1.0,0.2,36.8,0.0,0.0,-1.4887000000000001,24.0225,0.05828220858895705,0.0,0,1,1
2025,15,Dutch Grand Prix,3,0.263,Red Bull,Max Verstappen,2,0.8895705521472392,0.8619631901840491,3.0,0.6584507042253521,4.0,0.3470483005366726,-3.2,8.4,1.2,0.0,-0.71575,24.0957,0.06441717791411043,0.04294478527607362,0,1,1
2025,15,Dutch Grand Prix,4,0.546,RB F1 Team,Isack Hadjar,3,0.8571428571428572,0.8421052631578947,13.0,0.07746478873239436,8.0,0.08050089445438283,-4.6,3.2,-0.6,0.0,0.918375,23.6458,0.0,0.0,0,1,1
2025,15,Dutch Grand Prix,5,0.593,Mercedes,George Russell,4,0.8591549295774648,0.911042944785276,4.0,0.6056338028169014,3.0,0.4221824686940966,-0.8,15.4,0.2,0.0,-0.7009,22.967599999999997,0.02147239263803681,0.04225352112676056,0,1,1
2025,15,Dutch Grand Prix,15,0.99,Williams,Alexander Albon,5,0.8135593220338984,0.7938461538461539,8.0,0.19014084507042253,5.0,0.1252236135957066,-1.0,2.6,2.6,0.0,-0.034333333333333334,22.869000000000003,0.052307692307692305,0.03389830508474576,0,1,1
2025,15,Dutch Grand Prix,19,1.6,Haas F1 Team,Oliver Bearman,6,0.8823529411764706,0.8123076923076923,19.0,0.028169014084507043,9.0,0.0626118067978533,-0.8,0.6,-1.4,0.0,-0.036625,23.1127,0.04923076923076923,0.0,0,1,1
2025,15,Dutch Grand Prix,20,0.81,Aston Martin,Lance Stroll,7,0.8385093167701864,0.8599033816425121,12.0,0.09154929577464789,6.0,0.09302325581395349,3.8,7.2,-1.0,0.0,0.1514,22.866999999999997,0.01932367149758454,0.062111801242236024,0,1,1
2025,15,Dutch Grand Prix,10,0.704,Aston Martin,Fernando Alonso,8,0.8240000000000001,0.8599033816425121,11.0,0.09154929577464789,6.0,0.09302325581395349,1.0,7.2,-0.2,0.0,0.0999,22.866999999999997,0.01932367149758454,0.024,0,1,1
2025,15,Dutch Grand Prix,12,0.96,Red Bull,Yuki Tsunoda,9,0.8269230769230769,0.8619631901840491,18.0,0.035211267605633804,4.0,0.3470483005366726,-1.8,8.4,-1.6,0.0,0.3896,24.0957,0.06441717791411043,0.038461538461538464,0,0,1
2025,15,Dutch Grand Prix,18,1.535,Haas F1 Team,Esteban Ocon,10,0.8226950354609929,0.8123076923076923,10.0,0.09507042253521127,9.0,0.0626118067978533,2.6,0.6,0.2,0.0,0.31239999999999996,23.1127,0.04923076923076923,0.028368794326241134,0,1,1
2025,15,Dutch Grand Prix,16,1.442,Alpine F1 Team,Franco Colapinto,11,0.7647058823529411,0.8317307692307692,20.0,0.0,10.0,0.03577817531305903,-1.6,1.8,-1.6,0.0,0.42925,23.7758,0.04807692307692308,0.0,0,1,1
2025,15,Dutch Grand Prix,8,0.721,RB F1 Team,Liam Lawson,12,0.8,0.8421052631578947,15.0,0.07042253521126761,8.0,0.08050089445438283,-0.2,3.2,-0.2,0.0,0.19533333333333333,23.6458,0.0,0.0,0,1,1
2025,15,Dutch Grand Prix,9,0.81,Williams,Carlos Sainz,13,0.8518518518518519,0.7938461538461539,16.0,0.056338028169014086,5.0,0.1252236135957066,0.2,2.6,-1.0,0.0,0.439,22.869000000000003,0.052307692307692305,0.04938271604938271,0,1,1
2025,15,Dutch Grand Prix,17,1.533,Sauber,Nico Hülkenberg,14,0.8317757009345794,0.847457627118644,9.0,0.13028169014084506,7.0,0.09123434704830054,8.0,7.0,-1.0,0.0,-0.0683,22.9552,0.0423728813559322,0.04672897196261682,0,1,0
2025,15,Dutch Grand Prix,13,0.96,Sauber,Gabriel Bortoleto,15,0.7857142857142857,0.847457627118644,17.0,0.04929577464788732,7.0,0.09123434704830054,0.6,7.0,0.2,0.0,0.179625,22.9552,0.0423728813559322,0.0,0,1,0
2025,15,Dutch Grand Prix,11,0.831,Mercedes,Andrea Kimi Antonelli,16,0.7142857142857143,0.911042944785276,7.0,0.22535211267605634,3.0,0.4221824686940966,-2.2,15.4,3.4,0.0,-0.29733333333333334,22.967599999999997,0.02147239263803681,0.0,0,1,1
2025,15,Dutch Grand Prix,14,0.975,Alpine F1 Team,Pierre Gasly,17,0.8282208588957055,0.8317307692307692,14.0,0.07042253521126761,10.0,0.03577817531305903,1.4,1.8,-0.4,0.0,0.5179,23.7758,0.04807692307692308,0.03680981595092025,0,1,1
2025,15,Dutch Grand Prix,2,0.012,McLaren,Lando Norris,18,0.9154929577464789,0.8865030674846626,2.0,0.9683098591549296,1.0,1.0,-1.6,36.8,0.4,0.0,-1.616875,24.0225,0.05828220858895705,0.028169014084507043,0,1,1
2025,15,Dutch Grand Prix,6,0.642,Ferrari,Charles Leclerc,19,0.8466257668711656,0.8711656441717791,5.0,0.5316901408450704,2.0,0.46511627906976744,-1.8,18.0,-1.4,0.0,-0.7822,22.657799999999998,0.04294478527607362,0.06748466257668712,0,1,1
2025,15,Dutch Grand Prix,7,0.599,Ferrari,Lewis Hamilton,20,0.9444444444444444,0.8711656441717791,6.0,0.38380281690140844,2.0,0.46511627906976744,1.8,18.0,0.2,0.0,-0.4159,22.657799999999998,0.04294478527607362,0.012345679012345678,0,1,1
2025,16,Italian Grand Prix,1,0.0,Red Bull,Max Verstappen,1,0.8902439024390244,0.8628048780487805,3.0,0.6634304207119741,4.0,0.3664383561643836,-3.0,8.8,0.2,0.0,-0.606125,24.0948,0.06402439024390244,0.042682926829268296,0,1,1
2025,16,Italian Grand Prix,2,0.077,McLaren,Lando Norris,2,0.9090909090909091,0.8841463414634146,2.0,0.889967637540453,1.0,1.0,-2.6,39.4,-1.0,0.0,-1.616875,23.241,0.057926829268292686,0.027972027972027972,0,1,1
2025,16,Italian Grand Prix,3,0.19,McLaren,Oscar Piastri,3,0.9508196721311475,0.8841463414634146,1.0,1.0,1.0,1.0,0.4,39.4,0.2,0.0,-1.5078,23.241,0.057926829268292686,0.0,0,1,1
2025,16,Italian Grand Prix,4,0.215,Ferrari,Charles Leclerc,4,0.8414634146341463,0.8658536585365854,5.0,0.4886731391585761,2.0,0.4452054794520548,-5.0,14.4,-3.2,0.0,-0.7435,22.4086,0.042682926829268296,0.06707317073170732,0,1,1
2025,16,Italian Grand Prix,6,0.365,Mercedes,George Russell,5,0.8601398601398601,0.9115853658536586,4.0,0.5954692556634305,3.0,0.4246575342465753,-0.6,9.8,0.2,0.0,-0.5324,22.6188,0.021341463414634148,0.04195804195804196,0,1,1
2025,16,Italian Grand Prix,5,0.332,Ferrari,Lewis Hamilton,6,0.9386503067484663,0.8658536585365854,6.0,0.35275080906148865,2.0,0.4452054794520548,-0.6,14.4,-2.4,0.0,-0.3535,22.4086,0.042682926829268296,0.012269938650306749,0,1,1
2025,16,Italian Grand Prix,14,0.791,Williams,Alexander Albon,7,0.8151260504201681,0.7951070336391437,8.0,0.20711974110032363,5.0,0.136986301369863,3.0,4.4,4.0,0.0,-0.01325,22.984900000000003,0.05198776758409786,0.03361344537815126,0,1,1
2025,16,Italian Grand Prix,8,0.531,Sauber,Gabriel Bortoleto,8,0.8,0.85,18.0,0.045307443365695796,8.0,0.08732876712328767,-0.2,6.2,-0.8,-1.6904761904761898,0.2345,22.8464,0.041666666666666664,0.0,0,1,0
2025,16,Italian Grand Prix,7,0.408,Mercedes,Andrea Kimi Antonelli,9,0.7333333333333334,0.9115853658536586,7.0,0.20711974110032363,3.0,0.4246575342465753,-3.4,9.8,-1.2,-2.5813953488372086,0.216,22.6188,0.021341463414634148,0.0,0,1,1
2025,16,Italian Grand Prix,16,1.125,RB F1 Team,Isack Hadjar,10,0.8666666666666667,0.8461538461538461,10.0,0.11974110032362459,7.0,0.10273972602739725,-3.0,6.2,1.6,2.0227272727272734,0.602,22.696800000000003,0.0,0.0,0,1,1
2025,16,Italian Grand Prix,13,0.736,Williams,Carlos Sainz,11,0.852760736196319,0.7951070336391437,17.0,0.05177993527508091,5.0,0.136986301369863,-2.0,4.4,-2.2,1.5999999999999996,0.379375,22.984900000000003,0.05198776758409786,0.049079754601226995,0,1,1
2025,16,Italian Grand Prix,11,0.654,Haas F1 Team,Oliver Bearman,12,0.8888888888888888,0.8134556574923547,16.0,0.05177993527508091,9.0,0.07534246575342465,1.2,2.0,2.0,-4.782608695652174,0.00875,23.1507,0.04892966360856269,0.0,0,1,1
2025,16,Italian Grand Prix,10,0.641,Red Bull,Yuki Tsunoda,13,0.8285714285714285,0.8628048780487805,19.0,0.038834951456310676,4.0,0.3664383561643836,-1.0,8.8,0.8,-3.2765957446808507,0.37089999999999995,24.0948,0.06402439024390244,0.0380952380952381,0,0,1
2025,16,Italian Grand Prix,20,1.487,RB F1 Team,Liam Lawson,14,0.8076923076923077,0.8461538461538461,15.0,0.06472491909385113,7.0,0.10273972602739725,-1.0,6.2,-0.8,0.0,0.1145,22.696800000000003,0.0,0.0,0,1,1
2025,16,Italian Grand Prix,15,0.915,Haas F1 Team,Esteban Ocon,15,0.823943661971831,0.8134556574923547,13.0,0.09061488673139159,9.0,0.07534246575342465,3.0,2.0,0.4,-1.6632653061224492,0.3755,23.1507,0.04892966360856269,0.028169014084507043,0,1,1
2025,16,Italian Grand Prix,19,1.311,Alpine F1 Team,Pierre Gasly,16,0.8292682926829268,0.8333333333333334,14.0,0.06472491909385113,10.0,0.03424657534246575,-0.2,1.8,-1.6,0.0,0.4481,23.7398,0.047619047619047616,0.036585365853658534,0,1,1
2025,16,Italian Grand Prix,18,1.2,Alpine F1 Team,Franco Colapinto,17,0.7777777777777778,0.8333333333333334,20.0,0.0,10.0,0.03424657534246575,-0.4,1.8,1.2,0.0,0.396875,23.7398,0.047619047619047616,0.0,0,1,1
2025,16,Italian Grand Prix,17,1.156,Aston Martin,Lance Stroll,18,0.8395061728395061,0.861244019138756,11.0,0.10355987055016182,6.0,0.10616438356164383,6.2,8.0,2.4,0.0,0.0583,22.735500000000002,0.019138755980861243,0.06172839506172839,0,1,1
2025,16,Italian Grand Prix,9,0.57,Aston Martin,Fernando Alonso,19,0.8253968253968254,0.861244019138756,12.0,0.0970873786407767,6.0,0.10616438356164383,1.6,8.0,0.6,0.0,0.2155,22.735500000000002,0.019138755980861243,0.023809523809523808,0,1,1
2025,16,Italian Grand Prix,12,0.706,Sauber,Nico Hülkenberg,20,0.8333333333333334,0.85,9.0,0.11974110032362459,8.0,0.08732876712328767,7.6,6.2,-0.4,3.351851851851851,0.0096,22.8464,0.041666666666666664,0.046296296296296294,0,1,0
2025,17,Azerbaijan Grand Prix,1,0.0,Red Bull,Max Verstappen,1,0.8909090909090909,0.8636363636363636,3.0,0.7098765432098766,4.0,0.3873581847649919,-0.8,13.8,2.2,4.866666666666665,-0.6414,23.573,0.06363636363636363,0.04242424242424243,1,1,1
2025,17,Azerbaijan Grand Prix,5,0.338,Mercedes,George Russell,2,0.8611111111111112,0.9121212121212121,4.0,0.5987654320987654,3.0,0.4213938411669368,-0.4,10.2,0.2,-2.1428571428571423,-0.5334,23.292700000000004,0.021212121212121213,0.041666666666666664,1,1,1
2025,17,Azerbaijan Grand Prix,2,0.478,Williams,Carlos Sainz,3,0.8536585365853658,0.7963525835866261,18.0,0.04938271604938271,5.0,0.1393841166936791,-1.4,5.6,0.6,1.4254385964912277,0.3404,23.6751,0.05167173252279635,0.04878048780487805,1,1,1
2025,17,Azerbaijan Grand Prix,4,0.347,Mercedes,Andrea Kimi Antonelli,4,0.75,0.9121212121212121,8.0,0.2037037037037037,3.0,0.4213938411669368,-1.8,10.2,1.6,0.0,0.165875,23.292700000000004,0.021212121212121213,0.0,1,1,1
2025,17,Azerbaijan Grand Prix,3,0.42,RB F1 Team,Liam Lawson,5,0.8148148148148149,0.85,15.0,0.06172839506172839,7.0,0.09886547811993517,0.2,4.8,1.2,0.0,0.117375,23.2582,0.0,0.0,1,1,1
2025,17,Azerbaijan Grand Prix,6,0.671,Red Bull,Yuki Tsunoda,6,0.8301886792452831,0.8636363636363636,19.0,0.037037037037037035,4.0,0.3873581847649919,-2.0,13.8,-1.0,0.0,0.4564,23.573,0.06363636363636363,0.03773584905660377,1,0,1
2025,17,Azerbaijan Grand Prix,7,0.205,McLaren,Lando Norris,7,0.9097222222222222,0.8848484848484849,2.0,0.904320987654321,1.0,1.0,-2.6,37.4,0.0,2.4098360655737707,-1.4985,23.9952,0.05757575757575758,0.027777777777777776,1,1,1
2025,17,Azerbaijan Grand Prix,12,0.704,Ferrari,Lewis Hamilton,8,0.9390243902439024,0.8666666666666667,6.0,0.3611111111111111,2.0,0.4538087520259319,-0.8,13.0,-0.2,-5.0,-0.2445,22.9697,0.04242424242424243,0.012195121951219513,1,1,1
2025,17,Azerbaijan Grand Prix,10,0.341,Ferrari,Charles Leclerc,9,0.8424242424242424,0.8666666666666667,5.0,0.5030864197530864,2.0,0.4538087520259319,-4.8,13.0,0.2,5.634920634920634,-0.641125,22.9697,0.04242424242424243,0.06666666666666667,1,1,1
2025,17,Azerbaijan Grand Prix,8,0.53,RB F1 Team,Isack Hadjar,10,0.875,0.85,9.0,0.11728395061728394,7.0,0.09886547811993517,-2.0,4.8,1.0,-1.765625,0.514625,23.2582,0.0,0.0,1,1,1
2025,17,Azerbaijan Grand Prix,13,1.16,Sauber,Gabriel Bortoleto,11,0.8125,0.8442622950819672,16.0,0.05555555555555555,8.0,0.08914100486223663,-0.2,5.8,0.0,-2.384615384615384,0.237625,23.8228,0.040983606557377046,0.0,1,1,0
2025,17,Azerbaijan Grand Prix,15,1.549,Haas F1 Team,Oliver Bearman,12,0.8947368421052632,0.8145896656534954,17.0,0.04938271604938271,9.0,0.0713128038897893,0.2,1.8,-1.0,4.363636363636363,-0.119375,24.343899999999998,0.0486322188449848,0.0,1,1,1
2025,17,Azerbaijan Grand Prix,19,2.661,Williams,Alexander Albon,13,0.8166666666666667,0.7963525835866261,7.0,0.21604938271604937,5.0,0.1393841166936791,5.4,5.6,2.4,1.4278606965174117,0.0001,23.6751,0.05167173252279635,0.03333333333333333,1,1,1
2025,17,Azerbaijan Grand Prix,20,0.671,Haas F1 Team,Esteban Ocon,14,0.8251748251748252,0.8145896656534954,13.0,0.08641975308641975,9.0,0.0713128038897893,1.6,1.8,-1.4,-2.3529411764705888,0.4373,24.343899999999998,0.0486322188449848,0.027972027972027972,1,1,1
2025,17,Azerbaijan Grand Prix,11,0.74,Aston Martin,Fernando Alonso,15,0.8188976377952756,0.8578199052132701,12.0,0.09259259259259259,6.0,0.10048622366288493,-1.2,6.8,-2.8,0.0,0.201875,24.720299999999998,0.018957345971563982,0.023622047244094488,1,1,1
2025,17,Azerbaijan Grand Prix,17,1.799,Sauber,Nico Hülkenberg,16,0.8256880733944953,0.8442622950819672,10.0,0.11419753086419752,8.0,0.08914100486223663,3.8,5.8,-3.8,-1.4714285714285715,0.00025,23.8228,0.040983606557377046,0.045871559633027525,1,1,0
2025,17,Azerbaijan Grand Prix,14,0.984,Aston Martin,Lance Stroll,17,0.8404907975460123,0.8578199052132701,11.0,0.09876543209876543,6.0,0.10048622366288493,5.6,6.8,-0.6,-2.408450704225352,0.0704,24.720299999999998,0.018957345971563982,0.06134969325153374,1,1,1
2025,17,Azerbaijan Grand Prix,18,2.022,Alpine F1 Team,Pierre Gasly,18,0.8303030303030303,0.8349056603773585,14.0,0.06172839506172839,10.0,0.03241491085899514,1.0,1.8,1.2,0.0,0.4798,24.3317,0.04716981132075472,0.03636363636363636,1,1,1
2025,17,Azerbaijan Grand Prix,16,1.662,Alpine F1 Team,Franco Colapinto,19,0.7894736842105263,0.8349056603773585,20.0,0.0,10.0,0.03241491085899514,0.0,1.8,0.4,-0.31506849315068486,0.493125,24.3317,0.04716981132075472,0.0,1,1,1
2025,17,Azerbaijan Grand Prix,9,0.297,McLaren,Oscar Piastri,20,0.9516129032258065,0.8848484848484849,1.0,1.0,1.0,1.0,0.2,37.4,-0.2,3.27027027027027,-1.4264000000000001,23.9952,0.05757575757575758,0.0,1,1,1
2025,18,Singapore Grand Prix,1,0.0,Mercedes,George Russell,1,0.8620689655172413,0.9126506024096386,4.0,0.654320987654321,2.0,0.4654895666131621,1.4,16.0,1.8,0.3533333333333335,-0.66,21.5991,0.02108433734939759,0.041379310344827586,0,1,1
2025,18,Singapore Grand Prix,2,0.182,Red Bull,Max Verstappen,2,0.891566265060241,0.8644578313253012,3.0,0.7870370370370371,4.0,0.43659711075441415,0.0,18.4,0.8,0.0,-0.7988,21.8041,0.06325301204819277,0.04216867469879518,0,1,1
2025,18,Singapore Grand Prix,5,0.428,McLaren,Lando Norris,3,0.9103448275862069,0.8825301204819277,2.0,0.9228395061728395,1.0,1.0,-3.0,30.0,-0.4,0.0,-1.058,22.3781,0.0572289156626506,0.027586206896551724,0,1,1
2025,18,Singapore Grand Prix,3,0.366,McLaren,Oscar Piastri,4,0.9365079365079365,0.8825301204819277,1.0,1.0,1.0,1.0,-2.0,30.0,-2.2,2.551282051282051,-1.198875,22.3781,0.0572289156626506,0.0,0,1,1
2025,18,Singapore Grand Prix,4,0.379,Mercedes,Andrea Kimi Antonelli,5,0.7647058823529411,0.9126506024096386,7.0,0.24074074074074073,2.0,0.4654895666131621,0.0,16.0,1.8,0.8101265822784818,-0.0525,21.5991,0.02108433734939759,0.0,0,1,1
2025,18,Singapore Grand Prix,7,0.626,Ferrari,Charles Leclerc,6,0.8433734939759037,0.8674698795180723,5.0,0.5092592592592593,3.0,0.4590690208667737,-3.0,11.8,1.8,0.0,-0.741125,21.2295,0.04216867469879518,0.06626506024096386,0,1,1
2025,18,Singapore Grand Prix,10,0.797,Aston Martin,Fernando Alonso,7,0.8203125,0.8591549295774648,14.0,0.09259259259259259,7.0,0.09951845906902086,-2.0,5.2,-0.8,2.765432098765432,0.278875,23.7377,0.018779342723004695,0.0234375,0,1,1
2025,18,Singapore Grand Prix,6,0.53,Ferrari,Lewis Hamilton,8,0.9393939393939394,0.8674698795180723,6.0,0.3734567901234568,3.0,0.4590690208667737,-0.2,11.8,0.6,-0.6463414634146343,-0.040625,21.2295,0.04216867469879518,0.012121212121212121,0,1,1
2025,18,Singapore Grand Prix,9,0.71,Haas F1 Team,Oliver Bearman,9,0.9,0.8157099697885196,19.0,0.04938271604938271,9.0,0.07062600321027288,1.4,1.8,1.2,0.0,0.2435,22.6666,0.04833836858006042,0.0,0,1,1
2025,18,Singapore Grand Prix,20,0.7535000000000001,Williams,Carlos Sainz,10,0.8545454545454545,0.797583081570997,12.0,0.09567901234567901,5.0,0.16211878009630817,-1.4,7.8,0.0,-0.5,0.18259999999999998,21.9224,0.0513595166163142,0.048484848484848485,0,1,1
2025,18,Singapore Grand Prix,8,0.688,RB F1 Team,Isack Hadjar,11,0.8823529411764706,0.8536585365853658,9.0,0.12037037037037036,6.0,0.11556982343499198,-1.6,7.0,0.4,0.4156862745098042,0.4337,21.6113,0.0,0.0,0,1,1
2025,18,Singapore Grand Prix,13,1.195,Red Bull,Yuki Tsunoda,12,0.8317757009345794,0.8644578313253012,17.0,0.06172839506172839,4.0,0.43659711075441415,-1.4,18.4,0.6,-5.492248062015504,0.1945,21.8041,0.06325301204819277,0.037383177570093455,0,0,1
2025,18,Singapore Grand Prix,15,1.791,Aston Martin,Lance Stroll,13,0.8414634146341463,0.8591549295774648,11.0,0.09876543209876543,7.0,0.09951845906902086,2.8,5.2,-2.8,4.25287356321839,0.4025,23.7377,0.018779342723004695,0.06097560975609756,0,1,1
2025,18,Singapore Grand Prix,19,0.7535000000000001,Williams,Alexander Albon,14,0.8181818181818181,0.797583081570997,8.0,0.21604938271604937,5.0,0.16211878009630817,5.4,7.8,0.0,5.458333333333334,-0.13,21.9224,0.0513595166163142,0.03305785123966942,0,1,1
2025,18,Singapore Grand Prix,12,1.162,RB F1 Team,Liam Lawson,15,0.8214285714285714,0.8536585365853658,13.0,0.09259259259259259,6.0,0.11556982343499198,0.4,7.0,0.2,-2.131086142322098,-0.023100000000000002,21.6113,0.0,0.0,0,1,1
2025,18,Singapore Grand Prix,16,1.824,Alpine F1 Team,Franco Colapinto,16,0.8,0.8364485981308412,20.0,0.0,10.0,0.03210272873194221,-0.6,0.2,-0.6,2.0777777777777775,0.5131,22.8524,0.04672897196261682,0.0,0,1,1
2025,18,Singapore Grand Prix,14,1.662,Sauber,Gabriel Bortoleto,17,0.8235294117647058,0.8467741935483871,18.0,0.05555555555555555,8.0,0.08828250401284109,0.4,2.8,0.6,3.3818681318681314,0.2753,21.9355,0.04032258064516129,0.0,0,1,0
2025,18,Singapore Grand Prix,17,1.831,Haas F1 Team,Esteban Ocon,18,0.8263888888888888,0.8157099697885196,15.0,0.08641975308641975,9.0,0.07062600321027288,2.4,1.8,0.8,1.1739130434782616,0.5207999999999999,22.6666,0.04833836858006042,0.027777777777777776,0,1,1
2025,18,Singapore Grand Prix,18,2.103,Alpine F1 Team,Pierre Gasly,19,0.8313253012048193,0.8364485981308412,16.0,0.06172839506172839,10.0,0.03210272873194221,0.2,0.2,-0.8,0.0,0.6811,22.8524,0.04672897196261682,0.03614457831325301,0,1,1
2025,18,Singapore Grand Prix,11,0.983,Sauber,Nico Hülkenberg,20,0.8272727272727273,0.8467741935483871,10.0,0.11419753086419752,8.0,0.08828250401284109,0.8,2.8,-3.0,-1.462765957446809,0.4615,21.9355,0.04032258064516129,0.045454545454545456,0,1,0
2025,19,United States Grand Prix,1,0.0,Red Bull,Max Verstappen,1,0.8922155688622755,0.8652694610778443,3.0,0.8125,4.0,0.4461538461538462,0.0,19.6,0.0,8.81578947368421,-0.8745,21.7416,0.06287425149700598,0.041916167664670656,0,1,1
2025,19,United States Grand Prix,2,0.291,McLaren,Lando Norris,2,0.910958904109589,0.8832335329341318,2.0,0.9345238095238095,1.0,1.0,-2.4,26.8,0.6,-1.104166666666666,-1.0295,22.5512,0.05688622754491018,0.0273972602739726,0,1,1
2025,19,United States Grand Prix,3,0.297,Ferrari,Charles Leclerc,3,0.844311377245509,0.8682634730538922,5.0,0.5148809523809523,3.0,0.4584615384615385,-2.8,10.0,0.2,-1.536082474226804,-0.651875,21.2465,0.041916167664670656,0.0658682634730539,0,1,1
2025,19,United States Grand Prix,5,0.402,Ferrari,Lewis Hamilton,4,0.9397590361445783,0.8682634730538922,6.0,0.37202380952380953,3.0,0.4584615384615385,-2.4,10.0,-2.2,0.8435374149659864,-0.176375,21.2465,0.041916167664670656,0.012048192771084338,0,1,1
2025,19,United States Grand Prix,6,0.574,McLaren,Oscar Piastri,5,0.9375,0.8832335329341318,1.0,1.0,1.0,1.0,-2.4,26.8,-0.4,-0.7676767676767673,-1.170125,22.5512,0.05688622754491018,0.0,0,1,1
2025,19,United States Grand Prix,4,0.316,Mercedes,George Russell,6,0.863013698630137,0.9131736526946108,4.0,0.7053571428571429,2.0,0.5,1.2,21.0,-0.2,4.08,-0.8086,21.654500000000002,0.020958083832335328,0.0410958904109589,0,1,1
2025,19,United States Grand Prix,13,0.956,Red Bull,Yuki Tsunoda,7,0.8333333333333334,0.8652694610778443,17.0,0.05952380952380952,4.0,0.4461538461538462,0.0,19.6,1.4,2.966996699669968,0.2029,21.7416,0.06287425149700598,0.037037037037037035,0,0,1
2025,19,United States Grand Prix,11,0.824,Sauber,Nico Hülkenberg,8,0.8288288288288288,0.8492063492063492,10.0,0.11011904761904762,8.0,0.08461538461538462,-1.4,2.4,-2.2,2.1960784313725483,0.449,23.5945,0.03968253968253968,0.04504504504504504,0,1,0
2025,19,United States Grand Prix,8,0.629,Haas F1 Team,Oliver Bearman,9,0.9047619047619048,0.8168168168168168,19.0,0.05357142857142857,9.0,0.07076923076923076,1.2,2.2,-0.2,0.4336569579288021,0.307875,22.7791,0.04804804804804805,0.0,0,1,1
2025,19,United States Grand Prix,10,0.65,Aston Martin,Fernando Alonso,10,0.8217054263565892,0.8604651162790697,11.0,0.10714285714285714,7.0,0.10461538461538461,-1.8,6.4,0.2,-5.201923076923077,0.116125,24.4754,0.018604651162790697,0.023255813953488372,0,1,1
2025,19,United States Grand Prix,12,0.85,RB F1 Team,Liam Lawson,11,0.8275862068965517,0.8571428571428572,14.0,0.08928571428571429,6.0,0.11076923076923077,-0.4,6.2,-0.8,0.0,0.1425,21.7215,0.0,0.0,0,1,1
2025,19,United States Grand Prix,18,2.03,Aston Martin,Lance Stroll,12,0.8424242424242424,0.8604651162790697,13.0,0.09523809523809523,7.0,0.10461538461538461,2.0,6.4,-0.8,-0.8254716981132084,0.472,24.4754,0.018604651162790697,0.06060606060606061,0,1,1
2025,19,United States Grand Prix,7,0.534,Mercedes,Andrea Kimi Antonelli,13,0.7777777777777778,0.9131736526946108,7.0,0.2619047619047619,2.0,0.5,-0.6,21.0,-0.6,-0.9495327102803737,-0.32830000000000004,21.654500000000002,0.020958083832335328,0.0,0,1,1
2025,19,United States Grand Prix,19,2.18,Williams,Alexander Albon,14,0.819672131147541,0.7987987987987988,8.0,0.20833333333333334,5.0,0.15692307692307692,6.6,6.4,1.2,7.222222222222223,0.062299999999999994,22.0973,0.05105105105105105,0.03278688524590164,0,1,1
2025,19,United States Grand Prix,17,1.626,Haas F1 Team,Esteban Ocon,15,0.8275862068965517,0.8168168168168168,15.0,0.08333333333333333,9.0,0.07076923076923076,3.0,2.2,0.6,0.47968545216251535,0.5654,22.7791,0.04804804804804805,0.027586206896551724,0,1,1
2025,19,United States Grand Prix,20,0.65,RB F1 Team,Isack Hadjar,16,0.8888888888888888,0.8571428571428572,9.0,0.11607142857142858,6.0,0.11076923076923077,0.2,6.2,1.8,3.204545454545455,0.1001,21.7215,0.0,0.0,0,1,1
2025,19,United States Grand Prix,15,1.529,Alpine F1 Team,Franco Colapinto,17,0.8095238095238095,0.837962962962963,20.0,0.0,10.0,0.03076923076923077,-0.2,0.0,0.4,2.7729729729729744,0.4254,23.157,0.046296296296296294,0.0,0,1,1
2025,19,United States Grand Prix,16,1.615,Sauber,Gabriel Bortoleto,18,0.8333333333333334,0.8492063492063492,18.0,0.05357142857142857,8.0,0.08461538461538462,-0.4,2.4,-0.8,0.4178571428571436,0.4606,23.5945,0.03968253968253968,0.0,0,1,0
2025,19,United States Grand Prix,14,1.089,Alpine F1 Team,Pierre Gasly,19,0.8323353293413174,0.837962962962963,16.0,0.05952380952380952,10.0,0.03076923076923077,-0.6,0.0,-0.8,-1.4292035398230087,0.7412000000000001,23.157,0.046296296296296294,0.03592814371257485,0,1,1
2025,19,United States Grand Prix,9,0.614,Williams,Carlos Sainz,20,0.8554216867469879,0.7987987987987988,12.0,0.09523809523809523,5.0,0.15692307692307692,1.2,6.4,2.6,-0.8947368421052628,0.1043,22.0973,0.05105105105105105,0.04819277108433735,0,1,1
2025,20,Mexico City Grand Prix,1,0.0,McLaren,Lando Norris,1,0.9115646258503401,0.8839285714285714,2.0,0.9595375722543352,1.0,1.0,-2.8,23.8,-0.4,4.156521739130435,-0.83875,23.1664,0.05654761904761905,0.027210884353741496,0,1,1
2025,20,Mexico City Grand Prix,2,0.262,Ferrari,Charles Leclerc,2,0.8452380952380952,0.8690476190476191,5.0,0.5549132947976878,3.0,0.49262536873156343,-2.2,13.0,0.6,-2.17816091954023,-0.678625,21.784799999999997,0.041666666666666664,0.06547619047619048,0,1,1
2025,20,Mexico City Grand Prix,5,0.484,Red Bull,Max Verstappen,3,0.8928571428571429,0.8660714285714286,3.0,0.884393063583815,4.0,0.4882005899705015,0.2,25.4,0.2,0.0,-0.95,22.321399999999997,0.0625,0.041666666666666664,0,1,1
2025,20,Mexico City Grand Prix,10,0.874,Haas F1 Team,Oliver Bearman,4,0.9090909090909091,0.817910447761194,18.0,0.057803468208092484,9.0,0.07079646017699115,2.8,2.6,1.6,-1.7076271186440675,0.3009,23.2763,0.04776119402985075,0.0,0,1,1
2025,20,Mexico City Grand Prix,8,0.588,McLaren,Oscar Piastri,5,0.9384615384615385,0.8839285714285714,1.0,1.0,1.0,1.0,-2.2,23.8,0.2,-0.17436974789915993,-0.916125,23.1664,0.05654761904761905,0.0,0,1,1
2025,20,Mexico City Grand Prix,6,0.532,Mercedes,Andrea Kimi Antonelli,6,0.7894736842105263,0.9136904761904762,7.0,0.25722543352601157,2.0,0.5029498525073747,-2.8,19.4,-2.2,-0.5250000000000004,-0.4125,22.0643,0.020833333333333332,0.0,0,1,1
2025,20,Mexico City Grand Prix,4,0.448,Mercedes,George Russell,7,0.8639455782312925,0.9136904761904762,4.0,0.7283236994219653,2.0,0.5029498525073747,0.6,19.4,-0.6,0.0,-0.6271,22.0643,0.020833333333333332,0.04081632653061224,0,1,1
2025,20,Mexico City Grand Prix,3,0.352,Ferrari,Lewis Hamilton,8,0.9401197604790419,0.8690476190476191,6.0,0.41040462427745666,3.0,0.49262536873156343,-2.2,13.0,0.2,2.6491803278688524,-0.45775,21.784799999999997,0.041666666666666664,0.011976047904191617,0,1,1
2025,20,Mexico City Grand Prix,12,1.251,Haas F1 Team,Esteban Ocon,9,0.8287671232876712,0.817910447761194,15.0,0.08092485549132948,9.0,0.07079646017699115,3.0,2.6,0.0,2.08130081300813,0.38130000000000003,23.2763,0.04776119402985075,0.0273972602739726,0,1,1
2025,20,Mexico City Grand Prix,16,1.826,Sauber,Gabriel Bortoleto,10,0.8421052631578947,0.8515625,19.0,0.05202312138728324,8.0,0.08702064896755163,-1.0,1.6,-0.6,-0.537634408602151,0.4834,24.0413,0.0390625,0.0,0,1,0
2025,20,Mexico City Grand Prix,11,1.23,Red Bull,Yuki Tsunoda,11,0.8348623853211009,0.8660714285714286,16.0,0.08092485549132948,4.0,0.4882005899705015,1.4,25.4,1.4,-0.07399999999999984,0.1452,22.321399999999997,0.0625,0.03669724770642202,0,0,1
2025,20,Mexico City Grand Prix,17,1.904,Williams,Alexander Albon,12,0.8211382113821138,0.7970149253731343,8.0,0.21098265895953758,5.0,0.16371681415929204,6.6,6.4,0.0,1.1984126984126986,0.0028,22.6225,0.050746268656716415,0.032520325203252036,0,1,1
2025,20,Mexico City Grand Prix,9,0.666,RB F1 Team,Isack Hadjar,13,0.8947368421052632,0.8604651162790697,10.0,0.11271676300578035,6.0,0.10619469026548672,1.2,5.4,1.0,2.244094488188976,0.09490000000000001,22.1495,0.0,0.0,0,1,1
2025,20,Mexico City Grand Prix,19,2.02,Aston Martin,Lance Stroll,14,0.8433734939759037,0.8617511520737327,13.0,0.09248554913294797,7.0,0.10176991150442478,3.4,3.4,1.4,-4.71875,0.43239999999999995,24.9332,0.018433179723502304,0.060240963855421686,0,1,1
2025,20,Mexico City Grand Prix,18,1.96,Alpine F1 Team,Pierre Gasly,15,0.8333333333333334,0.8394495412844036,17.0,0.057803468208092484,10.0,0.029498525073746312,-1.2,0.0,-0.6,-1.3565891472868223,0.7202999999999999,22.968600000000002,0.045871559633027525,0.03571428571428571,0,1,1
2025,20,Mexico City Grand Prix,20,2.084,Alpine F1 Team,Franco Colapinto,16,0.8181818181818181,0.8394495412844036,20.0,0.0,10.0,0.029498525073746312,0.2,0.0,0.4,1.3076923076923075,0.6587000000000001,22.968600000000002,0.045871559633027525,0.0,0,1,1
2025,20,Mexico City Grand Prix,7,0.586,Williams,Carlos Sainz,17,0.8502994011976048,0.7970149253731343,11.0,0.10982658959537572,5.0,0.16371681415929204,-0.8,6.4,-2.0,5.229007633587786,0.021625,22.6225,0.050746268656716415,0.04790419161676647,0,1,1
2025,20,Mexico City Grand Prix,14,1.517,Aston Martin,Fernando Alonso,18,0.823076923076923,0.8617511520737327,12.0,0.1069364161849711,7.0,0.10176991150442478,-1.8,3.4,0.0,-1.1818181818181817,0.163375,24.9332,0.018433179723502304,0.023076923076923078,0,1,1
2025,20,Mexico City Grand Prix,13,1.43,Sauber,Nico Hülkenberg,19,0.8303571428571428,0.8515625,9.0,0.11849710982658959,8.0,0.08702064896755163,-2.0,1.6,-0.6,0.025375939849624274,0.44925,24.0413,0.0390625,0.044642857142857144,0,1,0
2025,20,Mexico City Grand Prix,15,1.375,RB F1 Team,Liam Lawson,20,0.8333333333333334,0.8604651162790697,14.0,0.08670520231213873,6.0,0.10619469026548672,-0.4,5.4,0.0,2.356716417910447,0.122,22.1495,0.0,0.0,0,1,1
2025,21,São Paulo Grand Prix,1,0.0,McLaren,Lando Norris,1,0.9121621621621622,0.8846153846153846,1.0,1.0,1.0,1.0,0.4,25.8,3.2,1.5888888888888886,-0.8158,23.8167,0.05621301775147929,0.02702702702702703,0,1,1
2025,21,São Paulo Grand Prix,2,0.174,Mercedes,Andrea Kimi Antonelli,2,0.8,0.9142011834319527,7.0,0.27170868347338933,3.0,0.49789621318373073,-1.8,19.8,1.0,-0.5710784313725492,-0.5102,23.0637,0.020710059171597635,0.0,0,1,1
2025,21,São Paulo Grand Prix,16,0.892,Red Bull,Max Verstappen,3,0.893491124260355,0.8668639053254438,3.0,0.8991596638655462,4.0,0.485273492286115,0.4,24.4,0.2,-2.231143552311435,-0.7701,24.0997,0.0621301775147929,0.04142011834319527,0,1,1
2025,21,São Paulo Grand Prix,6,0.369,Mercedes,George Russell,4,0.8648648648648649,0.9142011834319527,4.0,0.7226890756302521,3.0,0.49789621318373073,-0.2,19.8,-0.8,-1.7173913043478262,-0.5996,23.0637,0.020710059171597635,0.04054054054054054,0,1,1
2025,21,São Paulo Grand Prix,4,0.324,McLaren,Oscar Piastri,5,0.9393939393939394,0.8846153846153846,2.0,0.9971988795518207,1.0,1.0,-1.6,25.8,0.6,-5.2848920863309345,-0.64825,23.8167,0.05621301775147929,0.0,0,1,1
2025,21,São Paulo Grand Prix,8,0.244,Haas F1 Team,Oliver Bearman,6,0.9130434782608696,0.8189910979228486,13.0,0.0896358543417367,8.0,0.08695652173913043,1.4,3.6,-1.4,3.05,0.16169999999999998,24.116500000000002,0.04747774480712166,0.0,0,1,1
2025,21,São Paulo Grand Prix,7,0.439,RB F1 Team,Liam Lawson,7,0.8064516129032258,0.8522727272727273,15.0,0.08403361344537816,6.0,0.10098176718092566,-0.6,2.4,-0.2,-2.1645390070921984,0.1845,24.0833,0.0,0.0,0,1,1
2025,21,São Paulo Grand Prix,5,0.42,RB F1 Team,Isack Hadjar,8,0.9,0.8522727272727273,10.0,0.1092436974789916,6.0,0.10098176718092566,0.2,2.4,-1.0,2.2422535211267602,0.43510000000000004,24.0833,0.0,0.0,0,1,1
2025,21,São Paulo Grand Prix,10,0.474,Sauber,Nico Hülkenberg,9,0.8230088495575221,0.8461538461538461,9.0,0.11484593837535013,9.0,0.08415147265077139,-3.8,1.8,-1.8,-1.220979020979022,0.4266666666666667,24.9723,0.038461538461538464,0.04424778761061947,0,1,0
2025,21,São Paulo Grand Prix,9,0.346,Alpine F1 Team,Pierre Gasly,10,0.834319526627219,0.8409090909090909,18.0,0.056022408963585436,10.0,0.028050490883590462,0.0,0.0,1.2,0.0,0.9161,23.9246,0.045454545454545456,0.03550295857988166,0,1,1
2025,21,São Paulo Grand Prix,12,0.542,Williams,Alexander Albon,11,0.8225806451612903,0.7952522255192879,8.0,0.20448179271708683,5.0,0.15568022440392706,5.6,4.4,-1.0,-1.0551724137931036,0.14780000000000001,23.3032,0.050445103857566766,0.03225806451612903,0,1,1
2025,21,São Paulo Grand Prix,17,0.927,Haas F1 Team,Esteban Ocon,12,0.8299319727891157,0.8189910979228486,16.0,0.08403361344537816,8.0,0.08695652173913043,2.0,3.6,-1.0,1.3835616438356162,0.2355,24.116500000000002,0.04747774480712166,0.027210884353741496,0,1,1
2025,21,São Paulo Grand Prix,15,0.673,Williams,Carlos Sainz,13,0.8452380952380952,0.7952522255192879,11.0,0.10644257703081232,5.0,0.15568022440392706,-2.0,4.4,-1.2,-0.9972789115646252,0.015166666666666667,23.3032,0.050445103857566766,0.047619047619047616,0,1,1
2025,21,São Paulo Grand Prix,11,0.49,Aston Martin,Fernando Alonso,14,0.816793893129771,0.8584474885844748,12.0,0.10364145658263306,7.0,0.0967741935483871,-3.0,1.4,-1.2,-0.583333333333333,0.1345,26.1599,0.0182648401826484,0.022900763358778626,0,1,1
2025,21,São Paulo Grand Prix,18,1.121,Alpine F1 Team,Franco Colapinto,15,0.8260869565217391,0.8409090909090909,20.0,0.0,10.0,0.028050490883590462,0.0,0.0,-0.2,-0.6953020134228183,0.8931,23.9246,0.045454545454545456,0.0,0,1,1
2025,21,São Paulo Grand Prix,14,0.53,Aston Martin,Lance Stroll,16,0.844311377245509,0.8584474885844748,14.0,0.0896358543417367,7.0,0.0967741935483871,1.8,1.4,-1.6,-5.02,0.4315,26.1599,0.0182648401826484,0.059880239520958084,0,1,1
2025,21,São Paulo Grand Prix,19,1.2,Red Bull,Yuki Tsunoda,17,0.8363636363636364,0.8668639053254438,17.0,0.0784313725490196,4.0,0.485273492286115,0.8,24.4,-0.6,5.596026490066226,0.1948,24.0997,0.0621301775147929,0.03636363636363636,0,0,1
2025,21,São Paulo Grand Prix,13,0.505,Ferrari,Lewis Hamilton,18,0.9404761904761905,0.8698224852071006,6.0,0.40896358543417366,2.0,0.4992987377279102,-0.6,17.4,1.6,2.0394736842105257,-0.4516,23.0409,0.04142011834319527,0.011904761904761904,0,1,1
2025,21,São Paulo Grand Prix,3,0.29,Ferrari,Charles Leclerc,19,0.8461538461538461,0.8698224852071006,5.0,0.5882352941176471,2.0,0.4992987377279102,0.4,17.4,2.6,-1.6461251167133524,-0.6227,23.0409,0.04142011834319527,0.0650887573964497,0,1,1
2025,22,Las Vegas Grand Prix,2,0.323,Red Bull,Max Verstappen,1,0.8941176470588236,0.8676470588235294,3.0,0.8743589743589744,3.0,0.48412698412698413,3.0,22.4,2.6,-0.7611832611832616,-0.8108,23.858799999999995,0.061764705882352944,0.041176470588235294,0,1,1
2025,22,Las Vegas Grand Prix,4,0.869,Mercedes,George Russell,2,0.8657718120805369,0.9147058823529411,4.0,0.7076923076923077,2.0,0.5264550264550265,0.0,23.4,0.2,2.7139784946236567,-0.6558999999999999,22.7414,0.020588235294117647,0.040268456375838924,0,1,1
2025,22,Las Vegas Grand Prix,17,8.38,Mercedes,Andrea Kimi Antonelli,3,0.8095238095238095,0.9147058823529411,7.0,0.3128205128205128,2.0,0.5264550264550265,-1.4,23.4,0.4,-1.3681318681318677,-0.6139,22.7414,0.020588235294117647,0.0,0,1,1
2025,22,Las Vegas Grand Prix,9,1.938,Ferrari,Charles Leclerc,4,0.8411764705882353,0.8647058823529412,5.0,0.5487179487179488,4.0,0.47883597883597884,-2.8,13.4,-3.2,0.4103730664240217,-0.64825,24.3707,0.041176470588235294,0.06470588235294118,0,1,1
2025,22,Las Vegas Grand Prix,3,0.362,Williams,Carlos Sainz,5,0.8461538461538461,0.7964601769911505,13.0,0.09743589743589744,5.0,0.14682539682539683,-2.0,3.2,0.0,0.0,-0.011,23.0056,0.05014749262536873,0.047337278106508875,0,1,1
2025,22,Las Vegas Grand Prix,8,1.62,RB F1 Team,Isack Hadjar,6,0.9047619047619048,0.8555555555555556,10.0,0.11025641025641025,6.0,0.10846560846560846,-1.6,4.2,-1.8,0.0,0.3946,23.927100000000003,0.0,0.0,0,1,1
2025,22,Las Vegas Grand Prix,11,4.847,Sauber,Nico Hülkenberg,7,0.8245614035087719,0.8473282442748091,9.0,0.11025641025641025,9.0,0.082010582010582,-2.0,1.4,1.8,0.0,0.4365,24.360899999999997,0.03816793893129771,0.043859649122807015,0,1,0
2025,22,Las Vegas Grand Prix,20,9.181,Ferrari,Lewis Hamilton,8,0.9349112426035503,0.8647058823529412,6.0,0.37948717948717947,4.0,0.47883597883597884,-1.4,13.4,-0.8,0.0,-0.512125,24.3707,0.041176470588235294,0.011834319526627219,0,1,1
2025,22,Las Vegas Grand Prix,13,5.053,Haas F1 Team,Esteban Ocon,9,0.8310810810810811,0.8200589970501475,16.0,0.07692307692307693,8.0,0.09259259259259259,3.0,5.2,1.0,0.0,0.2119,23.342000000000002,0.0471976401179941,0.02702702702702703,0,1,1
2025,22,Las Vegas Grand Prix,14,5.16,Haas F1 Team,Oliver Bearman,10,0.9166666666666666,0.8200589970501475,11.0,0.10256410256410256,8.0,0.09259259259259259,2.0,5.2,0.6,0.0,0.13219999999999998,23.342000000000002,0.0471976401179941,0.0,0,1,1
2025,22,Las Vegas Grand Prix,7,1.532,Aston Martin,Fernando Alonso,11,0.8181818181818181,0.8597285067873304,12.0,0.10256410256410256,7.0,0.09523809523809523,-1.6,1.4,1.4,0.0,0.112375,24.534399999999998,0.01809954751131222,0.022727272727272728,0,1,1
2025,22,Las Vegas Grand Prix,19,8.864,Red Bull,Yuki Tsunoda,12,0.8378378378378378,0.8676470588235294,17.0,0.07179487179487179,3.0,0.48412698412698413,1.8,22.4,1.0,0.0,0.0873,23.858799999999995,0.061764705882352944,0.036036036036036036,0,0,1
2025,22,Las Vegas Grand Prix,10,3.606,Alpine F1 Team,Pierre Gasly,13,0.8352941176470589,0.8423423423423424,18.0,0.05641025641025641,10.0,0.0291005291005291,-0.8,0.2,-0.8,0.0,0.8216,23.6646,0.04504504504504504,0.03529411764705882,0,1,1
2025,22,Las Vegas Grand Prix,6,1.128,RB F1 Team,Liam Lawson,14,0.8125,0.8555555555555556,14.0,0.09230769230769231,6.0,0.10846560846560846,-1.8,4.2,-1.2,0.0,0.233375,23.927100000000003,0.0,0.0,0,1,1
2025,22,Las Vegas Grand Prix,15,5.749,Alpine F1 Team,Franco Colapinto,15,0.8333333333333334,0.8423423423423424,20.0,0.0,10.0,0.0291005291005291,0.4,0.2,0.4,0.0,0.7263,23.6646,0.04504504504504504,0.0,0,1,1
2025,22,Las Vegas Grand Prix,16,8.286,Williams,Alexander Albon,16,0.8240000000000001,0.7964601769911505,8.0,0.18717948717948718,5.0,0.14682539682539683,4.4,3.2,-1.2,0.0,0.25830000000000003,23.0056,0.05014749262536873,0.032,0,1,1
2025,22,Las Vegas Grand Prix,18,8.74,Sauber,Gabriel Bortoleto,17,0.85,0.8473282442748091,19.0,0.04871794871794872,9.0,0.082010582010582,0.6,1.4,1.6,0.0,0.4828,24.360899999999997,0.03816793893129771,0.0,0,1,0
2025,22,Las Vegas Grand Prix,12,4.916,Aston Martin,Lance Stroll,18,0.8452380952380952,0.8597285067873304,15.0,0.08205128205128205,7.0,0.09523809523809523,1.6,1.4,-0.2,0.0,0.3564,24.534399999999998,0.01809954751131222,0.05952380952380952,0,1,1
2025,22,Las Vegas Grand Prix,1,0.0,McLaren,Lando Norris,19,0.912751677852349,0.8852941176470588,1.0,1.0,1.0,1.0,0.4,26.2,0.0,0.0,-0.8052999999999999,23.3795,0.05588235294117647,0.026845637583892617,0,1,1
2025,22,Las Vegas Grand Prix,5,1.027,McLaren,Oscar Piastri,20,0.9402985074626866,0.8852941176470588,2.0,0.9384615384615385,1.0,1.0,-1.8,26.2,-0.2,0.0,-0.520625,23.3795,0.05588235294117647,0.0,0,1,1
2025,23,Qatar Grand Prix,3,0.264,Red Bull,Max Verstappen,1,0.8947368421052632,0.868421052631579,3.0,0.9384615384615385,3.0,0.5171957671957672,3.2,20.8,0.2,0.0,-0.7686000000000001,24.081,0.06140350877192982,0.04093567251461988,0,1,1
2025,23,Qatar Grand Prix,1,0.0,McLaren,Oscar Piastri,2,0.9264705882352942,0.8801169590643275,2.0,0.9384615384615385,1.0,1.0,-2.6,25.0,-0.8,0.0,-0.520625,23.226499999999998,0.05555555555555555,0.0,0,1,1
2025,23,Qatar Grand Prix,7,0.864,Williams,Carlos Sainz,3,0.8470588235294118,0.7947214076246334,11.0,0.12307692307692308,5.0,0.16005291005291006,-2.2,2.2,-0.2,0.0,-0.03966666666666666,24.1709,0.04985337243401759,0.047058823529411764,0,1,1
2025,23,Qatar Grand Prix,2,0.108,McLaren,Lando Norris,4,0.9066666666666666,0.8801169590643275,1.0,1.0,1.0,1.0,-3.2,25.0,-3.6,0.0,-0.822375,23.226499999999998,0.05555555555555555,0.02666666666666667,0,1,1
2025,23,Qatar Grand Prix,5,0.459,Mercedes,Andrea Kimi Antonelli,5,0.8181818181818181,0.9152046783625731,7.0,0.35128205128205126,2.0,0.5701058201058201,1.4,24.0,2.8,0.0,-0.564,22.983300000000003,0.02046783625730994,0.0,0,1,1
2025,23,Qatar Grand Prix,4,0.275,Mercedes,George Russell,6,0.8666666666666667,0.9152046783625731,4.0,0.7538461538461538,2.0,0.5701058201058201,-0.2,24.0,-0.2,0.0,-0.6083,22.983300000000003,0.02046783625730994,0.04,0,1,1
2025,23,Qatar Grand Prix,8,0.832,Aston Martin,Fernando Alonso,7,0.8195488721804511,0.8565022421524664,13.0,0.10256410256410256,8.0,0.09523809523809523,-1.6,1.4,0.0,0.0,0.232375,23.9892,0.017937219730941704,0.022556390977443608,0,1,1
2025,23,Qatar Grand Prix,10,0.956,Ferrari,Charles Leclerc,8,0.8421052631578947,0.8654970760233918,5.0,0.5794871794871795,4.0,0.5,-2.0,15.4,0.8,0.0,-0.613,24.609199999999998,0.04093567251461988,0.06432748538011696,0,1,1
2025,23,Qatar Grand Prix,12,1.046,RB F1 Team,Liam Lawson,9,0.8181818181818181,0.8586956521739131,14.0,0.09230769230769231,6.0,0.11904761904761904,-3.0,3.6,-1.2,0.0,0.530375,24.1342,0.0,0.0,0,1,1
2025,23,Qatar Grand Prix,16,1.374,Red Bull,Yuki Tsunoda,10,0.8392857142857143,0.868421052631579,17.0,0.07179487179487179,3.0,0.5171957671957672,3.2,20.8,1.4,0.0,0.2409,24.081,0.06140350877192982,0.03571428571428571,0,0,1
2025,23,Qatar Grand Prix,15,1.242,Williams,Alexander Albon,11,0.8174603174603174,0.7947214076246334,8.0,0.18717948717948718,5.0,0.16005291005291006,3.2,2.2,-1.2,0.0,0.444375,24.1709,0.04985337243401759,0.031746031746031744,0,1,1
2025,23,Qatar Grand Prix,18,1.52,Ferrari,Lewis Hamilton,12,0.9352941176470588,0.8654970760233918,6.0,0.38974358974358975,4.0,0.5,0.2,15.4,1.6,0.0,-0.52425,24.609199999999998,0.04093567251461988,0.011764705882352941,0,1,1
2025,23,Qatar Grand Prix,14,1.147,Sauber,Gabriel Bortoleto,13,0.8095238095238095,0.8421052631578947,19.0,0.04871794871794872,9.0,0.08994708994708994,0.8,2.6,0.2,0.0,0.592375,25.835699999999996,0.03759398496240601,0.0,0,1,0
2025,23,Qatar Grand Prix,20,1.75,Alpine F1 Team,Franco Colapinto,14,0.84,0.84375,20.0,0.0,10.0,0.0291005291005291,1.0,0.2,0.6,0.0,0.8095,24.0803,0.044642857142857144,0.0,0,1,1
2025,23,Qatar Grand Prix,17,1.477,Haas F1 Team,Esteban Ocon,15,0.8322147651006712,0.8211143695014662,15.0,0.08205128205128205,7.0,0.09656084656084656,2.6,5.8,-0.4,0.0,0.1477,23.5782,0.0469208211143695,0.026845637583892617,0,1,1
2025,23,Qatar Grand Prix,9,0.937,Alpine F1 Team,Pierre Gasly,16,0.8362573099415205,0.84375,18.0,0.05641025641025641,10.0,0.0291005291005291,-1.4,0.2,-0.6,0.0,0.7182000000000001,24.0803,0.044642857142857144,0.03508771929824561,0,1,1
2025,23,Qatar Grand Prix,19,1.671,Aston Martin,Lance Stroll,17,0.8402366863905325,0.8565022421524664,16.0,0.08205128205128205,8.0,0.09523809523809523,1.0,1.4,-0.6,0.0,0.2245,23.9892,0.017937219730941704,0.05917159763313609,0,1,1
2025,23,Qatar Grand Prix,6,0.727,RB F1 Team,Isack Hadjar,18,0.9090909090909091,0.8586956521739131,9.0,0.13076923076923078,6.0,0.11904761904761904,-0.8,3.6,0.8,0.0,0.2818,24.1342,0.0,0.0,0,1,1
2025,23,Qatar Grand Prix,13,1.051,Haas F1 Team,Oliver Bearman,19,0.92,0.8211143695014662,12.0,0.10512820512820513,7.0,0.09656084656084656,2.2,5.8,0.2,0.0,0.040100000000000004,23.5782,0.0469208211143695,0.0,0,1,1
2025,23,Qatar Grand Prix,11,0.966,Sauber,Nico Hülkenberg,20,0.8260869565217391,0.8421052631578947,10.0,0.12564102564102564,9.0,0.08994708994708994,-1.4,2.6,0.6,0.0,0.188125,25.835699999999996,0.03759398496240601,0.043478260869565216,0,1,0
2025,24,Abu Dhabi Grand Prix,1,0.0,Red Bull,Max Verstappen,1,0.8953488372093024,0.8691860465116279,2.0,0.9705882352941176,3.0,0.5325,3.6,22.4,0.4,0.0,-0.765,24.971,0.061046511627906974,0.040697674418604654,0,1,1
2025,24,Abu Dhabi Grand Prix,3,0.23,McLaren,Oscar Piastri,2,0.927536231884058,0.8808139534883721,3.0,0.9607843137254902,1.0,1.0,-2.6,25.6,0.0,0.0,-0.57725,23.8495,0.055232558139534885,0.0,0,1,1
2025,24,Abu Dhabi Grand Prix,2,0.201,McLaren,Lando Norris,3,0.9072847682119205,0.8808139534883721,1.0,1.0,1.0,1.0,-4.0,25.6,-0.8,0.0,-0.79425,23.8495,0.055232558139534885,0.026490066225165563,0,1,1
2025,24,Abu Dhabi Grand Prix,5,0.523,Ferrari,Charles Leclerc,4,0.8430232558139534,0.8662790697674418,5.0,0.5637254901960784,4.0,0.4775,-1.8,13.8,0.2,0.0,-0.356875,25.8226,0.040697674418604654,0.06395348837209303,0,1,1
2025,24,Abu Dhabi Grand Prix,4,0.438,Mercedes,George Russell,5,0.8675496688741722,0.9156976744186046,4.0,0.7573529411764706,2.0,0.57375,-0.6,20.6,-0.4,0.0,-0.30860000000000004,24.314,0.020348837209302327,0.039735099337748346,0,1,1
2025,24,Abu Dhabi Grand Prix,6,0.654,Aston Martin,Fernando Alonso,6,0.8208955223880597,0.8533333333333333,12.0,0.11764705882352941,7.0,0.1,-2.0,1.4,-0.4,0.0,0.290125,24.1707,0.017777777777777778,0.022388059701492536,0,1,1
2025,24,Abu Dhabi Grand Prix,8,0.706,Haas F1 Team,Esteban Ocon,7,0.8333333333333334,0.8192419825072886,16.0,0.0784313725490196,8.0,0.09125,3.2,5.4,0.6,0.0,0.15930000000000002,25.527099999999997,0.04664723032069971,0.02666666666666667,0,1,1
2025,24,Abu Dhabi Grand Prix,16,1.187,Ferrari,Lewis Hamilton,8,0.935672514619883,0.8662790697674418,6.0,0.37254901960784315,4.0,0.4775,1.8,13.8,1.6,0.0,-0.154875,25.8226,0.040697674418604654,0.011695906432748537,0,1,1
2025,24,Abu Dhabi Grand Prix,18,1.243,Sauber,Nico Hülkenberg,9,0.8189655172413793,0.837037037037037,11.0,0.12009803921568628,9.0,0.085,-1.4,2.6,0.0,0.0,0.1325,25.127399999999998,0.037037037037037035,0.04310344827586207,0,1,0
2025,24,Abu Dhabi Grand Prix,15,0.89,Aston Martin,Lance Stroll,10,0.8352941176470589,0.8533333333333333,17.0,0.0784313725490196,7.0,0.1,1.0,1.4,0.0,0.0,0.10333333333333333,24.1707,0.017777777777777778,0.058823529411764705,0,1,1
2025,24,Abu Dhabi Grand Prix,7,0.667,Sauber,Gabriel Bortoleto,11,0.8181818181818181,0.837037037037037,19.0,0.04656862745098039,9.0,0.085,0.6,2.6,-0.2,0.0,0.64975,25.127399999999998,0.037037037037037035,0.0,0,1,0
2025,24,Abu Dhabi Grand Prix,11,0.834,Haas F1 Team,Oliver Bearman,12,0.8846153846153846,0.8192419825072886,13.0,0.10049019607843138,8.0,0.09125,1.0,5.4,-1.2,0.0,-0.021875,25.527099999999997,0.04664723032069971,0.0,0,1,1
2025,24,Abu Dhabi Grand Prix,12,0.835,Williams,Carlos Sainz,13,0.847953216374269,0.7959183673469388,9.0,0.1568627450980392,5.0,0.17125,-3.4,5.0,-1.2,0.0,-0.29183333333333333,24.935200000000002,0.04956268221574344,0.04678362573099415,0,1,1
2025,24,Abu Dhabi Grand Prix,10,0.827,Red Bull,Yuki Tsunoda,14,0.8407079646017699,0.8691860465116279,15.0,0.08088235294117647,3.0,0.5325,4.2,22.4,1.0,0.0,0.2812,24.971,0.061046511627906974,0.035398230088495575,0,0,1
2025,24,Abu Dhabi Grand Prix,14,0.687,Mercedes,Andrea Kimi Antonelli,15,0.8260869565217391,0.9156976744186046,7.0,0.36764705882352944,2.0,0.57375,1.6,20.6,0.2,0.0,-0.4218,24.314,0.020348837209302327,0.0,0,1,1
2025,24,Abu Dhabi Grand Prix,17,1.209,Williams,Alexander Albon,16,0.8188976377952756,0.7959183673469388,8.0,0.17892156862745098,5.0,0.17125,3.0,5.0,-0.2,0.0,0.46025,24.935200000000002,0.04956268221574344,0.031496062992125984,0,1,1
2025,24,Abu Dhabi Grand Prix,9,0.79,RB F1 Team,Isack Hadjar,17,0.8695652173913043,0.851063829787234,10.0,0.125,6.0,0.115,-2.6,4.0,-1.8,0.0,0.27975,25.0381,0.0,0.0,0,1,1
2025,24,Abu Dhabi Grand Prix,13,0.87,RB F1 Team,Liam Lawson,18,0.8235294117647058,0.851063829787234,14.0,0.09313725490196079,6.0,0.115,-1.8,4.0,1.2,0.0,0.4745,25.0381,0.0,0.0,0,1,1
2025,24,Abu Dhabi Grand Prix,19,1.261,Alpine F1 Team,Pierre Gasly,19,0.8372093023255813,0.8451327433628318,18.0,0.05392156862745098,10.0,0.0275,-2.6,0.2,-1.2,0.0,0.7112999999999999,25.0524,0.04424778761061947,0.03488372093023256,0,1,1
2025,24,Abu Dhabi Grand Prix,20,1.683,Alpine F1 Team,Franco Colapinto,20,0.8461538461538461,0.8451327433628318,20.0,0.0,10.0,0.0275,2.2,0.2,1.2,0.0,0.796,25.0524,0.04424778761061947,0.0,0,1,1
2026,1,Australian Grand Prix,1,0.0,Mercedes,George Russell,1,0.868421052631579,0.9161849710982659,4.0,0.7541371158392435,2.0,0.5630252100840336,-0.4,21.0,0.2,0.0,-0.3634,23.977,0.02023121387283237,0.039473684210526314,0,1,1
2026,1,Australian Grand Prix,2,0.293,Mercedes,Andrea Kimi Antonelli,2,0.8333333333333334,0.9161849710982659,7.0,0.3546099290780142,2.0,0.5630252100840336,2.6,21.0,1.0,0.0,-0.286,23.977,0.02023121387283237,0.0,0,1,1
2026,1,Australian Grand Prix,4,0.809,Ferrari,Charles Leclerc,3,0.8439306358381503,0.8670520231213873,5.0,0.5721040189125296,4.0,0.4777911164465786,-1.6,11.6,0.2,0.0,-0.4265,25.3589,0.04046242774566474,0.06358381502890173,0,1,1
2026,1,Australian Grand Prix,7,0.96,Ferrari,Lewis Hamilton,4,0.936046511627907,0.8670520231213873,6.0,0.36879432624113473,4.0,0.4777911164465786,3.2,11.6,1.4,0.0,-0.130625,25.3589,0.04046242774566474,0.011627906976744186,0,1,1
2026,1,Australian Grand Prix,6,0.957,McLaren,Lando Norris,5,0.9078947368421053,0.8815028901734104,1.0,1.0,1.0,1.0,-4.2,26.6,-0.2,0.0,-0.972625,23.3277,0.05491329479768786,0.02631578947368421,0,1,1
2026,1,Australian Grand Prix,12,1.793,Haas F1 Team,Oliver Bearman,7,0.8888888888888888,0.8202898550724638,13.0,0.09692671394799054,8.0,0.09483793517406963,1.0,6.2,0.0,0.0,-0.072125,25.061799999999998,0.0463768115942029,0.0,0,1,1
2026,1,Australian Grand Prix,9,1.453,RB F1 Team,Arvid Lindblad,8,0.9,0.8541666666666666,0.0,0.0,6.0,0.11044417767106843,0.0,4.0,0.0,0.0,0.0,25.317,0.0,0.1,0,1,1
2026,1,Australian Grand Prix,10,1.703,Audi,Gabriel Bortoleto,9,0.8260869565217391,0.9,19.0,0.04491725768321513,0.0,0.0,0.4,0.0,-0.2,6.404761904761905,0.5975,0.0,0.1,0.0,0,1,1
2026,1,Australian Grand Prix,14,1.983,Alpine F1 Team,Pierre Gasly,10,0.838150289017341,0.8464912280701754,18.0,0.05200945626477541,10.0,0.026410564225690276,-1.6,0.2,1.0,3.1550387596899228,0.5707000000000001,24.4667,0.043859649122807015,0.03468208092485549,0,1,1
2026,1,Australian Grand Prix,13,1.973,Haas F1 Team,Esteban Ocon,11,0.8344370860927153,0.8202898550724638,15.0,0.08983451536643026,8.0,0.09483793517406963,3.0,6.2,-0.2,2.045454545454546,0.2023,25.061799999999998,0.0463768115942029,0.026490066225165563,0,1,1
2026,1,Australian Grand Prix,15,2.423,Williams,Alexander Albon,12,0.8203125,0.7971014492753623,8.0,0.17257683215130024,5.0,0.1644657863145258,2.2,5.0,-0.8,-1.4222222222222225,0.48825,24.4109,0.04927536231884058,0.03125,0,1,1
2026,1,Australian Grand Prix,8,1.476,RB F1 Team,Liam Lawson,13,0.8285714285714285,0.8541666666666666,14.0,0.08983451536643026,6.0,0.11044417767106843,-3.0,4.0,-1.2,1.1014492753623193,0.3625,25.317,0.0,0.0,0,1,1
2026,1,Australian Grand Prix,16,2.682,Alpine F1 Team,Franco Colapinto,14,0.8518518518518519,0.8464912280701754,20.0,0.0,10.0,0.026410564225690276,2.6,0.2,0.4,-2.5319148936170217,0.6012000000000001,24.4667,0.043859649122807015,0.0,0,1,1
2026,1,Australian Grand Prix,18,4.087,Cadillac F1 Team,Sergio Pérez,16,0.8707482993197279,0.9,0.0,0.0,0.0,0.0,-1.8,0.0,-2.6,-1.0,0.17866666666666667,0.0,0.1,0.034013605442176874,0,1,1
2026,1,Australian Grand Prix,17,3.451,Aston Martin,Fernando Alonso,18,0.8222222222222222,0.8546255506607929,10.0,0.13238770685579196,7.0,0.10684273709483794,-2.0,3.0,0.0,-1.9489795918367347,0.255375,23.8263,0.01762114537444934,0.022222222222222223,0,1,1
2026,1,Australian Grand Prix,19,4.726,Cadillac F1 Team,Valtteri Bottas,19,0.8657718120805369,0.9,0.0,0.0,0.0,0.0,-1.4,0.0,-2.0,0.0,0.856,0.0,0.1,0.03355704697986577,0,1,1
2026,1,Australian Grand Prix,3,0.785,Red Bull,Isack Hadjar,20,0.875,0.869942196531792,12.0,0.12056737588652482,3.0,0.5414165666266506,-5.0,21.2,-2.4,-2.4117647058823533,0.206375,0.0,0.06069364161849711,0.0,0,1,1
2026,1,Australian Grand Prix,5,0.862,McLaren,Oscar Piastri,21,0.9285714285714286,0.8815028901734104,3.0,0.9692671394799054,1.0,1.0,-2.6,26.6,0.0,0.0,-0.6315,23.3277,0.05491329479768786,0.0,0,1,1
2026,1,Australian Grand Prix,11,1.785,Audi,Nico Hülkenberg,22,0.8205128205128205,0.9,11.0,0.12056737588652482,0.0,0.0,-0.2,0.0,1.2,0.0,0.10816666666666667,0.0,0.1,0.042735042735042736,0,1,1
2026,2,Chinese Grand Prix,1,0.0,Mercedes,Andrea Kimi Antonelli,1,0.84,0.9166666666666666,2.0,0.72,1.0,1.0,2.6,26.8,0.0,0.0,-0.6497999999999999,23.360300000000002,0.020114942528735632,0.0,0,1,1
2026,2,Chinese Grand Prix,2,0.222,Mercedes,George Russell,2,0.869281045751634,0.9166666666666666,1.0,1.0,1.0,1.0,0.2,26.8,0.6,0.0,-0.7041000000000001,23.360300000000002,0.020114942528735632,0.0392156862745098,0,1,1
2026,2,Chinese Grand Prix,3,0.351,Ferrari,Lewis Hamilton,3,0.9364161849710982,0.867816091954023,4.0,0.48,2.0,0.627906976744186,4.8,12.6,1.6,-2.696428571428571,-0.458,24.231,0.040229885057471264,0.011560693641618497,0,1,1
2026,2,Chinese Grand Prix,4,0.364,Ferrari,Charles Leclerc,4,0.8448275862068966,0.867816091954023,3.0,0.6,2.0,0.627906976744186,-1.4,12.6,0.2,-0.7543859649122808,-0.798,24.231,0.040229885057471264,0.06321839080459771,0,1,1
2026,2,Chinese Grand Prix,10,1.133,Haas F1 Team,Oliver Bearman,5,0.8928571428571429,0.8213256484149856,7.0,0.24,5.0,0.13953488372093023,0.8,4.6,-0.2,-0.3103448275862073,-0.098875,24.2668,0.04610951008645533,0.0,0,1,1
2026,2,Chinese Grand Prix,7,0.809,Alpine F1 Team,Pierre Gasly,6,0.8390804597701149,0.8478260869565217,10.0,0.04,8.0,0.023255813953488372,-1.4,0.4,0.2,0.2372881355932206,0.3102,23.6388,0.043478260869565216,0.034482758620689655,0,1,1
2026,2,Chinese Grand Prix,14,1.701,RB F1 Team,Liam Lawson,7,0.8333333333333334,0.8571428571428572,13.0,0.0,6.0,0.09302325581395349,-3.0,4.8,0.0,0.0,0.31980000000000003,23.3774,0.0,0.0,0,1,1
2026,2,Chinese Grand Prix,9,1.057,Red Bull,Isack Hadjar,8,0.84,0.8674351585014409,17.0,0.0,4.0,0.18604651162790697,-7.6,18.2,-2.6,0.0,0.006833333333333333,24.9928,0.06051873198847262,0.0,0,1,1
2026,2,Chinese Grand Prix,17,2.253,Williams,Carlos Sainz,9,0.8488372093023255,0.7976878612716762,15.0,0.0,9.0,0.0,-1.4,5.0,2.0,-2.5860215053763436,-0.17475,23.6089,0.049132947976878616,0.046511627906976744,0,1,1
2026,2,Chinese Grand Prix,12,1.293,Alpine F1 Team,Franco Colapinto,10,0.8571428571428572,0.8478260869565217,14.0,0.0,8.0,0.023255813953488372,2.2,0.4,-0.4,-0.8888888888888893,0.4741,23.6388,0.043478260869565216,0.0,0,1,1
2026,2,Chinese Grand Prix,11,1.29,Audi,Nico Hülkenberg,11,0.8135593220338984,0.5,19.0,0.0,7.0,0.046511627906976744,-1.2,2.0,-1.0,2.390625,0.10816666666666667,20.7675,0.0,0.0423728813559322,0,1,1
2026,2,Chinese Grand Prix,15,1.72,RB F1 Team,Arvid Lindblad,12,1.0,0.8571428571428572,8.0,0.16,6.0,0.09302325581395349,1.0,4.8,0.0,-0.7153846153846155,-0.312,23.3774,0.0,0.0,0,1,1
2026,2,Chinese Grand Prix,20,3.372,Cadillac F1 Team,Valtteri Bottas,13,0.86,0.5,21.0,0.0,10.0,0.0,-1.6,0.0,-0.2,1.0530303030303028,0.825,21.371,0.0,0.03333333333333333,0,1,1
2026,2,Chinese Grand Prix,13,1.474,Haas F1 Team,Esteban Ocon,14,0.8355263157894737,0.8213256484149856,11.0,0.0,5.0,0.13953488372093023,2.8,4.6,-0.2,0.43582089552238745,0.25689999999999996,24.2668,0.04610951008645533,0.02631578947368421,0,1,1
2026,2,Chinese Grand Prix,22,4.842,Cadillac F1 Team,Sergio Pérez,15,0.8716216216216216,0.5,16.0,0.0,10.0,0.0,-1.6,0.0,0.2,-0.117647058823529,0.9816666666666666,21.371,0.0,0.033783783783783786,0,1,1
2026,2,Chinese Grand Prix,8,0.938,Red Bull,Max Verstappen,16,0.8959537572254335,0.8674351585014409,6.0,0.32,4.0,0.18604651162790697,3.6,18.2,0.0,0.24637681159420222,-0.8627999999999999,24.9928,0.06051873198847262,0.04046242774566474,0,1,1
2026,2,Chinese Grand Prix,19,3.139,Aston Martin,Fernando Alonso,17,0.8161764705882353,0.8508771929824561,20.0,0.0,11.0,0.0,-1.4,3.0,0.6,-2.242857142857143,0.255375,118.9088,0.017543859649122806,0.022058823529411766,0,1,1
2026,2,Chinese Grand Prix,21,3.931,Aston Martin,Lance Stroll,18,0.8362573099415205,0.8508771929824561,0.0,0.0,11.0,0.0,0.8,3.0,-0.2,0.0,0.0855,118.9088,0.017543859649122806,0.05847953216374269,0,1,1
2026,2,Chinese Grand Prix,5,0.486,McLaren,Oscar Piastri,19,0.9154929577464789,0.8793103448275862,18.0,0.0,3.0,0.23255813953488372,-6.4,21.6,-3.8,-1.9722222222222219,-0.732,0.0,0.05459770114942529,0.0,0,1,1
2026,2,Chinese Grand Prix,6,0.544,McLaren,Lando Norris,20,0.9084967320261438,0.8793103448275862,5.0,0.4,3.0,0.23255813953488372,-4.0,21.6,0.2,-3.6073059360730593,-1.122625,0.0,0.05459770114942529,0.026143790849673203,0,1,1
2026,2,Chinese Grand Prix,16,1.485,Audi,Gabriel Bortoleto,21,0.8333333333333334,0.5,9.0,0.08,7.0,0.046511627906976744,1.0,2.0,0.6,0.0,0.352625,20.7675,0.0,0.0,0,1,1
2026,2,Chinese Grand Prix,18,2.708,Williams,Alexander Albon,22,0.8217054263565892,0.7976878612716762,12.0,0.0,9.0,0.0,1.8,5.0,-0.4,-2.213333333333333,0.403,23.6089,0.049132947976878616,0.031007751937984496,0,1,1
2026,3,Japanese Grand Prix,1,0.0,Mercedes,Andrea Kimi Antonelli,1,0.8461538461538461,0.9171428571428571,2.0,0.9215686274509803,1.0,1.0,2.6,29.4,0.0,-1.223684210526316,-0.9207000000000001,23.3284,0.02,0.0,0,1,1
2026,3,Japanese Grand Prix,3,0.354,McLaren,Oscar Piastri,2,0.9027777777777778,0.8742857142857143,12.0,0.058823529411764705,3.0,0.1836734693877551,-9.0,14.6,-2.6,7.14935064935065,-0.9955,22.4058,0.054285714285714284,0.0,0,1,1
2026,3,Japanese Grand Prix,4,0.525,Ferrari,Charles Leclerc,3,0.8457142857142858,0.8685714285714285,3.0,0.6666666666666666,2.0,0.6836734693877551,1.8,18.0,3.2,0.0,-0.943,22.8872,0.04,0.06285714285714286,0,1,1
2026,3,Japanese Grand Prix,2,0.298,Mercedes,George Russell,4,0.8701298701298701,0.9171428571428571,1.0,1.0,1.0,1.0,-0.2,29.4,-0.4,0.0,-0.998,23.3284,0.02,0.03896103896103896,0,1,1
2026,3,Japanese Grand Prix,5,0.631,McLaren,Lando Norris,5,0.9025974025974026,0.8742857142857143,6.0,0.29411764705882354,3.0,0.1836734693877551,-6.8,14.6,-2.8,-1.8083333333333331,-1.2895,22.4058,0.054285714285714284,0.025974025974025976,0,1,1
2026,3,Japanese Grand Prix,6,0.789,Ferrari,Lewis Hamilton,6,0.9367816091954023,0.8685714285714285,4.0,0.6470588235294118,2.0,0.6836734693877551,5.8,18.0,1.0,-0.8814814814814822,-0.6565,22.8872,0.04,0.011494252873563218,0,1,1
2026,3,Japanese Grand Prix,7,0.913,Alpine F1 Team,Pierre Gasly,7,0.84,0.8491379310344828,7.0,0.17647058823529413,7.0,0.10204081632653061,-1.0,2.0,0.4,0.0,0.168,23.573900000000002,0.04310344827586207,0.03428571428571429,0,1,1
2026,3,Japanese Grand Prix,11,1.484,Red Bull,Max Verstappen,8,0.8908045977011494,0.8653295128939829,8.0,0.1568627450980392,5.0,0.12244897959183673,1.6,16.0,-2.0,-1.1024096385542173,-1.10525,24.2892,0.06017191977077364,0.040229885057471264,0,1,1
2026,3,Japanese Grand Prix,14,1.717,RB F1 Team,Liam Lawson,9,0.8378378378378378,0.86,9.0,0.1568627450980392,6.0,0.12244897959183673,-1.6,4.0,1.4,4.369047619047619,0.2336,23.286499999999997,0.0,0.0,0,1,1
2026,3,Japanese Grand Prix,12,1.531,Haas F1 Team,Esteban Ocon,10,0.8366013071895425,0.8223495702005731,16.0,0.0,4.0,0.17346938775510204,1.6,5.0,-1.2,0.0,0.2963,24.628099999999996,0.045845272206303724,0.026143790849673203,0,1,1
2026,3,Japanese Grand Prix,13,1.58,Audi,Nico Hülkenberg,11,0.8151260504201681,0.5,17.0,0.0,8.0,0.02040816326530612,-1.4,1.0,-0.2,-3.1395348837209305,0.018166666666666668,29.062749999999998,0.0,0.04201680672268908,0,1,1
2026,3,Japanese Grand Prix,8,1.2,Red Bull,Isack Hadjar,12,0.8461538461538461,0.8653295128939829,11.0,0.0784313725490196,5.0,0.12244897959183673,-6.8,16.0,0.8,3.3563218390804597,-0.0485,24.2892,0.06017191977077364,0.0,0,1,1
2026,3,Japanese Grand Prix,9,1.212,Audi,Gabriel Bortoleto,13,0.8,0.5,14.0,0.0392156862745098,8.0,0.02040816326530612,-1.2,1.0,-2.2,3.3181818181818183,0.2055,29.062749999999998,0.0,0.0,0,1,1
2026,3,Japanese Grand Prix,10,1.331,RB F1 Team,Arvid Lindblad,14,1.0,0.86,10.0,0.0784313725490196,6.0,0.12244897959183673,2.0,4.0,2.0,-2.7415730337078648,0.2175,23.286499999999997,0.0,0.0,0,1,1
2026,3,Japanese Grand Prix,16,2.149,Williams,Carlos Sainz,15,0.8497109826589595,0.7959770114942528,13.0,0.0392156862745098,9.0,0.02040816326530612,2.2,5.4,3.6,-1.155555555555556,-0.06559999999999999,23.595499999999998,0.04885057471264368,0.046242774566473986,0,1,1
2026,3,Japanese Grand Prix,15,1.849,Alpine F1 Team,Franco Colapinto,16,0.8620689655172413,0.8491379310344828,15.0,0.0196078431372549,7.0,0.10204081632653061,2.0,2.0,-0.2,-0.8791208791208796,0.5527000000000001,23.573900000000002,0.04310344827586207,0.0,0,1,1
2026,3,Japanese Grand Prix,19,3.428,Cadillac F1 Team,Sergio Pérez,17,0.87248322147651,0.75,20.0,0.0,10.0,0.0,-0.6,0.0,1.0,-1.6014492753623193,1.4316666666666666,24.1875,0.0,0.03355704697986577,0,1,1
2026,3,Japanese Grand Prix,21,3.868,Aston Martin,Fernando Alonso,18,0.8102189781021898,0.8434782608695652,21.0,0.0,11.0,0.0,-0.4,3.0,1.0,1.978494623655914,0.32516666666666666,118.8347,0.017391304347826087,0.021897810218978103,0,1,1
2026,3,Japanese Grand Prix,20,3.552,Cadillac F1 Team,Valtteri Bottas,19,0.8609271523178808,0.75,19.0,0.0,10.0,0.0,0.2,0.0,1.8,-0.920212765957447,1.2166666666666668,24.1875,0.0,0.033112582781456956,0,1,1
2026,3,Japanese Grand Prix,17,2.31,Williams,Alexander Albon,20,0.8153846153846154,0.7959770114942528,18.0,0.0,9.0,0.02040816326530612,0.8,5.4,-1.0,0.0,0.3353333333333333,23.595499999999998,0.04885057471264368,0.03076923076923077,0,1,1
2026,3,Japanese Grand Prix,22,4.142,Aston Martin,Lance Stroll,21,0.8313953488372093,0.8434782608695652,22.0,0.0,11.0,0.0,0.4,3.0,-0.4,-3.1875,0.131,118.8347,0.017391304347826087,0.05813953488372093,0,1,1
2026,3,Japanese Grand Prix,18,2.312,Haas F1 Team,Oliver Bearman,22,0.896551724137931,0.8223495702005731,5.0,0.3333333333333333,4.0,0.17346938775510204,1.4,5.0,0.6,-2.0051546391752577,-0.21375,24.628099999999996,0.045845272206303724,0.0,0,1,1
2026,4,Miami Grand Prix,1,0.0,Mercedes,Andrea Kimi Antonelli,1,0.8518518518518519,0.9176136363636364,1.0,1.0,1.0,1.0,-0.2,30.2,-2.8,-5.051020408163265,-1.153,23.6612,0.019886363636363636,0.0,0,1,1
2026,4,Miami Grand Prix,4,0.385,McLaren,Lando Norris,2,0.9032258064516129,0.875,5.0,0.3472222222222222,3.0,0.34074074074074073,-3.2,20.2,3.6,-2.6363636363636367,-1.290375,22.409,0.05397727272727273,0.025806451612903226,0,1,1
2026,4,Miami Grand Prix,7,0.534,McLaren,Oscar Piastri,3,0.904109589041096,0.875,6.0,0.2916666666666667,3.0,0.34074074074074073,-5.8,20.2,3.2,0.9066666666666672,-1.1926666666666668,22.409,0.05397727272727273,0.0,0,1,1
2026,4,Miami Grand Prix,5,0.399,Mercedes,George Russell,4,0.8709677419354839,0.9176136363636364,2.0,0.875,1.0,1.0,-1.0,30.2,-0.8,2.541254125412542,-1.0894000000000001,23.6612,0.019886363636363636,0.03870967741935484,0,1,1
2026,4,Miami Grand Prix,2,0.166,Red Bull,Max Verstappen,5,0.8914285714285715,0.8660968660968661,9.0,0.16666666666666666,6.0,0.11851851851851852,-0.4,11.8,-2.0,-2.563725490196078,-0.93725,24.4572,0.05982905982905983,0.04,0,1,1
2026,4,Miami Grand Prix,6,0.521,Ferrari,Lewis Hamilton,6,0.9371428571428572,0.8693181818181819,4.0,0.5694444444444444,2.0,0.6666666666666666,3.4,19.4,-2.4,-2.059870550161812,-0.7826000000000001,23.1766,0.03977272727272727,0.011428571428571429,0,1,1
2026,4,Miami Grand Prix,8,0.964,Alpine F1 Team,Franco Colapinto,7,0.8666666666666667,0.8504273504273504,16.0,0.013888888888888888,5.0,0.11851851851851852,1.8,3.2,-0.2,2.096153846153846,0.4657,23.694700000000005,0.042735042735042736,0.0,0,1,1
2026,4,Miami Grand Prix,3,0.345,Ferrari,Charles Leclerc,8,0.8465909090909091,0.8693181818181819,3.0,0.6805555555555556,2.0,0.6666666666666666,1.0,19.4,-0.8,-1.3428571428571425,-1.1678,23.1766,0.03977272727272727,0.0625,0,1,1
2026,4,Miami Grand Prix,13,1.742,Williams,Carlos Sainz,9,0.8505747126436781,0.7971428571428572,14.0,0.027777777777777776,9.0,0.014814814814814815,2.0,3.4,-0.2,2.452830188679245,0.0308,23.207800000000002,0.04857142857142857,0.04597701149425287,0,1,1
2026,4,Miami Grand Prix,15,1.922,Williams,Alexander Albon,10,0.816793893129771,0.7971428571428572,18.0,0.0,9.0,0.014814814814814815,0.2,3.4,-0.6,0.0,0.51325,23.207800000000002,0.04857142857142857,0.030534351145038167,0,1,1
2026,4,Miami Grand Prix,12,1.542,Haas F1 Team,Oliver Bearman,11,0.8666666666666667,0.8205128205128205,7.0,0.2361111111111111,4.0,0.13333333333333333,-0.2,4.6,-1.6,1.7962962962962967,-0.3715,25.211100000000002,0.045584045584045586,0.0,0,1,1
2026,4,Miami Grand Prix,21,5.939,Audi,Gabriel Bortoleto,12,0.8076923076923077,0.6666666666666667,13.0,0.027777777777777776,8.0,0.014814814814814815,-2.2,0.6666666666666666,-1.0,-4.038532110091743,0.215375,27.48,0.0,0.0,0,1,1
2026,4,Miami Grand Prix,14,1.974,Haas F1 Team,Esteban Ocon,13,0.8376623376623377,0.8205128205128205,15.0,0.013888888888888888,4.0,0.13333333333333333,1.2,4.6,-0.4,-3.0121212121212126,0.2251,25.211100000000002,0.045584045584045586,0.025974025974025976,0,1,1
2026,4,Miami Grand Prix,16,2.335,RB F1 Team,Arvid Lindblad,14,1.0,0.8627450980392157,11.0,0.05555555555555555,7.0,0.1037037037037037,0.0,2.8,-2.5,-1.5122265122265128,0.20566666666666666,24.0717,0.0,0.0,0,1,1
2026,4,Miami Grand Prix,17,3.3,Aston Martin,Fernando Alonso,15,0.8115942028985508,0.8405172413793103,21.0,0.0,11.0,0.0,1.0,3.0,1.4,-0.770833333333333,0.8636666666666666,119.5308,0.017241379310344827,0.021739130434782608,0,1,1
2026,4,Miami Grand Prix,20,4.169,Cadillac F1 Team,Sergio Pérez,16,0.8733333333333333,0.8333333333333334,20.0,0.0,10.0,0.0,-1.4,0.0,-0.8,2.92212389380531,2.0946666666666665,24.864333333333335,0.0,0.03333333333333333,0,1,1
2026,4,Miami Grand Prix,18,3.366,Aston Martin,Lance Stroll,17,0.8265895953757225,0.8405172413793103,22.0,0.0,11.0,0.0,1.0,3.0,0.6,0.4824561403508776,0.274,119.5308,0.017241379310344827,0.057803468208092484,0,1,1
2026,4,Miami Grand Prix,19,3.831,Cadillac F1 Team,Valtteri Bottas,18,0.8618421052631579,0.8333333333333334,19.0,0.0,10.0,0.0,0.2,0.0,0.0,3.443478260869565,1.7601666666666667,24.864333333333335,0.0,0.03289473684210526,0,1,1
2026,4,Miami Grand Prix,10,1.641,Audi,Nico Hülkenberg,19,0.8166666666666667,0.6666666666666667,17.0,0.0,8.0,0.014814814814814815,-1.8,0.6666666666666666,-0.4,-2.412068965517241,0.10566666666666667,27.48,0.0,0.041666666666666664,0,1,1
2026,4,Miami Grand Prix,11,1.701,RB F1 Team,Liam Lawson,20,0.8421052631578947,0.8627450980392157,10.0,0.1388888888888889,7.0,0.1037037037037037,1.0,2.8,2.6,-0.9658119658119659,0.208,24.0717,0.0,0.0,0,1,1
2026,4,Miami Grand Prix,9,1.012,Alpine F1 Team,Pierre Gasly,21,0.8409090909090909,0.8504273504273504,8.0,0.20833333333333334,5.0,0.11851851851851852,-0.4,3.2,0.6,-1.711864406779661,-0.034,23.694700000000005,0.042735042735042736,0.03409090909090909,0,1,1
2026,4,Miami Grand Prix,22,1.641,Red Bull,Isack Hadjar,22,0.8518518518518519,0.8660968660968661,12.0,0.05555555555555555,6.0,0.11851851851851852,-8.0,11.8,-1.2,0.0,0.2035,24.4572,0.05982905982905983,0.0,0,1,1
2026,5,Canadian Grand Prix,2,0.068,Mercedes,Andrea Kimi Antonelli,1,0.8571428571428572,0.9180790960451978,1.0,1.0,1.0,1.0,-0.2,34.0,0.0,-0.06666666666666643,-1.465,21.9703,0.01977401129943503,0.0,0,1,1
2026,5,Canadian Grand Prix,5,0.29,Ferrari,Lewis Hamilton,2,0.9375,0.8700564971751412,5.0,0.51,2.0,0.6111111111111112,2.2,21.0,-1.2,0.39876033057851235,-1.034,21.9537,0.03954802259887006,0.011363636363636364,0,1,1
2026,5,Canadian Grand Prix,6,0.329,Red Bull,Max Verstappen,3,0.8920454545454546,0.8640226628895185,7.0,0.26,4.0,0.16666666666666666,-1.2,8.6,-0.8,1.3401639344262293,-1.014125,24.69,0.059490084985835696,0.03977272727272727,0,1,1
2026,5,Canadian Grand Prix,8,0.398,Ferrari,Charles Leclerc,4,0.847457627118644,0.8700564971751412,3.0,0.59,2.0,0.6111111111111112,-0.4,21.0,-1.4,0.0,-1.545,21.9537,0.03954802259887006,0.062146892655367235,0,1,1
2026,5,Canadian Grand Prix,7,0.357,Red Bull,Isack Hadjar,5,0.8214285714285714,0.8640226628895185,13.0,0.04,4.0,0.16666666666666666,-5.6,8.6,2.4,-1.6483870967741936,0.2035,24.69,0.059490084985835696,0.0,0,1,1
2026,5,Canadian Grand Prix,10,1.119,Alpine F1 Team,Franco Colapinto,6,0.8709677419354839,0.847457627118644,11.0,0.07,5.0,0.12777777777777777,0.8,4.4,-1.0,-2.8502857142857136,0.2447,22.3036,0.0423728813559322,0.0,0,1,1
2026,5,Canadian Grand Prix,12,1.319,RB F1 Team,Liam Lawson,7,0.8205128205128205,0.8557692307692308,10.0,0.1,7.0,0.07777777777777778,-1.4,2.4,-2.4,3.7777777777777786,0.162375,22.9286,0.0,0.0,0,1,1
2026,5,Canadian Grand Prix,14,1.609,Alpine F1 Team,Pierre Gasly,8,0.8361581920903955,0.847457627118644,9.0,0.16,5.0,0.12777777777777777,-1.4,4.4,-1.0,-1.2913385826771648,-0.193375,22.3036,0.0423728813559322,0.03389830508474576,0,1,1
2026,5,Canadian Grand Prix,15,1.695,Williams,Carlos Sainz,9,0.8514285714285714,0.7982954545454546,14.0,0.04,8.0,0.027777777777777776,3.2,1.0,1.2,1.1640625,0.0877,22.1239,0.048295454545454544,0.045714285714285714,0,1,1
2026,5,Canadian Grand Prix,16,1.838,Haas F1 Team,Oliver Bearman,10,0.8709677419354839,0.821529745042493,8.0,0.17,6.0,0.1,1.2,4.6,1.4,-6.379844961240311,-0.239625,23.1066,0.0453257790368272,0.0,0,1,1
2026,5,Canadian Grand Prix,4,0.203,McLaren,Oscar Piastri,11,0.9054054054054054,0.8757062146892656,6.0,0.43,3.0,0.5222222222222223,-4.8,20.8,1.0,1.5307692307692307,-1.0916666666666668,22.7259,0.05367231638418079,0.0,0,1,1
2026,5,Canadian Grand Prix,11,1.308,Audi,Nico Hülkenberg,12,0.8099173553719008,0.625,18.0,0.0,9.0,0.011111111111111112,-1.8,0.5,0.0,-0.19338422391857435,0.10566666666666667,27.822,0.0,0.04132231404958678,0,1,1
2026,5,Canadian Grand Prix,13,1.493,Audi,Gabriel Bortoleto,13,0.8148148148148149,0.625,15.0,0.02,9.0,0.011111111111111112,-0.6,0.5,1.6,0.8015151515151526,0.12525,27.822,0.0,0.0,0,1,1
2026,5,Canadian Grand Prix,17,2.267,Haas F1 Team,Esteban Ocon,14,0.8387096774193549,0.821529745042493,16.0,0.01,6.0,0.1,1.0,4.6,-0.2,-2.8815789473684212,0.185,23.1066,0.0453257790368272,0.025806451612903226,0,1,1
2026,5,Canadian Grand Prix,21,3.617,Aston Martin,Lance Stroll,15,0.8275862068965517,0.8418803418803419,22.0,0.0,11.0,0.0,2.4,1.8,1.4,-2.8308457711442783,0.7995,118.3992,0.017094017094017096,0.05747126436781609,0,1,1
2026,5,Canadian Grand Prix,22,3.694,Cadillac F1 Team,Valtteri Bottas,16,0.8627450980392157,0.875,19.0,0.0,10.0,0.0,0.0,0.0,-0.2,-1.7185185185185183,2.4286666666666665,24.492875,0.0,0.032679738562091505,0,1,1
2026,5,Canadian Grand Prix,20,2.851,Cadillac F1 Team,Sergio Pérez,17,0.8741721854304636,0.875,20.0,0.0,10.0,0.0,1.0,0.0,2.4,-1.3434873949579824,2.023125,24.492875,0.0,0.033112582781456956,0,1,1
2026,5,Canadian Grand Prix,3,0.151,McLaren,Lando Norris,18,0.9038461538461539,0.8757062146892656,4.0,0.51,3.0,0.5222222222222223,-2.4,20.8,0.8,1.8491484184914828,-1.469375,22.7259,0.05367231638418079,0.02564102564102564,0,1,1
2026,5,Canadian Grand Prix,1,0.0,Mercedes,George Russell,19,0.8717948717948718,0.9180790960451978,2.0,0.8,1.0,1.0,-0.4,34.0,0.6,-0.20289855072463858,-1.334,21.9703,0.01977401129943503,0.038461538461538464,0,1,1
2026,5,Canadian Grand Prix,19,2.618,Aston Martin,Fernando Alonso,20,0.8129496402877698,0.8418803418803419,21.0,0.0,11.0,0.0,1.2,1.8,0.2,3.086330935251798,1.432,118.3992,0.017094017094017096,0.02158273381294964,0,1,1
2026,5,Canadian Grand Prix,18,2.273,Williams,Alexander Albon,21,0.8181818181818181,0.7982954545454546,17.0,0.01,8.0,0.027777777777777776,0.4,1.0,0.2,-2.9857142857142858,0.33,22.1239,0.048295454545454544,0.030303030303030304,0,1,1
2026,5,Canadian Grand Prix,9,0.702,RB F1 Team,Arvid Lindblad,22,1.0,0.8557692307692308,12.0,0.04,7.0,0.07777777777777778,0.5,2.4,0.3333333333333333,2.1645390070921984,0.41225,22.9286,0.0,0.0,0,1,1
2026,6,Monaco Grand Prix,1,0.0,Mercedes,Andrea Kimi Antonelli,1,0.8620689655172413,0.9157303370786517,1.0,1.0,1.0,1.0,0.2,37.0,0.4,0.1654929577464781,-1.9038,22.5875,0.019662921348314606,0.0,1,1,1
2026,6,Monaco Grand Prix,3,0.228,Ferrari,Lewis Hamilton,2,0.9378531073446328,0.8707865168539326,4.0,0.549618320610687,2.0,0.6712328767123288,1.2,23.8,-1.0,-0.5328671328671337,-1.2567000000000002,23.2569,0.03932584269662921,0.011299435028248588,1,1,1
2026,6,Monaco Grand Prix,9,1.175,Alpine F1 Team,Pierre Gasly,3,0.8370786516853932,0.8487394957983193,8.0,0.15267175572519084,5.0,0.1598173515981735,-0.2,6.8,1.2,0.41249999999999964,-0.250125,22.9501,0.04201680672268908,0.033707865168539325,1,1,1
2026,6,Monaco Grand Prix,5,0.383,Red Bull,Isack Hadjar,4,0.8275862068965517,0.8647887323943662,12.0,0.10687022900763359,4.0,0.2602739726027397,-3.6,8.6,2.0,1.3793103448275854,-0.2818333333333333,24.9294,0.059154929577464786,0.0,1,1,1
2026,6,Monaco Grand Prix,7,0.573,McLaren,Oscar Piastri,5,0.9066666666666666,0.8735955056179775,6.0,0.366412213740458,3.0,0.4840182648401826,-6.4,14.2,-1.6,0.0,-1.0396666666666667,22.8796,0.05337078651685393,0.0,1,1,1
2026,6,Monaco Grand Prix,10,1.361,RB F1 Team,Liam Lawson,6,0.825,0.8490566037735849,10.0,0.12213740458015267,6.0,0.0958904109589041,0.6,3.6,2.0,4.6938775510204085,0.165875,22.7339,0.0,0.0,1,1,1
2026,6,Monaco Grand Prix,15,2.197,RB F1 Team,Arvid Lindblad,7,0.8,0.8490566037735849,14.0,0.03816793893129771,6.0,0.0958904109589041,-2.2,3.6,-3.5,-0.8175675675675684,0.41225,22.7339,0.0,0.0,1,1,1
2026,6,Monaco Grand Prix,11,1.736,Williams,Alexander Albon,8,0.8120300751879699,0.7966101694915254,17.0,0.007633587786259542,8.0,0.0319634703196347,-0.4,1.4,-0.8,-0.9758389261744966,0.4121666666666667,22.8524,0.0480225988700565,0.03007518796992481,1,1,1
2026,6,Monaco Grand Prix,17,2.671,Haas F1 Team,Esteban Ocon,9,0.8397435897435898,0.8225352112676056,16.0,0.007633587786259542,7.0,0.0867579908675799,1.4,3.6,0.4,-1.4399999999999995,0.428,25.725099999999998,0.04507042253521127,0.02564102564102564,1,1,1
2026,6,Monaco Grand Prix,21,3.298,Aston Martin,Fernando Alonso,10,0.8071428571428572,0.8389830508474576,22.0,0.0,11.0,0.0,1.0,0.0,-0.2,0.9364238410596037,2.025,118.76879999999998,0.01694915254237288,0.02142857142857143,1,1,1
2026,6,Monaco Grand Prix,16,2.632,Audi,Gabriel Bortoleto,11,0.8214285714285714,0.7,15.0,0.015267175572519083,9.0,0.0091324200913242,0.2,0.4,0.8,2.473684210526315,0.09525,27.570600000000002,0.0,0.0,1,1,1
2026,6,Monaco Grand Prix,6,0.394,Mercedes,George Russell,12,0.8662420382165605,0.9157303370786517,2.0,0.6717557251908397,1.0,1.0,-3.8,37.0,-3.4,-2.3816993464052283,-1.585625,22.5875,0.019662921348314606,0.03821656050955414,1,1,1
2026,6,Monaco Grand Prix,13,1.851,Audi,Nico Hülkenberg,13,0.8114754098360656,0.7,18.0,0.0,9.0,0.0091324200913242,-3.8,0.4,-2.0,0.3766233766233764,0.172,27.570600000000002,0.0,0.040983606557377046,1,1,1
2026,6,Monaco Grand Prix,14,1.944,Alpine F1 Team,Franco Colapinto,14,0.875,0.8487394957983193,11.0,0.11450381679389313,5.0,0.1598173515981735,1.6,6.8,0.8,-2.411059907834102,0.15309999999999999,22.9501,0.04201680672268908,0.0,1,1,1
2026,6,Monaco Grand Prix,18,2.696,Cadillac F1 Team,Sergio Pérez,15,0.868421052631579,0.8,20.0,0.0,10.0,0.0,3.6,0.0,2.6,-1.76923076923077,2.023125,24.6249,0.0,0.03289473684210526,1,1,1
2026,6,Monaco Grand Prix,12,1.764,Williams,Carlos Sainz,16,0.8522727272727273,0.7966101694915254,13.0,0.04580152671755725,8.0,0.0319634703196347,3.6,1.4,0.4,-1.4721337579617835,0.10890000000000001,22.8524,0.0480225988700565,0.045454545454545456,1,1,1
2026,6,Monaco Grand Prix,4,0.3,Ferrari,Charles Leclerc,17,0.848314606741573,0.8707865168539326,3.0,0.5725190839694656,2.0,0.6712328767123288,0.2,23.8,0.6,-0.3146473779385168,-1.553,23.2569,0.03932584269662921,0.06179775280898876,1,1,1
2026,6,Monaco Grand Prix,22,4.01,Aston Martin,Lance Stroll,18,0.8285714285714285,0.8389830508474576,21.0,0.0,11.0,0.0,3.2,0.0,0.8,1.4914645103324347,1.6485,118.76879999999998,0.01694915254237288,0.05714285714285714,1,1,1
2026,6,Monaco Grand Prix,8,0.714,McLaren,Lando Norris,19,0.8980891719745223,0.8735955056179775,5.0,0.44274809160305345,3.0,0.4840182648401826,-5.2,14.2,-2.8,0.0,-1.5175,22.8796,0.05337078651685393,0.025477707006369428,1,1,1
2026,6,Monaco Grand Prix,19,2.763,Haas F1 Team,Oliver Bearman,20,0.875,0.8225352112676056,9.0,0.13740458015267176,7.0,0.0867579908675799,2.6,3.6,1.4,0.0,-0.254,25.725099999999998,0.04507042253521127,0.0,1,1,1
2026,6,Monaco Grand Prix,20,3.232,Cadillac F1 Team,Valtteri Bottas,21,0.8636363636363636,0.8,19.0,0.0,10.0,0.0,3.0,0.0,3.0,0.0,2.485,24.6249,0.0,0.032467532467532464,1,1,1
2026,6,Monaco Grand Prix,2,0.043,Red Bull,Max Verstappen,22,0.8926553672316384,0.8647887323943662,7.0,0.3282442748091603,4.0,0.2602739726027397,-1.0,8.6,0.2,0.0,-0.983375,24.9294,0.059154929577464786,0.03954802259887006,1,1,1
2026,7,Barcelona Grand Prix,2,0.064,Ferrari,Lewis Hamilton,1,0.9382022471910112,0.8687150837988826,2.0,0.5769230769230769,2.0,0.6762295081967213,0.8,22.0,-0.4,0.0,-1.313,24.680500000000002,0.03910614525139665,0.011235955056179775,0,1,1
2026,7,Barcelona Grand Prix,1,0.0,Mercedes,George Russell,2,0.8670886075949367,0.9162011173184358,3.0,0.5641025641025641,1.0,1.0,-5.0,33.4,-1.2,0.0,-1.217125,23.5368,0.019553072625698324,0.0379746835443038,0,1,1
2026,7,Barcelona Grand Prix,4,0.322,McLaren,Lando Norris,3,0.8924050632911392,0.8715083798882681,6.0,0.3717948717948718,3.0,0.47540983606557374,-7.6,14.2,-2.4,0.0,-1.61425,23.447,0.05307262569832402,0.02531645569620253,0,1,1
2026,7,Barcelona Grand Prix,5,0.342,Red Bull,Max Verstappen,4,0.8876404494382022,0.8627450980392157,7.0,0.27564102564102566,4.0,0.2827868852459016,-5.0,11.0,-4.0,0.0,-0.8893333333333334,24.7639,0.058823529411764705,0.03932584269662921,0,1,1
2026,7,Barcelona Grand Prix,7,0.411,McLaren,Oscar Piastri,5,0.9078947368421053,0.8715083798882681,5.0,0.3717948717948718,3.0,0.47540983606557374,-2.8,14.2,3.6,0.0,-0.939625,23.447,0.05307262569832402,0.0,0,1,1
2026,7,Barcelona Grand Prix,6,0.398,Red Bull,Isack Hadjar,6,0.8333333333333334,0.8627450980392157,9.0,0.16666666666666666,4.0,0.2827868852459016,0.0,11.0,3.6,0.0,-0.390125,24.7639,0.058823529411764705,0.0,0,1,1
2026,7,Barcelona Grand Prix,14,1.582,Alpine F1 Team,Pierre Gasly,7,0.8379888268156425,0.85,8.0,0.22435897435897437,5.0,0.20491803278688525,0.2,9.6,0.4,0.0,-0.392125,24.3251,0.041666666666666664,0.0335195530726257,0,1,1
2026,7,Barcelona Grand Prix,8,0.906,RB F1 Team,Liam Lawson,8,0.8292682926829268,0.8518518518518519,10.0,0.15384615384615385,6.0,0.14344262295081966,2.4,5.6,1.8,0.0,0.070375,23.8747,0.0,0.0,0,1,1
2026,7,Barcelona Grand Prix,11,1.161,RB F1 Team,Arvid Lindblad,9,0.8333333333333334,0.8518518518518519,13.0,0.07051282051282051,6.0,0.14344262295081966,-0.8,5.6,1.4,0.0,0.632125,23.8747,0.0,0.0,0,1,1
2026,7,Barcelona Grand Prix,13,1.512,Alpine F1 Team,Franco Colapinto,10,0.8787878787878788,0.85,12.0,0.09615384615384616,5.0,0.20491803278688525,1.2,9.6,-0.4,0.0,0.157,24.3251,0.041666666666666664,0.0,0,1,1
2026,7,Barcelona Grand Prix,12,1.322,Audi,Gabriel Bortoleto,11,0.8275862068965517,0.75,17.0,0.01282051282051282,9.0,0.00819672131147541,1.0,0.0,0.8,0.0,0.59975,28.3791,0.0,0.0,0,1,1
2026,7,Barcelona Grand Prix,16,2.202,Williams,Carlos Sainz,12,0.847457627118644,0.7949438202247191,14.0,0.038461538461538464,8.0,0.045081967213114756,3.0,2.2,-0.6,0.0,0.092,24.3217,0.047752808988764044,0.04519774011299435,0,1,1
2026,7,Barcelona Grand Prix,17,2.394,Haas F1 Team,Esteban Ocon,13,0.8407643312101911,0.8207282913165266,16.0,0.019230769230769232,7.0,0.0860655737704918,2.6,2.8,1.2,0.0,0.6633,27.751600000000003,0.04481792717086835,0.025477707006369428,0,1,1
2026,7,Barcelona Grand Prix,19,2.866,Cadillac F1 Team,Sergio Pérez,14,0.869281045751634,0.75,21.0,0.0,11.0,0.0,3.8,0.0,0.2,0.0,1.658125,25.702500000000004,0.0,0.032679738562091505,0,1,1
2026,7,Barcelona Grand Prix,10,0.602,Ferrari,Charles Leclerc,15,0.8435754189944134,0.8687150837988826,4.0,0.4807692307692308,2.0,0.6762295081967213,-2.6,22.0,-2.8,0.0,-1.47,24.680500000000002,0.03910614525139665,0.061452513966480445,0,1,1
2026,7,Barcelona Grand Prix,3,0.319,Mercedes,Andrea Kimi Antonelli,16,0.8666666666666667,0.9162011173184358,1.0,1.0,1.0,1.0,0.2,33.4,0.0,0.0,-1.94,23.5368,0.019553072625698324,0.0,0,1,1
2026,7,Barcelona Grand Prix,15,1.71,Haas F1 Team,Oliver Bearman,17,0.8484848484848485,0.8207282913165266,11.0,0.11538461538461539,7.0,0.0860655737704918,1.4,2.8,-1.2,0.0,-0.19833333333333333,27.751600000000003,0.04481792717086835,0.0,0,1,1
2026,7,Barcelona Grand Prix,18,2.745,Williams,Alexander Albon,18,0.8134328358208955,0.7949438202247191,15.0,0.03205128205128205,8.0,0.045081967213114756,-0.4,2.2,0.0,0.0,0.417,24.3217,0.047752808988764044,0.029850746268656716,0,1,1
2026,7,Barcelona Grand Prix,22,4.136,Aston Martin,Fernando Alonso,19,0.8085106382978724,0.8361344537815126,18.0,0.00641025641025641,10.0,0.004098360655737705,3.4,0.2,2.4,0.0,1.5335,23.9387,0.01680672268907563,0.02127659574468085,0,1,1
2026,7,Barcelona Grand Prix,9,1.089,Audi,Nico Hülkenberg,20,0.8130081300813008,0.75,19.0,0.0,9.0,0.00819672131147541,-1.6,0.0,2.2,0.0,0.363375,28.3791,0.0,0.04065040650406504,0,1,1
2026,7,Barcelona Grand Prix,20,3.078,Cadillac F1 Team,Valtteri Bottas,21,0.8580645161290322,0.75,20.0,0.0,11.0,0.0,2.8,0.0,-0.2,0.0,2.485,25.702500000000004,0.0,0.03225806451612903,0,1,1
2026,7,Barcelona Grand Prix,21,4.079,Aston Martin,Lance Stroll,22,0.8238636363636364,0.8361344537815126,22.0,0.0,10.0,0.004098360655737705,3.0,0.2,-0.2,0.0,2.33575,23.9387,0.01680672268907563,0.056818181818181816,0,1,1
2026,8,Austrian Grand Prix,1,0.0,Mercedes,George Russell,1,0.8679245283018868,0.9138888888888889,3.0,0.6794871794871795,1.0,1.0,-5.2,28.4,-0.2,0.0,-1.15125,23.3091,0.019444444444444445,0.03773584905660377,0,1,1
2026,8,Austrian Grand Prix,5,0.362,Red Bull,Max Verstappen,2,0.888268156424581,0.8635097493036212,7.0,0.3525641025641026,4.0,0.33969465648854963,-3.2,14.2,1.8,0.0,-1.082375,24.5255,0.0584958217270195,0.03910614525139665,0,1,1
2026,8,Austrian Grand Prix,4,0.301,Mercedes,Andrea Kimi Antonelli,3,0.8387096774193549,0.9138888888888889,1.0,1.0,1.0,1.0,-2.4,28.4,-2.6,0.0,-1.960625,23.3091,0.019444444444444445,0.0,0,1,1
2026,8,Austrian Grand Prix,7,0.398,McLaren,Oscar Piastri,4,0.9090909090909091,0.8722222222222222,6.0,0.4358974358974359,3.0,0.5381679389312977,0.4,19.2,3.2,0.0,-0.9995,24.2387,0.05277777777777778,0.0,0,1,1
2026,8,Austrian Grand Prix,3,0.295,Ferrari,Lewis Hamilton,5,0.9385474860335196,0.8666666666666667,2.0,0.7371794871794872,2.0,0.7251908396946565,1.0,21.6,0.2,0.0,-1.5015,24.3693,0.03888888888888889,0.0111731843575419,0,1,1
2026,8,Austrian Grand Prix,8,0.519,Red Bull,Isack Hadjar,6,0.8387096774193549,0.8635097493036212,9.0,0.21794871794871795,4.0,0.33969465648854963,-0.2,14.2,-0.2,0.0,-0.51525,24.5255,0.0584958217270195,0.0,0,1,1
2026,8,Austrian Grand Prix,6,0.389,McLaren,Lando Norris,7,0.8930817610062893,0.8722222222222222,5.0,0.46794871794871795,3.0,0.5381679389312977,-4.6,19.2,3.0,-2.21875,-1.6508333333333332,24.2387,0.05277777777777778,0.025157232704402517,0,1,1
2026,8,Austrian Grand Prix,2,0.236,Ferrari,Charles Leclerc,8,0.8388888888888889,0.8666666666666667,4.0,0.4807692307692308,2.0,0.7251908396946565,-3.6,21.6,-1.0,0.0,-1.4523333333333333,24.3693,0.03888888888888889,0.06111111111111111,0,1,1
2026,8,Austrian Grand Prix,9,0.842,RB F1 Team,Liam Lawson,9,0.8333333333333334,0.8545454545454545,10.0,0.1794871794871795,6.0,0.15648854961832062,1.0,5.6,-1.4,0.0,0.206,23.9918,0.0,0.0,0,1,1
2026,8,Austrian Grand Prix,10,0.894,RB F1 Team,Arvid Lindblad,10,0.8571428571428572,0.8545454545454545,13.0,0.08333333333333333,6.0,0.15648854961832062,-1.0,5.6,-0.2,0.0,0.545,23.9918,0.0,0.0,0,1,1
2026,8,Austrian Grand Prix,12,1.18,Audi,Gabriel Bortoleto,11,0.8333333333333334,0.7142857142857143,17.0,0.01282051282051282,9.0,0.007633587786259542,2.2,0.0,1.2,0.0,0.6085,25.472699999999996,0.0,0.0,0,1,1
2026,8,Austrian Grand Prix,14,1.498,Audi,Nico Hülkenberg,12,0.8064516129032258,0.7142857142857143,19.0,0.0,9.0,0.007633587786259542,-3.8,0.0,-2.2,0.0,0.4191666666666667,25.472699999999996,0.0,0.04032258064516129,0,1,1
2026,8,Austrian Grand Prix,11,1.11,Alpine F1 Team,Pierre Gasly,13,0.8388888888888889,0.8512396694214877,8.0,0.26282051282051283,5.0,0.21755725190839695,1.4,9.2,1.2,0.0,-0.1235,24.2182,0.04132231404958678,0.03333333333333333,0,1,1
2026,8,Austrian Grand Prix,13,1.41,Haas F1 Team,Oliver Bearman,14,0.8235294117647058,0.818941504178273,11.0,0.11538461538461539,7.0,0.08015267175572519,0.0,0.8,-1.4,0.0,0.08525,27.2034,0.04456824512534819,0.0,0,1,1
2026,8,Austrian Grand Prix,16,1.781,Alpine F1 Team,Franco Colapinto,15,0.8823529411764706,0.8512396694214877,12.0,0.10256410256410256,5.0,0.21755725190839695,1.4,9.2,0.2,0.0,0.1423,24.2182,0.04132231404958678,0.0,0,1,1
2026,8,Austrian Grand Prix,15,1.704,Haas F1 Team,Esteban Ocon,16,0.8417721518987342,0.818941504178273,16.0,0.019230769230769232,7.0,0.08015267175572519,3.6,0.8,1.0,0.0,0.8395,27.2034,0.04456824512534819,0.02531645569620253,0,1,1
2026,8,Austrian Grand Prix,18,2.396,Williams,Alexander Albon,17,0.8148148148148149,0.7960893854748603,15.0,0.03205128205128205,8.0,0.04198473282442748,0.4,1.8,0.8,0.0,0.629125,24.2549,0.04748603351955307,0.02962962962962963,0,1,1
2026,8,Austrian Grand Prix,21,3.829,Aston Martin,Fernando Alonso,18,0.8028169014084507,0.8291666666666666,18.0,0.00641025641025641,10.0,0.003816793893129771,3.6,0.2,0.2,0.0,1.5335,23.7245,0.016666666666666666,0.02112676056338028,0,1,1
2026,8,Austrian Grand Prix,22,4.25,Aston Martin,Lance Stroll,19,0.8192090395480226,0.8291666666666666,22.0,0.0,10.0,0.003816793893129771,2.2,0.2,-0.8,-5.386363636363637,2.33575,23.7245,0.016666666666666666,0.05649717514124294,0,1,1
2026,8,Austrian Grand Prix,17,2.139,Williams,Carlos Sainz,20,0.848314606741573,0.7960893854748603,14.0,0.038461538461538464,8.0,0.04198473282442748,2.2,1.8,-0.8,2.677777777777777,0.161625,24.2549,0.04748603351955307,0.0449438202247191,0,1,1
2026,8,Austrian Grand Prix,19,2.832,Cadillac F1 Team,Sergio Pérez,21,0.8701298701298701,0.7142857142857143,21.0,0.0,11.0,0.0,3.4,0.0,-0.4,0.0,1.68925,0.0,0.0,0.032467532467532464,0,1,1
2026,8,Austrian Grand Prix,20,2.917,Cadillac F1 Team,Valtteri Bottas,22,0.8525641025641025,0.7142857142857143,20.0,0.0,11.0,0.0,1.2,0.0,-1.6,-3.6808510638297864,2.7883333333333336,0.0,0.0,0.03205128205128205,0,1,1
2026,9,British Grand Prix,2,0.175,Ferrari,Charles Leclerc,1,0.8397790055248618,0.8674033149171271,6.0,0.4619883040935672,2.0,0.6754966887417219,-5.0,19.8,-1.4,0.0,-1.263,24.044599999999996,0.03867403314917127,0.06077348066298342,0,1,1
2026,9,British Grand Prix,4,0.37,Mercedes,George Russell,2,0.86875,0.9143646408839778,2.0,0.7660818713450293,1.0,1.0,-4.8,29.0,0.4,2.948979591836734,-1.181,22.95,0.019337016574585635,0.0375,0,1,1
2026,9,British Grand Prix,3,0.347,Ferrari,Lewis Hamilton,3,0.9388888888888889,0.8674033149171271,3.0,0.7309941520467836,2.0,0.6754966887417219,0.6,19.8,-0.4,1.42,-1.5297,24.044599999999996,0.03867403314917127,0.011111111111111112,0,1,1
2026,9,British Grand Prix,6,0.766,McLaren,Lando Norris,4,0.89375,0.8729281767955801,5.0,0.4619883040935672,3.0,0.5264900662251656,-4.8,17.2,-0.2,0.0,-1.5241666666666667,23.9021,0.052486187845303865,0.025,0,1,1
2026,9,British Grand Prix,5,0.635,Red Bull,Isack Hadjar,5,0.84375,0.8642659279778393,8.0,0.24561403508771928,4.0,0.38079470198675497,1.0,18.6,1.2,-0.8910256410256423,-0.81925,23.965200000000003,0.05817174515235457,0.0,0,1,1
2026,9,British Grand Prix,10,1.189,RB F1 Team,Liam Lawson,6,0.8372093023255813,0.8571428571428572,10.0,0.17543859649122806,6.0,0.1456953642384106,0.0,5.8,-1.0,-1.6603773584905657,0.092875,23.2514,0.0,0.0,0,1,1
2026,9,British Grand Prix,9,1.194,RB F1 Team,Arvid Lindblad,7,0.875,0.8571428571428572,13.0,0.08187134502923976,6.0,0.1456953642384106,-0.2,5.8,0.8,-1.2037037037037042,0.55575,23.2514,0.0,0.0,0,1,1
2026,9,British Grand Prix,11,1.35,Audi,Gabriel Bortoleto,8,0.8387096774193549,0.75,17.0,0.011695906432748537,9.0,0.006622516556291391,3.2,0.0,1.0,0.2727272727272734,0.6339,25.0566,0.0,0.0,0,1,1
2026,9,British Grand Prix,19,3.21,Alpine F1 Team,Franco Colapinto,9,0.8857142857142857,0.8524590163934427,12.0,0.0935672514619883,5.0,0.18874172185430463,1.8,8.0,0.4,5.8392857142857135,0.13290000000000002,23.7351,0.040983606557377046,0.0,0,1,1
2026,9,British Grand Prix,12,1.952,Alpine F1 Team,Pierre Gasly,10,0.8397790055248618,0.8524590163934427,9.0,0.23976608187134502,5.0,0.18874172185430463,1.0,8.0,-0.4,3.3157894736842106,-0.03375,23.7351,0.040983606557377046,0.03314917127071823,0,1,1
2026,9,British Grand Prix,8,0.921,McLaren,Oscar Piastri,11,0.9102564102564102,0.8729281767955801,4.0,0.4678362573099415,3.0,0.5264900662251656,0.8,17.2,0.4,0.0,-0.9008999999999999,23.9021,0.052486187845303865,0.0,0,1,1
2026,9,British Grand Prix,14,2.39,Haas F1 Team,Oliver Bearman,12,0.8285714285714285,0.8199445983379501,11.0,0.10526315789473684,7.0,0.0695364238410596,0.6,0.6,0.6,0.0,0.323,26.624599999999997,0.0443213296398892,0.0,0,1,1
2026,9,British Grand Prix,17,2.569,Haas F1 Team,Esteban Ocon,13,0.8427672955974843,0.8199445983379501,16.0,0.017543859649122806,7.0,0.0695364238410596,3.0,0.6,-0.6,0.0,1.0025,26.624599999999997,0.0443213296398892,0.025157232704402517,0,1,1
2026,9,British Grand Prix,20,3.34,Cadillac F1 Team,Sergio Pérez,14,0.864516129032258,0.625,21.0,0.0,11.0,0.0,2.6,0.0,-0.8,-4.368852459016393,1.6843333333333332,25.1361,0.0,0.03225806451612903,0,1,1
2026,9,British Grand Prix,1,0.0,Mercedes,Andrea Kimi Antonelli,15,0.84375,0.9143646408839778,1.0,1.0,1.0,1.0,-2.2,29.0,0.2,6.225806451612904,-1.840375,22.95,0.019337016574585635,0.0,0,1,1
2026,9,British Grand Prix,18,3.116,Cadillac F1 Team,Valtteri Bottas,16,0.8471337579617835,0.625,20.0,0.0,11.0,0.0,0.6,0.0,-0.6,2.253968253968255,2.89075,25.1361,0.0,0.03184713375796178,0,1,1
2026,9,British Grand Prix,15,2.451,Williams,Carlos Sainz,17,0.8435754189944134,0.7944444444444445,14.0,0.03508771929824561,8.0,0.03642384105960265,1.4,1.8,-0.8,0.0,0.0195,23.629700000000003,0.04722222222222222,0.0446927374301676,0,1,1
2026,9,British Grand Prix,22,4.914,Aston Martin,Fernando Alonso,18,0.8041958041958042,0.8264462809917356,18.0,0.005847953216374269,10.0,0.0033112582781456954,3.6,0.2,0.0,-6.238461538461538,1.4503333333333333,23.519199999999998,0.01652892561983471,0.02097902097902098,0,1,1
2026,9,British Grand Prix,21,4.752,Aston Martin,Lance Stroll,19,0.8146067415730337,0.8264462809917356,22.0,0.0,10.0,0.0033112582781456954,2.6,0.2,0.4,-4.318181818181818,2.33575,23.519199999999998,0.01652892561983471,0.056179775280898875,0,1,1
2026,9,British Grand Prix,7,0.782,Red Bull,Max Verstappen,20,0.8888888888888888,0.8642659279778393,7.0,0.4269005847953216,4.0,0.38079470198675497,-3.2,18.6,0.0,1.009950248756219,-1.316375,23.965200000000003,0.05817174515235457,0.03888888888888889,0,1,1
2026,9,British Grand Prix,16,2.527,Williams,Alexander Albon,21,0.8161764705882353,0.7944444444444445,15.0,0.029239766081871343,8.0,0.03642384105960265,1.2,1.8,0.8,-1.1764705882352935,0.653875,23.629700000000003,0.04722222222222222,0.029411764705882353,0,1,1
2026,9,British Grand Prix,13,1.428,Audi,Nico Hülkenberg,22,0.808,0.75,19.0,0.0,9.0,0.006622516556291391,-3.8,0.0,0.0,-1.079710144927537,0.36,25.0566,0.0,0.04,0,1,1
2026,10,Belgian Grand Prix,1,0.0,Mercedes,Andrea Kimi Antonelli,1,0.8484848484848485,0.9148351648351648,1.0,1.0,1.0,1.0,-5.0,25.2,-2.8,0.0,-1.7825,24.3226,0.019230769230769232,0.0,0,1,1
2026,10,Belgian Grand Prix,5,0.532,Ferrari,Charles Leclerc,2,0.8406593406593407,0.8681318681318682,4.0,0.6033519553072626,2.0,0.7657657657657657,-3.8,25.4,1.2,-2.105633802816902,-1.3615,25.089999999999996,0.038461538461538464,0.06043956043956044,0,1,1
2026,10,Belgian Grand Prix,2,0.317,Red Bull,Max Verstappen,3,0.8839779005524862,0.862258953168044,7.0,0.4245810055865922,4.0,0.3843843843843844,-5.2,18.6,-2.0,-4.013888888888889,-1.4096666666666668,25.3902,0.05785123966942149,0.03867403314917127,0,1,1
2026,10,Belgian Grand Prix,6,0.534,Ferrari,Lewis Hamilton,4,0.9392265193370166,0.8681318681318682,3.0,0.8212290502793296,2.0,0.7657657657657657,0.6,25.4,0.0,2.5342465753424666,-1.6401,25.089999999999996,0.038461538461538464,0.011049723756906077,0,1,1
2026,10,Belgian Grand Prix,7,0.655,McLaren,Oscar Piastri,5,0.9113924050632911,0.8736263736263736,6.0,0.4581005586592179,3.0,0.5375375375375375,-0.6,13.0,-1.4,2.608108108108109,-0.8084,25.202800000000003,0.0521978021978022,0.0,0,1,1
2026,10,Belgian Grand Prix,10,1.462,Red Bull,Isack Hadjar,6,0.8484848484848485,0.862258953168044,8.0,0.2905027932960894,4.0,0.3843843843843844,1.0,18.6,0.0,0.5999999999999996,-0.8685,25.3902,0.05785123966942149,0.0,0,1,1
2026,10,Belgian Grand Prix,3,0.44,McLaren,Lando Norris,7,0.8944099378881988,0.8736263736263736,5.0,0.5418994413407822,3.0,0.5375375375375375,-4.8,13.0,0.0,0.776315789473685,-1.2458333333333333,25.202800000000003,0.0521978021978022,0.024844720496894408,0,1,1
2026,10,Belgian Grand Prix,9,1.267,Audi,Gabriel Bortoleto,8,0.84375,0.7222222222222222,14.0,0.0335195530726257,9.0,0.018018018018018018,2.0,0.8,-1.2,-0.1471861471861473,0.5529,25.177500000000002,0.0,0.0,0,1,1
2026,10,Belgian Grand Prix,8,0.782,RB F1 Team,Arvid Lindblad,9,0.8888888888888888,0.8596491228070176,11.0,0.11173184357541899,6.0,0.17717717717717718,-0.2,8.6,0.0,-0.1025641025641022,0.2585,24.4772,0.0,0.0,0,1,1
2026,10,Belgian Grand Prix,13,2.031,Alpine F1 Team,Franco Colapinto,10,0.8888888888888888,0.8536585365853658,13.0,0.1005586592178771,5.0,0.18018018018018017,3.6,7.4,1.8,-0.7130801687763721,0.2894,24.998600000000003,0.04065040650406504,0.0,0,1,1
2026,10,Belgian Grand Prix,12,1.97,Alpine F1 Team,Pierre Gasly,11,0.8406593406593407,0.8536585365853658,9.0,0.2346368715083799,5.0,0.18018018018018017,3.8,7.4,2.8,4.5875,-0.006,24.998600000000003,0.04065040650406504,0.03296703296703297,0,1,1
2026,10,Belgian Grand Prix,11,1.759,RB F1 Team,Liam Lawson,12,0.8409090909090909,0.8596491228070176,10.0,0.21787709497206703,6.0,0.17717717717717718,2.6,8.6,2.6,4.5432098765432105,0.024300000000000002,24.4772,0.0,0.0,0,1,1
2026,10,Belgian Grand Prix,14,2.31,Audi,Nico Hülkenberg,13,0.8015873015873016,0.7222222222222222,19.0,0.0,9.0,0.018018018018018018,-3.8,0.8,0.0,-3.536585365853659,0.36,25.177500000000002,0.0,0.03968253968253968,0,1,1
2026,10,Belgian Grand Prix,16,2.418,Haas F1 Team,Oliver Bearman,14,0.8333333333333334,0.8209366391184573,12.0,0.1005586592178771,7.0,0.06306306306306306,0.8,0.6,0.2,3.3855421686746983,0.6195,28.0231,0.0440771349862259,0.0,0,1,1
2026,10,Belgian Grand Prix,17,2.759,Williams,Alexander Albon,15,0.8102189781021898,0.7928176795580111,16.0,0.027932960893854747,8.0,0.03303303303303303,-0.8,1.2,-2.0,-4.595238095238095,0.9533333333333334,25.485,0.04696132596685083,0.029197080291970802,0,1,1
2026,10,Belgian Grand Prix,15,2.416,Williams,Carlos Sainz,16,0.8444444444444444,0.7928176795580111,15.0,0.0335195530726257,8.0,0.03303303303303303,0.2,1.2,-1.2,3.7333333333333325,0.3303333333333333,25.485,0.04696132596685083,0.044444444444444446,0,1,1
2026,10,Belgian Grand Prix,18,3.44,Haas F1 Team,Esteban Ocon,17,0.84375,0.8209366391184573,17.0,0.01675977653631285,7.0,0.06306306306306306,3.6,0.6,0.6,-0.007751937984496138,1.0844,28.0231,0.0440771349862259,0.025,0,1,1
2026,10,Belgian Grand Prix,19,3.462,Cadillac F1 Team,Valtteri Bottas,18,0.8481012658227848,0.6666666666666667,20.0,0.0,11.0,0.0,0.8,0.0,0.2,0.0,2.317,25.8375,0.0,0.03164556962025317,0,1,1
2026,10,Belgian Grand Prix,21,5.641,Aston Martin,Fernando Alonso,19,0.8055555555555556,0.8278688524590164,18.0,0.00558659217877095,10.0,0.003003003003003003,4.0,0.2,0.4,0.45454545454545503,1.8421666666666667,24.863,0.01639344262295082,0.020833333333333332,0,1,1
2026,10,Belgian Grand Prix,22,5.816,Aston Martin,Lance Stroll,20,0.8156424581005587,0.8278688524590164,22.0,0.0,10.0,0.003003003003003003,2.8,0.2,0.2,-5.872659176029962,3.18625,24.863,0.01639344262295082,0.055865921787709494,0,1,1
2026,10,Belgian Grand Prix,20,3.61,Cadillac F1 Team,Sergio Pérez,21,0.8653846153846154,0.6666666666666667,21.0,0.0,11.0,0.0,3.0,0.0,0.4,-2.855555555555556,1.5046666666666668,25.8375,0.0,0.03205128205128205,0,1,1
2026,10,Belgian Grand Prix,4,0.508,Mercedes,George Russell,22,0.8695652173913043,0.9148351648351648,2.0,0.8603351955307262,1.0,1.0,-4.6,25.2,0.2,0.0,-1.24175,24.3226,0.019230769230769232,0.037267080745341616,0,1,1
2026,11,Hungarian Grand Prix,1,0.0,McLaren,Lando Norris,1,0.8950617283950617,0.8743169398907104,5.0,0.5049019607843137,3.0,0.5446927374301676,-2.6,16.2,2.2,-1.8659420289855078,-1.2185,24.5916,0.05191256830601093,0.024691358024691357,0,1,1
2026,11,Hungarian Grand Prix,6,0.518,Red Bull,Max Verstappen,2,0.8846153846153846,0.863013698630137,7.0,0.44607843137254904,4.0,0.42178770949720673,-6.0,18.2,-0.8,-3.016129032258064,-1.5503333333333333,24.1274,0.057534246575342465,0.038461538461538464,0,1,1
2026,11,Hungarian Grand Prix,4,0.272,Mercedes,Andrea Kimi Antonelli,3,0.8529411764705882,0.912568306010929,1.0,1.0,1.0,1.0,-5.2,25.2,-0.2,1.2819148936170208,-1.78,23.9106,0.01912568306010929,0.0,0,1,1
2026,11,Hungarian Grand Prix,3,0.238,Ferrari,Charles Leclerc,4,0.8415300546448088,0.8688524590163934,4.0,0.6176470588235294,2.0,0.7960893854748603,-4.0,25.4,-0.2,-3.526315789473685,-1.5271666666666668,25.021499999999996,0.03825136612021858,0.060109289617486336,0,1,1
2026,11,Hungarian Grand Prix,2,0.012,Ferrari,Lewis Hamilton,5,0.9395604395604396,0.8688524590163934,2.0,0.7794117647058824,2.0,0.7960893854748603,0.4,25.4,-0.2,-3.822916666666668,-1.6699000000000002,25.021499999999996,0.03825136612021858,0.01098901098901099,0,1,1
2026,11,Hungarian Grand Prix,8,0.649,Red Bull,Isack Hadjar,6,0.8529411764705882,0.863013698630137,8.0,0.29411764705882354,4.0,0.42178770949720673,1.4,18.2,0.4,0.5463917525773194,-1.0292000000000001,24.1274,0.057534246575342465,0.0,0,1,1
2026,11,Hungarian Grand Prix,7,0.553,Mercedes,George Russell,7,0.8641975308641976,0.912568306010929,3.0,0.7549019607843137,1.0,1.0,-4.6,25.2,0.0,1.7602040816326525,-1.24175,23.9106,0.01912568306010929,0.037037037037037035,0,1,1
2026,11,Hungarian Grand Prix,11,1.558,RB F1 Team,Liam Lawson,8,0.8444444444444444,0.8620689655172413,10.0,0.19117647058823528,6.0,0.17039106145251395,1.4,7.8,-1.2,1.8484848484848495,0.0345,24.495,0.0,0.0,0,1,1
2026,11,Hungarian Grand Prix,10,1.432,Audi,Nico Hülkenberg,9,0.8031496062992126,0.75,19.0,0.0,9.0,0.027932960893854747,-3.4,1.6,0.4,0.7299999999999986,0.3965,24.787,0.0,0.03937007874015748,0,1,1
2026,11,Hungarian Grand Prix,9,1.074,RB F1 Team,Arvid Lindblad,10,0.9,0.8620689655172413,11.0,0.10784313725490197,6.0,0.17039106145251395,2.2,7.8,2.4,-0.9950495049504955,0.006,24.495,0.0,0.0,0,1,1
2026,11,Hungarian Grand Prix,14,1.862,Audi,Gabriel Bortoleto,11,0.8484848484848485,0.75,14.0,0.049019607843137254,9.0,0.027932960893854747,2.2,1.6,0.2,-0.009803921568627416,0.4092,24.787,0.0,0.0,0,1,1
2026,11,Hungarian Grand Prix,12,1.637,Alpine F1 Team,Pierre Gasly,12,0.8415300546448088,0.8548387096774194,9.0,0.20588235294117646,5.0,0.17039106145251395,2.8,5.2,-1.0,-1.2548543689320386,-0.0381,24.702499999999997,0.04032258064516129,0.03278688524590164,0,1,1
2026,11,Hungarian Grand Prix,20,3.452,Aston Martin,Lance Stroll,13,0.8111111111111111,0.8252032520325203,22.0,0.0,10.0,0.002793296089385475,2.0,0.2,-0.8,4.211538461538462,3.026,24.9624,0.016260162601626018,0.05555555555555555,0,1,1
2026,11,Hungarian Grand Prix,16,2.601,Aston Martin,Fernando Alonso,14,0.806896551724138,0.8252032520325203,18.0,0.004901960784313725,10.0,0.002793296089385475,4.6,0.2,0.6,5.004761904761905,2.489125,24.9624,0.016260162601626018,0.020689655172413793,0,1,1
2026,11,Hungarian Grand Prix,13,1.82,Alpine F1 Team,Franco Colapinto,15,0.8918918918918919,0.8548387096774194,12.0,0.09313725490196079,5.0,0.17039106145251395,3.4,5.2,-0.2,-0.9905660377358494,0.3599,24.702499999999997,0.04032258064516129,0.0,0,1,1
2026,11,Hungarian Grand Prix,15,2.527,Haas F1 Team,Esteban Ocon,16,0.84472049689441,0.821917808219178,17.0,0.014705882352941176,7.0,0.05865921787709497,3.2,0.4,-0.4,1.9127725856697833,0.9467000000000001,26.5065,0.043835616438356165,0.024844720496894408,0,1,1
2026,11,Hungarian Grand Prix,19,3.451,Williams,Alexander Albon,17,0.8115942028985508,0.793956043956044,16.0,0.024509803921568627,8.0,0.030726256983240222,0.2,0.8,1.0,-3.1574074074074066,0.869,26.194200000000002,0.046703296703296704,0.028985507246376812,0,1,1
2026,11,Hungarian Grand Prix,18,3.414,Williams,Carlos Sainz,18,0.8453038674033149,0.793956043956044,15.0,0.029411764705882353,8.0,0.030726256983240222,-1.2,0.8,-1.4,4.651376146788991,0.4598333333333333,26.194200000000002,0.046703296703296704,0.04419889502762431,0,1,1
2026,11,Hungarian Grand Prix,17,3.026,Haas F1 Team,Oliver Bearman,19,0.8378378378378378,0.821917808219178,13.0,0.08823529411764706,7.0,0.05865921787709497,0.0,0.4,-0.8,-1.327272727272728,0.6956666666666667,26.5065,0.043835616438356165,0.0,0,1,1
2026,11,Hungarian Grand Prix,5,0.477,McLaren,Oscar Piastri,20,0.9125,0.8743169398907104,6.0,0.45098039215686275,3.0,0.5446927374301676,1.2,16.2,1.8,0.13963963963963977,-1.0022,24.5916,0.05191256830601093,0.0,0,1,1
2026,11,Hungarian Grand Prix,22,4.115,Cadillac F1 Team,Sergio Pérez,21,0.8598726114649682,0.65,21.0,0.0,11.0,0.0,2.2,0.0,-0.8,0.3184523809523796,1.5046666666666668,26.514499999999998,0.0,0.03184713375796178,0,1,1
2026,11,Hungarian Grand Prix,21,3.679,Cadillac F1 Team,Valtteri Bottas,22,0.8490566037735849,0.65,20.0,0.0,11.0,0.0,-0.2,0.0,-1.0,-4.56858407079646,2.2995,26.514499999999998,0.0,0.031446540880503145,0,1,1
