year,round,driverId,lap,stop,duration
2018,1,brendon_hartley,1,1,22.213
2018,1,raikkonen,18,1,21.421
2018,1,hamilton,19,1,21.821
2018,1,leclerc,20,1,22.242
2018,1,max_verstappen,21,1,20.953
2018,1,kevin_magnussen,22,1,21.983
2018,1,sainz,22,1,23.868
2018,1,brendon_hartley,22,2,22.296
2018,1,ocon,23,1,21.854
2018,1,grosjean,24,1,23.054
2018,1,hulkenberg,24,1,22.628
2018,1,perez,24,1,22.327
2018,1,vandoorne,25,1,22.474
2018,1,bottas,25,1,21.664
2018,1,stroll,25,1,25.504
2018,1,vettel,26,1,21.787
2018,1,ricciardo,26,1,21.44
2018,1,alonso,26,1,22.573
2018,1,leclerc,27,2,22.836
2018,1,stroll,29,2,21.397
2018,2,max_verstappen,2,1,30.381
2018,2,leclerc,3,1,25.563
2018,2,perez,9,1,24.992
2018,2,vandoorne,10,1,25.081
2018,2,stroll,10,1,33.612
2018,2,kevin_magnussen,13,1,25.106
2018,2,alonso,14,1,24.993
2018,2,gasly,15,1,24.835
2018,2,hulkenberg,15,1,24.454
2018,2,ocon,15,1,24.719
2018,2,sainz,16,1,25.768
2018,2,vettel,18,1,24.524
2018,2,grosjean,18,1,25.011
2018,2,raikkonen,19,1,25.018
2018,2,bottas,20,1,26.105
2018,2,brendon_hartley,20,1,36.646
2018,2,sirotkin,22,1,24.672
2018,2,ericsson,23,1,25.194
2018,2,hamilton,26,1,24.302
2018,2,sainz,26,2,25.307
2018,2,kevin_magnussen,27,2,24.629
2018,2,vandoorne,28,2,25.131
2018,2,grosjean,30,2,25.527
2018,2,stroll,30,2,24.638
2018,2,perez,32,2,24.677
2018,2,gasly,34,2,24.957
2018,2,leclerc,34,2,25.139
2018,2,ocon,35,2,24.596
2018,2,hulkenberg,39,2,24.382
2018,2,alonso,39,2,24.581
2018,2,sirotkin,40,2,25.693
2018,2,brendon_hartley,42,2,24.953
2018,2,grosjean,45,3,26.263
2018,3,brendon_hartley,10,1,23.172
2018,3,ocon,11,1,23.281
2018,3,sainz,12,1,23.935
2018,3,perez,12,1,22.856
2018,3,hulkenberg,13,1,23.654
2018,3,grosjean,16,1,22.981
2018,3,max_verstappen,17,1,22.715
2018,3,ricciardo,17,1,23.042
2018,3,hamilton,18,1,22.464
2018,3,bottas,19,1,22.097
2018,3,vettel,20,1,23.009
2018,3,gasly,20,1,23.95
2018,3,leclerc,21,1,23.392
2018,3,vandoorne,22,1,23.73
2018,3,stroll,23,1,22.661
2018,3,kevin_magnussen,24,1,22.973
2018,3,raikkonen,27,1,22.913
2018,3,sirotkin,28,1,23.716
2018,3,alonso,29,1,24.11
2018,3,ericsson,29,1,22.785
2018,3,max_verstappen,31,2,22.596
2018,3,brendon_hartley,30,2,24.07
2018,3,ricciardo,31,2,22.691
2018,3,hulkenberg,31,2,23.297
2018,3,sainz,31,2,23.117
2018,3,ocon,31,2,22.637
2018,3,gasly,31,2,34.65
2018,3,perez,32,2,22.334
2018,3,sirotkin,33,2,22.723
2018,3,grosjean,46,2,23.735
2018,4,raikkonen,1,1,30.012
2018,4,brendon_hartley,1,1,21.376
2018,4,alonso,1,1,56.71
2018,4,kevin_magnussen,1,1,35.608
2018,4,ericsson,1,1,44.107
2018,4,perez,2,1,28.109
2018,4,grosjean,2,1,21.725
2018,4,gasly,12,1,20.782
2018,4,sainz,15,1,21.516
2018,4,vandoorne,17,1,21.103
2018,4,ericsson,18,2,25.378
2018,4,hamilton,22,1,20.377
2018,4,brendon_hartley,22,2,20.809
2018,4,stroll,23,1,19.737
2018,4,leclerc,24,1,21.058
2018,4,vandoorne,25,2,20.887
2018,4,vettel,30,1,20.037
2018,4,ricciardo,37,1,19.925
2018,4,ericsson,36,3,32.629
2018,4,max_verstappen,38,1,19.765
2018,4,bottas,40,1,20.192
2018,4,vettel,40,2,20.823
2018,4,kevin_magnussen,39,2,21.778
2018,4,hamilton,40,2,21.329
2018,4,gasly,39,2,21.287
2018,4,brendon_hartley,39,3,21.072
2018,4,raikkonen,40,2,21.149
2018,4,vandoorne,39,3,20.76
2018,4,perez,40,2,26.174
2018,4,grosjean,40,2,22.757
2018,4,sainz,40,2,20.967
2018,4,leclerc,40,2,22.03
2018,4,stroll,40,2,21.236
2018,4,alonso,40,2,21.371
2018,4,ericsson,39,4,14.998
2018,4,vandoorne,46,4,20.978
2018,5,brendon_hartley,1,1,22.631
2018,5,sirotkin,1,1,22.049
2018,5,vettel,17,1,22.054
2018,5,bottas,19,1,23.213
2018,5,leclerc,20,1,21.995
2018,5,stroll,20,1,21.351
2018,5,alonso,21,1,21.721
2018,5,sirotkin,24,2,22.034
2018,5,hamilton,25,1,22.085
2018,5,sainz,25,1,22.409
2018,5,perez,26,1,22.438
2018,5,ocon,29,1,47.91
2018,5,kevin_magnussen,32,1,22.917
2018,5,ricciardo,33,1,21.618
2018,5,brendon_hartley,33,2,22.472
2018,5,max_verstappen,34,1,21.74
2018,5,vandoorne,34,1,27.416
2018,5,ericsson,35,1,22.1
2018,5,vettel,41,2,24.273
2018,5,perez,40,2,22.242
2018,5,sirotkin,41,3,23.865
2018,6,sirotkin,7,1,31.81
2018,6,stroll,9,1,33.887
2018,6,hamilton,12,1,23.739
2018,6,brendon_hartley,13,1,24.326
2018,6,leclerc,14,1,23.87
2018,6,grosjean,15,1,24.741
2018,6,vettel,16,1,23.964
2018,6,sainz,16,1,24.874
2018,6,ricciardo,17,1,24.542
2018,6,raikkonen,17,1,24.263
2018,6,bottas,17,1,24.02
2018,6,ericsson,17,1,24.291
2018,6,kevin_magnussen,17,1,24.237
2018,6,alonso,19,1,24.241
2018,6,sirotkin,19,2,25.17
2018,6,vandoorne,20,1,26.817
2018,6,perez,21,1,29.379
2018,6,ocon,23,1,24.663
2018,6,stroll,34,2,31.104
2018,6,gasly,37,1,24.296
2018,6,max_verstappen,47,1,24.111
2018,6,sirotkin,49,3,25.563
2018,6,hulkenberg,50,1,25.213
2018,6,stroll,59,3,24.852
2018,6,grosjean,68,2,24.568
2018,6,vandoorne,72,2,25.438
2018,7,vandoorne,1,1,41.008
2018,7,ericsson,1,1,23.529
2018,7,perez,9,1,24.086
2018,7,ocon,11,1,25.353
2018,7,hulkenberg,13,1,24.521
2018,7,sainz,14,1,24.416
2018,7,max_verstappen,16,1,23.137
2018,7,hamilton,16,1,23.335
2018,7,ricciardo,17,1,23.279
2018,7,alonso,18,1,23.099
2018,7,leclerc,19,1,23.666
2018,7,kevin_magnussen,22,1,24.008
2018,7,gasly,23,1,24.107
2018,7,sirotkin,26,1,23.531
2018,7,raikkonen,32,1,23.645
2018,7,bottas,36,1,23.775
2018,7,vettel,37,1,23.529
2018,7,perez,44,2,23.718
2018,7,grosjean,48,1,24.4
2018,7,vandoorne,48,2,23.537
2018,8,stroll,1,1,26.576
2018,8,sirotkin,1,1,26.273
2018,8,vettel,1,1,32.612
2018,8,alonso,1,1,25.789
2018,8,bottas,1,1,27.955
2018,8,max_verstappen,25,1,24.395
2018,8,sainz,26,1,25.423
2018,8,ricciardo,28,1,24.309
2018,8,kevin_magnussen,28,1,25.419
2018,8,leclerc,31,1,25.026
2018,8,hamilton,33,1,24.31
2018,8,raikkonen,34,1,24.289
2018,8,grosjean,34,1,29.996
2018,8,ericsson,35,1,24.295
2018,8,hulkenberg,37,1,25.016
2018,8,brendon_hartley,38,1,24.297
2018,8,bottas,39,2,30.666
2018,8,vettel,40,2,31.029
2018,8,vandoorne,40,1,24.399
2018,8,alonso,46,2,24.788
2018,9,vandoorne,1,1,46.557
2018,9,max_verstappen,15,1,21.214
2018,9,raikkonen,15,1,21.552
2018,9,ricciardo,15,1,21.95
2018,9,vettel,15,1,23.912
2018,9,grosjean,15,1,22.121
2018,9,ocon,15,1,22.527
2018,9,sainz,15,1,23.257
2018,9,stroll,15,1,22.181
2018,9,gasly,15,1,22.011
2018,9,leclerc,15,1,21.364
2018,9,alonso,15,1,21.588
2018,9,sirotkin,24,1,23.048
2018,9,hamilton,25,1,21.245
2018,9,perez,27,1,22.863
2018,9,kevin_magnussen,28,1,22.138
2018,9,sainz,34,2,26.335
2018,9,ricciardo,38,2,21.259
2018,9,vandoorne,40,2,22.526
2018,9,ericsson,45,1,21.519
2018,9,hamilton,52,2,20.98
2018,9,sirotkin,60,2,24.884
2018,9,stroll,65,2,22.299
2018,10,raikkonen,13,1,38.573
2018,10,alonso,13,1,28.669
2018,10,perez,13,1,28.651
2018,10,max_verstappen,17,1,28.458
2018,10,sainz,17,1,29.074
2018,10,ricciardo,18,1,28.194
2018,10,leclerc,18,1,27.865
2018,10,ocon,19,1,29.41
2018,10,vettel,20,1,28.677
2018,10,hulkenberg,20,1,28.719
2018,10,gasly,20,1,28.676
2018,10,bottas,21,1,27.894
2018,10,vandoorne,21,1,28.284
2018,10,sirotkin,21,1,28.224
2018,10,ericsson,24,1,28.207
2018,10,hamilton,25,1,28.982
2018,10,kevin_magnussen,25,1,28.45
2018,10,grosjean,26,1,29.254
2018,10,ricciardo,30,2,28.001
2018,10,stroll,30,1,27.774
2018,10,alonso,32,2,28.085
2018,10,sainz,32,2,28.078
2018,10,gasly,32,2,29.766
2018,10,perez,32,2,28.836
2018,10,vettel,33,2,28.174
2018,10,max_verstappen,33,2,
2018,10,raikkonen,33,2,28.985
2018,10,vandoorne,33,2,28.658
2018,11,raikkonen,14,1,19.647
2018,11,hulkenberg,18,1,19.584
2018,11,kevin_magnussen,20,1,19.818
2018,11,sainz,20,1,20.16
2018,11,leclerc,20,1,19.267
2018,11,grosjean,21,1,20.198
2018,11,perez,22,1,25.13
2018,11,vettel,25,1,18.657
2018,11,ocon,25,1,19.57
2018,11,stroll,27,1,19.476
2018,11,bottas,28,1,19.188
2018,11,brendon_hartley,28,1,19.309
2018,11,sirotkin,28,1,24.173
2018,11,max_verstappen,29,1,19.742
2018,11,vandoorne,29,1,19.778
2018,11,alonso,31,1,18.956
2018,11,ericsson,38,1,18.84
2018,11,hamilton,42,1,18.978
2018,11,leclerc,43,2,21.2
2018,11,alonso,43,2,21.119
2018,11,gasly,43,1,19.806
2018,11,max_verstappen,46,2,19.297
2018,11,leclerc,46,3,20.653
2018,11,gasly,46,2,19.512
2018,11,max_verstappen,48,3,19.087
2018,11,alonso,47,3,20.927
2018,11,sainz,50,2,19.637
2018,11,stroll,50,2,19.526
2018,11,hulkenberg,51,2,20.752
2018,11,bottas,52,2,33.279
2018,11,grosjean,51,2,22.738
2018,11,kevin_magnussen,51,2,34.742
2018,11,sirotkin,51,2,21.711
2018,11,raikkonen,53,2,19.988
2018,11,brendon_hartley,52,2,19.985
2018,11,vandoorne,52,2,19.621
2018,11,hulkenberg,55,3,20.812
2018,11,grosjean,55,3,19.752
2018,11,kevin_magnussen,55,3,27.736
2018,11,sainz,56,3,20.53
2018,12,ericsson,6,1,22.64
2018,12,raikkonen,14,1,24.471
2018,12,bottas,15,1,21.337
2018,12,perez,22,1,22.561
2018,12,hulkenberg,23,1,21.966
2018,12,brendon_hartley,24,1,21.831
2018,12,hamilton,25,1,21.48
2018,12,sainz,25,1,21.914
2018,12,grosjean,29,1,21.733
2018,12,kevin_magnussen,31,1,25.126
2018,12,sirotkin,31,1,21.509
2018,12,gasly,32,1,21.684
2018,12,raikkonen,38,2,21.829
2018,12,vettel,39,1,23.111
2018,12,alonso,39,1,21.795
2018,12,ocon,39,1,22.258
2018,12,vandoorne,40,1,21.732
2018,12,ricciardo,44,1,21.364
2018,12,stroll,47,1,21.291
2018,12,hulkenberg,50,2,22.65
2018,13,vettel,1,1,19.582
2018,13,hamilton,1,1,19.372
2018,13,perez,1,1,19.667
2018,13,ocon,1,1,19.582
2018,13,max_verstappen,1,1,19.942
2018,13,grosjean,1,1,20.28
2018,13,kevin_magnussen,1,1,20.021
2018,13,gasly,1,1,20.136
2018,13,ericsson,1,1,19.711
2018,13,sirotkin,1,1,19.791
2018,13,stroll,1,1,19.732
2018,13,brendon_hartley,1,1,18.084
2018,13,sainz,1,1,18.509
2018,13,bottas,1,1,20.349
2018,13,vandoorne,1,1,19.847
2018,13,raikkonen,1,1,26.367
2018,13,bottas,2,2,30.519
2018,13,vandoorne,2,2,22.706
2018,13,raikkonen,7,2,35.451
2018,13,hamilton,21,2,22.375
2018,13,vettel,22,2,22.253
2018,13,sainz,22,2,23.857
2018,13,grosjean,23,2,23.248
2018,13,stroll,23,2,22.901
2018,13,ocon,24,2,23.225
2018,13,sirotkin,24,2,22.339
2018,13,perez,25,2,23.157
2018,13,gasly,25,2,22.953
2018,13,max_verstappen,26,2,22.341
2018,13,kevin_magnussen,26,2,24.304
2018,13,ericsson,26,2,22.558
2018,13,vandoorne,28,3,23.389
2018,13,bottas,29,3,22.399
2018,13,brendon_hartley,31,2,29.316
2018,14,hulkenberg,1,1,25.234
2018,14,ricciardo,1,1,24.805
2018,14,vettel,1,1,32.219
2018,14,ericsson,1,1,29.992
2018,14,kevin_magnussen,4,1,38.563
2018,14,raikkonen,20,1,23.862
2018,14,grosjean,23,1,24.779
2018,14,vandoorne,24,1,24.094
2018,14,max_verstappen,26,1,24.003
2018,14,hamilton,28,1,23.728
2018,14,vettel,29,2,24.301
2018,14,gasly,34,1,27.792
2018,14,leclerc,34,1,24.084
2018,14,stroll,35,1,26.44
2018,14,bottas,36,1,23.763
2018,14,sirotkin,37,1,25.245
2018,14,ocon,38,1,24.827
2018,14,perez,39,1,25.655
2018,14,sainz,39,1,25.774
2018,14,hulkenberg,41,2,24.456
2018,14,ericsson,42,2,25.575
2018,15,sirotkin,3,1,30.477
2018,15,vettel,14,1,28.722
2018,15,brendon_hartley,14,1,29.912
2018,15,hamilton,15,1,28.946
2018,15,hulkenberg,15,1,31.183
2018,15,bottas,16,1,28.542
2018,15,grosjean,16,1,29.517
2018,15,max_verstappen,17,1,29.681
2018,15,perez,17,1,29.978
2018,15,raikkonen,22,1,29.513
2018,15,gasly,26,1,28.931
2018,15,kevin_magnussen,26,1,29.408
2018,15,ricciardo,27,1,28.779
2018,15,perez,33,2,30.561
2018,15,brendon_hartley,36,2,29.464
2018,15,kevin_magnussen,36,2,30.711
2018,15,sainz,37,1,30.242
2018,15,alonso,38,1,29.922
2018,15,leclerc,38,1,29.31
2018,15,perez,39,3,24.34
2018,15,stroll,40,1,28.767
2018,15,vandoorne,43,1,30.234
2018,15,ericsson,44,1,28.86
2018,15,sirotkin,45,2,34.022
2018,15,kevin_magnussen,48,3,29.324
2018,16,brendon_hartley,3,1,29.418
2018,16,alonso,5,1,30.348
2018,16,stroll,7,1,29.266
2018,16,grosjean,8,1,30.469
2018,16,kevin_magnussen,9,1,29.904
2018,16,leclerc,10,1,30.397
2018,16,ocon,10,1,30.642
2018,16,sirotkin,10,1,29.912
2018,16,ericsson,11,1,30.051
2018,16,vandoorne,11,1,29.636
2018,16,bottas,12,1,29.794
2018,16,perez,12,1,29.924
2018,16,vettel,13,1,29.798
2018,16,hamilton,14,1,29.551
2018,16,raikkonen,18,1,29.531
2018,16,sainz,32,1,30.021
2018,16,hulkenberg,35,1,30.625
2018,16,ericsson,37,2,30.146
2018,16,ricciardo,39,1,37.446
2018,16,max_verstappen,43,1,29.37
2018,17,kevin_magnussen,2,1,29.007
2018,17,leclerc,4,1,38.891
2018,17,sirotkin,4,1,23.66
2018,17,ericsson,5,1,23.244
2018,17,stroll,14,1,23.657
2018,17,raikkonen,17,1,22.781
2018,17,max_verstappen,21,1,28.789
2018,17,bottas,23,1,22.777
2018,17,ricciardo,23,1,22.864
2018,17,vandoorne,23,1,23.159
2018,17,hamilton,24,1,22.614
2018,17,perez,24,1,23.635
2018,17,ocon,26,1,23.316
2018,17,vettel,26,1,22.748
2018,17,alonso,26,1,27.454
2018,17,brendon_hartley,28,1,23.11
2018,17,grosjean,29,1,23.692
2018,17,gasly,29,1,23.376
2018,17,hulkenberg,30,1,23.555
2018,17,sainz,32,1,23.477
2018,17,leclerc,35,2,26.672
2018,17,sirotkin,38,2,23.647
2018,17,stroll,39,2,29.804
2018,18,leclerc,1,1,34.812
2018,18,stroll,1,1,41.048
2018,18,grosjean,1,1,35.104
2018,18,stroll,5,2,18.61
2018,18,sirotkin,10,1,23.686
2018,18,vandoorne,10,1,24.065
2018,18,gasly,10,1,23.865
2018,18,hamilton,11,1,23.693
2018,18,raikkonen,21,1,23.714
2018,18,max_verstappen,22,1,23.446
2018,18,ocon,22,1,24.534
2018,18,bottas,23,1,23.478
2018,18,hulkenberg,23,1,24.681
2018,18,sainz,24,1,29.319
2018,18,perez,25,1,25.723
2018,18,vettel,26,1,24.449
2018,18,brendon_hartley,27,1,23.819
2018,18,sirotkin,29,2,23.715
2018,18,kevin_magnussen,30,1,23.723
2018,18,ericsson,30,1,23.94
2018,18,hamilton,37,2,23.915
2018,18,gasly,36,2,24.219
2018,18,stroll,38,3,24.296
2018,18,vandoorne,40,2,24.195
2018,19,ocon,1,1,27.806
2018,19,brendon_hartley,1,1,22.055
2018,19,gasly,5,1,22.57
2018,19,stroll,10,1,24.451
2018,19,hamilton,11,1,22.269
2018,19,bottas,11,1,22.105
2018,19,sainz,11,1,22.66
2018,19,sirotkin,11,1,22.732
2018,19,ricciardo,12,1,22.022
2018,19,hulkenberg,12,1,23.037
2018,19,vandoorne,12,1,22.174
2018,19,max_verstappen,13,1,22.175
2018,19,leclerc,13,1,22.588
2018,19,ericsson,16,1,31.406
2018,19,vettel,17,1,22.658
2018,19,raikkonen,17,1,22.017
2018,19,stroll,23,2,23.371
2018,19,brendon_hartley,24,2,23.553
2018,19,gasly,26,2,23.055
2018,19,perez,30,1,23.755
2018,19,ocon,30,2,22.756
2018,19,kevin_magnussen,43,1,22.39
2018,19,grosjean,44,1,22.733
2018,19,vettel,47,2,21.777
2018,19,hamilton,47,2,22.399
2018,19,max_verstappen,48,2,22.088
2018,19,bottas,48,2,23.887
2018,19,grosjean,60,2,23.426
2018,19,bottas,62,3,22.512
2018,20,alonso,15,1,33.753
2018,20,sirotkin,16,1,23.273
2018,20,stroll,17,1,24.608
2018,20,bottas,18,1,22.955
2018,20,ericsson,18,1,23.377
2018,20,hamilton,19,1,22.641
2018,20,gasly,22,1,23.757
2018,20,sainz,25,1,23.939
2018,20,vettel,27,1,22.551
2018,20,vandoorne,28,1,22.618
2018,20,raikkonen,31,1,22.766
2018,20,grosjean,32,1,23.403
2018,20,max_verstappen,35,1,23.432
2018,20,leclerc,35,1,23.593
2018,20,ricciardo,39,1,23.3
2018,20,perez,39,1,23.505
2018,20,ocon,40,1,27.226
2018,20,kevin_magnussen,41,1,23.115
2018,20,sainz,48,2,23.77
2018,20,brendon_hartley,49,1,23.422
2018,20,vettel,53,2,22.683
2018,20,alonso,54,2,23.046
2018,20,ocon,57,2,31.198
2018,20,bottas,59,2,22.727
2018,20,stroll,65,2,24.283
2018,21,brendon_hartley,1,1,41.012
2018,21,hamilton,7,1,21.283
2018,21,leclerc,7,1,21.828
2018,21,grosjean,7,1,22.354
2018,21,vettel,15,1,22.63
2018,21,bottas,16,1,21.6
2018,21,max_verstappen,17,1,21.057
2018,21,ocon,18,1,21.979
2018,21,perez,26,1,22.112
2018,21,alonso,27,1,21.726
2018,21,gasly,29,1,22.493
2018,21,ricciardo,33,1,21.061
2018,21,vandoorne,35,1,22.317
2018,21,sirotkin,35,1,22.755
2018,21,sainz,37,1,21.964
2018,21,bottas,40,2,21.289
2018,21,stroll,40,1,22.189
2018,21,kevin_magnussen,41,1,21.587
2019,1,kubica,1,1,32.997
2019,1,ricciardo,1,1,33.027
2019,1,raikkonen,12,1,23.299
2019,1,hulkenberg,13,1,21.588
2019,1,perez,13,1,23.234
2019,1,vettel,14,1,21.995
2019,1,kevin_magnussen,14,1,22.388
2019,1,albon,14,1,21.78
2019,1,hamilton,15,1,21.515
2019,1,grosjean,15,1,29.981
2019,1,norris,15,1,21.627
2019,1,bottas,23,1,22.014
2019,1,max_verstappen,25,1,21.157
2019,1,kvyat,26,1,22.086
2019,1,russell,26,1,21.689
2019,1,stroll,27,1,22.471
2019,1,giovinazzi,27,1,27.172
2019,1,leclerc,28,1,22.306
2019,1,kubica,28,2,22.343
2019,1,gasly,37,1,21.269
2019,1,russell,42,2,21.543
2019,1,kubica,44,3,21.889
2019,2,stroll,1,1,34.338
2019,2,grosjean,1,1,32.082
2019,2,sainz,4,1,45.543
2019,2,perez,8,1,27.136
2019,2,raikkonen,9,1,25.647
2019,2,gasly,9,1,27.557
2019,2,albon,9,1,25.659
2019,2,norris,10,1,24.175
2019,2,kevin_magnussen,10,1,24.948
2019,2,max_verstappen,11,1,24.199
2019,2,kubica,11,1,24.667
2019,2,bottas,12,1,24.865
2019,2,hulkenberg,12,1,25.498
2019,2,kvyat,12,1,26.508
2019,2,russell,12,1,24.633
2019,2,leclerc,13,1,24.518
2019,2,hamilton,13,1,24.255
2019,2,vettel,14,1,24.228
2019,2,giovinazzi,16,1,27.725
2019,2,stroll,23,2,26.6
2019,2,ricciardo,24,1,25.676
2019,2,sainz,24,2,25.034
2019,2,albon,25,2,24.842
2019,2,russell,26,2,24.912
2019,2,kubica,27,2,24.313
2019,2,max_verstappen,32,2,26.729
2019,2,hulkenberg,32,2,25.253
2019,2,raikkonen,33,2,25.621
2019,2,perez,33,2,26.798
2019,2,hamilton,34,2,24.324
2019,2,norris,34,2,24.717
2019,2,vettel,35,2,24.212
2019,2,leclerc,36,2,24.358
2019,2,bottas,37,2,24.433
2019,2,vettel,38,3,34.193
2019,2,kvyat,38,2,30.761
2019,2,kevin_magnussen,38,2,25.982
2019,2,gasly,39,2,24.484
2019,2,giovinazzi,40,2,24.88
2019,2,sainz,40,3,24.985
2019,3,sainz,1,1,45.878
2019,3,norris,1,1,50.738
2019,3,kvyat,7,1,17.257
2019,3,giovinazzi,7,1,25.184
2019,3,grosjean,8,1,23.261
2019,3,kevin_magnussen,9,1,23.964
2019,3,hulkenberg,11,1,24.107
2019,3,max_verstappen,17,1,23.223
2019,3,norris,17,2,33.638
2019,3,vettel,18,1,22.749
2019,3,ricciardo,18,1,23.506
2019,3,gasly,19,1,22.301
2019,3,albon,19,1,23.215
2019,3,perez,20,1,23.733
2019,3,stroll,20,1,23.466
2019,3,bottas,21,1,22.196
2019,3,hamilton,22,1,22.644
2019,3,leclerc,22,1,22.921
2019,3,russell,22,1,24.332
2019,3,raikkonen,25,1,23.888
2019,3,kvyat,25,2,26.05
2019,3,kubica,26,1,32.627
2019,3,giovinazzi,30,2,25.137
2019,3,kvyat,30,3,43.206
2019,3,kevin_magnussen,33,2,23.383
2019,3,max_verstappen,34,2,22.365
2019,3,vettel,35,2,22.316
2019,3,norris,34,3,22.524
2019,3,grosjean,35,2,23.52
2019,3,hamilton,36,2,23.597
2019,3,bottas,36,2,24.083
2019,3,sainz,36,2,22.532
2019,3,gasly,39,2,22.722
2019,3,leclerc,42,2,24.227
2019,3,stroll,44,2,23.515
2019,3,russell,49,2,23.965
2019,3,gasly,53,3,22.408
2019,4,kvyat,5,1,21.013
2019,4,raikkonen,6,1,21.401
2019,4,kevin_magnussen,7,1,20.118
2019,4,giovinazzi,7,1,20.776
2019,4,hulkenberg,8,1,21.325
2019,4,norris,9,1,19.819
2019,4,perez,10,1,20.939
2019,4,stroll,10,1,23.099
2019,4,ricciardo,10,1,20.884
2019,4,vettel,11,1,19.981
2019,4,bottas,12,1,20.006
2019,4,sainz,12,1,19.755
2019,4,albon,12,1,20.72
2019,4,hamilton,13,1,19.993
2019,4,max_verstappen,14,1,20.973
2019,4,kubica,14,1,15.069
2019,4,kubica,23,2,21.037
2019,4,russell,25,1,20.475
2019,4,leclerc,34,1,20.382
2019,4,hulkenberg,34,2,20.87
2019,4,grosjean,34,1,20.906
2019,4,russell,38,2,20.751
2019,4,norris,39,2,22.08
2019,4,kevin_magnussen,39,2,20.859
2019,4,kubica,42,3,20.703
2019,4,leclerc,47,2,19.857
2019,5,giovinazzi,6,1,22.381
2019,5,vettel,19,1,23.746
2019,5,max_verstappen,20,1,22.417
2019,5,kvyat,21,1,22.049
2019,5,gasly,22,1,22.563
2019,5,stroll,22,1,23.321
2019,5,kevin_magnussen,23,1,22.025
2019,5,ricciardo,24,1,22.379
2019,5,sainz,24,1,21.468
2019,5,perez,24,1,22.781
2019,5,leclerc,25,1,23.646
2019,5,albon,25,1,23.591
2019,5,bottas,26,1,22.034
2019,5,grosjean,26,1,22.379
2019,5,norris,26,1,21.579
2019,5,hamilton,27,1,22.265
2019,5,raikkonen,28,1,22.342
2019,5,kubica,31,1,21.954
2019,5,russell,32,1,22.442
2019,5,hulkenberg,35,1,22.193
2019,5,vettel,40,2,21.643
2019,5,giovinazzi,41,2,23.507
2019,5,max_verstappen,43,2,22.54
2019,5,bottas,45,2,22.018
2019,5,kvyat,45,2,33.821
2019,5,kevin_magnussen,45,2,22.992
2019,5,albon,45,2,37.345
2019,5,hamilton,46,2,22.511
2019,5,ricciardo,45,2,22.702
2019,5,perez,45,2,22.896
2019,5,russell,44,2,21.846
2019,5,leclerc,46,2,21.638
2019,5,raikkonen,45,2,22.549
2019,5,kubica,44,2,22.142
2019,5,gasly,46,2,22.095
2019,5,grosjean,46,2,22.732
2019,5,sainz,46,2,21.545
2019,6,hulkenberg,9,1,25.532
2019,6,leclerc,9,1,25.964
2019,6,russell,10,1,26.165
2019,6,hamilton,11,1,24.266
2019,6,bottas,11,1,25.03
2019,6,vettel,11,1,24.483
2019,6,max_verstappen,11,1,24.011
2019,6,ricciardo,11,1,24.269
2019,6,kevin_magnussen,11,1,25.419
2019,6,perez,11,1,28.463
2019,6,bottas,12,2,24.776
2019,6,leclerc,16,2,25.705
2019,6,kubica,21,1,23.946
2019,6,gasly,27,1,24.161
2019,6,sainz,30,1,23.795
2019,6,kvyat,32,1,24.023
2019,6,stroll,39,1,24.591
2019,6,albon,40,1,25.062
2019,6,giovinazzi,44,1,35.651
2019,6,raikkonen,46,1,26.299
2019,6,norris,47,1,25.026
2019,6,grosjean,50,1,24.219
2019,6,gasly,62,2,23.858
2019,7,albon,1,1,37.95
2019,7,sainz,3,1,24.727
2019,7,raikkonen,6,1,25.342
2019,7,gasly,7,1,23.485
2019,7,ricciardo,8,1,23.927
2019,7,kubica,8,1,25.21
2019,7,russell,9,1,23.686
2019,7,perez,11,1,24.076
2019,7,kvyat,12,1,23.825
2019,7,hulkenberg,16,1,24.03
2019,7,vettel,26,1,23.782
2019,7,hamilton,28,1,23.662
2019,7,bottas,30,1,23.994
2019,7,leclerc,33,1,23.732
2019,7,giovinazzi,33,1,23.884
2019,7,grosjean,34,1,24.071
2019,7,kubica,38,2,23.119
2019,7,kevin_magnussen,39,1,24.381
2019,7,stroll,45,1,23.727
2019,7,max_verstappen,48,1,23.426
2019,7,raikkonen,58,2,24.666
2019,7,bottas,67,2,23.456
2019,8,giovinazzi,7,1,30.842
2019,8,ricciardo,16,1,31.031
2019,8,kevin_magnussen,16,1,30.832
2019,8,gasly,17,1,30.228
2019,8,norris,18,1,30.576
2019,8,perez,18,1,37.286
2019,8,sainz,19,1,29.92
2019,8,max_verstappen,20,1,30.118
2019,8,leclerc,21,1,30.203
2019,8,bottas,23,1,30.412
2019,8,hamilton,24,1,30.186
2019,8,kubica,24,1,29.792
2019,8,vettel,25,1,30.044
2019,8,albon,25,1,30.279
2019,8,russell,25,1,31.95
2019,8,raikkonen,31,1,29.975
2019,8,grosjean,31,1,30.837
2019,8,kvyat,32,1,30.233
2019,8,russell,33,2,37.494
2019,8,hulkenberg,34,1,30.884
2019,8,giovinazzi,34,2,31.697
2019,8,stroll,39,1,30.849
2019,8,vettel,51,2,30.468
2019,9,kevin_magnussen,11,1,23.243
2019,9,kevin_magnussen,13,2,16.224
2019,9,kubica,19,1,21.525
2019,9,bottas,21,1,22.552
2019,9,vettel,21,1,25.236
2019,9,leclerc,22,1,21.878
2019,9,raikkonen,23,1,21.709
2019,9,giovinazzi,24,1,21.672
2019,9,norris,25,1,21.547
2019,9,gasly,25,1,22.239
2019,9,stroll,25,1,21.982
2019,9,hulkenberg,26,1,21.985
2019,9,russell,27,1,22.772
2019,9,perez,28,1,22.33
2019,9,hamilton,30,1,30.067
2019,9,max_verstappen,31,1,21.11
2019,9,kvyat,32,1,25.091
2019,9,grosjean,34,1,22.265
2019,9,albon,35,1,21.225
2019,9,sainz,41,1,21.266
2019,9,ricciardo,46,1,22.305
2019,9,vettel,50,2,22.251
2019,9,kevin_magnussen,62,3,22.309
2019,10,grosjean,1,1,33.562
2019,10,kevin_magnussen,1,1,32.767
2019,10,gasly,12,1,27.905
2019,10,ricciardo,12,1,28.416
2019,10,kvyat,12,1,29.377
2019,10,leclerc,13,1,28.558
2019,10,max_verstappen,13,1,27.827
2019,10,norris,13,1,28.275
2019,10,albon,13,1,28.954
2019,10,hulkenberg,13,1,28.926
2019,10,stroll,13,1,30.4
2019,10,bottas,16,1,28.493
2019,10,raikkonen,17,1,28.364
2019,10,perez,18,1,30.264
2019,10,hamilton,20,1,28.905
2019,10,vettel,20,1,28.021
2019,10,max_verstappen,20,2,27.95
2019,10,sainz,20,1,27.98
2019,10,ricciardo,20,2,28.381
2019,10,kubica,20,1,28.694
2019,10,leclerc,21,2,28.348
2019,10,kvyat,21,2,28.811
2019,10,russell,21,1,30.245
2019,10,perez,24,2,38.032
2019,10,norris,35,2,27.919
2019,10,vettel,38,2,38.468
2019,10,stroll,39,2,29.074
2019,10,bottas,45,2,28.177
2019,10,perez,46,3,28.747
2019,11,vettel,2,1,20.094
2019,11,albon,2,1,20.576
2019,11,hamilton,3,1,20.203
2019,11,bottas,3,1,22.243
2019,11,max_verstappen,3,1,22.358
2019,11,raikkonen,3,1,27.256
2019,11,hulkenberg,3,1,22.132
2019,11,leclerc,3,1,20.361
2019,11,grosjean,3,1,27.232
2019,11,gasly,3,1,29.667
2019,11,sainz,3,1,23.363
2019,11,giovinazzi,3,1,22.509
2019,11,ricciardo,3,1,21.224
2019,11,kvyat,3,1,23.090
2019,11,norris,6,1,21.402
2019,11,stroll,7,1,22.696
2019,11,russell,7,1,20.718
2019,11,kubica,7,1,23.801
2019,11,kevin_magnussen,8,1,21.106
2019,11,leclerc,15,2,22.102
2019,11,hulkenberg,15,2,20.118
2019,11,kevin_magnussen,21,2,21.179
2019,11,vettel,23,2,20.768
2019,11,kubica,23,2,20.436
2019,11,max_verstappen,25,2,19.640
2019,11,russell,24,2,19.287
2019,11,kvyat,25,2,21.488
2019,11,norris,25,2,20.242
2019,11,stroll,25,2,21.260
2019,11,bottas,26,2,20.498
2019,11,raikkonen,26,2,22.307
2019,11,giovinazzi,26,2,20.879
2019,11,gasly,26,2,19.875
2019,11,grosjean,26,2,21.625
2019,11,leclerc,27,3,20.317
2019,11,albon,27,2,21.501
2019,11,sainz,27,2,19.964
2019,11,hamilton,28,2,22.947
2019,11,albon,28,3,21.732
2019,11,vettel,28,3,22.058
2019,11,raikkonen,28,3,21.142
2019,11,gasly,28,3,20.552
2019,11,giovinazzi,28,3,20.096
2019,11,kvyat,28,3,24.310
2019,11,grosjean,28,3,22.421
2019,11,hamilton,29,3,1:09.022
2019,11,max_verstappen,29,3,21.472
2019,11,hulkenberg,29,3,20.624
2019,11,stroll,28,3,21.962
2019,11,kevin_magnussen,29,3,21.359
2019,11,bottas,30,3,21.142
2019,11,kubica,31,3,19.626
2019,11,max_verstappen,41,4,19.327
2019,11,vettel,41,4,21.256
2019,11,grosjean,41,4,20.622
2019,11,stroll,41,4,20.472
2019,11,russell,41,3,19.345
2019,11,kevin_magnussen,42,4,20.380
2019,11,stroll,44,5,20.152
2019,11,kvyat,45,4,20.671
2019,11,kevin_magnussen,45,5,20.285
2019,11,max_verstappen,46,5,19.062
2019,11,bottas,46,4,21.009
2019,11,sainz,46,3,20.711
2019,11,gasly,46,4,20.012
2019,11,albon,46,4,19.931
2019,11,grosjean,46,5,21.423
2019,11,kubica,46,4,20.370
2019,11,hamilton,47,4,27.069
2019,11,raikkonen,47,4,20.930
2019,11,vettel,47,5,19.586
2019,11,giovinazzi,47,4,28.093
2019,11,russell,47,4,21.634
2019,11,hamilton,53,5,20.015
2019,11,hamilton,56,6,19.610
2019,11,kevin_magnussen,57,6,20.700
2019,11,kubica,57,5,19.825
2019,11,russell,57,5,23.445
2019,12,bottas,5,1,33.328
2019,12,giovinazzi,15,1,23.218
2019,12,russell,16,1,21.333
2019,12,stroll,16,1,22.085
2019,12,perez,18,1,21.901
2019,12,kubica,18,1,21.754
2019,12,grosjean,19,1,22.035
2019,12,kvyat,21,1,23.002
2019,12,max_verstappen,25,1,21.705
2019,12,leclerc,27,1,21.575
2019,12,norris,28,1,26.066
2019,12,gasly,28,1,22.104
2019,12,albon,28,1,23.676
2019,12,sainz,29,1,21.832
2019,12,raikkonen,29,1,22.205
2019,12,hamilton,31,1,22.88
2019,12,hulkenberg,36,1,21.734
2019,12,kevin_magnussen,38,1,21.618
2019,12,vettel,39,1,24.819
2019,12,bottas,46,2,21.744
2019,12,ricciardo,46,1,22.498
2019,12,hamilton,48,2,21.39
2019,12,stroll,50,2,21.563
2019,12,max_verstappen,67,2,21.164
2019,13,ricciardo,1,1,27.62
2019,13,raikkonen,1,1,39.046
2019,13,sainz,1,1,59.291
2019,13,raikkonen,2,2,25.005
2019,13,hulkenberg,11,1,23.475
2019,13,gasly,13,1,22.772
2019,13,stroll,14,1,22.774
2019,13,vettel,15,1,22.863
2019,13,perez,15,1,23.133
2019,13,grosjean,16,1,22.912
2019,13,norris,19,1,23.182
2019,13,leclerc,21,1,22.449
2019,13,hamilton,22,1,23.497
2019,13,bottas,23,1,22.579
2019,13,albon,23,1,22.506
2019,13,kvyat,24,1,22.834
2019,13,kevin_magnussen,25,1,22.584
2019,13,giovinazzi,29,1,23.044
2019,13,stroll,30,2,25.25
2019,13,russell,30,1,22.442
2019,13,hulkenberg,31,2,
2019,13,raikkonen,31,3,26.891
2019,13,kubica,31,1,24.247
2019,13,vettel,33,2,22.786
2019,14,max_verstappen,1,1,31.211
2019,14,vettel,6,1,32.443
2019,14,grosjean,7,1,26.481
2019,14,vettel,12,2,31.851
2019,14,stroll,15,1,18.838
2019,14,hamilton,19,1,23.912
2019,14,raikkonen,19,1,32.393
2019,14,leclerc,20,1,23.833
2019,14,kevin_magnussen,20,1,24.4
2019,14,giovinazzi,21,1,25.698
2019,14,stroll,22,2,24.419
2019,14,norris,23,1,24.311
2019,14,russell,23,1,24.198
2019,14,albon,26,1,29.83
2019,14,bottas,27,1,23.7
2019,14,raikkonen,26,2,24.568
2019,14,sainz,27,1,27.01
2019,14,max_verstappen,27,2,24.303
2019,14,kvyat,28,1,24.479
2019,14,perez,28,1,25.34
2019,14,gasly,28,1,24.363
2019,14,hulkenberg,29,1,24.092
2019,14,kubica,29,1,31.842
2019,14,ricciardo,30,1,24.32
2019,14,grosjean,29,2,25.121
2019,14,kevin_magnussen,34,2,24.978
2019,14,vettel,41,3,24.376
2019,14,kubica,44,2,23.86
2019,14,hamilton,49,2,23.731
2019,15,hulkenberg,1,1,29.563
2019,15,russell,1,1,38.752
2019,15,kvyat,12,1,28.799
2019,15,perez,13,1,29.082
2019,15,raikkonen,15,1,29.992
2019,15,kevin_magnussen,18,1,29.403
2019,15,vettel,19,1,29.384
2019,15,max_verstappen,19,1,28.846
2019,15,leclerc,20,1,29.168
2019,15,albon,20,1,28.606
2019,15,norris,20,1,30.397
2019,15,kubica,21,1,29.033
2019,15,bottas,22,1,29.234
2019,15,grosjean,23,1,29.456
2019,15,hamilton,26,1,28.93
2019,15,stroll,31,1,29.482
2019,15,gasly,32,1,32.482
2019,15,giovinazzi,34,1,29.07
2019,15,ricciardo,34,1,30.756
2019,15,grosjean,35,2,43.576
2019,15,hulkenberg,36,2,29.152
2019,15,kvyat,36,2,34.711
2019,15,sainz,35,2,30.623
2019,15,giovinazzi,36,2,28.96
2019,15,stroll,41,2,39.188
2019,15,kubica,44,2,30.321
2019,15,stroll,44,3,29.46
2019,15,kevin_magnussen,56,2,30.916
2019,16,kubica,1,1,30.587
2019,16,ricciardo,1,1,36.031
2019,16,giovinazzi,2,1,38.193
2019,16,kubica,2,2,30.177
2019,16,raikkonen,9,1,25.038
2019,16,hulkenberg,16,1,34.264
2019,16,norris,20,1,29.29
2019,16,sainz,21,1,30.103
2019,16,leclerc,22,1,29.548
2019,16,perez,23,1,30.271
2019,16,vettel,26,1,29.86
2019,16,gasly,26,1,29.935
2019,16,kevin_magnussen,27,1,30.509
2019,16,stroll,27,1,30.168
2019,16,kvyat,27,1,30.753
2019,16,russell,27,1,29.857
2019,16,giovinazzi,27,2,30.227
2019,16,raikkonen,27,2,36.512
2019,16,hamilton,28,1,29.751
2019,16,bottas,28,1,29.436
2019,16,max_verstappen,28,1,29.978
2019,16,albon,29,1,29.854
2019,16,hulkenberg,29,2,29.786
2019,16,kvyat,29,2,29.571
2019,16,leclerc,30,2,29.401
2019,17,leclerc,3,1,30.502
2019,17,norris,4,1,25.347
2019,17,albon,15,1,23.354
2019,17,raikkonen,15,1,24.468
2019,17,vettel,16,1,24.032
2019,17,grosjean,16,1,23.478
2019,17,bottas,17,1,
2019,17,kevin_magnussen,17,1,24.156
2019,17,gasly,18,1,23.18
2019,17,stroll,18,1,23.292
2019,17,giovinazzi,18,1,23.351
2019,17,hulkenberg,19,1,24.132
2019,17,perez,19,1,22.88
2019,17,hamilton,21,1,23.582
2019,17,kubica,22,1,26.734
2019,17,leclerc,25,2,23.58
2019,17,norris,25,2,23.949
2019,17,russell,25,1,23.792
2019,17,sainz,26,1,23.476
2019,17,kvyat,27,1,23.293
2019,17,ricciardo,29,1,23.292
2019,17,vettel,31,2,23.213
2019,17,albon,34,2,23.301
2019,17,kubica,33,2,22.97
2019,17,bottas,36,2,23.157
2019,17,raikkonen,36,2,23.164
2019,17,perez,41,2,23.301
2019,17,hamilton,42,2,23.591
2019,17,leclerc,46,3,23.28
2019,17,kevin_magnussen,47,2,23.973
2019,17,giovinazzi,49,2,23.412
2019,18,max_verstappen,5,1,24.493
2019,18,gasly,9,1,22.689
2019,18,kvyat,10,1,22.49
2019,18,albon,14,1,22.192
2019,18,leclerc,15,1,22.002
2019,18,sainz,15,1,22.241
2019,18,raikkonen,15,1,22.754
2019,18,hulkenberg,18,1,22.484
2019,18,perez,20,1,22.357
2019,18,giovinazzi,21,1,43.411
2019,18,kubica,21,1,24.606
2019,18,russell,22,1,22.887
2019,18,hamilton,23,1,22.269
2019,18,kevin_magnussen,28,1,23.084
2019,18,sainz,35,2,22.179
2019,18,bottas,36,1,22.179
2019,18,vettel,37,1,21.862
2019,18,stroll,37,1,22.745
2019,18,grosjean,37,1,24.128
2019,18,leclerc,43,2,25.786
2019,18,albon,44,2,22.003
2019,18,kvyat,44,2,22.033
2019,18,gasly,49,2,22.618
2019,18,ricciardo,50,1,22.345
2019,18,raikkonen,52,2,22.963
2019,18,kubica,60,2,22.57
2019,19,albon,1,1,34.1
2019,19,stroll,9,1,24.567
2019,19,kubica,11,1,24.164
2019,19,max_verstappen,13,1,23.716
2019,19,bottas,14,1,24.151
2019,19,giovinazzi,17,1,25.23
2019,19,sainz,18,1,24.784
2019,19,raikkonen,18,1,24.544
2019,19,kevin_magnussen,18,1,24.929
2019,19,norris,19,1,24.678
2019,19,gasly,19,1,24.195
2019,19,leclerc,20,1,29.157
2019,19,albon,20,2,23.213
2019,19,ricciardo,21,1,23.751
2019,19,kvyat,21,1,27.115
2019,19,russell,23,1,23.702
2019,19,hamilton,24,1,23.943
2019,19,perez,24,1,24.207
2019,19,grosjean,24,1,24.583
2019,19,hulkenberg,27,1,24.245
2019,19,stroll,29,2,25.195
2019,19,max_verstappen,34,2,23.444
2019,19,bottas,35,2,23.819
2019,19,hulkenberg,39,2,23.684
2019,19,kvyat,39,2,24.162
2019,19,giovinazzi,39,2,24.206
2019,19,albon,40,3,23.705
2019,19,raikkonen,40,2,24.686
2019,19,kevin_magnussen,40,2,24.731
2019,19,leclerc,42,2,23.844
2019,19,norris,42,2,25.776
2019,19,russell,46,2,28.748
2019,19,gasly,53,2,24.26
2019,20,ricciardo,8,1,30.76
2019,20,perez,17,1,23.079
2019,20,hamilton,20,1,22.882
2019,20,giovinazzi,20,1,23.155
2019,20,kubica,20,1,23.861
2019,20,max_verstappen,21,1,22.818
2019,20,raikkonen,21,1,23.463
2019,20,gasly,22,1,22.922
2019,20,kvyat,23,1,22.759
2019,20,russell,23,1,22.5
2019,20,albon,24,1,23.073
2019,20,vettel,25,1,23.039
2019,20,bottas,26,1,23.148
2019,20,grosjean,26,1,23.776
2019,20,norris,27,1,23.381
2019,20,hulkenberg,27,1,23.344
2019,20,kevin_magnussen,27,1,23.891
2019,20,stroll,28,1,23.346
2019,20,leclerc,29,1,22.966
2019,20,sainz,29,1,22.77
2019,20,kubica,36,2,29.268
2019,20,ricciardo,40,2,29.491
2019,20,bottas,41,2,23.21
2019,20,hamilton,43,2,23.088
2019,20,max_verstappen,44,2,22.657
2019,20,hulkenberg,44,2,23.596
2019,20,perez,45,2,23.142
2019,20,giovinazzi,46,2,23.524
2019,20,kvyat,46,2,23.378
2019,20,gasly,47,2,23.584
2019,20,raikkonen,47,2,23.841
2019,20,vettel,49,2,23.138
2019,20,albon,50,2,23.071
2019,20,max_verstappen,54,3,22.593
2019,20,norris,53,2,23.355
2019,20,stroll,53,2,24.841
2019,20,kevin_magnussen,53,2,23.479
2019,20,leclerc,54,2,23.042
2019,20,hulkenberg,53,3,22.747
2019,20,kubica,53,3,24.873
2019,20,russell,54,2,23.199
2019,20,grosjean,65,2,23.471
2019,20,hamilton,66,3,23.06
2019,20,russell,66,3,22.441
2019,20,kubica,66,4,23.158
2019,21,stroll,5,1,28.842
2019,21,norris,8,1,22.974
2019,21,giovinazzi,8,1,21.977
2019,21,ricciardo,11,1,21.904
2019,21,leclerc,12,1,21.697
2019,21,vettel,12,1,25.771
2019,21,sainz,12,1,21.928
2019,21,albon,13,1,22.028
2019,21,hulkenberg,18,1,21.578
2019,21,grosjean,18,1,21.968
2019,21,kevin_magnussen,20,1,21.531
2019,21,raikkonen,22,1,22.41
2019,21,stroll,23,2,21.778
2019,21,kubica,24,1,21.688
2019,21,max_verstappen,25,1,21.023
2019,21,hamilton,26,1,22.178
2019,21,giovinazzi,26,2,22.188
2019,21,bottas,29,1,21.145
2019,21,russell,32,1,22.272
2019,21,perez,37,1,22.23
2019,21,leclerc,38,2,21.274
2019,21,vettel,38,2,21.858
2019,21,kvyat,40,1,21.496
2019,21,sainz,41,2,21.466
2019,21,ricciardo,42,2,21.624
2020,1,grosjean,20,1,23.28
2020,1,raikkonen,24,1,23.229
2020,1,giovinazzi,25,1,23.659
2020,1,russell,25,1,21.417
2020,1,bottas,26,1,21.937
2020,1,hamilton,26,1,21.85
2020,1,albon,26,1,21.279
2020,1,norris,26,1,23.637
2020,1,perez,26,1,22.383
2020,1,leclerc,26,1,22.756
2020,1,sainz,26,1,23.827
2020,1,vettel,26,1,22.231
2020,1,gasly,26,1,22.466
2020,1,kvyat,26,1,22.769
2020,1,ocon,26,1,21.683
2020,1,latifi,26,1,22.058
2020,1,albon,51,2,21.842
2020,1,norris,51,2,21.921
2020,1,leclerc,51,2,21.972
2020,1,kvyat,51,2,21.622
2020,1,raikkonen,51,2,21.569
2020,1,vettel,51,2,22.738
2020,1,latifi,51,2,21.918
2020,1,sainz,52,2,21.805
2020,1,giovinazzi,55,2,22.8
2020,1,bottas,56,2,16.407
2020,1,hamilton,56,2,16.365
2020,1,perez,56,2,16.546
2020,1,norris,56,3,18.163
2020,1,albon,56,3,17.035
2020,1,leclerc,56,3,18.748
2020,1,gasly,56,2,19.911
2020,1,sainz,56,3,20.064
2020,1,ocon,56,2,19.626
2020,1,kvyat,56,3,19.656
2020,1,vettel,56,3,19.33
2020,1,latifi,56,3,19.488
2020,1,giovinazzi,56,3,19.678
2020,2,leclerc,1,1,39.715
2020,2,max_verstappen,24,1,20.937
2020,2,gasly,24,1,21.95
2020,2,hamilton,27,1,21.729
2020,2,kevin_magnussen,31,1,21.977
2020,2,sainz,32,1,25.983
2020,2,latifi,32,1,22.745
2020,2,stroll,33,1,22.118
2020,2,bottas,34,1,21.376
2020,2,russell,34,1,21.697
2020,2,albon,35,1,21.505
2020,2,kvyat,36,1,22.197
2020,2,ricciardo,37,1,21.603
2020,2,grosjean,37,1,22.444
2020,2,perez,38,1,22.761
2020,2,norris,39,1,22.406
2020,2,giovinazzi,39,1,21.667
2020,2,raikkonen,44,1,21.459
2020,2,gasly,49,2,22.28
2020,2,sainz,66,2,21.873
2020,2,max_verstappen,68,2,21.091
2020,3,kvyat,1,1,23.568
2020,3,leclerc,2,1,22.266
2020,3,bottas,2,1,21.906
2020,3,hamilton,3,1,22.32
2020,3,stroll,3,1,23.081
2020,3,vettel,3,1,28.286
2020,3,perez,3,1,23.263
2020,3,sainz,3,1,27.131
2020,3,albon,3,1,23.046
2020,3,latifi,3,1,21.596
2020,3,gasly,3,1,22.74
2020,3,raikkonen,3,1,22.299
2020,3,max_verstappen,4,1,21.529
2020,3,ricciardo,4,1,21.92
2020,3,ocon,4,1,24.281
2020,3,norris,4,1,23.012
2020,3,russell,4,1,21.184
2020,3,giovinazzi,4,1,22.283
2020,3,latifi,4,2,36.335
2020,3,kvyat,18,2,22.685
2020,3,russell,19,2,21.367
2020,3,leclerc,20,2,22.564
2020,3,giovinazzi,20,2,23.082
2020,3,vettel,29,2,21.88
2020,3,ocon,31,2,21.86
2020,3,bottas,33,2,21.644
2020,3,latifi,31,3,28.367
2020,3,raikkonen,33,2,27.128
2020,3,albon,34,2,22.174
2020,3,grosjean,34,1,22.591
2020,3,stroll,35,2,22.534
2020,3,kevin_magnussen,35,1,23.621
2020,3,perez,35,2,22.051
2020,3,norris,35,2,22.742
2020,3,max_verstappen,36,2,21.268
2020,3,hamilton,37,2,22.264
2020,3,sainz,40,2,22.438
2020,3,giovinazzi,40,3,21.831
2020,3,latifi,39,4,21.802
2020,3,ricciardo,43,2,22.073
2020,3,bottas,49,3,21.572
2020,3,russell,50,3,22.048
2020,3,stroll,52,3,22.057
2020,3,latifi,52,5,25.767
2020,3,hamilton,66,3,22.426
2020,4,albon,6,1,28.834
2020,4,ricciardo,12,1,29.559
2020,4,norris,12,1,30.289
2020,4,ocon,12,1,30.768
2020,4,vettel,12,1,29.439
2020,4,gasly,12,1,29.414
2020,4,giovinazzi,12,1,28.355
2020,4,raikkonen,12,1,36.59
2020,4,russell,12,1,29.302
2020,4,latifi,12,1,31.371
2020,4,hamilton,13,1,28.805
2020,4,bottas,13,1,30.571
2020,4,max_verstappen,13,1,28.208
2020,4,leclerc,13,1,29.52
2020,4,sainz,13,1,28.487
2020,4,stroll,13,1,28.716
2020,4,albon,30,2,33.308
2020,4,grosjean,36,1,33.816
2020,4,raikkonen,47,2,44.085
2020,4,max_verstappen,50,2,28.273
2020,4,bottas,50,2,33.602
2020,4,sainz,51,2,36.278
2020,5,albon,6,1,28.417
2020,5,gasly,7,1,28.356
2020,5,giovinazzi,7,1,27.892
2020,5,russell,8,1,28.391
2020,5,kevin_magnussen,9,1,28.934
2020,5,latifi,9,1,28.696
2020,5,norris,12,1,27.949
2020,5,bottas,13,1,28.408
2020,5,hamilton,14,1,28.406
2020,5,ricciardo,14,1,28.587
2020,5,hulkenberg,15,1,28.981
2020,5,grosjean,17,1,29.377
2020,5,stroll,18,1,28.235
2020,5,leclerc,18,1,29.419
2020,5,kvyat,19,1,28.036
2020,5,kevin_magnussen,20,2,29.389
2020,5,sainz,22,1,35.864
2020,5,ocon,22,1,28.093
2020,5,vettel,22,1,28.167
2020,5,gasly,23,2,28.306
2020,5,russell,24,2,28.331
2020,5,max_verstappen,26,1,29.115
2020,5,ricciardo,26,2,28.167
2020,5,raikkonen,26,1,29.296
2020,5,latifi,26,2,28.086
2020,5,norris,29,2,28.874
2020,5,hulkenberg,30,2,28.386
2020,5,albon,30,2,27.858
2020,5,stroll,31,2,27.974
2020,5,max_verstappen,32,2,28.986
2020,5,bottas,32,2,28.188
2020,5,vettel,33,2,28.352
2020,5,giovinazzi,33,2,27.693
2020,5,sainz,34,2,28.772
2020,5,kvyat,35,2,28.365
2020,5,ricciardo,35,3,28.057
2020,5,grosjean,38,2,29.803
2020,5,russell,39,3,28.692
2020,5,hamilton,41,2,29.402
2020,5,hulkenberg,44,3,28.736
2020,5,latifi,46,3,29.049
2020,6,albon,17,1,21.663
2020,6,russell,19,1,22.708
2020,6,raikkonen,20,1,22.314
2020,6,max_verstappen,21,1,21.532
2020,6,gasly,21,1,22.241
2020,6,norris,21,1,22.099
2020,6,kvyat,21,1,23.036
2020,6,giovinazzi,21,1,22.243
2020,6,sainz,22,1,22.078
2020,6,hamilton,23,1,23.377
2020,6,bottas,23,1,22.31
2020,6,stroll,27,1,22.351
2020,6,kevin_magnussen,28,1,24.148
2020,6,latifi,28,1,22.322
2020,6,perez,29,1,22.641
2020,6,leclerc,29,1,22.274
2020,6,vettel,29,1,21.82
2020,6,grosjean,32,1,23.212
2020,6,ocon,34,1,22.366
2020,6,ricciardo,35,1,21.837
2020,6,russell,35,2,21.889
2020,6,albon,39,2,21.804
2020,6,max_verstappen,41,2,21.601
2020,6,sainz,41,2,22.166
2020,6,stroll,42,2,22.388
2020,6,gasly,42,2,22.394
2020,6,norris,44,2,21.761
2020,6,raikkonen,44,2,22.197
2020,6,kvyat,45,2,22.079
2020,6,giovinazzi,45,2,21.794
2020,6,bottas,48,2,22.143
2020,6,hamilton,50,2,21.853
2020,6,latifi,49,2,22.475
2020,6,grosjean,62,2,24.01
2020,6,bottas,64,3,22.607
2020,7,leclerc,10,1,30.678
2020,7,raikkonen,10,1,22.96
2020,7,grosjean,10,1,23.636
2020,7,kevin_magnussen,10,1,26.156
2020,7,latifi,10,1,23.532
2020,7,hamilton,11,1,23.298
2020,7,bottas,11,1,25.548
2020,7,max_verstappen,11,1,23.314
2020,7,ricciardo,11,1,23.586
2020,7,ocon,11,1,24.305
2020,7,albon,11,1,22.738
2020,7,stroll,11,1,23.689
2020,7,norris,11,1,23.046
2020,7,kvyat,11,1,23.769
2020,7,vettel,11,1,22.982
2020,7,perez,18,1,23.175
2020,7,leclerc,24,2,25.1
2020,7,gasly,26,1,22.681
2020,7,latifi,30,2,23.477
2020,7,kevin_magnussen,35,2,24.339
2020,8,kevin_magnussen,1,1,40.078
2020,8,latifi,16,1,26.335
2020,8,leclerc,17,1,24.344
2020,8,raikkonen,18,1,24.454
2020,8,gasly,19,1,24.096
2020,8,hamilton,20,1,24.671
2020,8,giovinazzi,20,1,23.998
2020,8,sainz,22,1,24.398
2020,8,norris,22,1,24.612
2020,8,ricciardo,22,1,25.498
2020,8,perez,22,1,26.693
2020,8,bottas,22,1,24.410
2020,8,max_verstappen,22,1,26.149
2020,8,ocon,22,1,25.290
2020,8,kvyat,22,1,25.920
2020,8,albon,22,1,29.661
2020,8,grosjean,22,1,25.936
2020,8,russell,22,1,25.249
2020,8,hamilton,26,2,25:16.864
2020,8,stroll,26,1,25:17.308
2020,8,gasly,26,2,25:19.879
2020,8,raikkonen,26,2,25:20.985
2020,8,giovinazzi,26,2,25:21.825
2020,8,sainz,26,2,25:22.369
2020,8,norris,26,2,25:22.009
2020,8,bottas,26,2,25:22.264
2020,8,latifi,26,2,25:23.130
2020,8,ricciardo,26,2,25:23.637
2020,8,max_verstappen,26,2,25:22.796
2020,8,ocon,26,2,25:23.223
2020,8,kvyat,26,2,25:24.139
2020,8,perez,26,2,25:24.989
2020,8,russell,26,2,25:27.938
2020,8,albon,26,2,25:28.247
2020,8,grosjean,26,2,25:30.188
2020,8,hamilton,28,3,31.643
2020,8,giovinazzi,30,3,31.480
2020,9,raikkonen,1,1,30.623
2020,9,vettel,1,1,33.583
2020,9,bottas,7,1,17.560
2020,9,hamilton,7,1,17.536
2020,9,leclerc,7,1,17.516
2020,9,albon,7,1,17.591
2020,9,stroll,7,1,17.625
2020,9,ricciardo,7,1,17.464
2020,9,perez,7,1,17.531
2020,9,norris,7,1,17.845
2020,9,kvyat,7,1,17.522
2020,9,russell,7,1,18.399
2020,9,ocon,7,1,17.455
2020,9,raikkonen,7,2,17.594
2020,9,vettel,7,2,17.516
2020,9,grosjean,7,1,24.781
2020,9,bottas,8,2,23:56.402
2020,9,hamilton,8,2,23:56.696
2020,9,leclerc,8,2,23:56.871
2020,9,albon,8,2,23:58.719
2020,9,stroll,8,2,23:59.578
2020,9,ricciardo,8,2,24
2020,9,perez,8,2,24:01.547
2020,9,norris,8,2,24:05.614
2020,9,kvyat,8,2,24:05.955
2020,9,russell,8,2,24:07.186
2020,9,raikkonen,8,3,24:10.186
2020,9,vettel,8,3,24:09.513
2020,9,grosjean,8,2,24:10.651
2020,9,leclerc,21,3,23.469
2020,9,ricciardo,27,3,22.777
2020,9,raikkonen,27,4,33.281
2020,9,perez,28,3,23.088
2020,9,vettel,28,4,22.995
2020,9,grosjean,28,3,23.720
2020,9,norris,29,3,24.137
2020,9,kvyat,29,3,23.113
2020,9,russell,29,3,23.638
2020,9,stroll,30,3,22.846
2020,9,bottas,31,3,23.111
2020,9,hamilton,32,3,22.445
2020,9,albon,32,3,22.387
2020,9,leclerc,37,4,23.367
2020,9,raikkonen,42,5,28.960
2020,9,bottas,43,4,23.199
2020,9,grosjean,42,4,24.002
2020,9,ricciardo,43,4,22.963
2020,9,albon,43,4,22.822
2020,9,perez,43,4,23.002
2020,9,norris,43,4,24.820
2020,9,kvyat,43,4,22.745
2020,9,russell,43,4,23.367
2020,9,vettel,43,5,22.489
2020,9,hamilton,44,4,22.800
2020,9,hamilton,45,5,21:40.911
2020,9,bottas,45,5,21:42.010
2020,9,raikkonen,44,6,19:40.725
2020,9,grosjean,44,5,19:41.863
2020,9,ricciardo,45,5,21:39.801
2020,9,albon,45,5,21:42.435
2020,9,perez,45,5,21:39.712
2020,9,norris,45,5,21:32.871
2020,9,kvyat,45,5,21:30.227
2020,9,leclerc,45,5,21:25.145
2020,9,russell,45,5,21:09.095
2020,9,vettel,45,6,21:06.590
2020,10,russell,1,1,30.165
2020,10,albon,1,1,30.211
2020,10,norris,1,1,37.108
2020,10,russell,14,2,29.433
2020,10,ricciardo,15,1,30.112
2020,10,hamilton,16,1,41.352
2020,10,giovinazzi,16,1,29.767
2020,10,grosjean,17,1,30.054
2020,10,latifi,17,1,29.862
2020,10,ocon,18,1,30.068
2020,10,gasly,18,1,29.77
2020,10,kevin_magnussen,19,1,30.188
2020,10,perez,20,1,29.602
2020,10,max_verstappen,25,1,28.748
2020,10,bottas,26,1,29.75
2020,10,albon,27,2,30.111
2020,10,leclerc,28,1,30.261
2020,10,kvyat,30,1,29.662
2020,10,vettel,30,1,29.395
2020,10,raikkonen,35,1,33.317
2020,10,gasly,42,2,29.409
2020,10,grosjean,42,2,29.988
2020,10,norris,47,2,31.368
2020,10,russell,50,3,29.675
2020,11,albon,7,1,23.562
2020,11,leclerc,10,1,22.56
2020,11,raikkonen,10,1,22.865
2020,11,vettel,11,1,22.616
2020,11,russell,11,1,22.496
2020,11,bottas,13,1,22.625
2020,11,kevin_magnussen,14,1,23.016
2020,11,latifi,14,1,24.737
2020,11,giovinazzi,15,1,22.482
2020,11,hamilton,16,1,23.983
2020,11,max_verstappen,16,1,22.106
2020,11,ricciardo,16,1,22.159
2020,11,kvyat,17,1,30.826
2020,11,perez,28,1,22.88
2020,11,sainz,28,1,22.641
2020,11,grosjean,28,1,23.635
2020,11,norris,29,1,21.991
2020,11,hulkenberg,29,1,22.7
2020,11,gasly,30,1,22.625
2020,11,latifi,33,2,24.063
2020,11,kevin_magnussen,34,2,23.114
2020,11,leclerc,35,2,23.111
2020,11,giovinazzi,36,2,22.772
2020,11,vettel,41,2,24.366
2020,11,ricciardo,44,2,22.53
2020,11,sainz,44,2,22.503
2020,11,hamilton,45,2,23.18
2020,11,max_verstappen,45,2,22.568
2020,11,gasly,44,2,22.917
2020,11,hulkenberg,44,2,22.686
2020,11,raikkonen,44,2,33.016
2020,11,kvyat,44,2,22.527
2020,11,perez,45,2,22.612
2020,12,perez,1,1,26.177
2020,12,raikkonen,11,1,29.061
2020,12,ricciardo,14,1,26.999
2020,12,norris,18,1,34.807
2020,12,stroll,18,1,36.314
2020,12,albon,19,1,26.287
2020,12,max_verstappen,23,1,26.394
2020,12,latifi,24,1,26.739
2020,12,kvyat,25,1,27.211
2020,12,sainz,26,1,27.299
2020,12,grosjean,26,1,26.985
2020,12,vettel,27,1,26.666
2020,12,gasly,28,1,27.204
2020,12,giovinazzi,28,1,26.473
2020,12,kevin_magnussen,31,1,27.3
2020,12,leclerc,34,1,26.94
2020,12,stroll,34,2,37.483
2020,12,russell,36,1,32.991
2020,12,hamilton,40,1,27.162
2020,12,bottas,41,1,26.512
2020,12,norris,43,2,27.75
2020,12,perez,45,2,26.635
2020,12,albon,46,2,25.882
2020,12,ocon,53,1,28.535
2020,12,kvyat,55,2,32.943
2020,13,stroll,1,1,36.189
2020,13,grosjean,9,1,30.422
2020,13,giovinazzi,10,1,29.745
2020,13,russell,11,1,29.707
2020,13,leclerc,13,1,30.243
2020,13,norris,13,1,29.683
2020,13,ocon,13,1,30.559
2020,13,ricciardo,14,1,30.204
2020,13,kvyat,14,1,30.277
2020,13,albon,14,1,29.77
2020,13,sainz,17,1,29.95
2020,13,max_verstappen,18,1,29.427
2020,13,bottas,19,1,29.6
2020,13,perez,27,1,29.985
2020,13,kevin_magnussen,27,1,30.708
2020,13,hamilton,30,1,30.382
2020,13,stroll,29,2,30.566
2020,13,latifi,34,1,29.892
2020,13,vettel,39,1,40.497
2020,13,raikkonen,48,1,29.863
2020,13,grosjean,50,2,31.199
2020,13,bottas,51,2,30.129
2020,13,perez,51,2,30.555
2020,13,kvyat,51,2,29.809
2020,13,sainz,51,2,30.614
2020,13,hamilton,52,2,30.925
2020,13,vettel,51,2,29.934
2020,13,stroll,52,3,36.63
2020,13,norris,53,2,30.203
2020,13,albon,59,2,29.552
2020,14,ocon,1,1,25.719
2020,14,leclerc,6,1,24.275
2020,14,bottas,7,1,23.398
2020,14,vettel,8,1,24.022
2020,14,hamilton,8,1,23.860
2020,14,raikkonen,8,1,30.765
2020,14,kevin_magnussen,8,1,24.552
2020,14,giovinazzi,8,1,25.432
2020,14,kvyat,8,1,23.417
2020,14,grosjean,8,1,26.686
2020,14,stroll,9,1,23.730
2020,14,latifi,8,1,24.738
2020,14,norris,9,1,22.684
2020,14,perez,10,1,25.163
2020,14,ricciardo,10,1,23.470
2020,14,sainz,10,1,23.910
2020,14,gasly,10,1,23.669
2020,14,ocon,10,2,23.475
2020,14,max_verstappen,11,1,24.256
2020,14,albon,12,1,22.602
2020,14,max_verstappen,18,2,22.518
2020,14,leclerc,30,2,23.687
2020,14,raikkonen,30,2,31.356
2020,14,ricciardo,32,2,23.208
2020,14,russell,32,1,22.692
2020,14,vettel,33,2,25.401
2020,14,sainz,33,2,23.537
2020,14,gasly,33,2,23.288
2020,14,albon,34,2,22.490
2020,14,kevin_magnussen,34,2,2:33.964
2020,14,stroll,36,2,23.650
2020,14,norris,36,2,23.686
2020,14,grosjean,36,2,31.422
2020,14,latifi,38,2,36.599
2020,14,max_verstappen,43,3,22.787
2020,14,russell,42,2,22.888
2020,14,bottas,46,2,22.853
2020,14,raikkonen,50,3,23.180
2020,15,hamilton,1,1,19:23.979
2020,15,max_verstappen,1,1,19:24.529
2020,15,perez,1,1,19:23.442
2020,15,albon,1,1,19:21.607
2020,15,ricciardo,1,1,19:19.722
2020,15,bottas,1,1,19:19.205
2020,15,gasly,1,1,19:20.469
2020,15,ocon,1,1,19:20.946
2020,15,norris,1,1,19:13.898
2020,15,leclerc,1,1,19:14.255
2020,15,giovinazzi,1,1,19:14.906
2020,15,stroll,1,1,19:14.123
2020,15,sainz,1,1,19:17.291
2020,15,kevin_magnussen,1,1,19:16.990
2020,15,vettel,1,1,19:17.042
2020,15,latifi,1,1,19:17.995
2020,15,raikkonen,1,1,19:21.539
2020,15,russell,1,1,19:23.297
2020,15,kvyat,1,1,19:23.014
2020,15,kevin_magnussen,3,2,38.297
2020,15,bottas,4,2,24.936
2020,15,ricciardo,16,2,24.617
2020,15,ocon,17,2,24.076
2020,15,kvyat,17,2,37.317
2020,15,raikkonen,17,2,32.278
2020,15,norris,18,2,24.679
2020,15,hamilton,19,2,24.061
2020,15,albon,19,2,24.172
2020,15,max_verstappen,20,2,24.622
2020,15,perez,20,2,24.317
2020,15,russell,20,2,24.029
2020,15,giovinazzi,20,2,24.145
2020,15,vettel,20,2,24.774
2020,15,sainz,21,2,24.511
2020,15,latifi,21,2,24.248
2020,15,leclerc,23,2,25.199
2020,15,gasly,25,2,24.398
2020,15,bottas,25,3,24.734
2020,15,kevin_magnussen,27,3,25.924
2020,15,kvyat,33,3,24.135
2020,15,max_verstappen,34,3,26.950
2020,15,albon,34,3,23.848
2020,15,ocon,34,3,25.254
2020,15,hamilton,35,3,24.345
2020,15,perez,36,3,24.589
2020,15,ricciardo,36,3,24.817
2020,15,latifi,37,3,24.024
2020,15,norris,38,3,24.666
2020,15,bottas,38,4,24.675
2020,15,sainz,39,3,25.502
2020,15,russell,39,3,27.146
2020,15,vettel,39,3,25.444
2020,15,leclerc,40,3,24.855
2020,15,raikkonen,40,3,25.270
2020,15,max_verstappen,46,4,23.906
2020,15,giovinazzi,53,3,24.836
2020,15,kevin_magnussen,53,4,25.793
2020,16,perez,1,1,24.214
2020,16,norris,20,1,24.885
2020,16,raikkonen,23,1,28.518
2020,16,giovinazzi,26,1,24.81
2020,16,kevin_magnussen,26,1,25.474
2020,16,kvyat,27,1,24.101
2020,16,latifi,27,1,24.297
2020,16,sainz,28,1,24.162
2020,16,gasly,28,1,25.077
2020,16,ricciardo,29,1,24.474
2020,16,vettel,31,1,26.216
2020,16,aitken,31,1,24.863
2020,16,pietro_fittipaldi,31,1,27.681
2020,16,ocon,41,1,24.414
2020,16,stroll,42,1,24.684
2020,16,russell,45,1,24.708
2020,16,perez,47,2,24.507
2020,16,albon,47,1,23.874
2020,16,bottas,49,1,24.552
2020,16,gasly,51,2,24.577
2020,16,kvyat,53,2,24.232
2020,16,norris,54,2,24.245
2020,16,pietro_fittipaldi,53,2,26.393
2020,16,vettel,54,2,28.08
2020,16,giovinazzi,54,2,24.551
2020,16,kevin_magnussen,54,2,25.466
2020,16,aitken,54,2,25.688
2020,16,raikkonen,54,2,24.401
2020,16,sainz,55,2,24.853
2020,16,ricciardo,55,2,24.695
2020,16,aitken,59,3,40.028
2020,16,russell,62,2,28.765
2020,16,bottas,62,2,52.874
2020,16,albon,62,2,23.645
2020,16,russell,63,3,24.724
2020,16,raikkonen,62,3,24.686
2020,16,vettel,63,3,24.809
2020,16,pietro_fittipaldi,63,3,25.78
2020,16,russell,78,4,24.235
2020,17,max_verstappen,10,1,21.289
2020,17,bottas,10,1,21.587
2020,17,hamilton,10,1,22.406
2020,17,albon,10,1,21.508
2020,17,norris,10,1,21.84
2020,17,sainz,10,1,22.14
2020,17,stroll,10,1,22.036
2020,17,gasly,10,1,
2020,17,kvyat,10,1,25.724
2020,17,ocon,10,1,21.615
2020,17,raikkonen,10,1,22.012
2020,17,russell,10,1,22.085
2020,17,pietro_fittipaldi,10,1,26.329
2020,17,latifi,11,1,21.357
2020,17,leclerc,22,1,22.178
2020,17,giovinazzi,27,1,21.48
2020,17,kevin_magnussen,31,1,22.714
2020,17,pietro_fittipaldi,34,2,28.501
2020,17,vettel,35,1,22.04
2020,17,latifi,35,2,22.384
2020,17,ricciardo,39,1,22.123
2020,17,kevin_magnussen,47,2,23.098
2020,17,pietro_fittipaldi,48,3,23.217
2021,1,perez,2,1,23.993
2021,1,gasly,4,1,38.338
2021,1,alonso,11,1,24.373
2021,1,norris,12,1,24.899
2021,1,leclerc,12,1,24.925
2021,1,stroll,12,1,24.884
2021,1,giovinazzi,12,1,31.998
2021,1,hamilton,13,1,24.839
2021,1,ricciardo,13,1,24.688
2021,1,raikkonen,13,1,24.107
2021,1,ocon,13,1,25.226
2021,1,russell,13,1,24.621
2021,1,latifi,14,1,26.046
2021,1,mick_schumacher,14,1,25.798
2021,1,sainz,15,1,24.353
2021,1,tsunoda,15,1,25.046
2021,1,bottas,16,1,24.262
2021,1,max_verstappen,17,1,24.767
2021,1,perez,19,2,24.105
2021,1,gasly,19,2,24.317
2021,1,vettel,24,1,24.626
2021,1,hamilton,28,2,24.076
2021,1,stroll,28,2,25.525
2021,1,raikkonen,29,2,24.046
2021,1,alonso,29,2,24.775
2021,1,bottas,30,2,32.897
2021,1,giovinazzi,30,2,24.223
2021,1,ocon,31,2,24.471
2021,1,leclerc,32,2,24.176
2021,1,ricciardo,32,2,24.655
2021,1,latifi,32,2,23.983
2021,1,norris,33,2,25.64
2021,1,tsunoda,33,2,24.328
2021,1,mick_schumacher,33,2,25.343
2021,1,russell,36,2,24.248
2021,1,sainz,37,2,24.341
2021,1,perez,38,3,24.191
2021,1,max_verstappen,39,2,23.848
2021,1,gasly,39,3,24.983
2021,1,bottas,54,3,24.566
2021,2,ocon,1,1,30.866
2021,2,vettel,3,1,32.024
2021,2,mick_schumacher,5,1,51.007
2021,2,mazepin,12,1,31.168
2021,2,gasly,14,1,31.068
2021,2,vettel,20,2,31.184
2021,2,mick_schumacher,21,2,32.479
2021,2,vettel,22,3,39.502
2021,2,mazepin,23,2,31.500
2021,2,tsunoda,25,1,30.696
2021,2,russell,26,1,29.983
2021,2,raikkonen,26,1,30.280
2021,2,max_verstappen,27,1,29.809
2021,2,gasly,26,2,32.277
2021,2,sainz,27,1,30.856
2021,2,ricciardo,27,1,34.340
2021,2,stroll,27,1,31.138
2021,2,hamilton,28,1,32.112
2021,2,giovinazzi,27,1,32.299
2021,2,ocon,27,2,30.652
2021,2,leclerc,28,1,31.002
2021,2,perez,28,1,44.608
2021,2,norris,28,1,30.654
2021,2,bottas,28,1,30.167
2021,2,alonso,28,1,30.864
2021,2,hamilton,31,2,38.198
2021,2,ocon,31,3,30.701
2021,2,max_verstappen,33,2,27:01.361
2021,2,stroll,32,2,24:52.090
2021,2,raikkonen,32,2,24:52.612
2021,2,hamilton,32,3,24:54.731
2021,2,mick_schumacher,31,3,25:21.462
2021,2,tsunoda,32,2,24:51.384
2021,2,giovinazzi,32,2,24:56.541
2021,2,leclerc,33,2,26:49.484
2021,2,alonso,32,2,24:48.372
2021,2,ocon,32,4,24:38.974
2021,2,mazepin,31,3,24:46.154
2021,2,norris,33,2,26:24.953
2021,2,perez,33,2,26:21.158
2021,2,sainz,33,2,26:22.211
2021,2,gasly,32,3,24:13.539
2021,2,vettel,32,4,24:12.323
2021,2,ricciardo,33,2,26:14.827
2021,2,stroll,33,3,1:05.390
2021,2,raikkonen,33,3,1:02.892
2021,2,hamilton,33,4,1:05.870
2021,2,tsunoda,33,3,1:03.280
2021,2,giovinazzi,33,3,1:00.172
2021,2,alonso,33,3,57.601
2021,2,ocon,33,5,56.733
2021,2,gasly,33,4,56.083
2021,2,vettel,33,5,52.043
2021,2,mick_schumacher,32,4,51.222
2021,2,mazepin,32,4,49.729
2021,2,giovinazzi,40,4,29.742
2021,3,bottas,2,1,21.377
2021,3,hamilton,2,1,22.426
2021,3,max_verstappen,2,1,22.718
2021,3,sainz,2,1,22.029
2021,3,perez,2,1,21.89
2021,3,norris,2,1,21.407
2021,3,ocon,2,1,21.275
2021,3,leclerc,2,1,21.323
2021,3,gasly,2,1,21.353
2021,3,vettel,2,1,21.398
2021,3,russell,2,1,23.532
2021,3,giovinazzi,2,1,22.485
2021,3,ricciardo,2,1,21.965
2021,3,alonso,2,1,21.452
2021,3,tsunoda,2,1,22.266
2021,3,stroll,2,1,22.264
2021,3,latifi,2,1,21.97
2021,3,mick_schumacher,2,1,22.019
2021,3,mazepin,2,1,21.372
2021,3,bottas,3,2,22.072
2021,3,hamilton,3,2,22.164
2021,3,max_verstappen,3,2,22.104
2021,3,sainz,3,2,22.244
2021,3,perez,3,2,22.1
2021,3,norris,3,2,22.551
2021,3,ocon,3,2,22.24
2021,3,leclerc,3,2,22.587
2021,3,gasly,3,2,22.319
2021,3,vettel,3,2,21.75
2021,3,russell,3,2,22.755
2021,3,giovinazzi,3,2,22.669
2021,3,ricciardo,3,2,22.355
2021,3,alonso,3,2,21.621
2021,3,tsunoda,3,2,22.542
2021,3,stroll,3,2,22.176
2021,3,latifi,3,2,21.73
2021,3,mick_schumacher,3,2,21.454
2021,3,mazepin,3,2,21.404
2021,3,sainz,21,3,25.892
2021,3,tsunoda,21,3,26.202
2021,3,norris,22,3,26.952
2021,3,ocon,22,3,27.033
2021,3,vettel,22,3,26.62
2021,3,giovinazzi,22,3,26.729
2021,3,gasly,24,3,26.172
2021,3,latifi,24,3,26.595
2021,3,leclerc,25,3,27.082
2021,3,russell,28,3,26.843
2021,3,mazepin,31,3,27.186
2021,3,mick_schumacher,32,3,27.245
2021,3,max_verstappen,35,3,26.743
2021,3,bottas,36,3,26.938
2021,3,hamilton,37,3,26.907
2021,3,stroll,39,3,26.027
2021,3,alonso,40,3,26.442
2021,3,ricciardo,41,3,28.639
2021,3,mazepin,43,4,26.984
2021,3,perez,51,3,26.607
2021,3,bottas,63,4,26.573
2021,3,max_verstappen,64,4,26.319
2021,4,giovinazzi,8,1,54.673
2021,4,russell,9,1,23.814
2021,4,latifi,9,1,26.672
2021,4,gasly,18,1,28.042
2021,4,alonso,21,1,22.043
2021,4,vettel,21,1,23.087
2021,4,sainz,22,1,21.779
2021,4,stroll,22,1,21.756
2021,4,mazepin,22,1,23.098
2021,4,bottas,23,1,22.311
2021,4,ocon,23,1,22.798
2021,4,norris,23,1,21.864
2021,4,mick_schumacher,23,1,24.006
2021,4,max_verstappen,24,1,23.565
2021,4,ricciardo,25,1,22.406
2021,4,perez,27,1,22.382
2021,4,latifi,27,2,21.424
2021,4,hamilton,28,1,22.22
2021,4,leclerc,28,1,21.613
2021,4,russell,28,2,21.919
2021,4,raikkonen,37,1,21.572
2021,4,vettel,38,2,21.973
2021,4,stroll,39,2,21.432
2021,4,giovinazzi,39,2,22.871
2021,4,hamilton,42,2,22.078
2021,4,mazepin,42,2,22.502
2021,4,ricciardo,46,2,21.762
2021,4,sainz,46,2,21.856
2021,4,gasly,47,2,26.065
2021,4,latifi,50,3,22.405
2021,4,mick_schumacher,50,2,22.31
2021,4,norris,51,2,22.467
2021,4,bottas,53,2,21.638
2021,4,perez,57,2,21.345
2021,4,leclerc,58,2,22.292
2021,4,max_verstappen,60,2,21.592
2021,4,alonso,61,2,23.479
2021,5,hamilton,29,1,23.783
2021,5,norris,30,1,23.874
2021,5,gasly,30,1,24.428
2021,5,vettel,31,1,24.369
2021,5,russell,31,1,23.928
2021,5,sainz,32,1,24.15
2021,5,giovinazzi,33,1,24.521
2021,5,max_verstappen,34,1,23.746
2021,5,perez,35,1,24.548
2021,5,mazepin,34,1,25.202
2021,5,ricciardo,36,1,24.715
2021,5,ocon,37,1,23.935
2021,5,mick_schumacher,37,1,24.797
2021,5,raikkonen,43,1,24.077
2021,5,latifi,43,1,23.703
2021,5,alonso,45,1,23.803
2021,5,stroll,58,1,23.474
2021,5,tsunoda,64,1,24.43
2021,5,hamilton,67,2,24.244
2021,6,russell,1,1,19.970
2021,6,giovinazzi,2,1,20.402
2021,6,alonso,7,1,20.168
2021,6,norris,7,1,20.533
2021,6,mick_schumacher,8,1,22.440
2021,6,leclerc,9,1,19.836
2021,6,tsunoda,9,1,20.253
2021,6,latifi,9,1,22.149
2021,6,mazepin,9,1,21.759
2021,6,sainz,10,1,20.064
2021,6,hamilton,11,1,22.470
2021,6,gasly,11,1,20.156
2021,6,bottas,11,1,20.356
2021,6,ricciardo,11,1,20.082
2021,6,max_verstappen,12,1,19.769
2021,6,perez,13,1,21.874
2021,6,raikkonen,13,1,20.048
2021,6,vettel,18,1,19.841
2021,6,alonso,34,2,19.983
2021,6,giovinazzi,34,2,20.193
2021,6,russell,34,2,20.029
2021,6,mick_schumacher,34,2,1:09.761
2021,6,mazepin,34,2,21.958
2021,6,mick_schumacher,44,3,21.587
2021,6,mazepin,44,3,24.780
2021,6,perez,47,2,15.277
2021,6,hamilton,47,2,15.432
2021,6,vettel,47,2,14.945
2021,6,gasly,47,2,15.085
2021,6,leclerc,47,2,15.092
2021,6,tsunoda,47,2,14.943
2021,6,norris,47,2,15.866
2021,6,sainz,47,2,15.119
2021,6,ricciardo,47,2,14.994
2021,6,alonso,47,3,15.432
2021,6,raikkonen,47,2,15.064
2021,6,giovinazzi,47,3,14.881
2021,6,bottas,47,2,21.346
2021,6,russell,47,3,21.438
2021,6,mazepin,46,4,15.054
2021,6,mick_schumacher,47,4,15.058
2021,6,perez,48,3,33:18.466
2021,6,hamilton,48,3,33:20.923
2021,6,vettel,48,3,33:20.416
2021,6,gasly,48,3,33:21.830
2021,6,leclerc,48,3,33:22.544
2021,6,tsunoda,48,3,33:23.526
2021,6,norris,48,3,33:30.409
2021,6,sainz,48,3,33:32.724
2021,6,ricciardo,48,3,33:35.163
2021,6,alonso,48,4,33:34.526
2021,6,raikkonen,48,3,33:36.437
2021,6,giovinazzi,48,4,33:37.324
2021,6,latifi,48,2,34:08.175
2021,6,bottas,48,3,33:55.229
2021,6,russell,48,4,33:56.172
2021,6,mazepin,47,5,30:28.965
2021,6,mick_schumacher,48,5,33:34.176
2021,6,mazepin,48,6,1:26.440
2021,7,leclerc,14,1,30.798
2021,7,tsunoda,15,1,30.226
2021,7,mick_schumacher,15,1,31.457
2021,7,ricciardo,16,1,29.951
2021,7,bottas,17,1,30.572
2021,7,sainz,17,1,30.534
2021,7,gasly,17,1,30.781
2021,7,russell,17,1,30.092
2021,7,max_verstappen,18,1,29.803
2021,7,alonso,18,1,31.288
2021,7,latifi,18,1,29.775
2021,7,hamilton,19,1,30.263
2021,7,perez,24,1,29.682
2021,7,norris,24,1,30.531
2021,7,ocon,28,1,30.207
2021,7,giovinazzi,28,1,30.586
2021,7,mazepin,31,1,30.983
2021,7,max_verstappen,32,2,30.123
2021,7,raikkonen,33,1,31.327
2021,7,stroll,34,1,30.996
2021,7,vettel,37,1,31.069
2021,7,leclerc,38,2,31.368
2021,8,leclerc,1,1,28.386
2021,8,latifi,1,1,26.419
2021,8,mazepin,21,1,22.759
2021,8,giovinazzi,23,1,21.21
2021,8,russell,25,1,37.309
2021,8,perez,26,1,23.477
2021,8,latifi,25,2,21.953
2021,8,tsunoda,26,1,21.234
2021,8,russell,26,2,46.315
2021,8,bottas,27,1,21.752
2021,8,alonso,27,1,21.131
2021,8,vettel,27,1,21.546
2021,8,hamilton,28,1,21.219
2021,8,stroll,28,1,20.936
2021,8,max_verstappen,29,1,20.936
2021,8,norris,31,1,21.692
2021,8,mick_schumacher,33,1,22.4
2021,8,raikkonen,36,1,21.227
2021,8,ocon,36,1,21.238
2021,8,leclerc,37,2,21.924
2021,8,sainz,41,1,21.226
2021,8,ricciardo,41,1,21.41
2021,8,perez,54,2,20.961
2021,8,hamilton,69,2,21.64
2021,9,giovinazzi,1,1,21.129
2021,9,tsunoda,12,1,21.145
2021,9,gasly,13,1,22.564
2021,9,stroll,14,1,21.391
2021,9,vettel,17,1,21.086
2021,9,mazepin,27,1,
2021,9,ricciardo,29,1,21.151
2021,9,giovinazzi,29,2,27.122
2021,9,norris,30,1,26.474
2021,9,bottas,30,1,21.071
2021,9,russell,30,1,21.606
2021,9,hamilton,31,1,21.005
2021,9,max_verstappen,32,1,21.09
2021,9,perez,32,1,21.735
2021,9,alonso,32,1,22.663
2021,9,latifi,33,1,21.152
2021,9,leclerc,34,1,21.143
2021,9,mick_schumacher,34,1,21.798
2021,9,raikkonen,37,1,21.896
2021,9,gasly,45,2,20.85
2021,9,mazepin,45,2,23.182
2021,9,stroll,46,2,21.472
2021,9,sainz,48,1,21.431
2021,9,vettel,49,2,20.841
2021,9,tsunoda,51,2,26.604
2021,9,hamilton,53,2,21.421
2021,9,max_verstappen,60,2,21.236
2021,10,leclerc,2,1,34:07.731
2021,10,hamilton,2,1,34:08.376
2021,10,bottas,2,1,34:09.149
2021,10,norris,2,1,34:12.218
2021,10,ricciardo,2,1,34:11.281
2021,10,vettel,2,1,34:15.222
2021,10,alonso,2,1,34:18.580
2021,10,sainz,2,1,34:19.122
2021,10,raikkonen,2,1,34:22.984
2021,10,ocon,2,1,34:26.994
2021,10,stroll,2,1,34:27.861
2021,10,gasly,2,1,34:27.244
2021,10,giovinazzi,2,1,34:30.250
2021,10,russell,2,1,34:32.543
2021,10,tsunoda,2,1,34:35.695
2021,10,mick_schumacher,2,1,34:35.728
2021,10,latifi,2,1,34:37.164
2021,10,mazepin,2,1,34:36.977
2021,10,perez,2,1,34:36.405
2021,10,raikkonen,18,2,28.110
2021,10,perez,18,2,27.892
2021,10,russell,18,2,27.812
2021,10,vettel,18,2,28.145
2021,10,ocon,19,2,28.772
2021,10,latifi,19,2,27.543
2021,10,ricciardo,20,2,28.817
2021,10,norris,21,2,31.706
2021,10,bottas,22,2,28.209
2021,10,stroll,23,2,28.213
2021,10,giovinazzi,23,2,28.137
2021,10,alonso,24,2,29.743
2021,10,mick_schumacher,24,2,29.319
2021,10,mazepin,25,2,29.253
2021,10,hamilton,27,2,40.266
2021,10,sainz,28,2,37.509
2021,10,gasly,28,2,28.685
2021,10,leclerc,29,2,28.433
2021,10,tsunoda,30,2,29.134
2021,10,perez,38,3,27.848
2021,10,gasly,46,3,28.180
2021,10,perez,48,4,29.082
2021,11,max_verstappen,1,1,22.569
2021,11,mazepin,1,1,23.715
2021,11,norris,1,1,38.267
2021,11,giovinazzi,1,1,26.573
2021,11,hamilton,2,1,24:09.259
2021,11,ocon,2,1,24:10.190
2021,11,vettel,2,1,24:11.890
2021,11,sainz,2,1,24:12.527
2021,11,tsunoda,2,1,24:13.630
2021,11,latifi,2,1,24:14.435
2021,11,alonso,2,1,24:14.979
2021,11,russell,2,1,24:17.487
2021,11,raikkonen,2,1,24:17.844
2021,11,mick_schumacher,2,1,24:17.042
2021,11,gasly,2,1,24:17.615
2021,11,ricciardo,2,1,24:17.127
2021,11,max_verstappen,2,2,24:16.349
2021,11,mazepin,2,2,24:17.420
2021,11,giovinazzi,2,2,24:16.349
2021,11,ocon,3,2,39.522
2021,11,vettel,3,2,40.882
2021,11,sainz,3,2,42.786
2021,11,tsunoda,3,2,40.740
2021,11,latifi,3,2,39.081
2021,11,alonso,3,2,37.122
2021,11,russell,3,2,29.374
2021,11,raikkonen,3,2,35.451
2021,11,mick_schumacher,3,2,36.813
2021,11,gasly,3,2,39.839
2021,11,ricciardo,3,2,34.492
2021,11,max_verstappen,3,3,35.245
2021,11,giovinazzi,3,3,36.899
2021,11,hamilton,4,2,21.731
2021,11,giovinazzi,11,4,29.191
2021,11,raikkonen,15,3,36.457
2021,11,hamilton,19,3,21.516
2021,11,ricciardo,20,3,21.623
2021,11,max_verstappen,20,4,21.047
2021,11,russell,21,3,22.186
2021,11,tsunoda,22,3,21.819
2021,11,latifi,23,3,22.704
2021,11,gasly,30,3,21.295
2021,11,sainz,32,3,21.951
2021,11,giovinazzi,33,5,21.874
2021,11,mick_schumacher,34,3,22.113
2021,11,vettel,36,3,22.703
2021,11,ocon,37,3,21.642
2021,11,alonso,39,3,21.523
2021,11,max_verstappen,40,5,20.848
2021,11,hamilton,47,4,21.208
2021,11,raikkonen,53,4,21.172
2021,11,gasly,68,4,21.543
2021,13,mick_schumacher,4,1,35.573
2021,13,perez,8,1,19.287
2021,13,vettel,10,1,18.664
2021,13,hamilton,20,1,19.77
2021,13,max_verstappen,21,1,19.142
2021,13,latifi,23,1,20.646
2021,13,gasly,24,1,19.163
2021,13,giovinazzi,27,1,19.049
2021,13,russell,27,1,18.634
2021,13,stroll,27,1,19.389
2021,13,ricciardo,30,1,19.449
2021,13,bottas,31,1,18.873
2021,13,sainz,31,1,20.327
2021,13,ocon,31,1,19.24
2021,13,tsunoda,31,1,19.85
2021,13,mick_schumacher,30,2,24.578
2021,13,alonso,33,1,19.018
2021,13,giovinazzi,33,2,20.043
2021,13,mazepin,33,1,19.999
2021,13,leclerc,34,1,19.49
2021,13,hamilton,39,2,18.868
2021,13,max_verstappen,40,2,18.578
2021,13,kubica,40,1,19.708
2021,13,norris,42,1,20.443
2021,13,vettel,44,2,18.681
2021,13,perez,47,2,18.555
2021,13,bottas,67,2,21.73
2021,13,hamilton,70,3,19.202
2021,13,russell,68,2,25.533
2021,14,giovinazzi,1,1,37.19
2021,14,ricciardo,22,1,23.812
2021,14,vettel,22,1,25.157
2021,14,max_verstappen,23,1,32.456
2021,14,latifi,23,1,24.168
2021,14,mick_schumacher,23,1,24.714
2021,14,norris,24,1,24.168
2021,14,mazepin,24,1,24.928
2021,14,hamilton,25,1,25.619
2021,14,stroll,25,1,24.846
2021,14,alonso,25,1,24.797
2021,14,giovinazzi,25,2,30.551
2021,14,leclerc,26,1,24.557
2021,14,perez,26,1,23.906
2021,14,sainz,26,1,24.283
2021,14,bottas,26,1,24.308
2021,14,ocon,26,1,30.333
2021,14,russell,26,1,24.156
2021,14,kubica,26,1,24.501
2021,14,vettel,26,2,25.927
2021,14,mazepin,28,2,24.806
2021,14,mazepin,39,3,30.917
2021,15,stroll,12,1,30.241
2021,15,russell,13,1,30.665
2021,15,latifi,13,1,30.056
2021,15,tsunoda,13,1,30.112
2021,15,sainz,14,1,30.715
2021,15,mazepin,14,1,30.127
2021,15,ocon,15,1,29.901
2021,15,raikkonen,15,1,30.102
2021,15,mick_schumacher,20,1,29.996
2021,15,ricciardo,22,1,33.617
2021,15,hamilton,26,1,29.878
2021,15,max_verstappen,26,1,29.578
2021,15,vettel,26,1,29.242
2021,15,norris,28,1,29.824
2021,15,bottas,28,1,29.936
2021,15,gasly,33,1,29.354
2021,15,leclerc,35,1,31.849
2021,15,perez,36,1,36.026
2021,15,alonso,36,1,30.157
2021,15,giovinazzi,36,1,30.081
2021,15,russell,47,2,32.081
2021,15,bottas,47,2,29.569
2021,15,raikkonen,47,2,30.131
2021,15,mazepin,46,2,33.931
2021,15,tsunoda,47,2,30.98
2021,15,max_verstappen,48,2,31.017
2021,15,sainz,48,2,30.677
2021,15,ricciardo,48,2,31.016
2021,15,stroll,48,2,43.124
2021,15,hamilton,49,2,30.045
2021,15,tsunoda,49,3,30.972
2021,15,alonso,50,2,30.702
2021,15,perez,50,2,32.313
2021,15,vettel,50,2,32.128
2021,15,gasly,50,2,31.915
2021,15,ocon,50,2,33.264
2021,15,giovinazzi,50,2,33.961
2021,15,norris,51,2,32.67
2021,15,leclerc,51,2,32.648
2021,16,ricciardo,21,1,23.028
2021,16,alonso,30,1,29.116
2021,16,norris,34,1,23.239
2021,16,latifi,34,1,24.104
2021,16,tsunoda,35,1,23.329
2021,16,russell,35,1,23.551
2021,16,max_verstappen,36,1,22.442
2021,16,sainz,36,1,28.353
2021,16,mazepin,35,1,23.829
2021,16,vettel,36,1,23.5
2021,16,bottas,37,1,22.962
2021,16,perez,37,1,22.463
2021,16,raikkonen,37,1,23.164
2021,16,vettel,37,2,23.514
2021,16,gasly,39,1,29.31
2021,16,stroll,39,1,35.509
2021,16,mick_schumacher,39,1,23.892
2021,16,giovinazzi,40,1,23.15
2021,16,leclerc,47,1,23.646
2021,16,hamilton,50,1,22.684
2021,17,mazepin,1,1,30.673
2021,17,ocon,3,1,40.8
2021,17,latifi,5,1,32.61
2021,17,alonso,7,1,23.576
2021,17,giovinazzi,8,1,23.993
2021,17,tsunoda,9,1,23.802
2021,17,russell,9,1,23.572
2021,17,max_verstappen,10,1,23.727
2021,17,norris,10,1,24.385
2021,17,gasly,10,1,23.745
2021,17,ricciardo,11,1,24.176
2021,17,sainz,11,1,23.414
2021,17,mick_schumacher,11,1,24.293
2021,17,perez,12,1,25.018
2021,17,leclerc,12,1,24.011
2021,17,raikkonen,12,1,24.191
2021,17,hamilton,13,1,24.481
2021,17,bottas,15,1,24.444
2021,17,vettel,17,1,24.977
2021,17,stroll,18,1,23.827
2021,17,mazepin,24,2,24.611
2021,17,latifi,25,2,23.653
2021,17,ocon,25,2,23.919
2021,17,giovinazzi,26,2,23.502
2021,17,alonso,28,2,23.844
2021,17,max_verstappen,29,2,24.052
2021,17,sainz,29,2,26.866
2021,17,perez,30,2,23.604
2021,17,ricciardo,30,2,24.036
2021,17,norris,30,2,25.548
2021,17,raikkonen,31,2,24.09
2021,17,russell,31,2,24.98
2021,17,leclerc,32,2,23.805
2021,17,tsunoda,32,2,23.529
2021,17,bottas,34,2,23.619
2021,17,stroll,34,2,23.455
2021,17,mick_schumacher,34,2,24.247
2021,17,hamilton,37,2,23.676
2021,17,vettel,38,2,23.849
2021,17,mazepin,37,3,24.169
2021,17,alonso,39,3,23.314
2021,18,ricciardo,1,1,38.128
2021,18,bottas,1,1,22.463
2021,18,latifi,11,1,23.681
2021,18,stroll,12,1,23.586
2021,18,mazepin,13,1,25.094
2021,18,ocon,14,1,23.1
2021,18,russell,15,1,21.984
2021,18,giovinazzi,16,1,22.205
2021,18,hamilton,29,1,22.373
2021,18,leclerc,30,1,22.085
2021,18,gasly,31,1,22.549
2021,18,raikkonen,32,1,22.424
2021,18,max_verstappen,33,1,21.908
2021,18,vettel,33,1,22.277
2021,18,stroll,34,2,26.056
2021,18,ricciardo,38,2,22.813
2021,18,alonso,39,1,23.985
2021,18,perez,40,1,22.114
2021,18,bottas,40,2,31.664
2021,18,sainz,42,1,22.031
2021,18,norris,44,1,22.534
2021,18,latifi,49,2,22.739
2021,18,mazepin,58,2,23.637
2021,18,bottas,63,3,22.68
2021,18,bottas,67,4,26.443
2021,19,norris,1,1,27.313
2021,19,tsunoda,4,1,31.939
2021,19,russell,6,1,22.978
2021,19,tsunoda,6,2,17.758
2021,19,norris,6,2,17.719
2021,19,max_verstappen,7,1,17.916
2021,19,perez,7,1,18.308
2021,19,hamilton,7,1,17.91
2021,19,bottas,7,1,17.899
2021,19,leclerc,7,1,17.943
2021,19,sainz,7,1,18.46
2021,19,vettel,7,1,18.107
2021,19,gasly,7,1,19.439
2021,19,ocon,7,1,19.285
2021,19,ricciardo,7,1,19.732
2021,19,alonso,7,1,17.751
2021,19,stroll,7,1,17.948
2021,19,giovinazzi,7,1,17.713
2021,19,mazepin,7,1,17.995
2021,19,mick_schumacher,7,1,17.861
2021,19,latifi,7,1,18.153
2021,19,raikkonen,7,1,18.327
2021,19,russell,7,2,20.844
2021,19,tsunoda,7,3,17.711
2021,19,norris,7,3,17.673
2021,19,max_verstappen,8,2,17.807
2021,19,perez,8,2,18.136
2021,19,hamilton,8,2,18.66
2021,19,bottas,8,2,17.837
2021,19,leclerc,8,2,17.771
2021,19,sainz,8,2,18.373
2021,19,vettel,8,2,17.896
2021,19,gasly,8,2,18.608
2021,19,ocon,8,2,17.818
2021,19,ricciardo,8,2,18.347
2021,19,alonso,8,2,17.705
2021,19,stroll,8,2,17.935
2021,19,giovinazzi,8,2,17.929
2021,19,mazepin,8,2,18.467
2021,19,mick_schumacher,8,2,18.588
2021,19,latifi,8,2,18.784
2021,19,raikkonen,8,2,18.763
2021,19,russell,8,3,18.179
2021,19,tsunoda,8,4,18.499
2021,19,norris,8,4,19.176
2021,19,mick_schumacher,11,3,41.173
2021,19,latifi,13,3,22.936
2021,19,stroll,22,3,24.997
2021,19,gasly,25,3,23.116
2021,19,hamilton,26,3,22.69
2021,19,sainz,26,3,23.321
2021,19,max_verstappen,27,3,22.722
2021,19,leclerc,27,3,22.667
2021,19,perez,28,3,23.165
2021,19,vettel,28,3,24.464
2021,19,raikkonen,28,3,23.541
2021,19,giovinazzi,29,3,23.618
2021,19,bottas,30,3,23.263
2021,19,mick_schumacher,29,4,25.597
2021,19,ricciardo,30,3,22.839
2021,19,ocon,30,3,23.504
2021,19,alonso,34,3,24.375
2021,19,mazepin,34,3,23.546
2021,19,norris,37,5,24.211
2021,19,tsunoda,39,5,35.416
2021,19,latifi,39,4,22.958
2021,19,max_verstappen,40,4,22.766
2021,19,bottas,41,4,22.856
2021,19,russell,41,4,23.132
2021,19,perez,42,4,22.656
2021,19,giovinazzi,42,4,22.83
2021,19,hamilton,43,4,22.664
2021,19,gasly,51,4,23.039
2021,19,leclerc,52,4,23.064
2021,19,raikkonen,52,4,22.666
2021,19,sainz,53,4,22.745
2021,19,vettel,55,4,22.978
2021,19,mick_schumacher,61,5,24.627
2021,19,perez,69,5,22.916
2021,20,tsunoda,9,1,25.659
2021,20,raikkonen,10,1,26.174
2021,20,gasly,13,1,25.63
2021,20,giovinazzi,15,1,25.987
2021,20,max_verstappen,17,1,25.3
2021,20,russell,17,1,26.121
2021,20,hamilton,18,1,25.235
2021,20,latifi,18,1,25.811
2021,20,perez,19,1,25.419
2021,20,mick_schumacher,22,1,25.881
2021,20,alonso,23,1,25.991
2021,20,stroll,23,1,26.157
2021,20,ocon,24,1,25.517
2021,20,norris,25,1,25.319
2021,20,ricciardo,26,1,25.562
2021,20,vettel,26,1,25.726
2021,20,sainz,27,1,25.639
2021,20,leclerc,27,1,25.799
2021,20,raikkonen,30,2,25.633
2021,20,mazepin,31,1,26.515
2021,20,giovinazzi,32,2,25.347
2021,20,bottas,33,1,36.341
2021,20,tsunoda,34,2,26.674
2021,20,gasly,35,2,26.109
2021,20,max_verstappen,41,2,25.175
2021,20,perez,41,2,25.42
2021,20,hamilton,42,2,25.381
2021,20,norris,49,2,26.552
2021,20,russell,49,2,35.006
2021,20,max_verstappen,55,3,25.465
2021,21,stroll,9,1,27.165
2021,21,russell,9,1,20.519
2021,21,hamilton,10,1,20.580
2021,21,bottas,10,1,21.668
2021,21,leclerc,10,1,20.531
2021,21,perez,10,1,20.710
2021,21,norris,10,1,20.973
2021,21,alonso,10,1,20.405
2021,21,latifi,10,1,24.220
2021,21,max_verstappen,13,1,16:36.375
2021,21,hamilton,13,2,16:35.856
2021,21,bottas,13,2,16:35.942
2021,21,ocon,13,1,16:37.126
2021,21,ricciardo,13,1,16:37.029
2021,21,leclerc,13,2,16:39.485
2021,21,gasly,13,1,16:41.775
2021,21,perez,13,2,16:42.619
2021,21,sainz,13,1,16:44.618
2021,21,giovinazzi,13,1,16:44.917
2021,21,tsunoda,13,1,16:46.407
2021,21,raikkonen,13,1,16:48.569
2021,21,vettel,13,1,16:52.304
2021,21,norris,13,2,16:57.303
2021,21,alonso,13,2,16:59.850
2021,21,mazepin,13,1,16:59.226
2021,21,russell,13,2,17:01.615
2021,21,stroll,13,2,17:00.939
2021,21,latifi,13,2,16:57.257
2021,21,max_verstappen,15,2,18:07.591
2021,21,ocon,15,2,18:08.290
2021,21,hamilton,15,3,18:06.674
2021,21,ricciardo,15,2,18:07.296
2021,21,bottas,15,3,18:09.473
2021,21,gasly,15,2,18:12.287
2021,21,leclerc,15,3,18:15.192
2021,21,giovinazzi,15,2,18:14.749
2021,21,sainz,15,2,18:17.194
2021,21,vettel,15,2,18:18.749
2021,21,raikkonen,15,2,18:19.282
2021,21,tsunoda,15,2,18:20.644
2021,21,alonso,15,3,18:21.826
2021,21,stroll,15,3,18:22.979
2021,21,latifi,15,3,18:27.052
2021,21,norris,15,3,18:36.576
2021,21,tsunoda,23,3,27.874
2021,21,raikkonen,26,3,34.489
2021,21,alonso,44,4,21.097
2021,22,mick_schumacher,10,1,22.124
2021,22,max_verstappen,13,1,21.152
2021,22,hamilton,14,1,21.595
2021,22,leclerc,15,1,22.461
2021,22,ocon,15,1,21.677
2021,22,norris,17,1,21.38
2021,22,giovinazzi,17,1,22.283
2021,22,ricciardo,18,1,21.449
2021,22,sainz,19,1,22.213
2021,22,perez,21,1,21.471
2021,22,stroll,21,1,22.288
2021,22,raikkonen,21,1,22.338
2021,22,tsunoda,23,1,22.455
2021,22,vettel,23,1,21.221
2021,22,latifi,28,1,21.241
2021,22,bottas,30,1,21.669
2021,22,leclerc,35,2,21.173
2021,22,max_verstappen,36,2,21.871
2021,22,perez,36,2,21.413
2021,22,gasly,36,1,22.133
2021,22,alonso,36,1,21.304
2021,22,norris,48,2,22.173
2021,22,max_verstappen,53,3,21.453
2021,22,ricciardo,52,2,22.056
2021,22,stroll,52,2,22.661
2021,22,perez,53,3,21.385
2021,22,mick_schumacher,52,2,22.07
2021,22,tsunoda,53,2,21.909
2021,22,gasly,54,2,21.92
2022,1,hamilton,11,1,25.201
2022,1,alonso,11,1,25.365
2022,1,mick_schumacher,12,1,25.214
2022,1,albon,13,1,24.874
2022,1,max_verstappen,14,1,24.897
2022,1,sainz,14,1,24.666
2022,1,kevin_magnussen,14,1,25.478
2022,1,gasly,14,1,24.575
2022,1,ocon,14,1,30.484
2022,1,bottas,14,1,25.893
2022,1,latifi,14,1,24.457
2022,1,leclerc,15,1,25.012
2022,1,perez,15,1,25.046
2022,1,russell,15,1,25.888
2022,1,tsunoda,15,1,26.095
2022,1,zhou,15,1,25.428
2022,1,ricciardo,17,1,24.915
2022,1,stroll,18,1,25.739
2022,1,hulkenberg,19,1,27.365
2022,1,norris,24,1,24.568
2022,1,alonso,25,2,24.909
2022,1,hamilton,27,2,25.796
2022,1,tsunoda,29,2,24.35
2022,1,max_verstappen,30,2,24.937
2022,1,ocon,30,2,25.393
2022,1,leclerc,31,2,24.527
2022,1,gasly,32,2,25.875
2022,1,latifi,32,2,24.778
2022,1,sainz,33,2,24.438
2022,1,perez,33,2,24.173
2022,1,russell,33,2,25.334
2022,1,ricciardo,33,2,24.885
2022,1,kevin_magnussen,34,2,25.876
2022,1,mick_schumacher,35,2,25.586
2022,1,albon,35,2,25.57
2022,1,bottas,36,2,25.156
2022,1,zhou,37,2,25.291
2022,1,hulkenberg,37,2,26.712
2022,1,stroll,38,2,26.957
2022,1,norris,41,2,27.367
2022,1,alonso,42,3,24.508
2022,1,max_verstappen,43,3,24.402
2022,1,perez,43,3,24.947
2022,1,ocon,43,3,24.233
2022,1,sainz,44,3,24.287
2022,1,hamilton,44,3,25.579
2022,1,tsunoda,44,3,24.188
2022,1,ricciardo,44,3,25.139
2022,1,russell,45,3,25.574
2022,1,hulkenberg,44,3,25.748
2022,1,bottas,45,3,25.188
2022,1,zhou,45,3,28.647
2022,1,leclerc,46,3,24.613
2022,1,stroll,45,3,25.039
2022,1,norris,45,3,24.975
2022,1,latifi,45,3,24.658
2022,1,kevin_magnussen,46,3,26.051
2022,1,albon,46,3,25.055
2022,2,ricciardo,8,1,20.65
2022,2,stroll,13,1,22.339
2022,2,albon,13,1,20.683
2022,2,perez,15,1,20.481
2022,2,gasly,15,1,22.82
2022,2,leclerc,16,1,21.038
2022,2,max_verstappen,16,1,20.731
2022,2,sainz,16,1,21.521
2022,2,russell,16,1,21.415
2022,2,alonso,16,1,21.543
2022,2,bottas,16,1,22.561
2022,2,ocon,16,1,21.141
2022,2,norris,16,1,20.383
2022,2,zhou,16,1,33.734
2022,2,zhou,27,2,15.103
2022,2,bottas,35,2,22.71
2022,2,kevin_magnussen,37,1,22.374
2022,2,hulkenberg,37,1,21.425
2022,2,hamilton,40,1,21.788
2022,3,stroll,3,1,18.242
2022,3,stroll,4,2,18.56
2022,3,latifi,13,1,18.552
2022,3,mick_schumacher,14,1,19.039
2022,3,ocon,17,1,19.128
2022,3,max_verstappen,18,1,18.281
2022,3,tsunoda,18,1,18.443
2022,3,perez,20,1,17.434
2022,3,norris,20,1,17.556
2022,3,ricciardo,21,1,18.15
2022,3,gasly,21,1,18.926
2022,3,zhou,21,1,18.38
2022,3,leclerc,22,1,17.973
2022,3,hamilton,22,1,17.877
2022,3,bottas,22,1,18.413
2022,3,russell,23,1,18.479
2022,3,stroll,23,3,20.402
2022,3,latifi,23,2,17.936
2022,3,alonso,39,1,18.796
2022,3,kevin_magnussen,39,1,19.111
2022,3,alonso,53,2,18.394
2022,3,albon,57,1,19.845
2022,4,ricciardo,2,1,32.362
2022,4,ricciardo,16,2,30.422
2022,4,vettel,17,1,30.484
2022,4,gasly,17,1,30.405
2022,4,albon,17,1,30.793
2022,4,perez,18,1,30.366
2022,4,russell,18,1,31.079
2022,4,bottas,18,1,40.957
2022,4,kevin_magnussen,18,1,33.765
2022,4,tsunoda,18,1,30.372
2022,4,stroll,18,1,32.667
2022,4,hamilton,18,1,32.74
2022,4,ocon,18,1,31.409
2022,4,latifi,18,1,31.125
2022,4,zhou,18,1,32.203
2022,4,mick_schumacher,18,1,31.32
2022,4,max_verstappen,19,1,30.001
2022,4,leclerc,19,1,31.794
2022,4,norris,19,1,30.07
2022,4,ricciardo,30,3,30.155
2022,4,leclerc,49,2,30.042
2022,4,perez,50,2,29.627
2022,4,max_verstappen,51,2,29.942
2022,4,mick_schumacher,52,2,30.984
2022,4,leclerc,53,3,36.56
2022,5,tsunoda,11,1,18.87
2022,5,kevin_magnussen,12,1,19.76
2022,5,mick_schumacher,14,1,20.413
2022,5,alonso,15,1,21.638
2022,5,gasly,16,1,19.543
2022,5,albon,16,1,20.059
2022,5,norris,18,1,19.986
2022,5,hamilton,22,1,18.82
2022,5,leclerc,24,1,19.697
2022,5,max_verstappen,26,1,18.798
2022,5,bottas,26,1,19.614
2022,5,sainz,27,1,22.063
2022,5,perez,27,1,18.519
2022,5,ricciardo,30,1,19.484
2022,5,latifi,34,1,19.185
2022,5,russell,40,1,19.035
2022,5,stroll,40,1,19.074
2022,5,gasly,40,2,19.007
2022,5,perez,41,2,18.433
2022,5,ocon,41,1,19.019
2022,5,vettel,41,1,19.861
2022,5,ricciardo,41,2,19.28
2022,5,tsunoda,41,2,19.618
2022,5,kevin_magnussen,42,2,20.673
2022,5,mick_schumacher,54,2,32.381
2022,6,hamilton,1,1,31.054
2022,6,kevin_magnussen,1,1,29.632
2022,6,sainz,10,1,22.341
2022,6,alonso,10,1,22.375
2022,6,gasly,10,1,22.008
2022,6,zhou,10,1,23.109
2022,6,tsunoda,11,1,23.083
2022,6,ricciardo,11,1,22.124
2022,6,albon,11,1,23.419
2022,6,norris,12,1,21.916
2022,6,mick_schumacher,12,1,23.582
2022,6,latifi,12,1,23.189
2022,6,russell,13,1,22.154
2022,6,max_verstappen,13,1,22.173
2022,6,ocon,13,1,22.137
2022,6,bottas,14,1,22.987
2022,6,stroll,14,1,22.833
2022,6,perez,17,1,22.032
2022,6,leclerc,21,1,21.794
2022,6,vettel,21,1,22.536
2022,6,hamilton,22,2,22.105
2022,6,albon,25,2,22.657
2022,6,latifi,26,2,22.311
2022,6,stroll,27,2,23.394
2022,6,max_verstappen,28,2,21.966
2022,6,gasly,29,2,27.947
2022,6,kevin_magnussen,29,2,23.878
2022,6,mick_schumacher,30,2,23.127
2022,6,sainz,31,2,21.867
2022,6,alonso,31,2,21.914
2022,6,ricciardo,31,2,22.399
2022,6,tsunoda,32,2,22.802
2022,6,norris,33,2,23.341
2022,6,bottas,34,2,22.541
2022,6,ocon,35,2,22.953
2022,6,russell,36,2,22.039
2022,6,perez,37,2,21.619
2022,6,vettel,42,2,22.456
2022,6,max_verstappen,44,3,21.941
2022,6,sainz,45,3,22.302
2022,6,albon,45,3,23.328
2022,6,gasly,46,3,21.838
2022,6,stroll,46,3,23.812
2022,6,hamilton,48,3,22.241
2022,6,ricciardo,48,3,22.154
2022,6,russell,51,3,22.815
2022,6,latifi,50,3,22.761
2022,6,norris,51,3,22.165
2022,6,ocon,52,3,22.033
2022,6,tsunoda,52,3,22.316
2022,6,perez,53,3,21.694
2022,6,alonso,53,3,25.407
2022,6,albon,54,4,23.404
2022,7,stroll,1,1,26.731
2022,7,latifi,1,1,36.773
2022,7,gasly,2,1,35.486
2022,7,stroll,2,2,32.750
2022,7,latifi,2,2,36.351
2022,7,mick_schumacher,4,1,27.637
2022,7,vettel,6,1,24.965
2022,7,tsunoda,6,1,25.068
2022,7,hamilton,15,1,24.796
2022,7,perez,16,1,24.409
2022,7,norris,17,1,24.872
2022,7,mick_schumacher,17,2,36.854
2022,7,leclerc,18,1,25.710
2022,7,max_verstappen,18,1,27.009
2022,7,albon,18,1,27.231
2022,7,ricciardo,19,1,26.056
2022,7,zhou,19,1,25.594
2022,7,latifi,19,3,26.910
2022,7,bottas,20,1,25.865
2022,7,sainz,21,1,24.666
2022,7,leclerc,21,2,28.034
2022,7,russell,21,1,25.352
2022,7,alonso,21,1,24.526
2022,7,ocon,21,1,24.875
2022,7,tsunoda,21,2,26.021
2022,7,perez,22,2,24.536
2022,7,max_verstappen,22,2,26.930
2022,7,norris,22,2,24.760
2022,7,hamilton,22,2,24.507
2022,7,gasly,22,2,28.770
2022,7,albon,22,2,31.518
2022,7,vettel,23,2,25.133
2022,7,stroll,24,3,25.650
2022,7,perez,30,3,19:32.062
2022,7,sainz,30,2,19:34.793
2022,7,max_verstappen,30,3,19:35.575
2022,7,stroll,29,4,19:34.965
2022,7,leclerc,30,3,19:36.822
2022,7,tsunoda,29,3,19:34.444
2022,7,zhou,29,2,19:34.235
2022,7,russell,30,2,19:37.545
2022,7,norris,30,3,19:43.029
2022,7,latifi,29,4,19:41.839
2022,7,alonso,30,2,19:42.058
2022,7,hamilton,30,3,19:46.281
2022,7,albon,29,3,19:45.676
2022,7,ocon,30,2,19:46.485
2022,7,bottas,30,2,19:46.699
2022,7,vettel,30,3,19:29.495
2022,7,gasly,30,3,19:29.460
2022,7,ricciardo,30,2,19:28.673
2022,7,norris,51,4,24.607
2022,7,tsunoda,56,4,25.266
2022,8,latifi,3,1,29.395
2022,8,leclerc,9,1,23.212
2022,8,russell,9,1,20.538
2022,8,gasly,9,1,22.698
2022,8,hamilton,9,1,21.47
2022,8,vettel,9,1,20.249
2022,8,tsunoda,9,1,23.083
2022,8,zhou,9,1,23.001
2022,8,kevin_magnussen,9,1,21.555
2022,8,albon,9,1,25.577
2022,8,mick_schumacher,9,1,26.973
2022,8,perez,16,1,23.379
2022,8,latifi,17,2,22.069
2022,8,max_verstappen,18,1,21.468
2022,8,alonso,18,1,20.571
2022,8,norris,20,1,21.443
2022,8,mick_schumacher,23,2,22.231
2022,8,albon,29,2,21.54
2022,8,stroll,30,1,22.059
2022,8,max_verstappen,33,2,20.722
2022,8,perez,33,2,22.349
2022,8,russell,33,2,20.527
2022,8,hamilton,33,2,20.831
2022,8,ricciardo,33,1,21.794
2022,8,ocon,33,1,22.638
2022,8,bottas,33,1,20.979
2022,8,tsunoda,38,2,41.5
2022,9,vettel,5,1,23.406
2022,9,gasly,5,1,23.557
2022,9,kevin_magnussen,7,1,38.262
2022,9,max_verstappen,9,1,24.217
2022,9,hamilton,9,1,23.845
2022,9,tsunoda,9,1,23.248
2022,9,latifi,9,1,24.02
2022,9,albon,18,1,23.804
2022,9,russell,19,1,23.951
2022,9,ocon,19,1,25.684
2022,9,zhou,19,1,24.281
2022,9,ricciardo,19,1,27.937
2022,9,norris,19,1,43.032
2022,9,vettel,19,2,23.681
2022,9,sainz,20,1,24.215
2022,9,alonso,28,1,23.779
2022,9,gasly,36,2,23.613
2022,9,latifi,37,2,30.034
2022,9,leclerc,41,1,26.199
2022,9,max_verstappen,43,2,23.704
2022,9,norris,42,2,24.134
2022,9,hamilton,44,2,23.841
2022,9,russell,45,2,24.069
2022,9,stroll,47,1,25.252
2022,9,tsunoda,47,2,23.45
2022,9,sainz,49,2,24.881
2022,9,albon,48,2,23.53
2022,9,ocon,49,2,23.945
2022,9,alonso,49,2,25.139
2022,9,bottas,49,1,26.089
2022,9,zhou,49,2,23.98
2022,9,ricciardo,49,2,24.833
2022,10,max_verstappen,1,1,50:37.323
2022,10,sainz,1,1,50:31.752
2022,10,hamilton,1,1,50:46.888
2022,10,leclerc,1,1,50:36.360
2022,10,alonso,1,1,50:55.700
2022,10,perez,1,1,50:34.772
2022,10,norris,1,1,50:43.215
2022,10,latifi,1,1,50:51.904
2022,10,bottas,1,1,50:55.732
2022,10,ricciardo,1,1,51:03.314
2022,10,gasly,1,1,50:48.950
2022,10,kevin_magnussen,1,1,51:03.613
2022,10,vettel,1,1,51:07.301
2022,10,stroll,1,1,51:09.017
2022,10,mick_schumacher,1,1,51:05.174
2022,10,tsunoda,1,1,50:11.861
2022,10,ocon,1,1,49:10.760
2022,10,perez,5,2,37.302
2022,10,vettel,6,2,29.846
2022,10,max_verstappen,12,2,29.395
2022,10,stroll,15,2,28.632
2022,10,gasly,16,2,29.632
2022,10,tsunoda,18,2,34.759
2022,10,latifi,19,2,28.829
2022,10,mick_schumacher,19,2,29.147
2022,10,sainz,20,2,28.574
2022,10,ricciardo,20,2,30.262
2022,10,ocon,22,2,30.342
2022,10,kevin_magnussen,22,2,29.473
2022,10,max_verstappen,23,3,29.296
2022,10,leclerc,25,2,28.805
2022,10,ricciardo,32,3,30.599
2022,10,hamilton,33,2,29.837
2022,10,alonso,33,2,28.733
2022,10,norris,34,2,28.947
2022,10,sainz,39,3,28.435
2022,10,hamilton,39,3,28.996
2022,10,ricciardo,38,4,29.345
2022,10,perez,39,3,28.155
2022,10,tsunoda,38,3,29.448
2022,10,alonso,39,3,28.841
2022,10,vettel,39,3,28.540
2022,10,max_verstappen,39,4,28.709
2022,10,mick_schumacher,39,3,30.832
2022,10,latifi,39,3,28.438
2022,10,norris,40,3,28.659
2022,10,stroll,40,3,29.780
2022,11,perez,1,1,23.681
2022,11,bottas,6,1,24.677
2022,11,russell,11,1,38.201
2022,11,albon,11,1,22.301
2022,11,ricciardo,12,1,21.356
2022,11,gasly,12,1,22.724
2022,11,latifi,12,1,21.722
2022,11,max_verstappen,13,1,22.022
2022,11,norris,14,1,22.684
2022,11,kevin_magnussen,15,1,22.205
2022,11,ocon,16,1,21.755
2022,11,mick_schumacher,16,1,22.12
2022,11,vettel,20,1,22.112
2022,11,zhou,24,1,22.704
2022,11,leclerc,26,1,21.532
2022,11,tsunoda,26,1,21.749
2022,11,sainz,27,1,21.212
2022,11,alonso,27,1,21.552
2022,11,hamilton,28,1,23.026
2022,11,stroll,29,1,21.431
2022,11,latifi,35,2,21.206
2022,11,max_verstappen,36,2,21.444
2022,11,bottas,39,2,22.278
2022,11,russell,40,2,21.731
2022,11,gasly,40,2,27.61
2022,11,kevin_magnussen,41,2,22.088
2022,11,albon,41,2,22.122
2022,11,mick_schumacher,43,2,22.88
2022,11,norris,43,2,27.324
2022,11,ocon,44,2,22.109
2022,11,ricciardo,44,2,21.889
2022,11,vettel,44,2,21.583
2022,11,zhou,46,2,28.86
2022,11,tsunoda,46,2,21.519
2022,11,leclerc,49,2,21.319
2022,11,stroll,48,2,21.952
2022,11,sainz,50,2,21.492
2022,11,hamilton,51,2,22.697
2022,11,alonso,57,2,21.827
2022,11,leclerc,58,3,21.65
2022,11,max_verstappen,58,3,21.319
2022,11,alonso,58,3,24.252
2022,12,kevin_magnussen,8,1,36.779
2022,12,mick_schumacher,9,1,36.704
2022,12,zhou,9,1,36.444
2022,12,tsunoda,11,1,37.648
2022,12,max_verstappen,16,1,35.266
2022,12,hamilton,18,1,37.189
2022,12,perez,18,1,38.061
2022,12,russell,18,1,38.277
2022,12,alonso,18,1,36.524
2022,12,norris,18,1,37.539
2022,12,ocon,18,1,44.747
2022,12,sainz,18,1,41.458
2022,12,ricciardo,18,1,36.264
2022,12,stroll,18,1,39.844
2022,12,albon,18,1,37.38
2022,12,gasly,18,1,35.969
2022,12,bottas,18,1,37.855
2022,12,kevin_magnussen,18,2,36.403
2022,12,mick_schumacher,18,2,37.003
2022,12,vettel,19,1,36.671
2022,12,latifi,19,1,37.497
2022,12,zhou,22,2,50.79
2022,12,bottas,36,2,36.52
2022,12,latifi,38,2,36.942
2022,12,sainz,42,2,42.292
2022,13,albon,2,1,31.224
2022,13,kevin_magnussen,6,1,29.641
2022,13,tsunoda,13,1,21.577
2022,13,norris,14,1,23.567
2022,13,stroll,14,1,21.779
2022,13,ricciardo,15,1,21.558
2022,13,vettel,15,1,21.402
2022,13,russell,16,1,22.763
2022,13,max_verstappen,16,1,21.351
2022,13,gasly,16,1,21.675
2022,13,sainz,17,1,22.82
2022,13,perez,18,1,21.118
2022,13,latifi,18,1,21.865
2022,13,hamilton,19,1,21.699
2022,13,leclerc,21,1,21.775
2022,13,alonso,21,1,22.083
2022,13,mick_schumacher,21,1,22.953
2022,13,albon,21,2,21.816
2022,13,ocon,23,1,23.581
2022,13,bottas,26,1,22.272
2022,13,zhou,27,1,22.321
2022,13,tsunoda,33,2,22.016
2022,13,kevin_magnussen,35,2,23.21
2022,13,max_verstappen,38,2,21.228
2022,13,leclerc,39,2,21.972
2022,13,russell,39,2,21.743
2022,13,latifi,39,2,22.452
2022,13,albon,40,3,24.298
2022,13,mick_schumacher,41,2,22.566
2022,13,perez,42,2,21.167
2022,13,norris,42,2,21.855
2022,13,ricciardo,46,2,21.521
2022,13,stroll,46,2,21.615
2022,13,vettel,46,2,25.03
2022,13,gasly,46,2,21.489
2022,13,sainz,47,2,23.456
2022,13,hamilton,51,2,22.095
2022,13,zhou,51,2,28.218
2022,13,tsunoda,51,3,22.128
2022,13,leclerc,54,3,21.544
2022,13,latifi,56,3,28.777
2022,13,kevin_magnussen,67,3,23.147
2022,14,leclerc,3,1,24.198
2022,14,latifi,3,1,35.825
2022,14,albon,10,1,23.334
2022,14,gasly,10,1,22.857
2022,14,sainz,11,1,22.543
2022,14,alonso,11,1,22.641
2022,14,kevin_magnussen,11,1,26.815
2022,14,ricciardo,12,1,23.085
2022,14,ocon,12,1,23.511
2022,14,russell,13,1,22.825
2022,14,norris,13,1,23.036
2022,14,perez,14,1,22.349
2022,14,vettel,14,1,23.222
2022,14,zhou,14,1,23.744
2022,14,mick_schumacher,14,1,24.158
2022,14,max_verstappen,15,1,22.882
2022,14,stroll,15,1,23.555
2022,14,latifi,15,2,24.168
2022,14,tsunoda,18,1,30.055
2022,14,gasly,22,2,22.542
2022,14,sainz,25,2,22.75
2022,14,leclerc,25,2,23.189
2022,14,alonso,25,2,23.954
2022,14,albon,26,2,24.415
2022,14,stroll,26,2,23.349
2022,14,perez,27,2,22.65
2022,14,kevin_magnussen,27,2,23.396
2022,14,zhou,28,2,23.364
2022,14,russell,29,2,22.977
2022,14,norris,29,2,23.56
2022,14,max_verstappen,30,2,22.322
2022,14,tsunoda,30,2,24.253
2022,14,mick_schumacher,30,2,24.982
2022,14,ocon,32,2,23.491
2022,14,ricciardo,32,2,23.146
2022,14,vettel,33,2,22.833
2022,14,latifi,34,3,23.414
2022,14,leclerc,42,3,23.334
2022,15,vettel,9,1,22.391
2022,15,gasly,11,1,18.789
2022,15,ricciardo,11,1,19.546
2022,15,alonso,12,1,19.578
2022,15,zhou,12,1,19.548
2022,15,mick_schumacher,13,1,26.813
2022,15,tsunoda,13,1,18.774
2022,15,latifi,13,1,20.284
2022,15,sainz,14,1,29.705
2022,15,perez,14,1,18.835
2022,15,kevin_magnussen,14,1,20.785
2022,15,stroll,16,1,20.205
2022,15,bottas,16,1,19.741
2022,15,leclerc,17,1,19.08
2022,15,norris,17,1,19.303
2022,15,max_verstappen,18,1,19.634
2022,15,ocon,18,1,19.455
2022,15,albon,21,1,19.325
2022,15,latifi,26,2,20.733
2022,15,ricciardo,27,2,19.567
2022,15,hamilton,29,1,19.046
2022,15,russell,31,1,19.359
2022,15,gasly,32,2,18.7
2022,15,mick_schumacher,33,2,21.814
2022,15,bottas,34,2,21.049
2022,15,kevin_magnussen,34,2,23.71
2022,15,vettel,35,2,19.156
2022,15,zhou,37,2,25.433
2022,15,stroll,38,2,20.214
2022,15,perez,40,2,18.738
2022,15,tsunoda,42,2,19.293
2022,15,albon,42,2,19.911
2022,15,sainz,43,2,19.493
2022,15,leclerc,45,2,19.084
2022,15,tsunoda,43,3,52.684
2022,15,norris,47,2,21.117
2022,15,alonso,47,2,21.501
2022,15,max_verstappen,48,2,19.61
2022,15,hamilton,48,2,19.164
2022,15,russell,48,2,20.742
2022,15,mick_schumacher,47,3,20.283
2022,15,kevin_magnussen,47,3,23.663
2022,15,ricciardo,47,3,19.718
2022,15,vettel,48,3,18.709
2022,15,latifi,54,3,20.051
2022,15,max_verstappen,56,3,19.655
2022,15,albon,55,3,20.508
2022,15,leclerc,56,3,19.576
2022,15,perez,56,3,19.25
2022,15,zhou,55,3,20.188
2022,15,ricciardo,55,4,20.295
2022,15,ocon,56,2,21.602
2022,15,stroll,56,3,19.141
2022,15,gasly,56,3,18.572
2022,15,hamilton,57,3,14.155
2022,15,latifi,55,4,14.459
2022,15,russell,57,3,21.363
2022,15,max_verstappen,57,4,14.113
2022,15,albon,56,4,14.114
2022,15,mick_schumacher,56,4,14.144
2022,15,vettel,56,4,14.349
2022,15,leclerc,57,4,14.008
2022,15,kevin_magnussen,56,4,14.175
2022,15,perez,57,4,14.113
2022,15,zhou,56,4,14.128
2022,15,sainz,57,3,21.164
2022,15,norris,57,3,21.264
2022,15,alonso,57,3,15.762
2022,15,ricciardo,56,5,14.493
2022,15,ocon,57,3,14.041
2022,15,stroll,57,4,14.118
2022,15,gasly,57,4,13.973
2022,16,perez,7,1,23.698
2022,16,leclerc,12,1,23.531
2022,16,latifi,15,1,26.782
2022,16,gasly,18,1,25.376
2022,16,zhou,18,1,25.366
2022,16,stroll,18,1,24.254
2022,16,ricciardo,19,1,25.164
2022,16,de_vries,19,1,24.628
2022,16,ocon,19,1,24.336
2022,16,tsunoda,19,1,24.009
2022,16,russell,23,1,25.075
2022,16,kevin_magnussen,24,1,30.164
2022,16,max_verstappen,25,1,23.791
2022,16,sainz,30,1,23.728
2022,16,leclerc,33,2,23.904
2022,16,hamilton,33,1,24.282
2022,16,mick_schumacher,33,1,24.817
2022,16,norris,35,1,26.714
2022,16,bottas,35,1,24.758
2022,16,perez,42,2,23.299
2022,16,russell,47,2,24.114
2022,16,kevin_magnussen,46,2,24.846
2022,16,sainz,47,2,24.525
2022,16,norris,47,2,24.784
2022,16,max_verstappen,48,2,24.091
2022,16,tsunoda,47,2,23.904
2022,16,leclerc,48,3,23.719
2022,16,latifi,47,2,24.263
2022,17,kevin_magnussen,7,1,39.247
2022,17,russell,21,1,30.378
2022,17,gasly,33,1,29.867
2022,17,tsunoda,33,1,31.293
2022,17,bottas,33,1,32.167
2022,17,kevin_magnussen,33,2,32.603
2022,17,leclerc,34,1,32.058
2022,17,hamilton,34,1,41.019
2022,17,vettel,34,1,29.704
2022,17,mick_schumacher,34,1,31.201
2022,17,perez,35,1,29.55
2022,17,sainz,35,1,30.603
2022,17,max_verstappen,35,1,29.407
2022,17,stroll,35,1,29.863
2022,17,russell,35,2,29.713
2022,17,norris,36,1,30.528
2022,17,ricciardo,36,1,30.946
2022,17,max_verstappen,40,2,29.775
2022,17,mick_schumacher,41,2,34.722
2022,17,russell,41,3,33.211
2022,17,russell,51,4,29.893
2022,18,gasly,1,1,41.319
2022,18,max_verstappen,2,1,6:27.399
2022,18,leclerc,2,1,6:29.973
2022,18,perez,2,1,6:32.517
2022,18,ocon,2,1,6:33.601
2022,18,hamilton,2,1,6:36.504
2022,18,alonso,2,1,6:36.837
2022,18,russell,2,1,6:41.057
2022,18,ricciardo,2,1,6:41.749
2022,18,tsunoda,2,1,6:42.478
2022,18,mick_schumacher,2,1,6:40.857
2022,18,stroll,2,1,6:40.463
2022,18,kevin_magnussen,2,1,6:42.029
2022,18,norris,2,1,6:46.256
2022,18,bottas,2,1,6:47.553
2022,18,latifi,2,1,6:47.673
2022,18,vettel,2,1,6:49.647
2022,18,zhou,2,1,6:50.005
2022,18,gasly,2,2,6:49.011
2022,18,latifi,5,2,24.785
2022,18,vettel,5,2,24.218
2022,18,norris,6,2,24.595
2022,18,bottas,6,2,24.869
2022,18,max_verstappen,7,2,24.308
2022,18,leclerc,7,2,25.899
2022,18,perez,7,2,25.322
2022,18,ocon,7,2,25.172
2022,18,hamilton,7,2,25.059
2022,18,russell,7,2,28.728
2022,18,tsunoda,7,2,24.439
2022,18,kevin_magnussen,7,2,25.594
2022,18,stroll,7,2,24.005
2022,18,gasly,7,3,24.966
2022,18,alonso,8,2,24.106
2022,18,ricciardo,8,2,25.377
2022,18,zhou,9,2,24.563
2022,18,mick_schumacher,11,2,24.608
2022,18,zhou,18,3,24.266
2022,18,stroll,19,3,23.870
2022,18,gasly,19,4,23.966
2022,18,tsunoda,20,3,23.756
2022,18,alonso,22,3,24.123
2022,19,latifi,5,1,25.321
2022,19,albon,9,1,24.624
2022,19,zhou,9,1,27.326
2022,19,bottas,10,1,25.013
2022,19,tsunoda,10,1,23.688
2022,19,ricciardo,10,1,26.206
2022,19,gasly,11,1,23.67
2022,19,hamilton,12,1,24.362
2022,19,max_verstappen,13,1,23.866
2022,19,russell,13,1,30.038
2022,19,perez,14,1,23.403
2022,19,norris,14,1,24.026
2022,19,stroll,15,1,25.417
2022,19,leclerc,18,1,24.314
2022,19,vettel,18,1,24.307
2022,19,alonso,18,1,23.87
2022,19,ocon,18,1,24.816
2022,19,mick_schumacher,18,1,25.209
2022,19,kevin_magnussen,18,1,29.039
2022,19,albon,18,2,24.311
2022,19,latifi,18,2,24.195
2022,19,alonso,22,2,39.707
2022,19,zhou,23,2,25.015
2022,19,gasly,32,2,28.918
2022,19,tsunoda,33,2,23.241
2022,19,mick_schumacher,33,2,24.651
2022,19,hamilton,34,2,24.135
2022,19,norris,34,2,23.702
2022,19,max_verstappen,35,2,32.254
2022,19,leclerc,35,2,23.755
2022,19,ricciardo,35,2,24.436
2022,19,russell,36,2,24.509
2022,19,perez,38,2,24.801
2022,19,vettel,41,2,38.157
2022,19,ocon,45,2,24.711
2022,19,russell,54,3,23.947
2022,20,stroll,17,1,23.509
2022,20,perez,23,1,24.892
2022,20,latifi,23,1,23.826
2022,20,mick_schumacher,24,1,23.679
2022,20,max_verstappen,25,1,22.487
2022,20,leclerc,28,1,22.193
2022,20,hamilton,29,1,23.194
2022,20,sainz,29,1,23.469
2022,20,tsunoda,29,1,22.468
2022,20,norris,31,1,22.585
2022,20,ocon,33,1,22.343
2022,20,russell,34,1,22.795
2022,20,vettel,38,1,22.534
2022,20,albon,38,1,23.182
2022,20,kevin_magnussen,38,1,23.722
2022,20,bottas,39,1,23.863
2022,20,alonso,40,1,23.159
2022,20,gasly,40,1,29.168
2022,20,stroll,40,2,23.119
2022,20,ricciardo,44,1,22.28
2022,20,zhou,45,1,24.218
2022,20,latifi,52,2,24.039
2022,20,russell,69,2,23.118
2022,21,albon,4,1,24.361
2022,21,max_verstappen,7,1,30.942
2022,21,leclerc,7,1,30.08
2022,21,alonso,14,1,23.478
2022,21,zhou,16,1,24.332
2022,21,sainz,17,1,25.206
2022,21,gasly,19,1,23.46
2022,21,tsunoda,20,1,23.287
2022,21,latifi,20,1,28.807
2022,21,leclerc,21,2,23.172
2022,21,perez,23,1,22.869
2022,21,max_verstappen,23,2,31.682
2022,21,russell,24,1,23.521
2022,21,norris,24,1,29.338
2022,21,bottas,24,1,23.908
2022,21,ocon,24,1,23.868
2022,21,mick_schumacher,24,1,24.487
2022,21,albon,25,2,23.352
2022,21,vettel,26,1,24.248
2022,21,hamilton,29,1,24.081
2022,21,stroll,29,1,23.469
2022,21,latifi,32,2,24.292
2022,21,alonso,35,2,28.855
2022,21,gasly,35,2,23.328
2022,21,sainz,36,2,23.483
2022,21,zhou,37,2,25.111
2022,21,tsunoda,40,2,23.645
2022,21,leclerc,44,3,23.124
2022,21,bottas,45,2,24.616
2022,21,vettel,45,2,24.028
2022,21,norris,45,2,24.669
2022,21,mick_schumacher,46,2,25.156
2022,21,perez,47,2,23.152
2022,21,ocon,47,2,24.445
2022,21,albon,47,3,23.322
2022,21,hamilton,48,2,23.415
2022,21,max_verstappen,48,3,24.102
2022,21,stroll,48,2,23.764
2022,21,russell,49,2,23.48
2022,21,alonso,52,3,23.79
2022,21,gasly,52,3,23.009
2022,21,sainz,53,3,23.816
2022,21,latifi,52,3,23.64
2022,21,tsunoda,54,3,23.635
2022,22,albon,12,1,21.793
2022,22,stroll,13,1,21.814
2022,22,ocon,14,1,21.895
2022,22,tsunoda,14,1,21.591
2022,22,mick_schumacher,14,1,22.276
2022,22,gasly,14,1,21.855
2022,22,perez,15,1,21.36
2022,22,russell,15,1,24.243
2022,22,norris,15,1,22.234
2022,22,zhou,15,1,22.435
2022,22,latifi,15,1,22.423
2022,22,sainz,17,1,21.93
2022,22,hamilton,18,1,21.27
2022,22,alonso,19,1,21.74
2022,22,ricciardo,19,1,21.893
2022,22,max_verstappen,20,1,22.735
2022,22,leclerc,21,1,22.21
2022,22,vettel,25,1,23.186
2022,22,kevin_magnussen,28,1,22.387
2022,22,bottas,30,1,22.573
2022,22,perez,33,2,21.367
2022,22,mick_schumacher,34,2,23.53
2022,22,albon,35,2,21.798
2022,22,tsunoda,38,2,22.262
2022,22,sainz,39,2,21.575
2022,22,russell,39,2,27.931
2022,22,latifi,38,2,25.174
2022,22,stroll,40,2,21.802
2022,22,ocon,41,2,21.734
2022,22,norris,42,2,21.559
2022,22,zhou,44,2,23.159
2023,1,gasly,9,1,25.885
2023,1,norris,10,1,32.766
2023,1,tsunoda,10,1,25.267
2023,1,bottas,11,1,25.399
2023,1,albon,11,1,25.054
2023,1,de_vries,11,1,25.018
2023,1,hulkenberg,11,1,26.075
2023,1,hamilton,12,1,24.682
2023,1,ocon,12,1,24.966
2023,1,sargeant,12,1,25.6
2023,1,zhou,12,1,25.787
2023,1,leclerc,13,1,24.345
2023,1,sainz,13,1,24.5
2023,1,russell,13,1,27.062
2023,1,max_verstappen,14,1,24.289
2023,1,alonso,14,1,25.8
2023,1,stroll,15,1,25.449
2023,1,kevin_magnussen,15,1,25.439
2023,1,ocon,15,2,41.462
2023,1,perez,17,1,24.264
2023,1,norris,17,2,33.661
2023,1,gasly,25,2,24.879
2023,1,albon,26,2,24.92
2023,1,tsunoda,26,2,24.372
2023,1,hulkenberg,26,2,37.769
2023,1,de_vries,27,2,25.234
2023,1,norris,27,3,33.467
2023,1,bottas,29,2,25.643
2023,1,kevin_magnussen,29,2,25.344
2023,1,hamilton,30,2,24.69
2023,1,stroll,30,2,24.639
2023,1,sargeant,30,2,25.67
2023,1,sainz,31,2,24.227
2023,1,russell,31,2,24.406
2023,1,zhou,32,2,25.282
2023,1,ocon,32,3,44.518
2023,1,leclerc,33,2,24.644
2023,1,perez,34,2,25.091
2023,1,alonso,34,2,24.869
2023,1,max_verstappen,36,2,24.91
2023,1,norris,37,4,33.236
2023,1,albon,40,3,24.458
2023,1,gasly,40,3,24.736
2023,1,tsunoda,40,3,25.818
2023,1,sargeant,40,3,25.047
2023,1,kevin_magnussen,40,3,25.125
2023,1,hulkenberg,40,3,27.08
2023,1,norris,47,5,30.71
2023,1,zhou,54,3,30.167
2023,1,norris,54,6,31.494
2023,2,piastri,1,1,31.534
2023,2,norris,2,1,29.444
2023,2,kevin_magnussen,8,1,20.87
2023,2,bottas,9,1,21.505
2023,2,zhou,11,1,21.703
2023,2,hulkenberg,11,1,21.567
2023,2,stroll,13,1,21.15
2023,2,gasly,14,1,20.719
2023,2,sainz,15,1,20.76
2023,2,leclerc,16,1,20.026
2023,2,ocon,16,1,20.762
2023,2,tsunoda,17,1,21.414
2023,2,albon,17,1,21.397
2023,2,de_vries,17,1,21.116
2023,2,bottas,17,2,22.191
2023,2,perez,18,1,20.715
2023,2,alonso,18,1,26.879
2023,2,russell,18,1,20.828
2023,2,max_verstappen,18,1,20.824
2023,2,hamilton,18,1,21.102
2023,2,sargeant,18,1,21.064
2023,2,zhou,18,2,21.282
2023,2,norris,19,2,21.352
2023,2,bottas,35,3,21.808
2023,3,ocon,1,1,18.056
2023,3,zhou,1,1,18.951
2023,3,sargeant,1,1,18.382
2023,3,perez,1,1,17.657
2023,3,bottas,1,1,21.659
2023,3,sargeant,2,2,19.158
2023,3,perez,2,2,17.814
2023,3,russell,7,1,19.146
2023,3,sainz,7,1,18.319
2023,3,kevin_magnussen,7,1,20.789
2023,3,hamilton,8,1,15:25.181
2023,3,max_verstappen,8,1,15:25.112
2023,3,alonso,8,1,15:26.940
2023,3,stroll,8,1,15:27.222
2023,3,gasly,8,1,15:26.996
2023,3,hulkenberg,8,1,15:26.326
2023,3,russell,8,2,15:30.824
2023,3,tsunoda,8,1,15:31.820
2023,3,norris,8,1,15:34.763
2023,3,piastri,8,1,15:34.541
2023,3,sainz,8,2,15:37.024
2023,3,de_vries,8,1,15:37.874
2023,3,ocon,8,2,15:37.929
2023,3,perez,8,3,15:37.512
2023,3,zhou,8,2,15:37.849
2023,3,bottas,8,2,15:37.594
2023,3,sargeant,8,3,15:38.017
2023,3,kevin_magnussen,8,2,15:40.228
2023,3,sargeant,36,4,19.018
2023,3,de_vries,45,2,18.080
2023,3,bottas,53,3,19.825
2023,3,piastri,54,2,19.442
2023,3,zhou,54,3,21.881
2023,3,tsunoda,54,2,18.258
2023,3,max_verstappen,55,2,14:27.756
2023,3,hamilton,55,2,14:31.670
2023,3,alonso,55,2,14:34.306
2023,3,bottas,54,4,12:19.342
2023,3,sainz,55,3,14:34.924
2023,3,gasly,55,2,14:35.210
2023,3,stroll,55,2,14:35.053
2023,3,perez,55,4,14:36.462
2023,3,sargeant,54,5,12:12.022
2023,3,norris,55,2,14:41.064
2023,3,hulkenberg,55,2,14:40.712
2023,3,de_vries,54,3,12:06.783
2023,3,ocon,55,3,14:39.804
2023,3,piastri,55,3,14:24.653
2023,3,zhou,55,4,14:01.565
2023,3,tsunoda,55,3,14:01.820
2023,3,bottas,55,5,1:16.634
2023,3,sargeant,55,6,1:14.200
2023,3,de_vries,55,4,1:13.234
2023,3,max_verstappen,57,3,30:56.502
2023,3,hamilton,57,3,30:59.435
2023,3,sainz,57,4,31:01.554
2023,3,hulkenberg,57,3,31:09.055
2023,3,tsunoda,57,4,31:11.209
2023,3,norris,57,3,31:04.087
2023,3,piastri,57,4,31:06.226
2023,3,zhou,57,5,31:04.998
2023,3,bottas,57,6,31:07.182
2023,3,perez,57,5,30:53.568
2023,3,alonso,57,3,30:45.073
2023,3,stroll,57,3,30:45.925
2023,4,gasly,5,1,20.235
2023,4,bottas,6,1,20.967
2023,4,albon,7,1,21.103
2023,4,tsunoda,8,1,20.497
2023,4,piastri,8,1,20.902
2023,4,sargeant,8,1,21.015
2023,4,hamilton,9,1,20.324
2023,4,norris,9,1,20.346
2023,4,max_verstappen,10,1,20.707
2023,4,kevin_magnussen,10,1,30.951
2023,4,perez,11,1,20.389
2023,4,leclerc,11,1,21.126
2023,4,sainz,11,1,21.97
2023,4,alonso,11,1,23.148
2023,4,stroll,11,1,23.161
2023,4,russell,11,1,20.459
2023,4,zhou,11,1,22.247
2023,4,bottas,12,2,22.354
2023,4,gasly,23,2,21.169
2023,4,bottas,34,3,21.012
2023,4,russell,49,2,21.389
2023,4,hulkenberg,49,1,24.748
2023,4,ocon,50,1,20.367
2023,5,sargeant,2,1,48.938
2023,5,norris,4,1,24.09
2023,5,piastri,5,1,22.205
2023,5,kevin_magnussen,14,1,22.616
2023,5,gasly,15,1,22.417
2023,5,bottas,15,1,23.158
2023,5,de_vries,15,1,23.487
2023,5,russell,17,1,22.335
2023,5,leclerc,17,1,22.068
2023,5,sainz,18,1,22.278
2023,5,perez,20,1,21.884
2023,5,albon,22,1,22.482
2023,5,alonso,24,1,22.631
2023,5,zhou,31,1,22.796
2023,5,hulkenberg,33,1,23.12
2023,5,tsunoda,36,1,22.39
2023,5,hamilton,37,1,22.15
2023,5,ocon,39,1,21.942
2023,5,stroll,42,1,22.651
2023,5,max_verstappen,45,1,22.688
2023,6,hulkenberg,1,1,32.494
2023,6,zhou,1,1,26.141
2023,6,perez,1,1,24.887
2023,6,albon,18,1,24.29
2023,6,sargeant,20,1,24.376
2023,6,sargeant,23,2,27.774
2023,6,hamilton,31,1,24.594
2023,6,ocon,32,1,25.833
2023,6,sainz,33,1,24.252
2023,6,perez,34,2,32.749
2023,6,leclerc,44,1,24.192
2023,6,gasly,47,1,23.902
2023,6,norris,50,1,24.663
2023,6,bottas,51,1,30.395
2023,6,stroll,51,1,24.656
2023,6,zhou,52,2,25.26
2023,6,albon,52,2,26.99
2023,6,tsunoda,53,1,33.706
2023,6,sargeant,52,3,25.946
2023,6,alonso,54,1,24.414
2023,6,de_vries,53,1,24.539
2023,6,russell,54,1,30.98
2023,6,ocon,54,2,24.707
2023,6,hamilton,54,2,26.685
2023,6,gasly,54,2,29.949
2023,6,perez,53,3,24.217
2023,6,max_verstappen,55,1,24.798
2023,6,piastri,54,1,25.851
2023,6,norris,54,2,33.428
2023,6,alonso,55,2,25.916
2023,6,hulkenberg,54,2,34.725
2023,6,leclerc,55,2,25.713
2023,6,sainz,55,2,29.3
2023,6,kevin_magnussen,56,1,51.052
2023,6,perez,57,4,29.337
2023,6,hulkenberg,59,3,25.672
2023,6,perez,70,5,25.466
2023,7,norris,1,1,37.736
2023,7,bottas,5,1,23.691
2023,7,hulkenberg,8,1,22.298
2023,7,zhou,9,1,23.43
2023,7,de_vries,9,1,22.522
2023,7,tsunoda,10,1,22.176
2023,7,kevin_magnussen,10,1,22.124
2023,7,ocon,13,1,22.112
2023,7,stroll,14,1,22.355
2023,7,sainz,15,1,22.321
2023,7,leclerc,16,1,21.778
2023,7,albon,16,1,23.319
2023,7,piastri,17,1,22.37
2023,7,sargeant,17,1,22.583
2023,7,alonso,19,1,22.558
2023,7,gasly,19,1,23.388
2023,7,norris,22,2,22.85
2023,7,hamilton,24,1,22.575
2023,7,kevin_magnussen,24,2,24.8
2023,7,russell,25,1,22.275
2023,7,max_verstappen,26,1,22.241
2023,7,hulkenberg,26,2,23.257
2023,7,perez,27,1,21.775
2023,7,stroll,34,2,23.371
2023,7,tsunoda,34,2,22.009
2023,7,ocon,35,2,24.11
2023,7,zhou,36,2,22.889
2023,7,sargeant,36,2,23.827
2023,7,albon,37,2,23.449
2023,7,de_vries,38,2,21.976
2023,7,piastri,39,2,22.862
2023,7,gasly,39,2,23.61
2023,7,bottas,39,2,24.097
2023,7,sainz,41,2,22.375
2023,7,leclerc,41,2,23.003
2023,7,kevin_magnussen,42,3,22.291
2023,7,hulkenberg,43,3,24.484
2023,7,alonso,44,2,22.896
2023,7,russell,45,2,22.054
2023,7,hamilton,50,2,22.731
2023,7,perez,50,2,21.537
2023,7,norris,50,3,22.062
2023,7,max_verstappen,52,2,22.357
2023,8,tsunoda,1,1,23.646
2023,8,gasly,10,1,27.515
2023,8,hulkenberg,11,1,24.880
2023,8,stroll,11,1,23.711
2023,8,de_vries,11,1,24.960
2023,8,max_verstappen,12,1,23.644
2023,8,hamilton,12,1,24.339
2023,8,alonso,12,1,24.031
2023,8,ocon,12,1,24.402
2023,8,piastri,12,1,24.828
2023,8,norris,12,1,25.862
2023,8,albon,12,1,25.064
2023,8,zhou,12,1,24.161
2023,8,russell,12,1,1:28.943
2023,8,stroll,27,2,23.839
2023,8,hulkenberg,31,2,24.200
2023,8,zhou,32,2,27.509
2023,8,gasly,33,2,24.117
2023,8,tsunoda,34,2,27.523
2023,8,norris,35,2,23.570
2023,8,kevin_magnussen,35,1,24.909
2023,8,ocon,36,2,23.698
2023,8,bottas,36,1,24.038
2023,8,perez,37,1,23.281
2023,8,piastri,37,2,23.436
2023,8,sainz,38,1,24.133
2023,8,leclerc,39,1,24.343
2023,8,hamilton,40,2,23.749
2023,8,alonso,41,2,23.928
2023,8,max_verstappen,42,2,23.910
2023,8,de_vries,50,2,23.786
2023,8,kevin_magnussen,53,2,24.515
2023,8,perez,68,2,23.218
2023,9,kevin_magnussen,1,1,26.587
2023,9,tsunoda,1,1,29.691
2023,9,max_verstappen,2,1,16.369
2023,9,leclerc,2,1,16.393
2023,9,sainz,2,1,16.38
2023,9,hamilton,2,1,16.415
2023,9,norris,2,1,18.076
2023,9,alonso,2,1,16.6
2023,9,hulkenberg,2,1,16.778
2023,9,stroll,2,1,16.646
2023,9,gasly,2,1,16.38
2023,9,albon,2,1,16.737
2023,9,russell,2,1,17.946
2023,9,ocon,2,1,18.143
2023,9,perez,2,1,17.428
2023,9,zhou,2,1,17.467
2023,9,piastri,2,1,17.324
2023,9,sargeant,2,1,17.337
2023,9,bottas,2,1,17.13
2023,9,de_vries,2,1,17.033
2023,9,kevin_magnussen,2,2,25.654
2023,9,tsunoda,2,2,16.246
2023,9,zhou,8,2,24.374
2023,9,hulkenberg,11,2,21.891
2023,9,de_vries,12,2,21.333
2023,9,hamilton,14,2,21.993
2023,9,norris,14,2,21.29
2023,9,gasly,14,2,21.814
2023,9,albon,14,2,21.562
2023,9,russell,14,2,22.262
2023,9,ocon,14,2,22.028
2023,9,piastri,14,2,22.467
2023,9,sargeant,14,2,23.194
2023,9,leclerc,15,2,23.425
2023,9,sainz,15,2,26.283
2023,9,alonso,15,2,22.371
2023,9,stroll,15,2,24.332
2023,9,bottas,21,2,31.785
2023,9,piastri,22,3,29.912
2023,9,tsunoda,23,3,27.286
2023,9,max_verstappen,24,2,21.365
2023,9,perez,25,2,21.655
2023,9,kevin_magnussen,34,3,22.25
2023,9,stroll,36,3,22.05
2023,9,de_vries,37,3,21.074
2023,9,zhou,38,3,21.91
2023,9,ocon,40,3,30.427
2023,9,bottas,40,3,21.975
2023,9,norris,41,3,22.088
2023,9,russell,41,3,21.702
2023,9,albon,41,3,27.683
2023,9,piastri,41,4,22.313
2023,9,hamilton,42,3,27.724
2023,9,sargeant,43,3,21.543
2023,9,tsunoda,43,4,21.392
2023,9,alonso,44,3,21.993
2023,9,gasly,44,3,27.804
2023,9,sainz,45,3,28.583
2023,9,leclerc,47,3,21.47
2023,9,max_verstappen,49,3,21.641
2023,9,perez,50,3,21.267
2023,9,stroll,54,4,21.837
2023,9,max_verstappen,69,4,21.328
2023,10,hulkenberg,7,1,41.972
2023,10,tsunoda,14,1,28.353
2023,10,leclerc,18,1,28.244
2023,10,zhou,24,1,29.177
2023,10,sainz,26,1,28.869
2023,10,de_vries,27,1,28.242
2023,10,russell,28,1,29.455
2023,10,perez,28,1,28.06
2023,10,piastri,29,1,28.655
2023,10,sargeant,29,1,28.847
2023,10,gasly,31,1,28.458
2023,10,stroll,31,1,28.561
2023,10,albon,32,1,29.634
2023,10,leclerc,32,2,28.805
2023,10,bottas,32,1,29.662
2023,10,tsunoda,32,2,28.603
2023,10,de_vries,32,2,28.413
2023,10,hulkenberg,32,2,30.003
2023,10,max_verstappen,33,1,29.056
2023,10,norris,33,1,28.438
2023,10,hamilton,33,1,29.169
2023,10,alonso,33,1,28.679
2023,10,zhou,33,2,28.709
2023,10,zhou,36,3,34.374
2023,11,albon,8,1,22.076
2023,11,stroll,9,1,21.91
2023,11,tsunoda,9,1,26.17
2023,11,bottas,9,1,22.114
2023,11,zhou,10,1,29.211
2023,11,sargeant,13,1,24.001
2023,11,kevin_magnussen,14,1,22.753
2023,11,sainz,15,1,21.402
2023,11,hamilton,16,1,21.974
2023,11,hulkenberg,16,1,22.922
2023,11,norris,17,1,21.541
2023,11,leclerc,17,1,28.404
2023,11,piastri,18,1,21.171
2023,11,ricciardo,18,1,21.958
2023,11,alonso,20,1,22.916
2023,11,max_verstappen,23,1,21.407
2023,11,perez,24,1,21.862
2023,11,russell,28,1,21.886
2023,11,ricciardo,29,2,22.203
2023,11,albon,31,2,21.762
2023,11,stroll,34,2,22.403
2023,11,sargeant,34,2,22.197
2023,11,hulkenberg,38,2,21.955
2023,11,zhou,38,2,22.853
2023,11,bottas,40,2,23.242
2023,11,kevin_magnussen,41,2,22.152
2023,11,piastri,42,2,22.03
2023,11,perez,42,2,20.88
2023,11,leclerc,43,2,21.452
2023,11,alonso,43,2,24.152
2023,11,norris,44,2,21.43
2023,11,sainz,44,2,22.051
2023,11,tsunoda,44,2,21.181
2023,11,russell,46,2,21.675
2023,11,hamilton,49,2,21.728
2023,11,max_verstappen,51,2,21.68
2023,12,norris,5,1,25.012
2023,12,kevin_magnussen,5,1,23.638
2023,12,ricciardo,5,1,22.843
2023,12,ocon,6,1,23.085
2023,12,bottas,6,1,23.362
2023,12,albon,7,1,25.015
2023,12,sainz,7,1,23.303
2023,12,zhou,7,1,24.449
2023,12,sargeant,8,1,23.57
2023,12,tsunoda,9,1,22.61
2023,12,alonso,10,1,23.085
2023,12,hamilton,12,1,23.09
2023,12,hulkenberg,12,1,24.571
2023,12,perez,13,1,23.684
2023,12,leclerc,13,1,23.224
2023,12,max_verstappen,14,1,22.887
2023,12,norris,17,2,23.744
2023,12,stroll,20,1,25.397
2023,12,russell,22,1,23.837
2023,12,ricciardo,22,2,23.29
2023,12,gasly,23,1,25.664
2023,12,albon,23,2,23.596
2023,12,tsunoda,24,2,22.737
2023,12,bottas,24,2,23.786
2023,12,hulkenberg,24,2,25.238
2023,12,sargeant,24,2,23.938
2023,12,ocon,25,2,23.339
2023,12,kevin_magnussen,25,2,23.572
2023,12,zhou,25,2,24.045
2023,12,hamilton,27,2,23.023
2023,12,leclerc,28,2,23.148
2023,12,perez,29,2,22.71
2023,12,alonso,29,2,23.798
2023,12,max_verstappen,30,2,23.012
2023,12,albon,33,3,23.529
2023,12,sargeant,34,3,23.109
2023,12,hamilton,42,3,23.156
2023,13,perez,1,1,22.666
2023,13,leclerc,1,1,32.686
2023,13,gasly,1,1,28.469
2023,13,zhou,1,1,23.088
2023,13,tsunoda,1,1,32.321
2023,13,lawson,1,1,42.641
2023,13,kevin_magnussen,1,1,31.341
2023,13,max_verstappen,2,1,20.379
2023,13,alonso,2,1,20.647
2023,13,sainz,2,1,20.973
2023,13,ocon,2,1,22.534
2023,13,norris,3,1,20.170
2023,13,hamilton,3,1,20.266
2023,13,russell,4,1,21.201
2023,13,stroll,4,1,20.036
2023,13,kevin_magnussen,9,2,20.137
2023,13,hamilton,9,2,19.970
2023,13,stroll,9,2,20.208
2023,13,zhou,10,2,20.231
2023,13,alonso,10,2,20.109
2023,13,sainz,10,2,19.511
2023,13,tsunoda,10,2,18.904
2023,13,ocon,10,2,19.795
2023,13,norris,10,2,20.395
2023,13,lawson,10,2,30.836
2023,13,russell,10,2,20.148
2023,13,max_verstappen,11,2,19.289
2023,13,gasly,11,2,19.518
2023,13,leclerc,11,2,27.202
2023,13,perez,12,2,19.460
2023,13,piastri,15,1,18.979
2023,13,bottas,16,1,20.187
2023,13,hulkenberg,16,1,20.438
2023,13,russell,16,3,19.607
2023,13,stroll,16,3,19.653
2023,13,lawson,17,3,19.600
2023,13,stroll,34,4,19.923
2023,13,kevin_magnussen,35,3,20.510
2023,13,zhou,37,3,20.469
2023,13,sainz,41,3,19.398
2023,13,norris,42,3,18.878
2023,13,ocon,43,3,19.024
2023,13,albon,44,1,19.667
2023,13,perez,45,3,18.789
2023,13,hamilton,45,3,19.327
2023,13,gasly,46,3,25.404
2023,13,piastri,46,2,19.120
2023,13,lawson,46,4,19.192
2023,13,bottas,47,2,20.213
2023,13,alonso,48,3,25.147
2023,13,hulkenberg,48,2,19.713
2023,13,max_verstappen,49,3,18.706
2023,13,bottas,59,3,19.735
2023,13,lawson,59,5,19.307
2023,13,perez,60,4,27.596
2023,13,gasly,60,4,20.417
2023,13,sainz,60,4,19.838
2023,13,hamilton,60,4,20.779
2023,13,russell,60,4,24.019
2023,13,norris,60,4,19.871
2023,13,piastri,60,3,22.376
2023,13,tsunoda,60,3,20.602
2023,13,zhou,60,4,21.439
2023,13,stroll,60,5,21.532
2023,13,hulkenberg,60,3,23.582
2023,13,kevin_magnussen,60,4,23.584
2023,13,max_verstappen,61,4,19.429
2023,13,alonso,61,4,20.655
2023,13,albon,61,2,21.300
2023,13,ocon,61,4,22.096
2023,13,max_verstappen,63,5,20.402
2023,13,perez,63,5,41:01.612
2023,13,norris,63,5,40:43.212
2023,13,russell,63,5,40:46.251
2023,13,albon,63,3,40:43.475
2023,13,piastri,63,4,40:34.653
2023,13,ocon,63,5,40:32.201
2023,13,tsunoda,63,4,40:14.895
2023,13,stroll,63,6,40:10.734
2023,13,hulkenberg,63,4,40:10.704
2023,13,bottas,63,4,40:05.113
2023,13,lawson,63,6,39:56.340
2023,13,kevin_magnussen,63,5,39:54.733
2023,13,max_verstappen,64,6,41:23.382
2023,13,alonso,64,5,40:55.302
2023,13,gasly,64,5,40:43.169
2023,13,sainz,64,5,40:43.147
2023,13,hamilton,64,5,40:31.108
2023,13,perez,64,6,35.592
2023,13,norris,64,6,44.272
2023,13,russell,64,6,39.845
2023,13,albon,64,4,39.234
2023,13,piastri,64,5,38.453
2023,13,ocon,64,6,37.037
2023,13,tsunoda,64,5,34.901
2023,13,stroll,64,7,33.553
2023,13,hulkenberg,64,5,32.884
2023,13,bottas,64,5,32.518
2023,13,lawson,64,7,31.306
2023,13,kevin_magnussen,64,6,30.628
2023,13,russell,67,7,22.379
2023,14,gasly,10,1,27.376
2023,14,zhou,11,1,24.396
2023,14,kevin_magnussen,12,1,24.66
2023,14,lawson,13,1,24.212
2023,14,hulkenberg,14,1,26.095
2023,14,sargeant,14,1,24.779
2023,14,albon,15,1,24.538
2023,14,sainz,19,1,25.183
2023,14,russell,19,1,24.215
2023,14,max_verstappen,20,1,24.228
2023,14,leclerc,20,1,23.931
2023,14,stroll,20,1,25.667
2023,14,perez,21,1,23.819
2023,14,alonso,21,1,24.798
2023,14,norris,22,1,23.727
2023,14,piastri,23,1,24.133
2023,14,ocon,24,1,24.249
2023,14,bottas,25,1,24.658
2023,14,hamilton,27,1,24.255
2023,14,gasly,31,2,24.686
2023,14,lawson,33,2,24.281
2023,14,zhou,33,2,25.959
2023,14,kevin_magnussen,33,2,24.765
2023,14,hulkenberg,39,2,24.328
2023,14,piastri,41,2,31.799
2023,15,zhou,2,1,30.032
2023,15,sargeant,19,1,1:03.543
2023,15,sainz,20,1,29.499
2023,15,leclerc,20,1,32.888
2023,15,russell,20,1,29.976
2023,15,norris,20,1,29.485
2023,15,hamilton,20,1,32.631
2023,15,alonso,20,1,30.670
2023,15,ocon,20,1,29.755
2023,15,kevin_magnussen,20,1,31.475
2023,15,hulkenberg,20,1,35.497
2023,15,gasly,20,1,31.802
2023,15,lawson,20,1,32.348
2023,15,piastri,20,1,29.369
2023,15,albon,20,1,30.138
2023,15,zhou,20,2,30.637
2023,15,perez,39,1,28.977
2023,15,max_verstappen,40,1,29.698
2023,15,bottas,40,1,30.487
2023,15,albon,43,2,29.787
2023,15,kevin_magnussen,43,2,33.078
2023,15,sargeant,43,2,31.018
2023,15,russell,44,2,30.039
2023,15,hamilton,44,2,33.581
2023,15,alonso,44,2,52.708
2023,16,albon,1,1,50.143
2023,16,zhou,1,1,41.041
2023,16,ocon,1,1,27.056
2023,16,bottas,1,1,55.802
2023,16,perez,2,1,32.450
2023,16,sargeant,2,1,32.715
2023,16,sargeant,5,2,43.868
2023,16,bottas,6,2,53.512
2023,16,hulkenberg,8,1,23.520
2023,16,tsunoda,9,1,22.944
2023,16,lawson,10,1,23.136
2023,16,zhou,10,2,24.091
2023,16,alonso,11,1,24.086
2023,16,perez,12,2,41.499
2023,16,kevin_magnussen,12,1,23.816
2023,16,piastri,13,1,24.455
2023,16,albon,13,2,52.165
2023,16,stroll,14,1,23.441
2023,16,perez,13,3,41:25.913
2023,16,max_verstappen,16,1,24.382
2023,16,hamilton,16,1,24.841
2023,16,norris,17,1,23.523
2023,16,leclerc,17,1,23.197
2023,16,sainz,18,1,23.075
2023,16,gasly,18,1,24.488
2023,16,hulkenberg,21,2,23.660
2023,16,sargeant,21,3,35.182
2023,16,russell,24,1,24.034
2023,16,alonso,25,2,24.294
2023,16,lawson,25,2,23.671
2023,16,ocon,28,2,23.789
2023,16,zhou,29,3,24.116
2023,16,tsunoda,30,2,23.327
2023,16,kevin_magnussen,31,2,23.858
2023,16,leclerc,34,2,22.926
2023,16,hamilton,34,2,23.631
2023,16,gasly,34,2,24.651
2023,16,piastri,35,2,23.198
2023,16,norris,36,2,23.182
2023,16,max_verstappen,37,2,23.696
2023,16,hulkenberg,37,3,23.338
2023,16,sainz,38,2,23.374
2023,16,perez,14,4,30.651
2023,17,russell,1,1,39.686
2023,17,bottas,3,1,29.977
2023,17,kevin_magnussen,3,1,28.743
2023,17,stroll,3,1,28.886
2023,17,lawson,3,1,29.33
2023,17,tsunoda,9,1,27.781
2023,17,ocon,10,1,28.961
2023,17,alonso,11,1,28.373
2023,17,gasly,11,1,28.429
2023,17,piastri,12,1,28.875
2023,17,leclerc,12,1,28.228
2023,17,norris,13,1,28.134
2023,17,hulkenberg,13,1,39.879
2023,17,sargeant,13,1,29.436
2023,17,russell,14,2,28.542
2023,17,max_verstappen,17,1,28.233
2023,17,perez,17,1,27.808
2023,17,albon,18,1,29.253
2023,17,zhou,18,1,28.984
2023,17,bottas,21,2,29.387
2023,17,stroll,21,2,28.156
2023,17,kevin_magnussen,21,2,28.948
2023,17,lawson,21,2,28.665
2023,17,tsunoda,22,2,27.596
2023,17,piastri,25,2,27.868
2023,17,leclerc,25,2,27.873
2023,17,ocon,25,2,28.969
2023,17,alonso,26,2,28.432
2023,17,gasly,26,2,30.192
2023,17,sargeant,26,2,29.373
2023,17,norris,27,2,27.611
2023,17,hulkenberg,27,2,28.274
2023,17,perez,31,2,33.246
2023,17,albon,31,2,28.747
2023,17,russell,32,3,28.314
2023,17,max_verstappen,34,2,28.103
2023,17,zhou,35,2,28.854
2023,17,bottas,39,3,28.946
2023,17,stroll,39,3,29.399
2023,17,kevin_magnussen,39,3,30.331
2023,17,lawson,39,3,28.171
2023,17,hulkenberg,39,3,28.591
2023,17,tsunoda,40,3,27.809
2023,17,piastri,43,3,27.489
2023,17,leclerc,43,3,27.513
2023,17,ocon,43,3,29.169
2023,17,perez,43,3,33.165
2023,17,norris,44,3,27.677
2023,17,alonso,44,3,28.393
2023,17,gasly,44,3,34.856
2023,17,albon,44,3,28.981
2023,17,russell,50,4,28.191
2023,17,max_verstappen,51,3,29.726
2023,17,zhou,52,3,28.815
2023,18,zhou,9,1,25.636
2023,18,albon,10,1,24.563
2023,18,bottas,10,1,24.783
2023,18,kevin_magnussen,10,1,25.067
2023,18,sargeant,11,1,24.99
2023,18,max_verstappen,16,1,23.756
2023,18,norris,17,1,24.155
2023,18,sainz,17,1,23.668
2023,18,perez,17,1,24.245
2023,18,tsunoda,17,1,24.354
2023,18,gasly,18,1,23.9
2023,18,alonso,19,1,25.055
2023,18,hulkenberg,19,1,26.573
2023,18,hamilton,20,1,24.916
2023,18,stroll,20,1,24.457
2023,18,russell,21,1,24.357
2023,18,ricciardo,22,1,24.364
2023,18,leclerc,23,1,23.963
2023,18,zhou,27,2,24.717
2023,18,bottas,28,2,25.02
2023,18,albon,29,2,24.354
2023,18,kevin_magnussen,29,2,24.745
2023,18,sargeant,32,2,25.547
2023,18,norris,34,2,23.361
2023,18,tsunoda,34,2,24.125
2023,18,hulkenberg,34,2,24.308
2023,18,max_verstappen,35,2,24.974
2023,18,sainz,35,2,23.673
2023,18,perez,37,2,23.747
2023,18,gasly,37,2,24.88
2023,18,hamilton,38,2,24.648
2023,18,russell,39,2,23.969
2023,18,stroll,40,2,23.955
2023,18,alonso,42,2,24.823
2023,18,ricciardo,47,2,26.513
2023,18,tsunoda,54,3,23.472
2023,19,tsunoda,9,1,30.121
2023,19,norris,11,1,23.408
2023,19,max_verstappen,19,1,22.427
2023,19,zhou,21,1,22.817
2023,19,sargeant,22,1,23.945
2023,19,hulkenberg,23,1,23.144
2023,19,kevin_magnussen,23,1,23.642
2023,19,hamilton,24,1,22.210
2023,19,piastri,25,1,23.734
2023,19,russell,26,1,22.311
2023,19,ricciardo,27,1,22.406
2023,19,gasly,28,1,22.627
2023,19,alonso,29,1,22.844
2023,19,sainz,30,1,22.067
2023,19,stroll,30,1,22.582
2023,19,leclerc,31,1,22.248
2023,19,bottas,31,1,23.638
2023,19,max_verstappen,33,2,22.372
2023,19,norris,33,2,22.563
2023,19,albon,33,1,23.680
2023,19,max_verstappen,34,3,20:09.136
2023,19,leclerc,34,2,20:10.512
2023,19,hamilton,34,2,20:12.908
2023,19,sainz,34,2,20:15.432
2023,19,ricciardo,34,2,20:17.136
2023,19,piastri,34,2,20:19.064
2023,19,russell,34,2,20:18.200
2023,19,tsunoda,34,2,20:18.057
2023,19,hulkenberg,34,2,20:19.826
2023,19,norris,34,3,20:26.386
2023,19,gasly,34,2,20:25.698
2023,19,albon,34,2,20:27.980
2023,19,zhou,34,2,20:29.539
2023,19,ocon,34,1,20:26.296
2023,19,sargeant,34,2,20:27.718
2023,19,bottas,34,2,20:29.349
2023,19,stroll,34,2,20:29.686
2023,19,alonso,34,2,20:29.837
2023,20,max_verstappen,1,1,18.535
2023,20,norris,1,1,19.386
2023,20,hamilton,1,1,18.521
2023,20,alonso,1,1,18.487
2023,20,stroll,1,1,18.504
2023,20,russell,1,1,20.449
2023,20,perez,1,1,20.811
2023,20,sainz,1,1,23.030
2023,20,ocon,1,1,22.209
2023,20,piastri,1,1,26:24.007
2023,20,tsunoda,1,1,20.969
2023,20,gasly,1,1,20.523
2023,20,bottas,1,1,20.732
2023,20,zhou,1,1,21.256
2023,20,sargeant,1,1,27.472
2023,20,ricciardo,1,1,26:16.725
2023,20,hulkenberg,1,1,34.261
2023,20,max_verstappen,2,2,23:22.632
2023,20,norris,2,2,23:24.611
2023,20,hamilton,2,2,23:26.375
2023,20,alonso,2,2,23:28.154
2023,20,stroll,2,2,23:29.984
2023,20,russell,2,2,23:30.984
2023,20,perez,2,2,23:31.712
2023,20,sainz,2,2,23:33.704
2023,20,ocon,2,2,23:34.725
2023,20,tsunoda,2,2,23:35.420
2023,20,gasly,2,2,23:36.706
2023,20,bottas,2,2,23:38.156
2023,20,zhou,2,2,23:39.945
2023,20,sargeant,2,2,23:41.207
2023,20,hulkenberg,2,2,23:41.069
2023,20,piastri,2,2,38.489
2023,20,ricciardo,2,2,32.770
2023,20,ocon,14,3,24.037
2023,20,zhou,15,3,23.953
2023,20,sargeant,17,3,24.367
2023,20,hamilton,18,3,23.571
2023,20,bottas,18,3,24.077
2023,20,russell,19,3,23.730
2023,20,perez,20,3,23.164
2023,20,hulkenberg,21,3,24.401
2023,20,stroll,22,3,23.558
2023,20,alonso,25,3,24.204
2023,20,piastri,24,3,23.536
2023,20,sainz,26,3,23.557
2023,20,gasly,26,3,25.295
2023,20,tsunoda,26,3,27.114
2023,20,max_verstappen,27,3,22.994
2023,20,norris,27,3,23.806
2023,20,ricciardo,26,3,23.955
2023,20,ocon,31,4,24.406
2023,20,sargeant,44,4,24.137
2023,20,russell,45,4,23.962
2023,20,perez,46,4,23.522
2023,20,hamilton,46,4,24.074
2023,20,gasly,46,4,23.583
2023,20,hulkenberg,46,4,23.841
2023,20,alonso,47,4,23.830
2023,20,sainz,51,4,23.704
2023,20,ocon,51,5,23.599
2023,20,stroll,52,4,25.294
2023,20,piastri,52,4,23.338
2023,20,tsunoda,55,4,23.453
2023,20,max_verstappen,56,4,23.397
2023,20,ricciardo,55,4,23.508
2023,20,norris,59,4,23.664
2023,21,perez,1,1,33.599
2023,21,alonso,1,1,29.304
2023,21,bottas,1,1,43.914
2023,21,stroll,3,1,22.222
2023,21,sainz,3,1,21.261
2023,21,tsunoda,10,1,20.619
2023,21,hulkenberg,12,1,22.154
2023,21,kevin_magnussen,14,1,21.611
2023,21,russell,15,1,21.257
2023,21,sargeant,15,1,21.367
2023,21,max_verstappen,16,1,26.686
2023,21,albon,16,1,21.242
2023,21,piastri,16,1,23.269
2023,21,gasly,17,1,22.262
2023,21,hamilton,17,1,25.047
2023,21,ricciardo,17,1,22.242
2023,21,ocon,20,1,21.763
2023,21,leclerc,21,1,22.559
2023,21,tsunoda,21,2,20.894
2023,21,bottas,24,2,21.575
2023,21,perez,26,2,21.568
2023,21,stroll,26,2,22.57
2023,21,max_verstappen,26,2,21.323
2023,21,russell,26,2,21.952
2023,21,sainz,26,2,22.63
2023,21,alonso,26,2,23.214
2023,21,zhou,26,1,22.155
2023,21,kevin_magnussen,26,2,21.868
2023,21,hulkenberg,26,2,25.453
2023,21,hamilton,26,2,22.508
2023,21,piastri,43,2,20.535
2023,22,kevin_magnussen,5,1,22.764
2023,22,ricciardo,7,1,21.692
2023,22,alonso,12,1,22.462
2023,22,piastri,13,1,21.697
2023,22,hulkenberg,13,1,21.861
2023,22,zhou,13,1,22.867
2023,22,norris,14,1,24.061
2023,22,russell,14,1,21.65
2023,22,hamilton,15,1,22.195
2023,22,ocon,15,1,22.16
2023,22,sargeant,15,1,22.124
2023,22,max_verstappen,16,1,21.662
2023,22,albon,16,1,22.17
2023,22,leclerc,17,1,21.919
2023,22,perez,17,1,21.446
2023,22,gasly,17,1,23.091
2023,22,tsunoda,22,1,21.486
2023,22,stroll,22,1,21.866
2023,22,kevin_magnussen,22,2,22.163
2023,22,sainz,23,1,21.229
2023,22,bottas,29,1,22.665
2023,22,ricciardo,31,2,21.74
2023,22,gasly,32,2,23.478
2023,22,norris,33,2,21.432
2023,22,hulkenberg,33,2,22.081
2023,22,russell,34,2,22.084
2023,22,leclerc,35,2,21.246
2023,22,hamilton,35,2,22.045
2023,22,piastri,36,2,21.156
2023,22,alonso,36,2,21.841
2023,22,zhou,37,2,22.345
2023,22,sargeant,41,2,21.88
2023,22,perez,42,2,21.274
2023,22,stroll,42,2,21.667
2023,22,max_verstappen,43,2,21.275
2023,22,albon,43,2,21.919
2023,22,sainz,56,2,21.564
2024,1,hulkenberg,1,1,36.604
2024,1,zhou,9,1,25.208
2024,1,stroll,9,1,24.418
2024,1,ocon,10,1,24.877
2024,1,sargeant,10,1,35.729
2024,1,russell,11,1,24.778
2024,1,leclerc,11,1,24.069
2024,1,kevin_magnussen,11,1,25.951
2024,1,perez,12,1,24.516
2024,1,piastri,12,1,25.450
2024,1,hamilton,12,1,25.087
2024,1,gasly,12,1,29.980
2024,1,bottas,12,1,26.420
2024,1,norris,13,1,24.205
2024,1,ricciardo,13,1,24.988
2024,1,sainz,14,1,24.474
2024,1,tsunoda,14,1,24.724
2024,1,alonso,15,1,24.786
2024,1,albon,15,1,24.681
2024,1,max_verstappen,17,1,25.064
2024,1,hulkenberg,20,2,24.768
2024,1,stroll,27,2,24.545
2024,1,zhou,28,2,25.094
2024,1,sargeant,28,2,25.070
2024,1,ocon,30,2,25.145
2024,1,bottas,30,2,1:14.773
2024,1,russell,31,2,24.866
2024,1,gasly,31,2,26.462
2024,1,kevin_magnussen,32,2,24.446
2024,1,norris,33,2,24.705
2024,1,hamilton,33,2,24.094
2024,1,leclerc,34,2,24.136
2024,1,piastri,34,2,24.852
2024,1,tsunoda,34,2,24.324
2024,1,sainz,35,2,23.866
2024,1,ricciardo,35,2,24.856
2024,1,perez,36,2,24.563
2024,1,albon,36,2,24.610
2024,1,max_verstappen,37,2,24.209
2024,1,alonso,41,2,25.109
2024,1,sargeant,40,3,25.346
2024,1,hulkenberg,41,3,24.387
2024,1,gasly,43,3,25.240
2024,2,max_verstappen,7,1,20.607
2024,2,perez,7,1,22.196
2024,2,leclerc,7,1,23.419
2024,2,piastri,7,1,21.427
2024,2,alonso,7,1,22.129
2024,2,russell,7,1,21.013
2024,2,bearman,7,1,22.457
2024,2,tsunoda,7,1,21.694
2024,2,albon,7,1,21.723
2024,2,kevin_magnussen,7,1,21.460
2024,2,ricciardo,7,1,1:03.364
2024,2,ocon,7,1,22.502
2024,2,bottas,7,1,22.795
2024,2,sargeant,7,1,23.645
2024,2,hulkenberg,33,1,21.035
2024,2,bottas,35,2,23.281
2024,2,hamilton,36,1,20.170
2024,2,norris,37,1,22.211
2024,2,zhou,41,1,46.381
2024,3,ricciardo,5,1,18.265
2024,3,albon,6,1,17.755
2024,3,zhou,6,1,19.032
2024,3,hamilton,7,1,17.596
2024,3,kevin_magnussen,7,1,18.301
2024,3,russell,8,1,18.046
2024,3,stroll,8,1,17.901
2024,3,bottas,8,1,46.969
2024,3,leclerc,9,1,17.409
2024,3,piastri,9,1,17.573
2024,3,tsunoda,9,1,18.523
2024,3,ocon,9,1,18.287
2024,3,norris,14,1,17.776
2024,3,perez,14,1,18.112
2024,3,sainz,16,1,17.599
2024,3,ocon,16,2,30.626
2024,3,alonso,17,1,18.16
2024,3,hulkenberg,17,1,18.32
2024,3,gasly,17,1,20.316
2024,3,albon,27,2,17.745
2024,3,ricciardo,29,2,17.751
2024,3,kevin_magnussen,33,2,18.151
2024,3,leclerc,34,2,17.308
2024,3,perez,35,2,17.222
2024,3,hulkenberg,35,2,18.145
2024,3,zhou,35,2,36.866
2024,3,tsunoda,36,2,17.535
2024,3,bottas,36,2,18.938
2024,3,stroll,37,2,17.977
2024,3,piastri,39,2,18.533
2024,3,norris,40,2,17.653
2024,3,sainz,41,2,17.74
2024,3,alonso,41,2,17.995
2024,3,gasly,41,2,17.682
2024,3,ocon,42,3,18.007
2024,3,russell,45,2,17.964
2024,4,max_verstappen,1,1,26:15.603
2024,4,perez,1,1,26:17.661
2024,4,norris,1,1,26:20.116
2024,4,sainz,1,1,26:20.097
2024,4,alonso,1,1,26:20.924
2024,4,piastri,1,1,26:20.204
2024,4,hamilton,1,1,26:20.696
2024,4,leclerc,1,1,26:23.333
2024,4,russell,1,1,26:21.238
2024,4,hulkenberg,1,1,26:20.886
2024,4,bottas,1,1,26:22.542
2024,4,tsunoda,1,1,26:24.553
2024,4,ocon,1,1,26:26.095
2024,4,gasly,1,1,26:26.793
2024,4,stroll,1,1,26:25.911
2024,4,kevin_magnussen,1,1,26:24.630
2024,4,sargeant,1,1,26:25.267
2024,4,zhou,1,1,26:22.912
2024,4,hulkenberg,5,2,23.622
2024,4,bottas,6,2,24.824
2024,4,tsunoda,7,2,23.358
2024,4,zhou,7,2,23.910
2024,4,norris,11,2,23.049
2024,4,zhou,11,3,26.653
2024,4,piastri,12,2,23.420
2024,4,stroll,12,2,23.358
2024,4,alonso,13,2,22.998
2024,4,perez,15,2,22.990
2024,4,sainz,15,2,23.136
2024,4,max_verstappen,16,2,23.177
2024,4,gasly,16,2,23.844
2024,4,ocon,19,2,23.394
2024,4,russell,22,2,23.577
2024,4,kevin_magnussen,22,2,26.198
2024,4,bottas,22,3,25.946
2024,4,sargeant,22,2,25.530
2024,4,tsunoda,22,3,23.486
2024,4,stroll,22,3,23.238
2024,4,hamilton,23,2,23.333
2024,4,leclerc,26,2,23.285
2024,4,norris,26,3,23.232
2024,4,piastri,32,3,22.848
2024,4,gasly,32,3,23.102
2024,4,perez,33,3,22.956
2024,4,alonso,33,3,23.157
2024,4,hulkenberg,33,3,23.993
2024,4,ocon,33,3,24.181
2024,4,max_verstappen,34,3,23.234
2024,4,stroll,34,4,22.911
2024,4,sargeant,34,3,24.220
2024,4,sainz,36,3,23.591
2024,4,russell,37,3,22.991
2024,4,hamilton,39,3,23.956
2024,4,sargeant,41,4,23.287
2024,5,hulkenberg,8,1,23.004
2024,5,tsunoda,8,1,23.160
2024,5,zhou,8,1,23.362
2024,5,stroll,9,1,23.823
2024,5,bottas,9,1,22.949
2024,5,ocon,9,1,23.156
2024,5,albon,9,1,23.273
2024,5,hamilton,9,1,22.518
2024,5,alonso,11,1,23.049
2024,5,russell,11,1,22.415
2024,5,gasly,11,1,39.712
2024,5,sargeant,12,1,23.229
2024,5,max_verstappen,13,1,22.456
2024,5,perez,13,1,22.027
2024,5,ricciardo,14,1,22.598
2024,5,piastri,16,1,22.673
2024,5,sainz,17,1,22.629
2024,5,kevin_magnussen,17,1,22.974
2024,5,leclerc,21,1,22.360
2024,5,stroll,21,2,22.911
2024,5,hamilton,21,2,22.662
2024,5,norris,22,1,22.161
2024,5,max_verstappen,23,2,22.270
2024,5,perez,23,2,22.371
2024,5,alonso,23,2,22.687
2024,5,russell,23,2,22.707
2024,5,hulkenberg,23,2,23.336
2024,5,ocon,23,2,23.208
2024,5,tsunoda,23,2,22.387
2024,5,albon,23,2,23.600
2024,5,zhou,23,2,25.610
2024,5,gasly,23,2,23.987
2024,5,piastri,24,2,22.262
2024,5,sargeant,24,2,22.684
2024,5,stroll,26,3,1:33.274
2024,5,kevin_magnussen,27,2,25.727
2024,5,stroll,35,4,34.777
2024,5,gasly,38,3,22.836
2024,5,zhou,40,3,23.252
2024,5,alonso,43,3,23.179
2024,6,albon,10,1,22.828
2024,6,stroll,11,1,23.038
2024,6,sargeant,11,1,22.611
2024,6,bottas,11,1,23.73
2024,6,hulkenberg,12,1,23.055
2024,6,gasly,12,1,22.466
2024,6,perez,17,1,21.695
2024,6,leclerc,19,1,21.825
2024,6,ocon,22,1,22.663
2024,6,alonso,22,1,22.374
2024,6,kevin_magnussen,22,1,23.265
2024,6,max_verstappen,23,1,22.187
2024,6,russell,24,1,22.8
2024,6,hamilton,26,1,22.107
2024,6,piastri,27,1,22.216
2024,6,sainz,27,1,22.805
2024,6,perez,28,2,22.396
2024,6,tsunoda,28,1,22.153
2024,6,zhou,28,1,23.017
2024,6,ricciardo,28,1,22.54
2024,6,hulkenberg,28,2,22.487
2024,6,stroll,28,2,22.631
2024,6,kevin_magnussen,28,2,29.727
2024,6,norris,29,1,22.041
2024,6,bottas,29,2,22.765
2024,6,kevin_magnussen,31,3,30.732
2024,6,piastri,40,2,30.409
2024,6,albon,53,2,22.567
2024,7,alonso,7,1,31.368
2024,7,albon,8,1,30.05
2024,7,gasly,8,1,30.081
2024,7,bottas,8,1,30.24
2024,7,albon,9,2,33.179
2024,7,ricciardo,11,1,30.068
2024,7,tsunoda,12,1,29.628
2024,7,hulkenberg,13,1,29.749
2024,7,russell,21,1,29.664
2024,7,norris,22,1,29.956
2024,7,piastri,23,1,29.77
2024,7,max_verstappen,24,1,30.416
2024,7,albon,23,3,38.413
2024,7,leclerc,25,1,30.149
2024,7,ocon,25,1,30.659
2024,7,sainz,27,1,30.508
2024,7,hamilton,27,1,29.547
2024,7,albon,28,4,31.131
2024,7,gasly,30,2,30.654
2024,7,sargeant,31,1,31.085
2024,7,zhou,33,1,30.244
2024,7,perez,37,1,29.669
2024,7,stroll,37,1,29.971
2024,7,kevin_magnussen,37,1,31.302
2024,7,alonso,40,2,30.483
2024,7,russell,52,2,29.605
2024,7,alonso,59,3,29.931
2024,8,leclerc,1,1,39:18.026
2024,8,piastri,1,1,39:17.645
2024,8,norris,1,1,39:25.538
2024,8,russell,1,1,39:29.363
2024,8,max_verstappen,1,1,39:32.670
2024,8,hamilton,1,1,39:35.369
2024,8,tsunoda,1,1,39:37.564
2024,8,albon,1,1,39:41.390
2024,8,gasly,1,1,39:41.893
2024,8,stroll,1,1,39:43.588
2024,8,ricciardo,1,1,39:45.823
2024,8,alonso,1,1,39:49.467
2024,8,sargeant,1,1,39:51.600
2024,8,bottas,1,1,39:54.053
2024,8,sainz,1,1,38:47.072
2024,8,zhou,1,1,39:46.414
2024,8,bottas,15,2,24.239
2024,8,stroll,42,2,24.132
2024,8,stroll,48,3,28.211
2024,8,hamilton,51,2,24.232
2024,8,max_verstappen,52,2,23.813
2024,8,sargeant,57,2,24.384
2024,8,zhou,70,2,24.367
2024,9,kevin_magnussen,7,1,30.472
2024,9,hulkenberg,12,1,24.233
2024,9,zhou,24,1,25.598
2024,9,max_verstappen,25,1,24.306
2024,9,russell,25,1,24.044
2024,9,piastri,25,1,23.977
2024,9,alonso,25,1,25.788
2024,9,hamilton,25,1,23.762
2024,9,stroll,25,1,24.284
2024,9,albon,25,1,24.753
2024,9,leclerc,25,1,24.031
2024,9,sainz,25,1,27.626
2024,9,kevin_magnussen,25,2,26.794
2024,9,gasly,25,1,24.911
2024,9,perez,25,1,33.762
2024,9,hulkenberg,25,2,24.668
2024,9,norris,26,1,23.423
2024,9,ricciardo,26,1,30.298
2024,9,leclerc,28,2,47.186
2024,9,leclerc,31,3,24.629
2024,9,gasly,40,2,24.408
2024,9,kevin_magnussen,41,3,24.833
2024,9,bottas,42,1,24.929
2024,9,hamilton,43,2,24.226
2024,9,ricciardo,43,2,23.860
2024,9,sainz,43,2,24.125
2024,9,perez,43,2,24.423
2024,9,piastri,44,2,23.476
2024,9,alonso,44,2,24.346
2024,9,tsunoda,44,1,25.569
2024,9,stroll,44,2,25.025
2024,9,ocon,44,1,24.495
2024,9,albon,44,2,24.804
2024,9,hulkenberg,44,3,24.751
2024,9,zhou,44,2,1:05.564
2024,9,max_verstappen,45,2,24.246
2024,9,russell,45,2,25.431
2024,9,norris,47,2,23.983
2024,9,zhou,52,3,28.375
2024,9,russell,54,3,28.157
2024,9,hamilton,54,3,28.817
2024,9,kevin_magnussen,54,4,26.845
2024,10,zhou,9,1,22.523
2024,10,tsunoda,9,1,22.064
2024,10,kevin_magnussen,10,1,23.36
2024,10,bottas,11,1,22.744
2024,10,hulkenberg,12,1,22.722
2024,10,ocon,13,1,21.834
2024,10,perez,13,1,22.181
2024,10,gasly,14,1,26.097
2024,10,sargeant,14,1,22.401
2024,10,russell,15,1,25.023
2024,10,sainz,15,1,22.194
2024,10,hamilton,16,1,21.84
2024,10,ricciardo,16,1,22.364
2024,10,max_verstappen,17,1,21.544
2024,10,stroll,17,1,21.88
2024,10,albon,18,1,23.248
2024,10,alonso,19,1,21.957
2024,10,piastri,21,1,22.224
2024,10,norris,23,1,21.618
2024,10,leclerc,24,1,22.26
2024,10,tsunoda,27,2,22.084
2024,10,bottas,28,2,22.963
2024,10,kevin_magnussen,29,2,28.967
2024,10,perez,31,2,21.464
2024,10,sargeant,34,2,22.506
2024,10,russell,36,2,22.7
2024,10,sainz,36,2,22.249
2024,10,ocon,37,2,21.921
2024,10,stroll,37,2,23.381
2024,10,gasly,38,2,21.687
2024,10,hulkenberg,38,2,22.518
2024,10,zhou,41,2,24.253
2024,10,ricciardo,42,2,22.108
2024,10,hamilton,43,2,21.603
2024,10,max_verstappen,44,2,22.34
2024,10,albon,43,2,21.892
2024,10,tsunoda,44,3,22.564
2024,10,alonso,45,2,22.571
2024,10,piastri,46,2,22.42
2024,10,norris,47,2,22.631
2024,10,leclerc,47,2,21.624
2024,10,perez,49,3,21.472
2024,11,leclerc,1,1,31.917
2024,11,sargeant,1,1,31.722
2024,11,kevin_magnussen,10,1,21.518
2024,11,ricciardo,10,1,21.502
2024,11,hulkenberg,11,1,22.355
2024,11,alonso,11,1,21.483
2024,11,albon,12,1,21.878
2024,11,leclerc,16,2,21.685
2024,11,ocon,19,1,22.291
2024,11,bottas,19,1,21.918
2024,11,gasly,20,1,21.431
2024,11,stroll,20,1,21.399
2024,11,sargeant,20,2,22.502
2024,11,hamilton,21,1,21.563
2024,11,perez,21,1,21.291
2024,11,tsunoda,21,1,21.25
2024,11,russell,22,1,21.673
2024,11,sainz,22,1,21.226
2024,11,max_verstappen,23,1,21.899
2024,11,norris,23,1,21.617
2024,11,piastri,25,1,20.978
2024,11,zhou,28,1,23.198
2024,11,leclerc,33,3,22.243
2024,11,alonso,35,2,33.947
2024,11,ricciardo,37,2,21.093
2024,11,kevin_magnussen,38,2,21.832
2024,11,hulkenberg,39,2,21.814
2024,11,albon,39,2,21.692
2024,11,gasly,42,2,22.043
2024,11,bottas,42,2,21.991
2024,11,ocon,43,2,21.231
2024,11,stroll,43,2,21.302
2024,11,tsunoda,44,2,23.444
2024,11,russell,46,2,21.229
2024,11,sainz,47,2,21.283
2024,11,sargeant,49,3,22.093
2024,11,max_verstappen,51,2,25.841
2024,11,norris,51,2,21.411
2024,11,piastri,51,2,20.775
2024,11,perez,51,2,27.5
2024,11,leclerc,51,4,20.903
2024,11,zhou,51,2,21.594
2024,11,hamilton,53,2,27.281
2024,11,max_verstappen,64,3,22.729
2024,11,alonso,68,3,22.487
2024,12,zhou,12,1,29.178
2024,12,leclerc,19,1,28.481
2024,12,perez,19,1,28.391
2024,12,ocon,19,1,28.495
2024,12,zhou,19,2,29.838
2024,12,ocon,21,2,28.276
2024,12,max_verstappen,26,1,28.365
2024,12,sainz,26,1,29.199
2024,12,hulkenberg,26,1,29.412
2024,12,stroll,26,1,29.023
2024,12,ricciardo,26,1,28.875
2024,12,bottas,26,1,30.628
2024,12,norris,27,1,28.661
2024,12,hamilton,27,1,28.929
2024,12,russell,27,1,32.045
2024,12,alonso,27,1,29.341
2024,12,tsunoda,27,1,
2024,12,albon,27,1,34.742
2024,12,ocon,26,3,29.289
2024,12,kevin_magnussen,27,1,30.308
2024,12,sargeant,27,1,32.801
2024,12,zhou,26,3,29.125
2024,12,piastri,28,1,29.541
2024,12,leclerc,27,2,29.233
2024,12,perez,28,2,32.313
2024,12,kevin_magnussen,37,2,29.884
2024,12,ricciardo,37,2,29.873
2024,12,bottas,37,2,31.527
2024,12,hamilton,38,2,30.038
2024,12,max_verstappen,38,2,29.076
2024,12,piastri,38,2,29.2
2024,12,leclerc,37,3,29.166
2024,12,perez,37,3,29.3
2024,12,alonso,38,2,29.686
2024,12,tsunoda,38,2,29.658
2024,12,albon,38,2,29.41
2024,12,sargeant,38,2,29.444
2024,12,norris,39,2,30.387
2024,12,zhou,37,4,33.083
2024,12,sainz,39,2,29.097
2024,12,hulkenberg,39,2,30.265
2024,12,stroll,39,2,29.469
2024,12,ocon,38,4,29.086
2024,12,perez,47,4,28.871
2024,12,sainz,50,3,28.706
2024,13,hulkenberg,2,1,22.287
2024,13,albon,6,1,22.091
2024,13,kevin_magnussen,6,1,21.871
2024,13,ocon,6,1,21.829
2024,13,alonso,7,1,22.542
2024,13,ricciardo,7,1,21.084
2024,13,zhou,7,1,21.993
2024,13,sargeant,8,1,21.757
2024,13,stroll,14,1,23.237
2024,13,hamilton,16,1,21.306
2024,13,bottas,16,1,22.146
2024,13,norris,17,1,21.861
2024,13,piastri,18,1,21.641
2024,13,max_verstappen,21,1,22.101
2024,13,sainz,21,1,21.655
2024,13,leclerc,23,1,21.894
2024,13,perez,28,1,21.395
2024,13,gasly,28,1,21.405
2024,13,ricciardo,28,2,21.378
2024,13,tsunoda,29,1,21.467
2024,13,hulkenberg,29,2,22.472
2024,13,albon,29,2,23.41
2024,13,ocon,30,2,21.444
2024,13,russell,33,1,21.369
2024,13,sargeant,33,2,21.398
2024,13,kevin_magnussen,34,2,22.531
2024,13,zhou,36,2,22.183
2024,13,alonso,37,2,21.8
2024,13,hamilton,40,2,21.91
2024,13,leclerc,40,2,21.723
2024,13,norris,45,2,21.249
2024,13,stroll,45,2,22.276
2024,13,bottas,45,2,21.981
2024,13,piastri,47,2,21.823
2024,13,sainz,47,2,21.439
2024,13,perez,47,2,21.056
2024,13,max_verstappen,49,2,21.344
2024,13,russell,53,2,21.328
2024,13,sargeant,63,3,21.908
2024,13,ocon,64,3,21.33
2024,14,hulkenberg,7,1,23.562
2024,14,albon,8,1,23.606
2024,14,ricciardo,8,1,22.643
2024,14,sargeant,8,1,23.338
2024,14,gasly,9,1,22.9
2024,14,russell,10,1,22.686
2024,14,max_verstappen,10,1,23.214
2024,14,hamilton,11,1,23.188
2024,14,perez,11,1,22.692
2024,14,piastri,11,1,22.623
2024,14,bottas,11,1,23.147
2024,14,leclerc,12,1,22.942
2024,14,ocon,12,1,23.366
2024,14,stroll,12,1,23.01
2024,14,alonso,13,1,23.075
2024,14,norris,15,1,22.682
2024,14,tsunoda,15,1,23.452
2024,14,kevin_magnussen,17,1,23.619
2024,14,sainz,20,1,23.08
2024,14,hulkenberg,20,2,23.268
2024,14,perez,21,2,22.648
2024,14,ricciardo,21,2,22.328
2024,14,albon,23,2,23.146
2024,14,sargeant,24,2,23.692
2024,14,leclerc,25,2,23.33
2024,14,hamilton,26,2,22.704
2024,14,max_verstappen,28,2,22.943
2024,14,sainz,28,2,23.089
2024,14,gasly,28,2,22.844
2024,14,norris,29,2,22.61
2024,14,piastri,30,2,24.125
2024,14,ocon,30,2,23.546
2024,14,bottas,35,2,22.949
2024,14,perez,42,3,22.632
2024,15,albon,12,1,21.258
2024,15,hulkenberg,14,1,21.619
2024,15,tsunoda,14,1,21.249
2024,15,bottas,15,1,21.095
2024,15,zhou,18,1,21.214
2024,15,sargeant,22,1,22.03
2024,15,hamilton,23,1,21.168
2024,15,leclerc,24,1,20.841
2024,15,russell,25,1,21.846
2024,15,max_verstappen,27,1,20.785
2024,15,norris,28,1,21.536
2024,15,perez,29,1,22.934
2024,15,ricciardo,29,1,20.942
2024,15,sainz,30,1,20.84
2024,15,stroll,30,1,21.385
2024,15,ocon,30,1,21.015
2024,15,alonso,31,1,21.348
2024,15,gasly,32,1,22.646
2024,15,tsunoda,32,2,20.88
2024,15,piastri,33,1,20.969
2024,15,kevin_magnussen,40,1,21.403
2024,15,bottas,43,2,21.273
2024,15,hamilton,48,2,21.026
2024,15,zhou,51,2,22.044
2024,15,russell,54,2,21.159
2024,15,albon,54,2,21.016
2024,16,hulkenberg,5,1,38.875
2024,16,gasly,10,1,24.335
2024,16,russell,11,1,32.696
2024,16,ricciardo,11,1,30.317
2024,16,alonso,12,1,24.866
2024,16,norris,14,1,24.169
2024,16,kevin_magnussen,14,1,25.672
2024,16,leclerc,15,1,24.551
2024,16,hamilton,15,1,24.469
2024,16,zhou,15,1,27.138
2024,16,piastri,16,1,23.793
2024,16,colapinto,16,1,25.147
2024,16,albon,17,1,24.801
2024,16,sainz,19,1,24.313
2024,16,stroll,19,1,24.98
2024,16,max_verstappen,22,1,28.198
2024,16,perez,23,1,24.728
2024,16,gasly,30,2,24.203
2024,16,ocon,31,1,24.146
2024,16,norris,32,2,24.87
2024,16,hulkenberg,32,2,36.576
2024,16,russell,33,2,26.297
2024,16,bottas,33,1,24.41
2024,16,perez,35,2,24.03
2024,16,alonso,35,2,24.501
2024,16,stroll,36,2,24.209
2024,16,hamilton,37,2,24.155
2024,16,piastri,38,2,24.67
2024,16,max_verstappen,41,2,24.15
2024,16,stroll,50,3,25.269
2024,17,stroll,1,1,21.123
2024,17,colapinto,10,1,20.596
2024,17,alonso,11,1,20.073
2024,17,bottas,11,1,20.045
2024,17,max_verstappen,12,1,21.145
2024,17,russell,12,1,19.954
2024,17,hamilton,12,1,21.289
2024,17,tsunoda,12,1,20.922
2024,17,perez,13,1,20.63
2024,17,bearman,14,1,21.276
2024,17,piastri,15,1,20.181
2024,17,hulkenberg,15,1,21.617
2024,17,leclerc,16,1,20.671
2024,17,sainz,17,1,21.483
2024,17,stroll,22,2,20.214
2024,17,albon,31,1,20.287
2024,17,zhou,34,1,20.52
2024,17,norris,37,1,19.712
2024,17,max_verstappen,49,2,20.725
2024,17,ricciardo,49,1,21.984
2024,17,ocon,49,1,20.634
2024,17,gasly,50,1,20.257
2024,18,ricciardo,10,1,30.316
2024,18,albon,11,1,29.126
2024,18,sainz,13,1,29.385
2024,18,hamilton,17,1,29.272
2024,18,alonso,25,1,29.251
2024,18,stroll,26,1,29.816
2024,18,russell,27,1,28.739
2024,18,perez,28,1,28.99
2024,18,kevin_magnussen,28,1,29.707
2024,18,max_verstappen,29,1,29.655
2024,18,hulkenberg,29,1,29.808
2024,18,colapinto,29,1,29.772
2024,18,ocon,29,1,29.601
2024,18,norris,30,1,29.091
2024,18,tsunoda,33,1,29.662
2024,18,bottas,33,1,30.423
2024,18,zhou,34,1,29.36
2024,18,leclerc,36,1,29.042
2024,18,gasly,37,1,31.509
2024,18,piastri,38,1,29.152
2024,18,ricciardo,46,2,29.066
2024,18,kevin_magnussen,49,2,31.291
2024,18,ricciardo,58,3,29.653
2024,19,albon,3,1,34.983
2024,19,zhou,13,1,24.433
2024,19,bottas,15,1,24.439
2024,19,kevin_magnussen,17,1,23.966
2024,19,gasly,18,1,28.228
2024,19,tsunoda,18,1,24.193
2024,19,sainz,21,1,23.963
2024,19,max_verstappen,25,1,24.228
2024,19,leclerc,26,1,23.817
2024,19,perez,26,1,23.58
2024,19,alonso,26,1,24.247
2024,19,hulkenberg,27,1,24.5
2024,19,stroll,27,1,26.399
2024,19,norris,31,1,23.731
2024,19,ocon,31,1,24.156
2024,19,piastri,32,1,24.107
2024,19,albon,33,2,24.391
2024,19,zhou,35,2,24.89
2024,19,lawson,36,1,23.839
2024,19,kevin_magnussen,38,2,24.087
2024,19,colapinto,39,1,23.971
2024,19,russell,40,1,29.327
2024,19,ocon,51,2,26.175
2024,20,perez,20,1,27.73
2024,20,max_verstappen,26,1,43.73
2024,20,stroll,26,1,22.592
2024,20,hamilton,28,1,22.538
2024,20,gasly,28,1,23.204
2024,20,hulkenberg,29,1,23.077
2024,20,norris,30,1,22.111
2024,20,kevin_magnussen,30,1,23.332
2024,20,leclerc,31,1,22.86
2024,20,russell,31,1,22.462
2024,20,sainz,32,1,22.249
2024,20,piastri,39,1,21.825
2024,20,lawson,39,1,22.586
2024,20,zhou,43,1,22.935
2024,20,perez,43,2,22.174
2024,20,colapinto,47,1,23.895
2024,20,ocon,48,1,23.245
2024,20,bottas,49,1,22.505
2024,20,lawson,65,2,30.299
2024,20,leclerc,69,2,22.69
2024,20,perez,68,3,21.92
2024,21,leclerc,24,1,24.573
2024,21,hulkenberg,25,1,25.369
2024,21,colapinto,26,1,25.287
2024,21,piastri,27,1,26.050
2024,21,alonso,27,1,25.107
2024,21,bearman,27,1,35.755
2024,21,hamilton,27,1,25.205
2024,21,sainz,27,1,25.920
2024,21,perez,27,1,26.692
2024,21,zhou,27,1,25.248
2024,21,russell,28,1,25.698
2024,21,norris,28,1,24.764
2024,21,tsunoda,28,1,25.431
2024,21,lawson,28,1,28.167
2024,21,hulkenberg,27,2,58.984
2024,21,zhou,28,2,27.067
2024,21,colapinto,30,2,25.239
2024,21,hulkenberg,29,3,28.590
2024,21,ocon,32,1,23:28.695
2024,21,max_verstappen,32,1,23:29.303
2024,21,zhou,31,3,21:23.154
2024,21,gasly,32,1,23:27.586
2024,21,norris,32,2,23:35.363
2024,21,russell,32,2,23:35.838
2024,21,tsunoda,32,2,23:39.030
2024,21,leclerc,32,2,23:40.260
2024,21,piastri,32,2,23:40.270
2024,21,alonso,32,2,23:42.872
2024,21,lawson,32,2,23:42.722
2024,21,hamilton,32,2,23:45.703
2024,21,bottas,32,1,23:42.094
2024,21,sainz,32,2,23:44.659
2024,21,perez,32,2,23:45.215
2024,21,bearman,32,2,23:44.737
2024,21,zhou,32,4,1:08.542
2024,22,alonso,4,1,21.407
2024,22,leclerc,9,1,21.329
2024,22,norris,9,1,21.194
2024,22,albon,9,1,22.012
2024,22,stroll,9,1,34.863
2024,22,sainz,10,1,21.048
2024,22,gasly,10,1,22.179
2024,22,tsunoda,10,1,21.168
2024,22,piastri,10,1,27.732
2024,22,max_verstappen,11,1,20.697
2024,22,ocon,11,1,15.79
2024,22,zhou,11,1,22.96
2024,22,lawson,11,1,21.049
2024,22,russell,12,1,21.072
2024,22,ocon,12,2,21.142
2024,22,hamilton,13,1,21.067
2024,22,hulkenberg,14,1,21.511
2024,22,colapinto,16,1,21.17
2024,22,perez,17,1,21.294
2024,22,kevin_magnussen,17,1,21.963
2024,22,bottas,17,1,21.623
2024,22,alonso,24,2,21.407
2024,22,piastri,25,2,21.082
2024,22,colapinto,26,2,21.221
2024,22,max_verstappen,27,2,22.254
2024,22,hamilton,27,2,21.355
2024,22,sainz,28,2,20.879
2024,22,stroll,28,2,21.588
2024,22,tsunoda,29,2,21.208
2024,22,norris,30,2,20.668
2024,22,leclerc,31,2,21.585
2024,22,russell,32,2,20.975
2024,22,perez,32,2,21.034
2024,22,hulkenberg,33,2,21.702
2024,22,zhou,34,2,21.761
2024,22,bottas,35,2,22.821
2024,22,lawson,38,2,20.642
2024,22,ocon,45,3,21.858
2024,22,norris,48,3,21.059
2024,23,stroll,1,1,29.783
2024,23,hulkenberg,1,1,32.957
2024,23,stroll,7,2,41.674
2024,23,russell,23,1,32.309
2024,23,bottas,24,1,29.034
2024,23,kevin_magnussen,27,1,28.543
2024,23,hulkenberg,31,2,28.343
2024,23,piastri,34,1,27.818
2024,23,sainz,34,1,36.143
2024,23,hamilton,34,1,37.915
2024,23,max_verstappen,35,1,28.303
2024,23,norris,35,1,28.024
2024,23,leclerc,35,1,28.46
2024,23,perez,35,1,28.088
2024,23,gasly,35,1,28.792
2024,23,russell,35,2,27.87
2024,23,alonso,35,1,28.628
2024,23,zhou,35,1,29.085
2024,23,tsunoda,35,1,29.024
2024,23,albon,35,1,29.179
2024,23,lawson,35,1,45.049
2024,23,max_verstappen,36,2,23.884
2024,23,hamilton,35,2,23.412
2024,23,bottas,35,2,28.968
2024,23,norris,36,2,25.592
2024,23,leclerc,36,2,25.675
2024,23,piastri,36,2,22.867
2024,23,perez,36,2,22.705
2024,23,gasly,36,2,22.717
2024,23,russell,36,3,22.763
2024,23,sainz,36,2,22.776
2024,23,alonso,36,2,28.592
2024,23,zhou,36,2,23.228
2024,23,kevin_magnussen,36,2,22.696
2024,23,tsunoda,36,2,22.714
2024,23,albon,36,2,22.71
2024,23,hulkenberg,36,3,23.81
2024,23,lawson,36,2,22.737
2024,23,max_verstappen,37,3,22.703
2024,23,hamilton,36,3,26.815
2024,23,norris,37,3,28.746
2024,23,bottas,36,3,28.14
2024,23,leclerc,37,3,28.983
2024,23,piastri,37,3,29.326
2024,23,perez,37,3,29.459
2024,23,gasly,37,3,30.488
2024,23,russell,37,4,34.037
2024,23,sainz,37,3,34.356
2024,23,zhou,37,3,34.818
2024,23,alonso,37,3,32.811
2024,23,kevin_magnussen,37,3,33.363
2024,23,tsunoda,37,3,35.849
2024,23,albon,37,3,36.548
2024,23,hulkenberg,37,4,37.692
2024,23,lawson,37,3,26.79
2024,23,tsunoda,40,4,29.271
2024,23,lawson,40,4,34.655
2024,23,norris,45,4,36.069
2024,23,hamilton,47,4,22.705
2024,23,albon,55,4,39.687
2024,24,colapinto,3,1,24.941
2024,24,piastri,4,1,23.582
2024,24,bottas,6,1,41.144
2024,24,stroll,11,1,23.266
2024,24,kevin_magnussen,12,1,26.363
2024,24,zhou,12,1,23.024
2024,24,albon,12,1,22.065
2024,24,hulkenberg,13,1,21.53
2024,24,alonso,13,1,23.326
2024,24,gasly,14,1,22.059
2024,24,leclerc,20,1,21.869
2024,24,tsunoda,22,1,21.869
2024,24,doohan,22,1,22.08
2024,24,lawson,23,1,23.415
2024,24,lawson,24,2,22.565
2024,24,sainz,25,1,21.28
2024,24,norris,26,1,21.276
2024,24,russell,26,1,21.656
2024,24,max_verstappen,29,1,32.652
2024,24,kevin_magnussen,29,2,21.678
2024,24,lawson,29,3,32.317
2024,24,kevin_magnussen,30,3,22.815
2024,24,piastri,32,2,32.774
2024,24,stroll,32,2,22.053
2024,24,hamilton,34,1,21.694
2024,24,alonso,37,2,22.437
2024,24,zhou,39,2,28.765
2024,24,kevin_magnussen,55,4,22.09
2025,1,norris,2,1,13.341
2025,1,max_verstappen,2,1,13.416
2025,1,piastri,2,1,13.078
2025,1,russell,2,1,13.672
2025,1,leclerc,2,1,14.182
2025,1,tsunoda,2,1,14.957
2025,1,albon,2,1,15.02
2025,1,hamilton,2,1,15.002
2025,1,gasly,2,1,15.104
2025,1,alonso,2,1,15.535
2025,1,stroll,2,1,15.505
2025,1,hulkenberg,2,1,15.13
2025,1,antonelli,2,1,14.658
2025,1,bortoleto,2,1,14.432
2025,1,ocon,2,1,14.395
2025,1,lawson,2,1,14.79
2025,1,bearman,2,1,14.605
2025,1,norris,3,2,12.91
2025,1,max_verstappen,3,2,13.74
2025,1,piastri,3,2,13.838
2025,1,russell,3,2,14.104
2025,1,leclerc,3,2,14.621
2025,1,tsunoda,3,2,15.223
2025,1,albon,3,2,16.993
2025,1,hamilton,3,2,16.191
2025,1,gasly,3,2,15.744
2025,1,alonso,3,2,16.241
2025,1,stroll,3,2,16.014
2025,1,hulkenberg,3,2,15.971
2025,1,antonelli,3,2,16.374
2025,1,bortoleto,3,2,16.363
2025,1,ocon,3,2,16.477
2025,1,lawson,3,2,16.309
2025,1,bearman,3,2,16.347
2025,1,norris,4,3,12.804
2025,1,max_verstappen,4,3,12.938
2025,1,piastri,4,3,12.816
2025,1,russell,4,3,13.696
2025,1,leclerc,4,3,14.129
2025,1,tsunoda,4,3,13.605
2025,1,albon,4,3,14.285
2025,1,hamilton,4,3,14.789
2025,1,gasly,4,3,14.71
2025,1,alonso,4,3,15.034
2025,1,stroll,4,3,14.451
2025,1,hulkenberg,4,3,14.198
2025,1,antonelli,4,3,13.975
2025,1,bortoleto,4,3,14.206
2025,1,ocon,4,3,19.649
2025,1,lawson,4,3,18.88
2025,1,bearman,4,3,22.494
2025,1,tsunoda,33,4,18.997
2025,1,albon,33,4,18.573
2025,1,hamilton,33,4,18.526
2025,1,gasly,33,4,19.589
2025,1,antonelli,33,4,18.912
2025,1,stroll,33,4,18.802
2025,1,hulkenberg,33,4,21.123
2025,1,bortoleto,33,4,24.073
2025,1,norris,34,4,18.464
2025,1,piastri,34,4,19.719
2025,1,lawson,33,4,20.067
2025,1,max_verstappen,34,4,18.7
2025,1,russell,34,4,19.125
2025,1,leclerc,34,4,18.154
2025,1,ocon,39,4,18.778
2025,1,bearman,39,4,22.441
2025,1,norris,44,5,18.031
2025,1,russell,44,5,19.378
2025,1,albon,44,5,18.952
2025,1,antonelli,44,5,21.946
2025,1,stroll,44,5,18.901
2025,1,hulkenberg,44,5,20.209
2025,1,bortoleto,44,5,26.214
2025,1,piastri,44,5,19.85
2025,1,bearman,44,5,19.37
2025,1,max_verstappen,46,5,18.721
2025,1,gasly,46,5,19.482
2025,1,ocon,46,5,19.858
2025,1,hamilton,47,5,20.802
2025,1,leclerc,47,5,24.528
2025,1,tsunoda,47,5,19.312
2025,2,bortoleto,1,1,23.385
2025,2,gasly,10,1,23.138
2025,2,tsunoda,11,1,22.519
2025,2,ocon,11,1,23.114
2025,2,doohan,11,1,22.793
2025,2,antonelli,12,1,22.675
2025,2,hadjar,12,1,22.896
2025,2,hamilton,13,1,22.388
2025,2,max_verstappen,13,1,22.454
2025,2,piastri,14,1,23.938
2025,2,russell,14,1,22.324
2025,2,norris,15,1,22.213
2025,2,leclerc,15,1,22.151
2025,2,sainz,17,1,22.721
2025,2,lawson,18,1,22.536
2025,2,albon,20,1,23.362
2025,2,hulkenberg,20,1,22.959
2025,2,bearman,26,1,22.808
2025,2,bortoleto,26,2,22.79
2025,2,lawson,30,2,22.355
2025,2,hadjar,33,2,22.234
2025,2,tsunoda,35,2,22.583
2025,2,stroll,36,1,22.995
2025,2,hamilton,37,2,22.364
2025,2,tsunoda,46,3,38.102
2025,3,stroll,9,1,23.724
2025,3,doohan,15,1,23.382
2025,3,russell,19,1,23.184
2025,3,piastri,20,1,23.037
2025,3,max_verstappen,21,1,24.397
2025,3,norris,21,1,23.222
2025,3,leclerc,21,1,23.346
2025,3,hulkenberg,22,1,23.515
2025,3,bearman,23,1,24.834
2025,3,tsunoda,23,1,24.181
2025,3,albon,24,1,23.093
2025,3,alonso,24,1,25.708
2025,3,gasly,24,1,26.041
2025,3,hadjar,25,1,23.333
2025,3,hamilton,30,1,22.937
2025,3,stroll,30,2,23.608
2025,3,antonelli,31,1,24.38
2025,3,bortoleto,31,1,23.419
2025,3,ocon,32,1,24.464
2025,3,lawson,33,1,23.662
2025,3,sainz,33,1,23.337
2025,4,hulkenberg,5,1,24.229
2025,4,hadjar,6,1,25.265
2025,4,ocon,8,1,24.876
2025,4,doohan,9,1,24.791
2025,4,norris,10,1,29.822
2025,4,gasly,10,1,25.033
2025,4,max_verstappen,10,1,26.518
2025,4,tsunoda,11,1,26.493
2025,4,antonelli,12,1,24.807
2025,4,stroll,12,1,24.611
2025,4,russell,13,1,24.044
2025,4,bortoleto,13,1,24.143
2025,4,piastri,14,1,24.498
2025,4,sainz,14,1,24.6
2025,4,bearman,14,1,24.562
2025,4,lawson,14,1,25.242
2025,4,albon,16,1,25.394
2025,4,alonso,16,1,24.826
2025,4,leclerc,17,1,24.802
2025,4,hamilton,17,1,24.34
2025,4,max_verstappen,26,2,28.067
2025,4,ocon,27,2,24.832
2025,4,antonelli,27,2,24.506
2025,4,hulkenberg,27,2,24.291
2025,4,gasly,28,2,24.958
2025,4,doohan,28,2,25.093
2025,4,hadjar,28,2,24.64
2025,4,piastri,32,2,24.9
2025,4,russell,32,2,24.1
2025,4,leclerc,32,2,24.241
2025,4,norris,32,2,24.035
2025,4,hamilton,32,2,24.35
2025,4,sainz,32,2,24.315
2025,4,tsunoda,32,2,24.771
2025,4,albon,32,2,25.99
2025,4,bearman,32,2,24.895
2025,4,antonelli,32,3,24.693
2025,4,alonso,32,2,24.846
2025,4,lawson,32,2,24.191
2025,4,stroll,32,2,24.592
2025,4,bortoleto,32,2,25.396
2025,4,sainz,44,3,37.116
2025,5,doohan,1,1,20.571
2025,5,ocon,1,1,21.512
2025,5,bortoleto,1,1,21.854
2025,5,bearman,18,1,22.095
2025,5,piastri,19,1,21.388
2025,5,antonelli,19,1,20.399
2025,5,alonso,19,1,21.891
2025,5,russell,20,1,20.329
2025,5,lawson,20,1,20.534
2025,5,max_verstappen,21,1,26.03
2025,5,sainz,21,1,24.148
2025,5,albon,22,1,22.135
2025,5,hamilton,23,1,20.144
2025,5,leclerc,29,1,20.131
2025,5,doohan,32,2,21.521
2025,5,hulkenberg,33,1,20.441
2025,5,norris,34,1,20.427
2025,5,hadjar,34,1,20.827
2025,5,stroll,39,1,20.487
2025,6,bortoleto,19,1,22.188
2025,6,stroll,20,1,22.317
2025,6,hadjar,22,1,22.115
2025,6,ocon,23,1,23.162
2025,6,antonelli,25,1,24.383
2025,6,sainz,25,1,22.415
2025,6,max_verstappen,26,1,22.501
2025,6,albon,26,1,21.906
2025,6,tsunoda,27,1,22.56
2025,6,hamilton,28,1,23.104
2025,6,alonso,28,1,23.602
2025,6,lawson,28,1,22.439
2025,6,piastri,29,1,22.106
2025,6,norris,29,1,22.044
2025,6,russell,29,1,24.257
2025,6,leclerc,29,1,22.183
2025,6,gasly,32,1,22.06
2025,6,hulkenberg,36,1,22.108
2025,7,ocon,1,1,30.506
2025,7,gasly,9,1,31.488
2025,7,leclerc,10,1,29.634
2025,7,lawson,10,1,29.695
2025,7,russell,11,1,29.784
2025,7,sainz,11,1,30.08
2025,7,alonso,12,1,30.163
2025,7,bortoleto,12,1,30.906
2025,7,piastri,13,1,30.973
2025,7,stroll,14,1,31.218
2025,7,colapinto,22,1,30.317
2025,7,norris,28,1,29.513
2025,7,max_verstappen,29,1,29.991
2025,7,albon,29,1,30.471
2025,7,hadjar,29,1,30.123
2025,7,antonelli,29,1,30.051
2025,7,hamilton,29,1,29.949
2025,7,leclerc,29,2,31.898
2025,7,hulkenberg,29,1,30.184
2025,7,bearman,29,1,31.414
2025,7,russell,29,2,30.754
2025,7,tsunoda,29,1,29.807
2025,7,sainz,29,2,30.635
2025,7,gasly,29,2,32.003
2025,7,lawson,29,2,30.291
2025,7,bortoleto,29,2,30.605
2025,7,piastri,30,2,30.609
2025,7,bearman,31,2,56.757
2025,7,max_verstappen,46,2,29.657
2025,7,norris,46,2,31.675
2025,7,hamilton,46,2,29.95
2025,7,hadjar,46,2,30.096
2025,7,alonso,46,2,30.886
2025,7,stroll,46,2,34.496
2025,7,colapinto,46,2,31.107
2025,7,bortoleto,46,3,29.917
2025,7,albon,47,2,29.786
2025,8,tsunoda,1,1,24.525
2025,8,gasly,1,1,24.376
2025,8,bearman,1,1,50.191
2025,8,bortoleto,1,1,37.243
2025,8,hulkenberg,12,1,24.065
2025,8,colapinto,13,1,24.355
2025,8,hadjar,14,1,24.311
2025,8,alonso,16,1,25.375
2025,8,ocon,16,1,25.575
2025,8,stroll,17,1,23.978
2025,8,bearman,17,2,24.58
2025,8,hamilton,18,1,23.565
2025,8,norris,19,1,24.545
2025,8,hadjar,19,2,24.031
2025,8,piastri,20,1,25.756
2025,8,leclerc,22,1,23.576
2025,8,bortoleto,26,2,24.483
2025,8,colapinto,26,2,24.497
2025,8,max_verstappen,28,1,24.114
2025,8,ocon,28,2,24.773
2025,8,lawson,31,1,24.206
2025,8,albon,32,1,23.927
2025,8,bortoleto,35,3,24.246
2025,8,lawson,40,2,24.32
2025,8,albon,40,2,24.19
2025,8,hulkenberg,44,2,24.397
2025,8,piastri,48,2,23.908
2025,8,leclerc,49,2,23.678
2025,8,sainz,48,1,24.498
2025,8,norris,50,2,23.704
2025,8,sainz,53,2,24.049
2025,8,russell,53,1,19.482
2025,8,hamilton,56,2,24.256
2025,8,russell,62,2,25.063
2025,8,stroll,64,2,25.916
2025,8,russell,68,3,24.025
2025,8,antonelli,69,1,24.457
2025,8,antonelli,71,2,24.837
2025,8,tsunoda,73,2,24.086
2025,8,max_verstappen,77,2,23.95
2025,9,albon,6,1,30.823
2025,9,bearman,8,1,22.009
2025,9,tsunoda,8,1,21.868
2025,9,hulkenberg,9,1,22.233
2025,9,sainz,9,1,30.547
2025,9,gasly,10,1,22.224
2025,9,max_verstappen,13,1,21.869
2025,9,colapinto,14,1,22.491
2025,9,alonso,15,1,22.782
2025,9,hamilton,16,1,21.957
2025,9,leclerc,17,1,21.863
2025,9,lawson,18,1,22.039
2025,9,hadjar,19,1,21.769
2025,9,bortoleto,19,1,22.041
2025,9,russell,20,1,21.739
2025,9,ocon,20,1,22.554
2025,9,norris,21,1,22.454
2025,9,antonelli,21,1,22.234
2025,9,piastri,22,1,21.858
2025,9,tsunoda,24,2,22.056
2025,9,albon,26,2,37.674
2025,9,max_verstappen,29,2,21.933
2025,9,gasly,31,2,22.006
2025,9,sainz,34,2,22.346
2025,9,bearman,35,2,22.27
2025,9,leclerc,40,2,21.893
2025,9,colapinto,39,2,22.119
2025,9,russell,41,2,21.752
2025,9,alonso,42,2,22.242
2025,9,ocon,43,2,22.468
2025,9,lawson,44,2,22.127
2025,9,tsunoda,44,3,21.822
2025,9,hulkenberg,45,2,21.849
2025,9,hamilton,46,2,24.416
2025,9,max_verstappen,47,3,21.802
2025,9,norris,48,2,21.863
2025,9,hadjar,48,2,22.019
2025,9,piastri,49,2,21.838
2025,9,antonelli,49,2,23.457
2025,9,bortoleto,49,2,22.953
2025,9,piastri,55,3,22.748
2025,9,norris,55,3,23.562
2025,9,max_verstappen,55,4,22.197
2025,9,alonso,54,3,22.216
2025,9,bearman,54,3,22.765
2025,9,tsunoda,54,4,22.283
2025,9,leclerc,55,3,22.383
2025,9,russell,55,3,23.167
2025,9,hamilton,55,3,22.83
2025,9,colapinto,54,3,21.874
2025,9,hadjar,55,3,21.841
2025,9,gasly,55,3,22.818
2025,9,sainz,55,3,21.984
2025,9,hulkenberg,56,3,21.904
2025,10,max_verstappen,12,1,23.604
2025,10,russell,13,1,23.231
2025,10,hadjar,13,1,24.13
2025,10,antonelli,14,1,23.32
2025,10,colapinto,14,1,24.735
2025,10,hamilton,15,1,23.604
2025,10,alonso,15,1,24.021
2025,10,piastri,16,1,23.245
2025,10,bearman,18,1,23.562
2025,10,hulkenberg,19,1,23.476
2025,10,albon,23,1,23.898
2025,10,stroll,24,1,23.742
2025,10,leclerc,28,1,23.36
2025,10,norris,29,1,23.223
2025,10,max_verstappen,37,2,23.121
2025,10,antonelli,38,2,23.416
2025,10,lawson,38,1,23.28
2025,10,russell,42,2,24.262
2025,10,piastri,45,2,23.174
2025,10,hamilton,45,2,23.338
2025,10,norris,47,2,23.471
2025,10,bortoleto,49,1,23.715
2025,10,alonso,50,2,23.409
2025,10,stroll,51,2,34.742
2025,10,leclerc,53,2,23.859
2025,10,gasly,53,1,23.987
2025,10,tsunoda,56,1,25.178
2025,10,ocon,57,1,24.452
2025,10,sainz,57,1,23.269
2025,10,alonso,66,3,18.2
2025,10,hulkenberg,66,2,18.298
2025,10,russell,67,3,18.265
2025,10,max_verstappen,67,3,18.294
2025,10,antonelli,67,3,18.275
2025,10,piastri,67,3,26.385
2025,10,ocon,66,2,18.244
2025,10,sainz,66,2,18.288
2025,10,bearman,66,2,27.985
2025,10,leclerc,67,3,18.331
2025,10,tsunoda,66,2,18.251
2025,10,colapinto,66,2,18.19
2025,10,bortoleto,66,2,18.23
2025,10,gasly,66,2,18.211
2025,10,hadjar,66,2,23.693
2025,10,stroll,66,3,23.772
2025,10,hamilton,67,3,18.24
2025,10,alonso,67,4,18.199
2025,10,hulkenberg,67,3,18.299
2025,10,russell,68,4,19.449
2025,10,max_verstappen,68,4,19.204
2025,10,antonelli,68,4,18.991
2025,10,ocon,67,3,18.24
2025,10,sainz,67,3,18.195
2025,10,piastri,68,4,18.25
2025,10,leclerc,68,4,18.265
2025,10,bearman,67,3,18.255
2025,10,tsunoda,67,3,18.26
2025,10,colapinto,67,3,18.193
2025,10,bortoleto,67,3,18.249
2025,10,gasly,67,3,18.217
2025,10,hadjar,67,3,18.284
2025,10,stroll,67,4,18.237
2025,10,hamilton,68,4,18.246
2025,10,alonso,68,5,18.226
2025,10,hulkenberg,68,4,18.306
2025,10,russell,69,5,18.288
2025,10,max_verstappen,69,5,18.309
2025,10,antonelli,69,5,18.284
2025,10,ocon,68,4,18.245
2025,10,sainz,68,4,18.196
2025,10,piastri,69,5,18.276
2025,10,leclerc,69,5,18.284
2025,10,bearman,68,4,18.257
2025,10,tsunoda,68,4,18.24
2025,10,colapinto,68,4,18.195
2025,10,bortoleto,68,4,18.243
2025,10,gasly,68,4,18.212
2025,10,hadjar,68,4,18.273
2025,10,stroll,68,5,18.225
2025,10,hamilton,69,5,18.244
2025,10,alonso,69,6,18.228
2025,10,hulkenberg,69,5,18.306
2025,11,hadjar,2,1,21.297
2025,11,bearman,11,1,21.91
2025,11,gasly,12,1,21.959
2025,11,hulkenberg,12,1,21.236
2025,11,albon,13,1,21.21
2025,11,colapinto,13,1,23.038
2025,11,russell,18,1,21.344
2025,11,tsunoda,18,1,21.492
2025,11,ocon,19,1,23.188
2025,11,norris,20,1,22.131
2025,11,bortoleto,21,1,21.676
2025,11,piastri,24,1,22.599
2025,11,leclerc,25,1,21.308
2025,11,hamilton,26,1,21.287
2025,11,stroll,26,1,22.907
2025,11,hadjar,28,2,21.68
2025,11,tsunoda,30,2,
2025,11,lawson,32,1,21.434
2025,11,alonso,33,1,21.865
2025,11,gasly,38,2,22.105
2025,11,bearman,39,2,21.771
2025,11,colapinto,39,2,21.087
2025,11,hulkenberg,42,2,21.045
2025,11,russell,45,2,21.854
2025,11,leclerc,49,2,21.536
2025,11,bortoleto,49,2,21.286
2025,11,hamilton,50,2,21.158
2025,11,ocon,50,2,22.284
2025,11,norris,52,2,21.427
2025,11,piastri,53,2,21.033
2025,11,stroll,53,2,21.763
2025,11,tsunoda,60,3,32.643
2025,12,antonelli,2,1,28.721
2025,12,stroll,6,1,29.125
2025,12,hulkenberg,9,1,29.736
2025,12,antonelli,9,2,28.707
2025,12,stroll,10,2,28.853
2025,12,russell,10,1,28.647
2025,12,leclerc,10,1,29.089
2025,12,hadjar,10,1,28.523
2025,12,bearman,10,1,29.201
2025,12,piastri,11,1,29.491
2025,12,norris,11,1,30.63
2025,12,max_verstappen,11,1,28.182
2025,12,hamilton,11,1,28.917
2025,12,gasly,11,1,28.912
2025,12,alonso,11,1,28.707
2025,12,sainz,11,1,29.554
2025,12,tsunoda,11,1,28.544
2025,12,albon,12,1,29.251
2025,12,ocon,18,1,29.562
2025,12,antonelli,20,3,29.728
2025,12,alonso,37,2,28.534
2025,12,russell,38,2,28.205
2025,12,hamilton,41,2,29.127
2025,12,stroll,41,3,28.553
2025,12,max_verstappen,41,2,29.689
2025,12,gasly,41,2,28.469
2025,12,sainz,41,2,28.655
2025,12,bearman,41,2,29.09
2025,12,tsunoda,41,2,40.145
2025,12,hulkenberg,42,2,29.952
2025,12,leclerc,42,2,28.84
2025,12,albon,42,2,29.292
2025,12,ocon,42,2,28.646
2025,12,piastri,43,2,40.28
2025,12,norris,44,2,28.214
2025,13,hamilton,11,1,23.284
2025,13,gasly,11,1,26.825
2025,13,hulkenberg,11,1,23.599
2025,13,alonso,11,1,23.404
2025,13,piastri,12,1,23.844
2025,13,leclerc,12,1,23.806
2025,13,max_verstappen,12,1,25.913
2025,13,russell,12,1,23.635
2025,13,albon,12,1,24.029
2025,13,lawson,12,1,23.269
2025,13,bortoleto,12,1,23.274
2025,13,bearman,12,1,24.13
2025,13,colapinto,12,1,23.665
2025,13,sainz,12,1,27.528
2025,13,antonelli,12,1,23.609
2025,13,stroll,12,1,23.787
2025,13,norris,13,1,24.376
2025,13,tsunoda,13,1,23.33
2025,13,hadjar,13,1,23.58
2025,13,ocon,13,1,23.802
2025,13,hadjar,20,2,23.376
2025,13,sainz,26,2,23.77
2025,13,colapinto,28,2,23.449
2025,13,alonso,29,2,23.692
2025,13,antonelli,30,2,23.059
2025,13,hulkenberg,32,2,23.89
2025,14,hulkenberg,5,1,21.594
2025,14,colapinto,13,1,30.248
2025,14,ocon,14,1,22.444
2025,14,albon,14,1,21.345
2025,14,sainz,15,1,21.67
2025,14,max_verstappen,17,1,21.433
2025,14,piastri,18,1,21.145
2025,14,leclerc,19,1,21.13
2025,14,russell,19,1,21.703
2025,14,tsunoda,20,1,21.295
2025,14,antonelli,21,1,22.328
2025,14,bearman,30,1,21.754
2025,14,norris,31,1,20.94
2025,14,gasly,32,1,21.699
2025,14,hadjar,33,1,21.096
2025,14,colapinto,35,2,26.28
2025,14,stroll,36,1,21.464
2025,14,tsunoda,37,2,21.541
2025,14,albon,38,2,22.726
2025,14,alonso,39,1,22.204
2025,14,leclerc,40,2,21.136
2025,14,bortoleto,40,1,21.773
2025,14,lawson,40,1,22.136
2025,14,hulkenberg,41,2,28.777
2025,14,hamilton,42,1,21.15
2025,14,russell,43,2,21.45
2025,14,piastri,45,2,20.94
2025,14,max_verstappen,48,2,21.258
2025,14,sainz,51,2,21.423
2025,15,stroll,8,1,17.561
2025,15,alonso,18,1,17.417
2025,15,tsunoda,19,1,18.348
2025,15,colapinto,19,1,17.986
2025,15,hulkenberg,19,1,17.602
2025,15,leclerc,22,1,17.081
2025,15,bortoleto,22,1,17.908
2025,15,piastri,23,1,17.375
2025,15,norris,23,1,20.042
2025,15,max_verstappen,23,1,18.74
2025,15,hadjar,23,1,17.414
2025,15,russell,23,1,18.832
2025,15,lawson,23,1,17.549
2025,15,sainz,23,1,17.67
2025,15,albon,23,1,19.692
2025,15,antonelli,23,1,17.476
2025,15,gasly,23,1,19.223
2025,15,sainz,27,2,29.443
2025,15,lawson,27,2,22.209
2025,15,alonso,40,2,17.949
2025,15,antonelli,51,2,17.365
2025,15,leclerc,52,2,17.042
2025,15,sainz,51,3,30.34
2025,15,stroll,52,2,17.598
2025,15,ocon,52,1,18.27
2025,15,piastri,53,2,18.589
2025,15,norris,53,2,22.608
2025,15,max_verstappen,53,2,18.261
2025,15,hadjar,53,2,18.535
2025,15,russell,53,2,17.344
2025,15,albon,53,2,17.84
2025,15,antonelli,53,3,21.36
2025,15,lawson,52,3,18.552
2025,15,bearman,53,1,18.622
2025,15,tsunoda,53,2,18.147
2025,15,colapinto,53,2,17.586
2025,15,hulkenberg,53,2,17.944
2025,15,bortoleto,60,2,17.491
2025,15,colapinto,65,3,18.077
2025,15,sainz,65,4,18.043
2025,16,lawson,9,1,24.156
2025,16,bearman,18,1,25.372
2025,16,tsunoda,19,1,24.372
2025,16,bortoleto,20,1,26.143
2025,16,alonso,20,1,25.16
2025,16,russell,27,1,25.021
2025,16,antonelli,28,1,24.916
2025,16,sainz,30,1,24.605
2025,16,hadjar,32,1,24.326
2025,16,leclerc,33,1,24.235
2025,16,colapinto,33,1,24.971
2025,16,max_verstappen,37,1,24.545
2025,16,hamilton,38,1,23.971
2025,16,albon,41,1,24.717
2025,16,piastri,45,1,23.602
2025,16,norris,46,1,27.498
2025,16,stroll,49,1,38.418
2025,16,gasly,49,1,25.012
2025,16,ocon,51,1,30.754
2025,17,ocon,1,1,20.691
2025,17,albon,1,1,20.758
2025,17,ocon,2,2,20.759
2025,17,albon,15,2,20.489
2025,17,colapinto,16,1,21.088
2025,17,antonelli,18,1,20.669
2025,17,leclerc,19,1,20.542
2025,17,lawson,20,1,20.283
2025,17,alonso,21,1,25.768
2025,17,bortoleto,26,1,20.845
2025,17,sainz,27,1,20.508
2025,17,bearman,28,1,21.194
2025,17,hadjar,29,1,20.294
2025,17,gasly,35,1,21.5
2025,17,hamilton,36,1,20.062
2025,17,hulkenberg,36,1,19.97
2025,17,norris,37,1,21.975
2025,17,stroll,37,1,21.82
2025,17,tsunoda,38,1,20.323
2025,17,russell,39,1,19.809
2025,17,max_verstappen,40,1,20.221
2025,18,bortoleto,13,1,32.856
2025,18,tsunoda,13,1,24.61
2025,18,colapinto,14,1,24.04
2025,18,max_verstappen,19,1,24.008
2025,18,hadjar,20,1,23.827
2025,18,leclerc,21,1,23.63
2025,18,bearman,23,1,23.979
2025,18,hamilton,24,1,24.794
2025,18,gasly,24,1,25.583
2025,18,russell,25,1,23.966
2025,18,antonelli,25,1,23.806
2025,18,hulkenberg,25,1,24.193
2025,18,norris,26,1,23.314
2025,18,piastri,27,1,26.637
2025,18,alonso,27,1,30.749
2025,18,ocon,30,1,25.078
2025,18,stroll,38,1,24.012
2025,18,albon,42,1,25.732
2025,18,hulkenberg,44,2,31.894
2025,18,hamilton,46,2,23.344
2025,18,lawson,48,1,24.027
2025,18,sainz,50,1,24.075
2025,18,gasly,51,2,25.188
2025,19,albon,7,1,23.763
2025,19,bortoleto,14,1,25.567
2025,19,leclerc,22,1,23.718
2025,19,ocon,24,1,25.06
2025,19,gasly,27,1,26.631
2025,19,stroll,28,1,24.192
2025,19,hadjar,28,1,23.831
2025,19,tsunoda,29,1,24.539
2025,19,piastri,30,1,23.452
2025,19,bearman,30,1,24.11
2025,19,alonso,30,1,24.054
2025,19,lawson,30,1,23.681
2025,19,hamilton,31,1,23.937
2025,19,antonelli,31,1,23.949
2025,19,norris,32,1,24.58
2025,19,colapinto,32,1,24.045
2025,19,max_verstappen,33,1,23.987
2025,19,russell,33,1,23.555
2025,19,hulkenberg,33,1,23.753
2025,19,albon,36,2,24.582
2025,19,bortoleto,36,2,24.007
2025,20,lawson,2,1,34.212
2025,20,sainz,17,1,22.502
2025,20,alonso,20,1,26.816
2025,20,antonelli,22,1,22.476
2025,20,hamilton,23,1,33.308
2025,20,bearman,24,1,22.647
2025,20,piastri,24,1,23.211
2025,20,russell,25,1,22.347
2025,20,stroll,26,1,22.071
2025,20,ocon,27,1,23.203
2025,20,leclerc,31,1,22.215
2025,20,gasly,33,1,22.834
2025,20,norris,34,1,22.567
2025,20,hadjar,34,1,22.196
2025,20,tsunoda,36,1,31.63
2025,20,max_verstappen,37,1,22.762
2025,20,bortoleto,37,1,22.41
2025,20,albon,41,1,22.04
2025,20,stroll,43,2,23.713
2025,20,sainz,46,2,30.546
2025,20,antonelli,47,2,24.523
2025,20,piastri,47,2,22.159
2025,20,hamilton,47,2,23.342
2025,20,bearman,48,2,22.174
2025,20,russell,48,2,22.47
2025,20,colapinto,48,1,22.789
2025,20,sainz,56,3,17.969
2025,21,tsunoda,2,1,22.974
2025,21,hamilton,2,1,40.076
2025,21,max_verstappen,7,1,23.197
2025,21,ocon,8,1,24.204
2025,21,hamilton,14,2,23.426
2025,21,bearman,17,1,23.748
2025,21,sainz,17,1,26.064
2025,21,hadjar,18,1,23.708
2025,21,gasly,18,1,23.673
2025,21,lawson,19,1,22.899
2025,21,antonelli,21,1,23.356
2025,21,tsunoda,24,2,34.185
2025,21,alonso,28,1,23.942
2025,21,colapinto,29,1,23.71
2025,21,stroll,29,1,23.76
2025,21,norris,30,1,23.49
2025,21,hamilton,32,3,30.752
2025,21,russell,34,1,23.358
2025,21,max_verstappen,34,2,23.058
2025,21,albon,35,1,23.061
2025,21,hulkenberg,36,1,23.086
2025,21,hadjar,37,2,23.46
2025,21,piastri,38,1,34.644
2025,21,sainz,38,2,23.234
2025,21,gasly,39,2,23.648
2025,21,bearman,42,2,24.654
2025,21,colapinto,43,2,26.124
2025,21,alonso,46,2,23.563
2025,21,antonelli,47,2,23.401
2025,21,ocon,47,2,24.177
2025,21,tsunoda,47,3,33.841
2025,21,russell,48,2,23.128
2025,21,norris,50,2,23.238
2025,21,piastri,51,2,23.113
2025,21,max_verstappen,54,3,23.311
2025,21,stroll,54,2,22.968
2025,21,albon,55,2,23.112
2025,22,tsunoda,1,1,21.383
2025,22,bortoleto,1,1,33.23
2025,22,antonelli,2,1,21.968
2025,22,lawson,2,1,32.736
2025,22,gasly,2,1,23.903
2025,22,albon,13,1,23.361
2025,22,albon,14,2,30.065
2025,22,alonso,16,1,21.068
2025,22,russell,17,1,20.929
2025,22,bearman,17,1,21.491
2025,22,hadjar,20,1,21.324
2025,22,piastri,21,1,21.371
2025,22,norris,22,1,21.049
2025,22,sainz,22,1,21.164
2025,22,leclerc,24,1,21.351
2025,22,max_verstappen,25,1,21.708
2025,22,colapinto,25,1,22.842
2025,22,ocon,27,1,22.389
2025,22,tsunoda,27,2,20.68
2025,22,lawson,28,2,21.287
2025,22,hamilton,29,1,21.638
2025,22,hulkenberg,30,1,22.333
2025,22,albon,34,3,29.308
2025,23,max_verstappen,7,1,29.97
2025,23,antonelli,7,1,32.002
2025,23,sainz,7,1,28.56
2025,23,alonso,7,1,28.288
2025,23,russell,7,1,33.241
2025,23,hadjar,7,1,28.815
2025,23,leclerc,7,1,30.395
2025,23,bearman,7,1,28.837
2025,23,lawson,7,1,28.993
2025,23,hamilton,7,1,32.166
2025,23,tsunoda,7,1,29.188
2025,23,albon,7,1,28.89
2025,23,bortoleto,7,1,28.471
2025,23,stroll,7,1,28.124
2025,23,colapinto,7,1,29.538
2025,23,gasly,7,1,31.343
2025,23,ocon,8,1,34.006
2025,23,ocon,9,2,34.54
2025,23,piastri,24,1,29.047
2025,23,stroll,24,2,28.064
2025,23,norris,25,1,27.938
2025,23,max_verstappen,32,2,28.168
2025,23,sainz,32,2,28.181
2025,23,antonelli,32,2,28.544
2025,23,alonso,32,2,28.935
2025,23,hadjar,32,2,27.931
2025,23,russell,32,2,29.077
2025,23,leclerc,32,2,28.999
2025,23,bearman,32,2,45.232
2025,23,lawson,32,2,28.078
2025,23,tsunoda,32,2,28.33
2025,23,albon,32,2,29.457
2025,23,hamilton,32,2,28.541
2025,23,bortoleto,32,2,28.234
2025,23,colapinto,32,2,28.942
2025,23,gasly,32,2,30.559
2025,23,ocon,34,3,30.469
2025,23,bearman,40,3,37.513
2025,23,piastri,42,2,27.853
2025,23,norris,44,2,28.243
2025,23,stroll,49,3,35.671
2025,24,hulkenberg,7,1,21.619
2025,24,hamilton,8,1,21.601
2025,24,albon,8,1,21.551
2025,24,gasly,13,1,22.585
2025,24,russell,14,1,21.979
2025,24,hadjar,14,1,21.932
2025,24,bearman,14,1,22.263
2025,24,bortoleto,15,1,22.121
2025,24,colapinto,15,1,21.953
2025,24,norris,16,1,21.323
2025,24,leclerc,16,1,21.692
2025,24,alonso,16,1,23.267
2025,24,sainz,18,1,21.799
2025,24,ocon,19,1,22.254
2025,24,lawson,21,1,28.369
2025,24,max_verstappen,23,1,21.703
2025,24,hamilton,31,2,21.417
2025,24,tsunoda,32,1,27.041
2025,24,antonelli,32,1,22.155
2025,24,albon,33,2,21.495
2025,24,leclerc,39,2,20.902
2025,24,norris,40,2,21.407
2025,24,gasly,40,2,22.234
2025,24,colapinto,40,2,22.955
2025,24,piastri,41,1,21.565
2025,24,stroll,42,1,21.535
2025,24,hulkenberg,42,2,21.468
2026,1,colapinto,9,1,27.733
2026,1,norris,11,1,18.266
2026,1,ocon,11,1,18.570
2026,1,gasly,11,1,18.672
2026,1,sainz,11,1,19.859
2026,1,lawson,11,1,19.112
2026,1,alonso,11,1,25.895
2026,1,stroll,11,1,36.686
2026,1,russell,12,1,17.794
2026,1,antonelli,12,1,20.985
2026,1,albon,12,1,18.118
2026,1,bottas,12,1,30.387
2026,1,alonso,13,2,16:12.356
2026,1,arvid_lindblad,18,1,18.506
2026,1,max_verstappen,18,1,19.070
2026,1,bearman,18,1,18.774
2026,1,bortoleto,18,1,18.916
2026,1,perez,18,1,21.371
2026,1,leclerc,25,1,17.664
2026,1,stroll,26,2,33.182
2026,1,hamilton,28,1,17.741
2026,1,bortoleto,33,2,22.619
2026,1,albon,33,2,18.404
2026,1,sainz,33,2,25.939
2026,1,lawson,33,2,18.190
2026,1,norris,34,2,17.649
2026,1,stroll,34,3,18:01.553
2026,1,max_verstappen,41,2,18.078
2026,1,perez,43,2,18.951
2026,1,sainz,45,3,34.615
2026,1,colapinto,46,2,18.561
2026,1,stroll,39,4,22.469
2026,2,hadjar,1,1,23.062
2026,2,lawson,9,1,22.721
2026,2,max_verstappen,9,1,23.678
2026,2,sainz,9,1,23.106
2026,2,antonelli,10,1,23.005
2026,2,russell,10,1,23.39
2026,2,hamilton,10,1,22.433
2026,2,leclerc,10,1,25.633
2026,2,gasly,10,1,23.539
2026,2,bearman,10,1,22.967
2026,2,bottas,10,1,27.795
2026,2,hadjar,10,2,25.748
2026,2,perez,11,1,26.213
2026,2,ocon,29,1,25.997
2026,2,alonso,31,1,23.291
2026,2,colapinto,32,1,23.195
2026,2,hulkenberg,35,1,37.358
2026,2,arvid_lindblad,42,1,23.29
2026,2,ocon,46,2,47.067
2026,3,norris,16,1,23.316
2026,3,bearman,16,1,25.081
2026,3,leclerc,17,1,22.992
2026,3,colapinto,17,1,23.649
2026,3,piastri,18,1,23.444
2026,3,arvid_lindblad,18,1,26.335
2026,3,ocon,19,1,24.629
2026,3,hadjar,19,1,23.698
2026,3,bottas,19,1,25.129
2026,3,russell,21,1,22.937
2026,3,perez,21,1,27.307
2026,3,stroll,21,1,25.083
2026,3,alonso,21,1,26.458
2026,3,antonelli,22,1,23.288
2026,3,hamilton,22,1,22.891
2026,3,gasly,22,1,24.304
2026,3,max_verstappen,22,1,24.49
2026,3,lawson,22,1,24.165
2026,3,bortoleto,22,1,24.63
2026,3,sainz,22,1,24.396
2026,3,albon,22,1,24.6
2026,3,hulkenberg,23,1,23.999
2026,3,alonso,23,2,24.014
2026,3,stroll,24,2,23.501
2026,3,albon,45,2,23.072
2026,3,albon,46,3,24.103
2026,3,albon,47,4,26.053
2026,3,albon,48,5,32.736
2026,3,albon,49,6,24.337
2026,4,hulkenberg,1,1,33.71
2026,4,max_verstappen,6,1,22.547
2026,4,bottas,6,1,23.529
2026,4,russell,20,1,22.042
2026,4,leclerc,21,1,23.386
2026,4,bottas,21,2,23.827
2026,4,stroll,21,1,22.63
2026,4,antonelli,26,1,22.128
2026,4,bearman,26,1,23.474
2026,4,norris,27,1,22.565
2026,4,hamilton,27,1,23.779
2026,4,albon,27,1,23.016
2026,4,piastri,28,1,23.024
2026,4,sainz,28,1,23.595
2026,4,arvid_lindblad,28,1,22.731
2026,4,perez,29,1,23.228
2026,4,bottas,30,3,17.173
2026,4,colapinto,31,1,23.093
2026,4,ocon,31,1,24.027
2026,4,bortoleto,32,1,23.986
2026,4,stroll,37,2,22.09
2026,4,alonso,41,1,23.16
2026,5,piastri,1,1,24.121
2026,5,norris,2,1,23.418
2026,5,hulkenberg,2,1,24.952
2026,5,bortoleto,2,1,28.178
2026,5,sainz,2,1,24.751
2026,5,perez,2,1,25.737
2026,5,bottas,3,1,28.257
2026,5,bottas,9,2,24.847
2026,5,piastri,12,2,36.627
2026,5,stroll,14,1,24.249
2026,5,norris,15,2,28.859
2026,5,perez,15,2,25.153
2026,5,ocon,16,1,24.833
2026,5,bortoleto,18,2,24.766
2026,5,hulkenberg,20,2,31.024
2026,5,alonso,20,1,24.709
2026,5,colapinto,30,1,25.64
2026,5,perez,29,3,24.984
2026,5,lawson,30,1,24.177
2026,5,gasly,30,1,25.644
2026,5,bearman,30,1,44.957
2026,5,sainz,30,2,25.636
2026,5,antonelli,31,1,25.153
2026,5,max_verstappen,31,1,25.199
2026,5,hamilton,31,1,25.936
2026,5,leclerc,31,1,30.114
2026,5,hadjar,31,1,24.902
2026,5,bottas,29,3,24.413
2026,5,ocon,30,2,35.351
2026,5,stroll,49,2,24.146
2026,5,hadjar,52,2,34.713
2026,5,piastri,51,3,36.103
2026,5,bottas,49,4,31.102
2026,5,hadjar,62,3,34.809
2026,6,bearman,1,1,32.127
2026,6,bottas,1,1,26.759
2026,6,bortoleto,1,1,25.927
2026,6,alonso,3,1,24.975
2026,6,perez,4,1,27.138
2026,6,stroll,4,1,24.803
2026,6,ocon,9,1,25.482
2026,6,perez,9,2,19.777
2026,6,hulkenberg,12,1,24.810
2026,6,hamilton,28,1,24.138
2026,6,russell,31,1,24.029
2026,6,hadjar,32,1,24.784
2026,6,leclerc,35,1,25.377
2026,6,colapinto,35,1,25.797
2026,6,antonelli,37,1,24.136
2026,6,albon,43,1,25.553
2026,6,bortoleto,43,2,24.690
2026,6,lawson,44,1,25.622
2026,6,gasly,45,1,25.547
2026,6,piastri,48,1,24.244
2026,6,sainz,52,1,25.662
2026,6,piastri,59,2,31.421
2026,6,hamilton,60,2,31.227
2026,6,hulkenberg,58,2,20.508
2026,6,leclerc,60,2,34.907
2026,6,alonso,58,2,26.334
2026,6,bortoleto,58,3,20.324
2026,6,antonelli,61,2,26.878
2026,6,russell,60,2,35.258
2026,6,hadjar,60,2,19.675
2026,6,arvid_lindblad,59,1,20.211
2026,6,albon,59,2,19.743
2026,6,sainz,59,2,19.889
2026,6,ocon,59,2,19.905
2026,6,hulkenberg,59,3,19.988
2026,6,colapinto,59,2,21.973
2026,6,gasly,60,2,19.819
2026,6,piastri,60,3,20.139
2026,6,hamilton,61,3,24.264
2026,6,alonso,59,3,20.227
2026,6,leclerc,61,3,20.019
2026,6,lawson,60,2,19.911
2026,6,perez,59,3,26.005
2026,6,bortoleto,59,4,24.824
2026,6,antonelli,66,3,20.717
2026,6,hamilton,66,4,22.540
2026,6,hadjar,66,3,22.305
2026,6,russell,66,3,22.530
2026,6,arvid_lindblad,65,2,22.798
2026,6,albon,65,3,22.728
2026,6,sainz,65,3,22.177
2026,6,ocon,65,3,21.488
2026,6,hulkenberg,65,4,22.389
2026,6,gasly,66,3,23.375
2026,6,colapinto,65,3,23.357
2026,6,piastri,66,4,23.486
2026,6,alonso,65,4,24.099
2026,6,perez,65,4,23.824
2026,6,bortoleto,65,5,22.785
2026,6,lawson,66,3,20.392
2026,6,antonelli,68,4,35:54.149
2026,6,hamilton,68,5,35:56.259
2026,6,hadjar,68,4,35:56.620
2026,6,russell,68,4,35:58.116
2026,6,arvid_lindblad,67,3,33:43.036
2026,6,albon,67,4,33:44.189
2026,6,sainz,67,4,33:45.722
2026,6,ocon,67,4,33:45.991
2026,6,hulkenberg,67,5,33:47.049
2026,6,gasly,68,4,35:51.596
2026,6,colapinto,67,4,33:45.881
2026,6,piastri,68,5,35:51.478
2026,6,alonso,67,5,33:44.741
2026,6,perez,67,5,33:46.890
2026,6,bortoleto,67,6,33:49.911
2026,6,lawson,68,4,35:46.050
2026,6,arvid_lindblad,68,4,1:02.596
2026,6,albon,68,5,1:02.226
2026,6,sainz,68,5,1:01.968
2026,6,ocon,68,5,1:02.669
2026,6,hulkenberg,68,6,1:01.930
2026,6,colapinto,68,5,1:04.453
2026,6,alonso,68,6,1:04.941
2026,6,perez,68,6,1:05.820
2026,6,bortoleto,68,7,1:03.996
2026,6,russell,72,5,19.776
2026,7,hamilton,11,1,22.480
2026,7,lawson,11,1,25.983
2026,7,russell,12,1,22.080
2026,7,max_verstappen,12,1,22.273
2026,7,colapinto,12,1,22.983
2026,7,perez,12,1,24.805
2026,7,norris,13,1,21.791
2026,7,hulkenberg,13,1,22.869
2026,7,ocon,13,1,23.256
2026,7,albon,13,1,24.005
2026,7,antonelli,14,1,22.038
2026,7,piastri,14,1,21.776
2026,7,gasly,14,1,22.682
2026,7,sainz,14,1,22.977
2026,7,bottas,14,1,23.280
2026,7,hadjar,15,1,22.444
2026,7,bortoleto,15,1,22.783
2026,7,leclerc,16,1,22.249
2026,7,bearman,18,1,23.118
2026,7,alonso,21,1,22.220
2026,7,arvid_lindblad,22,1,22.476
2026,7,hamilton,27,2,22.477
2026,7,max_verstappen,29,2,24.189
2026,7,albon,29,2,22.027
2026,7,sainz,30,2,22.595
2026,7,perez,31,2,24.432
2026,7,hadjar,32,2,22.528
2026,7,bortoleto,33,2,22.285
2026,7,colapinto,34,2,22.290
2026,7,norris,35,2,22.041
2026,7,ocon,34,2,26.449
2026,7,albon,34,3,12:57.770
2026,7,lawson,35,2,23.172
2026,7,russell,36,2,21.677
2026,7,piastri,36,2,22.661
2026,7,antonelli,37,2,22.210
2026,7,arvid_lindblad,37,2,24.010
2026,7,leclerc,39,2,22.125
2026,7,max_verstappen,40,3,22.786
2026,7,bearman,39,2,23.901
2026,7,perez,39,3,23.912
2026,7,hamilton,41,3,22.837
2026,7,gasly,40,2,23.310
2026,7,bortoleto,53,3,25.915
2026,7,sainz,55,3,22.772
2026,7,hadjar,58,3,21.949
2026,7,ocon,58,3,22.965
2026,7,albon,50,4,22.703
2026,8,hamilton,12,1,21.369
2026,8,leclerc,13,1,21.731
2026,8,gasly,13,1,21.6
2026,8,sainz,14,1,21.371
2026,8,bortoleto,17,1,22.605
2026,8,max_verstappen,18,1,21.317
2026,8,hadjar,18,1,21.77
2026,8,arvid_lindblad,18,1,21.408
2026,8,ocon,18,1,21.878
2026,8,albon,18,1,21.249
2026,8,russell,19,1,21.204
2026,8,piastri,19,1,22.077
2026,8,lawson,19,1,22.022
2026,8,colapinto,20,1,21.561
2026,8,norris,21,1,21.578
2026,8,hulkenberg,21,1,21.585
2026,8,antonelli,24,1,21.413
2026,8,bearman,24,1,21.593
2026,8,alonso,24,1,22.358
2026,8,stroll,24,1,23.522
2026,8,hamilton,25,2,21.25
2026,8,ocon,33,2,25.455
2026,8,leclerc,37,2,21.02
2026,8,albon,37,2,21.27
2026,8,gasly,38,2,21.212
2026,8,hadjar,40,2,21.268
2026,8,piastri,42,2,21.209
2026,8,hamilton,42,3,21.267
2026,8,russell,43,2,21.221
2026,8,bortoleto,44,2,21.877
2026,8,lawson,45,2,21.545
2026,8,hulkenberg,45,2,22.591
2026,8,bearman,45,2,22.044
2026,8,arvid_lindblad,46,2,21.551
2026,8,norris,47,2,21.816
2026,8,colapinto,46,2,21.446
2026,8,max_verstappen,49,2,21.252
2026,8,antonelli,51,2,21.502
2026,8,alonso,49,2,28.713
2026,8,gasly,51,3,21.58
2026,8,leclerc,59,3,22.738
2026,9,albon,1,1,44.179
2026,9,piastri,2,1,40.553
2026,9,albon,14,2,41.291
2026,9,max_verstappen,17,1,28.738
2026,9,hulkenberg,17,1,28.979
2026,9,stroll,18,1,28.734
2026,9,hadjar,19,1,29.972
2026,9,sainz,20,1,28.894
2026,9,alonso,20,1,28.732
2026,9,ocon,21,1,43.253
2026,9,perez,21,1,29.374
2026,9,colapinto,22,1,29.36
2026,9,hamilton,23,1,34.864
2026,9,russell,23,1,28.663
2026,9,gasly,23,1,33.608
2026,9,albon,23,3,39.601
2026,9,leclerc,25,1,28.444
2026,9,bortoleto,26,1,28.662
2026,9,arvid_lindblad,27,1,28.974
2026,9,norris,28,1,28.833
2026,9,lawson,28,1,28.746
2026,9,bearman,29,1,29.971
2026,9,bottas,29,1,31.599
2026,9,russell,34,2,28.337
2026,9,hulkenberg,34,2,35.858
2026,9,antonelli,35,1,28.948
2026,9,piastri,36,2,29.515
2026,9,albon,35,4,31.474
2026,9,max_verstappen,38,2,28.95
2026,9,norris,38,2,29.818
2026,9,hadjar,38,2,36.408
2026,9,antonelli,41,2,41.215
2026,9,albon,40,5,32.582
2026,9,antonelli,43,3,33.65
2026,9,hadjar,47,3,29.672
2026,9,perez,46,2,29.866
2026,9,lawson,47,2,28.577
2026,9,arvid_lindblad,47,2,32.143
2026,9,bortoleto,47,2,29.926
2026,9,bottas,46,2,29.584
2026,9,colapinto,47,2,29.461
2026,9,leclerc,48,2,28.887
2026,9,hamilton,48,2,28.732
2026,9,piastri,47,3,29.081
2026,9,alonso,46,2,29.964
2026,9,stroll,46,2,46.234
2026,9,bearman,47,2,30.274
2026,9,ocon,47,2,31.212
2026,9,norris,48,3,28.475
2026,9,gasly,48,2,28.737
2026,9,sainz,48,2,29.219
2026,10,bearman,1,1,26.554
2026,10,hadjar,1,1,24.156
2026,10,perez,1,1,25.372
2026,10,bottas,1,1,30.594
2026,10,ocon,1,1,33.74
2026,10,hadjar,2,2,22.997
2026,10,perez,12,2,27.617
2026,10,gasly,14,1,24.177
2026,10,sainz,14,1,34.841
2026,10,lawson,15,1,23.722
2026,10,colapinto,15,1,24.146
2026,10,arvid_lindblad,16,1,24.81
2026,10,ocon,16,2,24.124
2026,10,max_verstappen,17,1,23.128
2026,10,stroll,17,1,31.649
2026,10,antonelli,18,1,23.093
2026,10,albon,18,1,22.638
2026,10,alonso,19,1,23.19
2026,10,leclerc,20,1,23.164
2026,10,hamilton,20,1,32.201
2026,10,piastri,20,1,23.292
2026,10,hadjar,20,3,24.727
2026,10,bortoleto,20,1,23.127
2026,10,hulkenberg,20,1,26.098
2026,10,bearman,20,2,28.982
2026,10,norris,30,1,28.314
2026,10,alonso,31,2,24.746
2026,10,bottas,32,2,25.91
2026,11,stroll,8,1,21.789
2026,11,hamilton,13,1,21.748
2026,11,max_verstappen,14,1,21.625
2026,11,colapinto,15,1,22.995
2026,11,piastri,16,1,21.765
2026,11,leclerc,16,1,21.931
2026,11,gasly,16,1,21.458
2026,11,norris,17,1,22.147
2026,11,ocon,17,1,22.505
2026,11,sainz,18,1,21.614
2026,11,hadjar,19,1,21.822
2026,11,hulkenberg,19,1,21.42
2026,11,arvid_lindblad,20,1,21.395
2026,11,lawson,21,1,21.923
2026,11,perez,21,1,23.212
2026,11,antonelli,22,1,21.326
2026,11,bearman,22,1,22.504
2026,11,albon,26,1,22.105
2026,11,russell,27,1,22.247
2026,11,bortoleto,29,1,21.749
2026,11,hamilton,30,2,21.693
2026,11,piastri,33,2,21.72
2026,11,alonso,34,1,22.175
2026,11,ocon,35,2,22.399
2026,11,leclerc,36,2,21.763
2026,11,stroll,37,2,24.241
2026,11,colapinto,37,2,22.206
2026,11,norris,39,2,22.112
2026,11,hulkenberg,39,2,22.186
2026,11,gasly,39,2,21.574
2026,11,max_verstappen,41,2,22.015
2026,11,hadjar,42,2,22.211
2026,11,lawson,42,2,21.598
2026,11,bearman,42,2,22.336
2026,11,sainz,43,2,28.658
2026,11,perez,46,2,24.261
2026,11,antonelli,53,2,21.358
2026,11,russell,54,2,22.019
2026,11,albon,54,2,22.757
2026,11,norris,56,3,21.878
2026,11,sainz,54,3,22.082
2026,11,hamilton,56,3,22.42
2026,11,leclerc,56,3,21.945
2026,11,gasly,55,3,21.74
2026,11,alonso,55,2,22.613
