year,round,raceName,driverId,driverName,constructorId,constructorName,grid,position,positionOrder,points,laps,status
2018,1,Australian Grand Prix,vettel,Sebastian Vettel,ferrari,Ferrari,3,1,1,25,58,Finished
2018,1,Australian Grand Prix,hamilton,Lewis Hamilton,mercedes,Mercedes,1,2,2,18,58,Finished
2018,1,Australian Grand Prix,raikkonen,Kimi Räikkönen,ferrari,Ferrari,2,3,3,15,58,Finished
2018,1,Australian Grand Prix,ricciardo,Daniel Ricciardo,red_bull,Red Bull,8,4,4,12,58,Finished
2018,1,Australian Grand Prix,alonso,Fernando Alonso,mclaren,McLaren,10,5,5,10,58,Finished
2018,1,Australian Grand Prix,max_verstappen,Max Verstappen,red_bull,Red Bull,4,6,6,8,58,Finished
2018,1,Australian Grand Prix,hulkenberg,Nico Hülkenberg,renault,Renault,7,7,7,6,58,Finished
2018,1,Australian Grand Prix,bottas,Valtteri Bottas,mercedes,Mercedes,15,8,8,4,58,Finished
2018,1,Australian Grand Prix,vandoorne,Stoffel Vandoorne,mclaren,McLaren,11,9,9,2,58,Finished
2018,1,Australian Grand Prix,sainz,Carlos Sainz,renault,Renault,9,10,10,1,58,Finished
2018,1,Australian Grand Prix,perez,Sergio Pérez,force_india,Force India,12,11,11,0,58,Finished
2018,1,Australian Grand Prix,ocon,Esteban Ocon,force_india,Force India,14,12,12,0,58,Finished
2018,1,Australian Grand Prix,leclerc,Charles Leclerc,sauber,Sauber,18,13,13,0,58,Finished
2018,1,Australian Grand Prix,stroll,Lance Stroll,williams,Williams,13,14,14,0,58,Finished
2018,1,Australian Grand Prix,brendon_hartley,Brendon Hartley,toro_rosso,Toro Rosso,16,15,15,0,57,+1 Lap
2018,1,Australian Grand Prix,grosjean,Romain Grosjean,haas,Haas F1 Team,6,16,R,0,24,Wheel
2018,1,Australian Grand Prix,kevin_magnussen,Kevin Magnussen,haas,Haas F1 Team,5,17,R,0,22,Wheel
2018,1,Australian Grand Prix,gasly,Pierre Gasly,toro_rosso,Toro Rosso,20,18,R,0,13,Engine
2018,1,Australian Grand Prix,ericsson,Marcus Ericsson,sauber,Sauber,17,19,R,0,5,Steering
2018,1,Australian Grand Prix,sirotkin,Sergey Sirotkin,williams,Williams,19,20,R,0,4,Brakes
2018,2,Bahrain Grand Prix,vettel,Sebastian Vettel,ferrari,Ferrari,1,1,1,25,57,Finished
2018,2,Bahrain Grand Prix,bottas,Valtteri Bottas,mercedes,Mercedes,3,2,2,18,57,Finished
2018,2,Bahrain Grand Prix,hamilton,Lewis Hamilton,mercedes,Mercedes,9,3,3,15,57,Finished
2018,2,Bahrain Grand Prix,gasly,Pierre Gasly,toro_rosso,Toro Rosso,5,4,4,12,57,Finished
2018,2,Bahrain Grand Prix,kevin_magnussen,Kevin Magnussen,haas,Haas F1 Team,6,5,5,10,57,Finished
2018,2,Bahrain Grand Prix,hulkenberg,Nico Hülkenberg,renault,Renault,7,6,6,8,57,Finished
2018,2,Bahrain Grand Prix,alonso,Fernando Alonso,mclaren,McLaren,13,7,7,6,56,+1 Lap
2018,2,Bahrain Grand Prix,vandoorne,Stoffel Vandoorne,mclaren,McLaren,14,8,8,4,56,+1 Lap
2018,2,Bahrain Grand Prix,ericsson,Marcus Ericsson,sauber,Sauber,17,9,9,2,56,+1 Lap
2018,2,Bahrain Grand Prix,ocon,Esteban Ocon,force_india,Force India,8,10,10,1,56,+1 Lap
2018,2,Bahrain Grand Prix,sainz,Carlos Sainz,renault,Renault,10,11,11,0,56,+1 Lap
2018,2,Bahrain Grand Prix,leclerc,Charles Leclerc,sauber,Sauber,19,12,12,0,56,+1 Lap
2018,2,Bahrain Grand Prix,grosjean,Romain Grosjean,haas,Haas F1 Team,16,13,13,0,56,+1 Lap
2018,2,Bahrain Grand Prix,stroll,Lance Stroll,williams,Williams,20,14,14,0,56,+1 Lap
2018,2,Bahrain Grand Prix,sirotkin,Sergey Sirotkin,williams,Williams,18,15,15,0,56,+1 Lap
2018,2,Bahrain Grand Prix,perez,Sergio Pérez,force_india,Force India,12,16,16,0,56,+1 Lap
2018,2,Bahrain Grand Prix,brendon_hartley,Brendon Hartley,toro_rosso,Toro Rosso,11,17,17,0,56,+1 Lap
2018,2,Bahrain Grand Prix,raikkonen,Kimi Räikkönen,ferrari,Ferrari,2,18,R,0,35,Wheel
2018,2,Bahrain Grand Prix,max_verstappen,Max Verstappen,red_bull,Red Bull,15,19,R,0,3,Puncture
2018,2,Bahrain Grand Prix,ricciardo,Daniel Ricciardo,red_bull,Red Bull,4,20,R,0,1,Electrical
2018,3,Chinese Grand Prix,ricciardo,Daniel Ricciardo,red_bull,Red Bull,6,1,1,25,56,Finished
2018,3,Chinese Grand Prix,bottas,Valtteri Bottas,mercedes,Mercedes,3,2,2,18,56,Finished
2018,3,Chinese Grand Prix,raikkonen,Kimi Räikkönen,ferrari,Ferrari,2,3,3,15,56,Finished
2018,3,Chinese Grand Prix,hamilton,Lewis Hamilton,mercedes,Mercedes,4,4,4,12,56,Finished
2018,3,Chinese Grand Prix,max_verstappen,Max Verstappen,red_bull,Red Bull,5,5,5,10,56,Finished
2018,3,Chinese Grand Prix,hulkenberg,Nico Hülkenberg,renault,Renault,7,6,6,8,56,Finished
2018,3,Chinese Grand Prix,alonso,Fernando Alonso,mclaren,McLaren,13,7,7,6,56,Finished
2018,3,Chinese Grand Prix,vettel,Sebastian Vettel,ferrari,Ferrari,1,8,8,4,56,Finished
2018,3,Chinese Grand Prix,sainz,Carlos Sainz,renault,Renault,9,9,9,2,56,Finished
2018,3,Chinese Grand Prix,kevin_magnussen,Kevin Magnussen,haas,Haas F1 Team,11,10,10,1,56,Finished
2018,3,Chinese Grand Prix,ocon,Esteban Ocon,force_india,Force India,12,11,11,0,56,Finished
2018,3,Chinese Grand Prix,perez,Sergio Pérez,force_india,Force India,8,12,12,0,56,Finished
2018,3,Chinese Grand Prix,vandoorne,Stoffel Vandoorne,mclaren,McLaren,14,13,13,0,56,Finished
2018,3,Chinese Grand Prix,stroll,Lance Stroll,williams,Williams,18,14,14,0,56,Finished
2018,3,Chinese Grand Prix,sirotkin,Sergey Sirotkin,williams,Williams,16,15,15,0,56,Finished
2018,3,Chinese Grand Prix,ericsson,Marcus Ericsson,sauber,Sauber,20,16,16,0,56,Finished
2018,3,Chinese Grand Prix,grosjean,Romain Grosjean,haas,Haas F1 Team,10,17,17,0,56,Finished
2018,3,Chinese Grand Prix,gasly,Pierre Gasly,toro_rosso,Toro Rosso,17,18,18,0,56,Finished
2018,3,Chinese Grand Prix,leclerc,Charles Leclerc,sauber,Sauber,19,19,19,0,56,Finished
2018,3,Chinese Grand Prix,brendon_hartley,Brendon Hartley,toro_rosso,Toro Rosso,15,20,20,0,51,Collision damage
2018,4,Azerbaijan Grand Prix,hamilton,Lewis Hamilton,mercedes,Mercedes,2,1,1,25,51,Finished
2018,4,Azerbaijan Grand Prix,raikkonen,Kimi Räikkönen,ferrari,Ferrari,6,2,2,18,51,Finished
2018,4,Azerbaijan Grand Prix,perez,Sergio Pérez,force_india,Force India,8,3,3,15,51,Finished
2018,4,Azerbaijan Grand Prix,vettel,Sebastian Vettel,ferrari,Ferrari,1,4,4,12,51,Finished
2018,4,Azerbaijan Grand Prix,sainz,Carlos Sainz,renault,Renault,9,5,5,10,51,Finished
2018,4,Azerbaijan Grand Prix,leclerc,Charles Leclerc,sauber,Sauber,13,6,6,8,51,Finished
2018,4,Azerbaijan Grand Prix,alonso,Fernando Alonso,mclaren,McLaren,12,7,7,6,51,Finished
2018,4,Azerbaijan Grand Prix,stroll,Lance Stroll,williams,Williams,10,8,8,4,51,Finished
2018,4,Azerbaijan Grand Prix,vandoorne,Stoffel Vandoorne,mclaren,McLaren,16,9,9,2,51,Finished
2018,4,Azerbaijan Grand Prix,brendon_hartley,Brendon Hartley,toro_rosso,Toro Rosso,19,10,10,1,51,Finished
2018,4,Azerbaijan Grand Prix,ericsson,Marcus Ericsson,sauber,Sauber,18,11,11,0,51,Finished
2018,4,Azerbaijan Grand Prix,gasly,Pierre Gasly,toro_rosso,Toro Rosso,17,12,12,0,51,Finished
2018,4,Azerbaijan Grand Prix,kevin_magnussen,Kevin Magnussen,haas,Haas F1 Team,15,13,13,0,51,Finished
2018,4,Azerbaijan Grand Prix,bottas,Valtteri Bottas,mercedes,Mercedes,3,14,R,0,48,Puncture
2018,4,Azerbaijan Grand Prix,grosjean,Romain Grosjean,haas,Haas F1 Team,20,15,R,0,42,Accident
2018,4,Azerbaijan Grand Prix,max_verstappen,Max Verstappen,red_bull,Red Bull,5,16,R,0,39,Collision
2018,4,Azerbaijan Grand Prix,ricciardo,Daniel Ricciardo,red_bull,Red Bull,4,17,R,0,39,Collision
2018,4,Azerbaijan Grand Prix,hulkenberg,Nico Hülkenberg,renault,Renault,14,18,R,0,10,Accident
2018,4,Azerbaijan Grand Prix,ocon,Esteban Ocon,force_india,Force India,7,19,R,0,0,Collision
2018,4,Azerbaijan Grand Prix,sirotkin,Sergey Sirotkin,williams,Williams,11,20,R,0,0,Collision
2018,5,Spanish Grand Prix,hamilton,Lewis Hamilton,mercedes,Mercedes,1,1,1,25,66,Finished
2018,5,Spanish Grand Prix,bottas,Valtteri Bottas,mercedes,Mercedes,2,2,2,18,66,Finished
2018,5,Spanish Grand Prix,max_verstappen,Max Verstappen,red_bull,Red Bull,5,3,3,15,66,Finished
2018,5,Spanish Grand Prix,vettel,Sebastian Vettel,ferrari,Ferrari,3,4,4,12,66,Finished
2018,5,Spanish Grand Prix,ricciardo,Daniel Ricciardo,red_bull,Red Bull,6,5,5,10,66,Finished
2018,5,Spanish Grand Prix,kevin_magnussen,Kevin Magnussen,haas,Haas F1 Team,7,6,6,8,65,+1 Lap
2018,5,Spanish Grand Prix,sainz,Carlos Sainz,renault,Renault,9,7,7,6,65,+1 Lap
2018,5,Spanish Grand Prix,alonso,Fernando Alonso,mclaren,McLaren,8,8,8,4,65,+1 Lap
2018,5,Spanish Grand Prix,perez,Sergio Pérez,force_india,Force India,15,9,9,2,64,+2 Laps
2018,5,Spanish Grand Prix,leclerc,Charles Leclerc,sauber,Sauber,14,10,10,1,64,+2 Laps
2018,5,Spanish Grand Prix,stroll,Lance Stroll,williams,Williams,18,11,11,0,64,+2 Laps
2018,5,Spanish Grand Prix,brendon_hartley,Brendon Hartley,toro_rosso,Toro Rosso,20,12,12,0,64,+2 Laps
2018,5,Spanish Grand Prix,ericsson,Marcus Ericsson,sauber,Sauber,17,13,13,0,64,+2 Laps
2018,5,Spanish Grand Prix,sirotkin,Sergey Sirotkin,williams,Williams,19,14,14,0,63,+3 Laps
2018,5,Spanish Grand Prix,vandoorne,Stoffel Vandoorne,mclaren,McLaren,11,15,R,0,45,Gearbox
2018,5,Spanish Grand Prix,ocon,Esteban Ocon,force_india,Force India,13,16,R,0,38,Oil leak
2018,5,Spanish Grand Prix,raikkonen,Kimi Räikkönen,ferrari,Ferrari,4,17,R,0,25,Turbo
2018,5,Spanish Grand Prix,grosjean,Romain Grosjean,haas,Haas F1 Team,10,18,R,0,0,Collision
2018,5,Spanish Grand Prix,gasly,Pierre Gasly,toro_rosso,Toro Rosso,12,19,R,0,0,Collision
2018,5,Spanish Grand Prix,hulkenberg,Nico Hülkenberg,renault,Renault,16,20,R,0,0,Collision
2018,6,Monaco Grand Prix,ricciardo,Daniel Ricciardo,red_bull,Red Bull,1,1,1,25,78,Finished
2018,6,Monaco Grand Prix,vettel,Sebastian Vettel,ferrari,Ferrari,2,2,2,18,78,Finished
2018,6,Monaco Grand Prix,hamilton,Lewis Hamilton,mercedes,Mercedes,3,3,3,15,78,Finished
2018,6,Monaco Grand Prix,raikkonen,Kimi Räikkönen,ferrari,Ferrari,4,4,4,12,78,Finished
2018,6,Monaco Grand Prix,bottas,Valtteri Bottas,mercedes,Mercedes,5,5,5,10,78,Finished
2018,6,Monaco Grand Prix,ocon,Esteban Ocon,force_india,Force India,6,6,6,8,78,Finished
2018,6,Monaco Grand Prix,gasly,Pierre Gasly,toro_rosso,Toro Rosso,10,7,7,6,78,Finished
2018,6,Monaco Grand Prix,hulkenberg,Nico Hülkenberg,renault,Renault,11,8,8,4,78,Finished
2018,6,Monaco Grand Prix,max_verstappen,Max Verstappen,red_bull,Red Bull,20,9,9,2,78,Finished
2018,6,Monaco Grand Prix,sainz,Carlos Sainz,renault,Renault,8,10,10,1,78,Finished
2018,6,Monaco Grand Prix,ericsson,Marcus Ericsson,sauber,Sauber,16,11,11,0,78,Finished
2018,6,Monaco Grand Prix,perez,Sergio Pérez,force_india,Force India,9,12,12,0,78,Finished
2018,6,Monaco Grand Prix,kevin_magnussen,Kevin Magnussen,haas,Haas F1 Team,19,13,13,0,78,Finished
2018,6,Monaco Grand Prix,vandoorne,Stoffel Vandoorne,mclaren,McLaren,12,14,14,0,77,+1 Lap
2018,6,Monaco Grand Prix,grosjean,Romain Grosjean,haas,Haas F1 Team,18,15,15,0,77,+1 Lap
2018,6,Monaco Grand Prix,sirotkin,Sergey Sirotkin,williams,Williams,13,16,16,0,77,+1 Lap
2018,6,Monaco Grand Prix,stroll,Lance Stroll,williams,Williams,17,17,17,0,76,+2 Laps
2018,6,Monaco Grand Prix,leclerc,Charles Leclerc,sauber,Sauber,14,18,R,0,70,Collision
2018,6,Monaco Grand Prix,brendon_hartley,Brendon Hartley,toro_rosso,Toro Rosso,15,19,R,0,70,Collision
2018,6,Monaco Grand Prix,alonso,Fernando Alonso,mclaren,McLaren,7,20,R,0,52,Gearbox
2018,7,Canadian Grand Prix,vettel,Sebastian Vettel,ferrari,Ferrari,1,1,1,25,68,Finished
2018,7,Canadian Grand Prix,bottas,Valtteri Bottas,mercedes,Mercedes,2,2,2,18,68,Finished
2018,7,Canadian Grand Prix,max_verstappen,Max Verstappen,red_bull,Red Bull,3,3,3,15,68,Finished
2018,7,Canadian Grand Prix,ricciardo,Daniel Ricciardo,red_bull,Red Bull,6,4,4,12,68,Finished
2018,7,Canadian Grand Prix,hamilton,Lewis Hamilton,mercedes,Mercedes,4,5,5,10,68,Finished
2018,7,Canadian Grand Prix,raikkonen,Kimi Räikkönen,ferrari,Ferrari,5,6,6,8,68,Finished
2018,7,Canadian Grand Prix,hulkenberg,Nico Hülkenberg,renault,Renault,7,7,7,6,67,+1 Lap
2018,7,Canadian Grand Prix,sainz,Carlos Sainz,renault,Renault,9,8,8,4,67,+1 Lap
2018,7,Canadian Grand Prix,ocon,Esteban Ocon,force_india,Force India,8,9,9,2,67,+1 Lap
2018,7,Canadian Grand Prix,leclerc,Charles Leclerc,sauber,Sauber,13,10,10,1,67,+1 Lap
2018,7,Canadian Grand Prix,gasly,Pierre Gasly,toro_rosso,Toro Rosso,16,11,11,0,67,+1 Lap
2018,7,Canadian Grand Prix,grosjean,Romain Grosjean,haas,Haas F1 Team,20,12,12,0,67,+1 Lap
2018,7,Canadian Grand Prix,kevin_magnussen,Kevin Magnussen,haas,Haas F1 Team,11,13,13,0,67,+1 Lap
2018,7,Canadian Grand Prix,perez,Sergio Pérez,force_india,Force India,10,14,14,0,67,+1 Lap
2018,7,Canadian Grand Prix,ericsson,Marcus Ericsson,sauber,Sauber,19,15,15,0,66,+2 Laps
2018,7,Canadian Grand Prix,vandoorne,Stoffel Vandoorne,mclaren,McLaren,15,16,16,0,66,+2 Laps
2018,7,Canadian Grand Prix,sirotkin,Sergey Sirotkin,williams,Williams,18,17,17,0,66,+2 Laps
2018,7,Canadian Grand Prix,alonso,Fernando Alonso,mclaren,McLaren,14,18,R,0,40,Exhaust
2018,7,Canadian Grand Prix,brendon_hartley,Brendon Hartley,toro_rosso,Toro Rosso,12,19,R,0,0,Collision
2018,7,Canadian Grand Prix,stroll,Lance Stroll,williams,Williams,17,20,R,0,0,Collision
2018,8,French Grand Prix,hamilton,Lewis Hamilton,mercedes,Mercedes,1,1,1,25,53,Finished
2018,8,French Grand Prix,max_verstappen,Max Verstappen,red_bull,Red Bull,4,2,2,18,53,Finished
2018,8,French Grand Prix,raikkonen,Kimi Räikkönen,ferrari,Ferrari,6,3,3,15,53,Finished
2018,8,French Grand Prix,ricciardo,Daniel Ricciardo,red_bull,Red Bull,5,4,4,12,53,Finished
2018,8,French Grand Prix,vettel,Sebastian Vettel,ferrari,Ferrari,3,5,5,10,53,Finished
2018,8,French Grand Prix,kevin_magnussen,Kevin Magnussen,haas,Haas F1 Team,9,6,6,8,53,Finished
2018,8,French Grand Prix,bottas,Valtteri Bottas,mercedes,Mercedes,2,7,7,6,53,Finished
2018,8,French Grand Prix,sainz,Carlos Sainz,renault,Renault,7,8,8,4,53,Finished
2018,8,French Grand Prix,hulkenberg,Nico Hülkenberg,renault,Renault,12,9,9,2,53,Finished
2018,8,French Grand Prix,leclerc,Charles Leclerc,sauber,Sauber,8,10,10,1,53,Finished
2018,8,French Grand Prix,grosjean,Romain Grosjean,haas,Haas F1 Team,10,11,11,0,52,+1 Lap
2018,8,French Grand Prix,vandoorne,Stoffel Vandoorne,mclaren,McLaren,17,12,12,0,52,+1 Lap
2018,8,French Grand Prix,ericsson,Marcus Ericsson,sauber,Sauber,15,13,13,0,52,+1 Lap
2018,8,French Grand Prix,brendon_hartley,Brendon Hartley,toro_rosso,Toro Rosso,20,14,14,0,52,+1 Lap
2018,8,French Grand Prix,sirotkin,Sergey Sirotkin,williams,Williams,18,15,15,0,52,+1 Lap
2018,8,French Grand Prix,alonso,Fernando Alonso,mclaren,McLaren,16,16,16,0,50,Wheel
2018,8,French Grand Prix,stroll,Lance Stroll,williams,Williams,19,17,17,0,48,Puncture
2018,8,French Grand Prix,perez,Sergio Pérez,force_india,Force India,13,18,R,0,27,Engine
2018,8,French Grand Prix,ocon,Esteban Ocon,force_india,Force India,11,19,R,0,0,Collision
2018,8,French Grand Prix,gasly,Pierre Gasly,toro_rosso,Toro Rosso,14,20,R,0,0,Collision
2018,9,Austrian Grand Prix,max_verstappen,Max Verstappen,red_bull,Red Bull,4,1,1,25,71,Finished
2018,9,Austrian Grand Prix,raikkonen,Kimi Räikkönen,ferrari,Ferrari,3,2,2,18,71,Finished
2018,9,Austrian Grand Prix,vettel,Sebastian Vettel,ferrari,Ferrari,6,3,3,15,71,Finished
2018,9,Austrian Grand Prix,grosjean,Romain Grosjean,haas,Haas F1 Team,5,4,4,12,70,+1 Lap
2018,9,Austrian Grand Prix,kevin_magnussen,Kevin Magnussen,haas,Haas F1 Team,8,5,5,10,70,+1 Lap
2018,9,Austrian Grand Prix,ocon,Esteban Ocon,force_india,Force India,11,6,6,8,70,+1 Lap
2018,9,Austrian Grand Prix,perez,Sergio Pérez,force_india,Force India,16,7,7,6,70,+1 Lap
2018,9,Austrian Grand Prix,alonso,Fernando Alonso,mclaren,McLaren,13,8,8,4,70,+1 Lap
2018,9,Austrian Grand Prix,leclerc,Charles Leclerc,sauber,Sauber,18,9,9,2,70,+1 Lap
2018,9,Austrian Grand Prix,ericsson,Marcus Ericsson,sauber,Sauber,20,10,10,1,70,+1 Lap
2018,9,Austrian Grand Prix,gasly,Pierre Gasly,toro_rosso,Toro Rosso,12,11,11,0,70,+1 Lap
2018,9,Austrian Grand Prix,sainz,Carlos Sainz,renault,Renault,9,12,12,0,70,+1 Lap
2018,9,Austrian Grand Prix,sirotkin,Sergey Sirotkin,williams,Williams,17,13,13,0,69,+2 Laps
2018,9,Austrian Grand Prix,stroll,Lance Stroll,williams,Williams,14,14,14,0,69,+2 Laps
2018,9,Austrian Grand Prix,vandoorne,Stoffel Vandoorne,mclaren,McLaren,15,15,15,0,65,Collision damage
2018,9,Austrian Grand Prix,hamilton,Lewis Hamilton,mercedes,Mercedes,2,16,R,0,62,Fuel pressure
2018,9,Austrian Grand Prix,brendon_hartley,Brendon Hartley,toro_rosso,Toro Rosso,19,17,R,0,54,Hydraulics
2018,9,Austrian Grand Prix,ricciardo,Daniel Ricciardo,red_bull,Red Bull,7,18,R,0,53,Exhaust
2018,9,Austrian Grand Prix,bottas,Valtteri Bottas,mercedes,Mercedes,1,19,R,0,13,Hydraulics
2018,9,Austrian Grand Prix,hulkenberg,Nico Hülkenberg,renault,Renault,10,20,R,0,11,Engine
2018,10,British Grand Prix,vettel,Sebastian Vettel,ferrari,Ferrari,2,1,1,25,52,Finished
2018,10,British Grand Prix,hamilton,Lewis Hamilton,mercedes,Mercedes,1,2,2,18,52,Finished
2018,10,British Grand Prix,raikkonen,Kimi Räikkönen,ferrari,Ferrari,3,3,3,15,52,Finished
2018,10,British Grand Prix,bottas,Valtteri Bottas,mercedes,Mercedes,4,4,4,12,52,Finished
2018,10,British Grand Prix,ricciardo,Daniel Ricciardo,red_bull,Red Bull,6,5,5,10,52,Finished
2018,10,British Grand Prix,hulkenberg,Nico Hülkenberg,renault,Renault,11,6,6,8,52,Finished
2018,10,British Grand Prix,ocon,Esteban Ocon,force_india,Force India,10,7,7,6,52,Finished
2018,10,British Grand Prix,alonso,Fernando Alonso,mclaren,McLaren,13,8,8,4,52,Finished
2018,10,British Grand Prix,kevin_magnussen,Kevin Magnussen,haas,Haas F1 Team,7,9,9,2,52,Finished
2018,10,British Grand Prix,perez,Sergio Pérez,force_india,Force India,12,10,10,1,52,Finished
2018,10,British Grand Prix,vandoorne,Stoffel Vandoorne,mclaren,McLaren,17,11,11,0,52,Finished
2018,10,British Grand Prix,stroll,Lance Stroll,williams,Williams,19,12,12,0,52,Finished
2018,10,British Grand Prix,gasly,Pierre Gasly,toro_rosso,Toro Rosso,14,13,13,0,52,Finished
2018,10,British Grand Prix,sirotkin,Sergey Sirotkin,williams,Williams,18,14,14,0,52,Finished
2018,10,British Grand Prix,max_verstappen,Max Verstappen,red_bull,Red Bull,5,15,R,0,46,Brakes
2018,10,British Grand Prix,grosjean,Romain Grosjean,haas,Haas F1 Team,8,16,R,0,37,Collision
2018,10,British Grand Prix,sainz,Carlos Sainz,renault,Renault,16,17,R,0,37,Collision
2018,10,British Grand Prix,ericsson,Marcus Ericsson,sauber,Sauber,15,18,R,0,31,Accident
2018,10,British Grand Prix,leclerc,Charles Leclerc,sauber,Sauber,9,19,R,0,18,Tyre
2018,10,British Grand Prix,brendon_hartley,Brendon Hartley,toro_rosso,Toro Rosso,0,20,R,0,1,Power Unit
2018,11,German Grand Prix,hamilton,Lewis Hamilton,mercedes,Mercedes,14,1,1,25,67,Finished
2018,11,German Grand Prix,bottas,Valtteri Bottas,mercedes,Mercedes,2,2,2,18,67,Finished
2018,11,German Grand Prix,raikkonen,Kimi Räikkönen,ferrari,Ferrari,3,3,3,15,67,Finished
2018,11,German Grand Prix,max_verstappen,Max Verstappen,red_bull,Red Bull,4,4,4,12,67,Finished
2018,11,German Grand Prix,hulkenberg,Nico Hülkenberg,renault,Renault,7,5,5,10,67,Finished
2018,11,German Grand Prix,grosjean,Romain Grosjean,haas,Haas F1 Team,6,6,6,8,67,Finished
2018,11,German Grand Prix,perez,Sergio Pérez,force_india,Force India,10,7,7,6,67,Finished
2018,11,German Grand Prix,ocon,Esteban Ocon,force_india,Force India,15,8,8,4,67,Finished
2018,11,German Grand Prix,ericsson,Marcus Ericsson,sauber,Sauber,13,9,9,2,67,Finished
2018,11,German Grand Prix,brendon_hartley,Brendon Hartley,toro_rosso,Toro Rosso,17,10,10,1,67,Finished
2018,11,German Grand Prix,kevin_magnussen,Kevin Magnussen,haas,Haas F1 Team,5,11,11,0,67,Finished
2018,11,German Grand Prix,sainz,Carlos Sainz,renault,Renault,8,12,12,0,67,Finished
2018,11,German Grand Prix,vandoorne,Stoffel Vandoorne,mclaren,McLaren,19,13,13,0,67,Finished
2018,11,German Grand Prix,gasly,Pierre Gasly,toro_rosso,Toro Rosso,16,14,14,0,66,+1 Lap
2018,11,German Grand Prix,leclerc,Charles Leclerc,sauber,Sauber,9,15,15,0,66,+1 Lap
2018,11,German Grand Prix,alonso,Fernando Alonso,mclaren,McLaren,11,16,16,0,65,Retired
2018,11,German Grand Prix,stroll,Lance Stroll,williams,Williams,18,17,R,0,53,Engine
2018,11,German Grand Prix,vettel,Sebastian Vettel,ferrari,Ferrari,1,18,R,0,51,Accident
2018,11,German Grand Prix,sirotkin,Sergey Sirotkin,williams,Williams,12,19,R,0,51,Engine
2018,11,German Grand Prix,ricciardo,Daniel Ricciardo,red_bull,Red Bull,20,20,R,0,27,Engine
2018,12,Hungarian Grand Prix,hamilton,Lewis Hamilton,mercedes,Mercedes,1,1,1,25,70,Finished
2018,12,Hungarian Grand Prix,vettel,Sebastian Vettel,ferrari,Ferrari,4,2,2,18,70,Finished
2018,12,Hungarian Grand Prix,raikkonen,Kimi Räikkönen,ferrari,Ferrari,3,3,3,15,70,Finished
2018,12,Hungarian Grand Prix,ricciardo,Daniel Ricciardo,red_bull,Red Bull,12,4,4,12,70,Finished
2018,12,Hungarian Grand Prix,bottas,Valtteri Bottas,mercedes,Mercedes,2,5,5,10,70,Finished
2018,12,Hungarian Grand Prix,gasly,Pierre Gasly,toro_rosso,Toro Rosso,6,6,6,8,70,Finished
2018,12,Hungarian Grand Prix,kevin_magnussen,Kevin Magnussen,haas,Haas F1 Team,9,7,7,6,69,+1 Lap
2018,12,Hungarian Grand Prix,alonso,Fernando Alonso,mclaren,McLaren,11,8,8,4,69,+1 Lap
2018,12,Hungarian Grand Prix,sainz,Carlos Sainz,renault,Renault,5,9,9,2,69,+1 Lap
2018,12,Hungarian Grand Prix,grosjean,Romain Grosjean,haas,Haas F1 Team,10,10,10,1,69,+1 Lap
2018,12,Hungarian Grand Prix,brendon_hartley,Brendon Hartley,toro_rosso,Toro Rosso,8,11,11,0,69,+1 Lap
2018,12,Hungarian Grand Prix,hulkenberg,Nico Hülkenberg,renault,Renault,13,12,12,0,69,+1 Lap
2018,12,Hungarian Grand Prix,ocon,Esteban Ocon,force_india,Force India,18,13,13,0,69,+1 Lap
2018,12,Hungarian Grand Prix,perez,Sergio Pérez,force_india,Force India,19,14,14,0,69,+1 Lap
2018,12,Hungarian Grand Prix,ericsson,Marcus Ericsson,sauber,Sauber,14,15,15,0,68,+2 Laps
2018,12,Hungarian Grand Prix,sirotkin,Sergey Sirotkin,williams,Williams,20,16,16,0,68,+2 Laps
2018,12,Hungarian Grand Prix,stroll,Lance Stroll,williams,Williams,15,17,17,0,68,+2 Laps
2018,12,Hungarian Grand Prix,vandoorne,Stoffel Vandoorne,mclaren,McLaren,16,18,R,0,49,Gearbox
2018,12,Hungarian Grand Prix,max_verstappen,Max Verstappen,red_bull,Red Bull,7,19,R,0,5,Power loss
2018,12,Hungarian Grand Prix,leclerc,Charles Leclerc,sauber,Sauber,17,20,R,0,0,Suspension
2018,13,Belgian Grand Prix,vettel,Sebastian Vettel,ferrari,Ferrari,2,1,1,25,44,Finished
2018,13,Belgian Grand Prix,hamilton,Lewis Hamilton,mercedes,Mercedes,1,2,2,18,44,Finished
2018,13,Belgian Grand Prix,max_verstappen,Max Verstappen,red_bull,Red Bull,7,3,3,15,44,Finished
2018,13,Belgian Grand Prix,bottas,Valtteri Bottas,mercedes,Mercedes,19,4,4,12,44,Finished
2018,13,Belgian Grand Prix,perez,Sergio Pérez,force_india,Force India,4,5,5,10,44,Finished
2018,13,Belgian Grand Prix,ocon,Esteban Ocon,force_india,Force India,3,6,6,8,44,Finished
2018,13,Belgian Grand Prix,grosjean,Romain Grosjean,haas,Haas F1 Team,5,7,7,6,44,Finished
2018,13,Belgian Grand Prix,kevin_magnussen,Kevin Magnussen,haas,Haas F1 Team,9,8,8,4,44,Finished
2018,13,Belgian Grand Prix,gasly,Pierre Gasly,toro_rosso,Toro Rosso,10,9,9,2,44,Finished
2018,13,Belgian Grand Prix,ericsson,Marcus Ericsson,sauber,Sauber,13,10,10,1,43,+1 Lap
2018,13,Belgian Grand Prix,sainz,Carlos Sainz,renault,Renault,14,11,11,0,43,+1 Lap
2018,13,Belgian Grand Prix,sirotkin,Sergey Sirotkin,williams,Williams,16,12,12,0,43,+1 Lap
2018,13,Belgian Grand Prix,stroll,Lance Stroll,williams,Williams,17,13,13,0,43,+1 Lap
2018,13,Belgian Grand Prix,brendon_hartley,Brendon Hartley,toro_rosso,Toro Rosso,11,14,14,0,43,+1 Lap
2018,13,Belgian Grand Prix,vandoorne,Stoffel Vandoorne,mclaren,McLaren,18,15,15,0,43,+1 Lap
2018,13,Belgian Grand Prix,ricciardo,Daniel Ricciardo,red_bull,Red Bull,8,16,R,0,28,Retired
2018,13,Belgian Grand Prix,raikkonen,Kimi Räikkönen,ferrari,Ferrari,6,17,R,0,8,Brakes
2018,13,Belgian Grand Prix,leclerc,Charles Leclerc,sauber,Sauber,12,18,R,0,0,Accident
2018,13,Belgian Grand Prix,alonso,Fernando Alonso,mclaren,McLaren,15,19,R,0,0,Accident
2018,13,Belgian Grand Prix,hulkenberg,Nico Hülkenberg,renault,Renault,20,20,R,0,0,Accident
2018,14,Italian Grand Prix,hamilton,Lewis Hamilton,mercedes,Mercedes,3,1,1,25,53,Finished
2018,14,Italian Grand Prix,raikkonen,Kimi Räikkönen,ferrari,Ferrari,1,2,2,18,53,Finished
2018,14,Italian Grand Prix,bottas,Valtteri Bottas,mercedes,Mercedes,4,3,3,15,53,Finished
2018,14,Italian Grand Prix,vettel,Sebastian Vettel,ferrari,Ferrari,2,4,4,12,53,Finished
2018,14,Italian Grand Prix,max_verstappen,Max Verstappen,red_bull,Red Bull,5,5,5,10,53,Finished
2018,14,Italian Grand Prix,ocon,Esteban Ocon,force_india,Force India,8,6,6,8,53,Finished
2018,14,Italian Grand Prix,perez,Sergio Pérez,force_india,Force India,14,7,7,6,53,Finished
2018,14,Italian Grand Prix,sainz,Carlos Sainz,renault,Renault,7,8,8,4,53,Finished
2018,14,Italian Grand Prix,stroll,Lance Stroll,williams,Williams,10,9,9,2,52,+1 Lap
2018,14,Italian Grand Prix,sirotkin,Sergey Sirotkin,williams,Williams,12,10,10,1,52,+1 Lap
2018,14,Italian Grand Prix,leclerc,Charles Leclerc,sauber,Sauber,15,11,11,0,52,+1 Lap
2018,14,Italian Grand Prix,vandoorne,Stoffel Vandoorne,mclaren,McLaren,17,12,12,0,52,+1 Lap
2018,14,Italian Grand Prix,hulkenberg,Nico Hülkenberg,renault,Renault,20,13,13,0,52,+1 Lap
2018,14,Italian Grand Prix,gasly,Pierre Gasly,toro_rosso,Toro Rosso,9,14,14,0,52,+1 Lap
2018,14,Italian Grand Prix,ericsson,Marcus Ericsson,sauber,Sauber,18,15,15,0,52,+1 Lap
2018,14,Italian Grand Prix,kevin_magnussen,Kevin Magnussen,haas,Haas F1 Team,11,16,16,0,52,+1 Lap
2018,14,Italian Grand Prix,ricciardo,Daniel Ricciardo,red_bull,Red Bull,19,17,R,0,23,Engine
2018,14,Italian Grand Prix,alonso,Fernando Alonso,mclaren,McLaren,13,18,R,0,9,Engine
2018,14,Italian Grand Prix,brendon_hartley,Brendon Hartley,toro_rosso,Toro Rosso,16,19,R,0,0,Brakes
2018,14,Italian Grand Prix,grosjean,Romain Grosjean,haas,Haas F1 Team,6,20,D,0,53,Disqualified
2018,15,Singapore Grand Prix,hamilton,Lewis Hamilton,mercedes,Mercedes,1,1,1,25,61,Finished
2018,15,Singapore Grand Prix,max_verstappen,Max Verstappen,red_bull,Red Bull,2,2,2,18,61,Finished
2018,15,Singapore Grand Prix,vettel,Sebastian Vettel,ferrari,Ferrari,3,3,3,15,61,Finished
2018,15,Singapore Grand Prix,bottas,Valtteri Bottas,mercedes,Mercedes,4,4,4,12,61,Finished
2018,15,Singapore Grand Prix,raikkonen,Kimi Räikkönen,ferrari,Ferrari,5,5,5,10,61,Finished
2018,15,Singapore Grand Prix,ricciardo,Daniel Ricciardo,red_bull,Red Bull,6,6,6,8,61,Finished
2018,15,Singapore Grand Prix,alonso,Fernando Alonso,mclaren,McLaren,11,7,7,6,61,Finished
2018,15,Singapore Grand Prix,sainz,Carlos Sainz,renault,Renault,12,8,8,4,60,+1 Lap
2018,15,Singapore Grand Prix,leclerc,Charles Leclerc,sauber,Sauber,13,9,9,2,60,+1 Lap
2018,15,Singapore Grand Prix,hulkenberg,Nico Hülkenberg,renault,Renault,10,10,10,1,60,+1 Lap
2018,15,Singapore Grand Prix,ericsson,Marcus Ericsson,sauber,Sauber,14,11,11,0,60,+1 Lap
2018,15,Singapore Grand Prix,vandoorne,Stoffel Vandoorne,mclaren,McLaren,18,12,12,0,60,+1 Lap
2018,15,Singapore Grand Prix,gasly,Pierre Gasly,toro_rosso,Toro Rosso,15,13,13,0,60,+1 Lap
2018,15,Singapore Grand Prix,stroll,Lance Stroll,williams,Williams,20,14,14,0,60,+1 Lap
2018,15,Singapore Grand Prix,grosjean,Romain Grosjean,haas,Haas F1 Team,8,15,15,0,60,+1 Lap
2018,15,Singapore Grand Prix,perez,Sergio Pérez,force_india,Force India,7,16,16,0,60,+1 Lap
2018,15,Singapore Grand Prix,brendon_hartley,Brendon Hartley,toro_rosso,Toro Rosso,17,17,17,0,60,+1 Lap
2018,15,Singapore Grand Prix,kevin_magnussen,Kevin Magnussen,haas,Haas F1 Team,16,18,18,0,59,+2 Laps
2018,15,Singapore Grand Prix,sirotkin,Sergey Sirotkin,williams,Williams,19,19,19,0,59,+2 Laps
2018,15,Singapore Grand Prix,ocon,Esteban Ocon,force_india,Force India,9,20,R,0,0,Collision
2018,16,Russian Grand Prix,hamilton,Lewis Hamilton,mercedes,Mercedes,2,1,1,25,53,Finished
2018,16,Russian Grand Prix,bottas,Valtteri Bottas,mercedes,Mercedes,1,2,2,18,53,Finished
2018,16,Russian Grand Prix,vettel,Sebastian Vettel,ferrari,Ferrari,3,3,3,15,53,Finished
2018,16,Russian Grand Prix,raikkonen,Kimi Räikkönen,ferrari,Ferrari,4,4,4,12,53,Finished
2018,16,Russian Grand Prix,max_verstappen,Max Verstappen,red_bull,Red Bull,19,5,5,10,53,Finished
2018,16,Russian Grand Prix,ricciardo,Daniel Ricciardo,red_bull,Red Bull,18,6,6,8,53,Finished
2018,16,Russian Grand Prix,leclerc,Charles Leclerc,sauber,Sauber,7,7,7,6,53,Finished
2018,16,Russian Grand Prix,kevin_magnussen,Kevin Magnussen,haas,Haas F1 Team,5,8,8,4,52,+1 Lap
2018,16,Russian Grand Prix,ocon,Esteban Ocon,force_india,Force India,6,9,9,2,52,+1 Lap
2018,16,Russian Grand Prix,perez,Sergio Pérez,force_india,Force India,8,10,10,1,52,+1 Lap
2018,16,Russian Grand Prix,grosjean,Romain Grosjean,haas,Haas F1 Team,9,11,11,0,52,+1 Lap
2018,16,Russian Grand Prix,hulkenberg,Nico Hülkenberg,renault,Renault,12,12,12,0,52,+1 Lap
2018,16,Russian Grand Prix,ericsson,Marcus Ericsson,sauber,Sauber,10,13,13,0,52,+1 Lap
2018,16,Russian Grand Prix,alonso,Fernando Alonso,mclaren,McLaren,16,14,14,0,52,+1 Lap
2018,16,Russian Grand Prix,stroll,Lance Stroll,williams,Williams,14,15,15,0,52,+1 Lap
2018,16,Russian Grand Prix,vandoorne,Stoffel Vandoorne,mclaren,McLaren,15,16,16,0,51,+2 Laps
2018,16,Russian Grand Prix,sainz,Carlos Sainz,renault,Renault,11,17,17,0,51,+2 Laps
2018,16,Russian Grand Prix,sirotkin,Sergey Sirotkin,williams,Williams,13,18,18,0,51,+2 Laps
2018,16,Russian Grand Prix,gasly,Pierre Gasly,toro_rosso,Toro Rosso,17,19,R,0,4,Brakes
2018,16,Russian Grand Prix,brendon_hartley,Brendon Hartley,toro_rosso,Toro Rosso,20,20,R,0,4,Brakes
2018,17,Japanese Grand Prix,hamilton,Lewis Hamilton,mercedes,Mercedes,1,1,1,25,53,Finished
2018,17,Japanese Grand Prix,bottas,Valtteri Bottas,mercedes,Mercedes,2,2,2,18,53,Finished
2018,17,Japanese Grand Prix,max_verstappen,Max Verstappen,red_bull,Red Bull,3,3,3,15,53,Finished
2018,17,Japanese Grand Prix,ricciardo,Daniel Ricciardo,red_bull,Red Bull,15,4,4,12,53,Finished
2018,17,Japanese Grand Prix,raikkonen,Kimi Räikkönen,ferrari,Ferrari,4,5,5,10,53,Finished
2018,17,Japanese Grand Prix,vettel,Sebastian Vettel,ferrari,Ferrari,8,6,6,8,53,Finished
2018,17,Japanese Grand Prix,perez,Sergio Pérez,force_india,Force India,9,7,7,6,53,Finished
2018,17,Japanese Grand Prix,grosjean,Romain Grosjean,haas,Haas F1 Team,5,8,8,4,53,Finished
2018,17,Japanese Grand Prix,ocon,Esteban Ocon,force_india,Force India,11,9,9,2,53,Finished
2018,17,Japanese Grand Prix,sainz,Carlos Sainz,renault,Renault,13,10,10,1,52,+1 Lap
2018,17,Japanese Grand Prix,gasly,Pierre Gasly,toro_rosso,Toro Rosso,7,11,11,0,52,+1 Lap
2018,17,Japanese Grand Prix,ericsson,Marcus Ericsson,sauber,Sauber,20,12,12,0,52,+1 Lap
2018,17,Japanese Grand Prix,brendon_hartley,Brendon Hartley,toro_rosso,Toro Rosso,6,13,13,0,52,+1 Lap
2018,17,Japanese Grand Prix,alonso,Fernando Alonso,mclaren,McLaren,18,14,14,0,52,+1 Lap
2018,17,Japanese Grand Prix,vandoorne,Stoffel Vandoorne,mclaren,McLaren,19,15,15,0,52,+1 Lap
2018,17,Japanese Grand Prix,sirotkin,Sergey Sirotkin,williams,Williams,17,16,16,0,52,+1 Lap
2018,17,Japanese Grand Prix,stroll,Lance Stroll,williams,Williams,14,17,17,0,52,+1 Lap
2018,17,Japanese Grand Prix,leclerc,Charles Leclerc,sauber,Sauber,10,18,R,0,38,Mechanical
2018,17,Japanese Grand Prix,hulkenberg,Nico Hülkenberg,renault,Renault,16,19,R,0,37,Engine
2018,17,Japanese Grand Prix,kevin_magnussen,Kevin Magnussen,haas,Haas F1 Team,12,20,R,0,8,Collision damage
2018,18,United States Grand Prix,raikkonen,Kimi Räikkönen,ferrari,Ferrari,2,1,1,25,56,Finished
2018,18,United States Grand Prix,max_verstappen,Max Verstappen,red_bull,Red Bull,18,2,2,18,56,Finished
2018,18,United States Grand Prix,hamilton,Lewis Hamilton,mercedes,Mercedes,1,3,3,15,56,Finished
2018,18,United States Grand Prix,vettel,Sebastian Vettel,ferrari,Ferrari,5,4,4,12,56,Finished
2018,18,United States Grand Prix,bottas,Valtteri Bottas,mercedes,Mercedes,3,5,5,10,56,Finished
2018,18,United States Grand Prix,hulkenberg,Nico Hülkenberg,renault,Renault,7,6,6,8,56,Finished
2018,18,United States Grand Prix,sainz,Carlos Sainz,renault,Renault,11,7,7,6,56,Finished
2018,18,United States Grand Prix,perez,Sergio Pérez,force_india,Force India,10,8,8,4,56,Finished
2018,18,United States Grand Prix,brendon_hartley,Brendon Hartley,toro_rosso,Toro Rosso,20,9,9,2,55,+1 Lap
2018,18,United States Grand Prix,ericsson,Marcus Ericsson,sauber,Sauber,16,10,10,1,55,+1 Lap
2018,18,United States Grand Prix,vandoorne,Stoffel Vandoorne,mclaren,McLaren,17,11,11,0,55,+1 Lap
2018,18,United States Grand Prix,gasly,Pierre Gasly,toro_rosso,Toro Rosso,19,12,12,0,55,+1 Lap
2018,18,United States Grand Prix,sirotkin,Sergey Sirotkin,williams,Williams,14,13,13,0,55,+1 Lap
2018,18,United States Grand Prix,stroll,Lance Stroll,williams,Williams,15,14,14,0,54,+2 Laps
2018,18,United States Grand Prix,leclerc,Charles Leclerc,sauber,Sauber,9,15,R,0,31,Collision damage
2018,18,United States Grand Prix,ricciardo,Daniel Ricciardo,red_bull,Red Bull,4,16,R,0,8,Battery
2018,18,United States Grand Prix,grosjean,Romain Grosjean,haas,Haas F1 Team,8,17,R,0,2,Collision damage
2018,18,United States Grand Prix,alonso,Fernando Alonso,mclaren,McLaren,13,18,R,0,1,Collision
2018,18,United States Grand Prix,ocon,Esteban Ocon,force_india,Force India,6,19,D,0,56,Disqualified
2018,18,United States Grand Prix,kevin_magnussen,Kevin Magnussen,haas,Haas F1 Team,12,20,D,0,56,Disqualified
2018,19,Mexican Grand Prix,max_verstappen,Max Verstappen,red_bull,Red Bull,2,1,1,25,71,Finished
2018,19,Mexican Grand Prix,vettel,Sebastian Vettel,ferrari,Ferrari,4,2,2,18,71,Finished
2018,19,Mexican Grand Prix,raikkonen,Kimi Räikkönen,ferrari,Ferrari,6,3,3,15,71,Finished
2018,19,Mexican Grand Prix,hamilton,Lewis Hamilton,mercedes,Mercedes,3,4,4,12,71,Finished
2018,19,Mexican Grand Prix,bottas,Valtteri Bottas,mercedes,Mercedes,5,5,5,10,70,+1 Lap
2018,19,Mexican Grand Prix,hulkenberg,Nico Hülkenberg,renault,Renault,7,6,6,8,69,+2 Laps
2018,19,Mexican Grand Prix,leclerc,Charles Leclerc,sauber,Sauber,9,7,7,6,69,+2 Laps
2018,19,Mexican Grand Prix,vandoorne,Stoffel Vandoorne,mclaren,McLaren,15,8,8,4,69,+2 Laps
2018,19,Mexican Grand Prix,ericsson,Marcus Ericsson,sauber,Sauber,10,9,9,2,69,+2 Laps
2018,19,Mexican Grand Prix,gasly,Pierre Gasly,toro_rosso,Toro Rosso,20,10,10,1,69,+2 Laps
2018,19,Mexican Grand Prix,ocon,Esteban Ocon,force_india,Force India,11,11,11,0,69,+2 Laps
2018,19,Mexican Grand Prix,stroll,Lance Stroll,williams,Williams,17,12,12,0,69,+2 Laps
2018,19,Mexican Grand Prix,sirotkin,Sergey Sirotkin,williams,Williams,19,13,13,0,69,+2 Laps
2018,19,Mexican Grand Prix,brendon_hartley,Brendon Hartley,toro_rosso,Toro Rosso,14,14,14,0,69,+2 Laps
2018,19,Mexican Grand Prix,kevin_magnussen,Kevin Magnussen,haas,Haas F1 Team,16,15,15,0,69,+2 Laps
2018,19,Mexican Grand Prix,grosjean,Romain Grosjean,haas,Haas F1 Team,18,16,16,0,68,+3 Laps
2018,19,Mexican Grand Prix,ricciardo,Daniel Ricciardo,red_bull,Red Bull,1,17,R,0,61,Engine
2018,19,Mexican Grand Prix,perez,Sergio Pérez,force_india,Force India,13,18,R,0,38,Brakes
2018,19,Mexican Grand Prix,sainz,Carlos Sainz,renault,Renault,8,19,R,0,28,Suspension
2018,19,Mexican Grand Prix,alonso,Fernando Alonso,mclaren,McLaren,12,20,R,0,3,Engine
2018,20,Brazilian Grand Prix,hamilton,Lewis Hamilton,mercedes,Mercedes,1,1,1,25,71,Finished
2018,20,Brazilian Grand Prix,max_verstappen,Max Verstappen,red_bull,Red Bull,5,2,2,18,71,Finished
2018,20,Brazilian Grand Prix,raikkonen,Kimi Räikkönen,ferrari,Ferrari,4,3,3,15,71,Finished
2018,20,Brazilian Grand Prix,ricciardo,Daniel Ricciardo,red_bull,Red Bull,11,4,4,12,71,Finished
2018,20,Brazilian Grand Prix,bottas,Valtteri Bottas,mercedes,Mercedes,3,5,5,10,71,Finished
2018,20,Brazilian Grand Prix,vettel,Sebastian Vettel,ferrari,Ferrari,2,6,6,8,71,Finished
2018,20,Brazilian Grand Prix,leclerc,Charles Leclerc,sauber,Sauber,7,7,7,6,71,Finished
2018,20,Brazilian Grand Prix,grosjean,Romain Grosjean,haas,Haas F1 Team,8,8,8,4,71,Finished
2018,20,Brazilian Grand Prix,kevin_magnussen,Kevin Magnussen,haas,Haas F1 Team,10,9,9,2,71,Finished
2018,20,Brazilian Grand Prix,perez,Sergio Pérez,force_india,Force India,12,10,10,1,70,+1 Lap
2018,20,Brazilian Grand Prix,brendon_hartley,Brendon Hartley,toro_rosso,Toro Rosso,16,11,11,0,70,+1 Lap
2018,20,Brazilian Grand Prix,sainz,Carlos Sainz,renault,Renault,15,12,12,0,70,+1 Lap
2018,20,Brazilian Grand Prix,gasly,Pierre Gasly,toro_rosso,Toro Rosso,9,13,13,0,70,+1 Lap
2018,20,Brazilian Grand Prix,vandoorne,Stoffel Vandoorne,mclaren,McLaren,20,14,14,0,70,+1 Lap
2018,20,Brazilian Grand Prix,ocon,Esteban Ocon,force_india,Force India,18,15,15,0,70,+1 Lap
2018,20,Brazilian Grand Prix,sirotkin,Sergey Sirotkin,williams,Williams,14,16,16,0,69,+2 Laps
2018,20,Brazilian Grand Prix,alonso,Fernando Alonso,mclaren,McLaren,17,17,17,0,69,+2 Laps
2018,20,Brazilian Grand Prix,stroll,Lance Stroll,williams,Williams,19,18,18,0,69,+2 Laps
2018,20,Brazilian Grand Prix,hulkenberg,Nico Hülkenberg,renault,Renault,13,19,R,0,32,Overheating
2018,20,Brazilian Grand Prix,ericsson,Marcus Ericsson,sauber,Sauber,6,20,R,0,20,Collision
2018,21,Abu Dhabi Grand Prix,hamilton,Lewis Hamilton,mercedes,Mercedes,1,1,1,25,55,Finished
2018,21,Abu Dhabi Grand Prix,vettel,Sebastian Vettel,ferrari,Ferrari,3,2,2,18,55,Finished
2018,21,Abu Dhabi Grand Prix,max_verstappen,Max Verstappen,red_bull,Red Bull,6,3,3,15,55,Finished
2018,21,Abu Dhabi Grand Prix,ricciardo,Daniel Ricciardo,red_bull,Red Bull,5,4,4,12,55,Finished
2018,21,Abu Dhabi Grand Prix,bottas,Valtteri Bottas,mercedes,Mercedes,2,5,5,10,55,Finished
2018,21,Abu Dhabi Grand Prix,sainz,Carlos Sainz,renault,Renault,11,6,6,8,55,Finished
2018,21,Abu Dhabi Grand Prix,leclerc,Charles Leclerc,sauber,Sauber,8,7,7,6,55,Finished
2018,21,Abu Dhabi Grand Prix,perez,Sergio Pérez,force_india,Force India,14,8,8,4,55,Finished
2018,21,Abu Dhabi Grand Prix,grosjean,Romain Grosjean,haas,Haas F1 Team,7,9,9,2,54,+1 Lap
2018,21,Abu Dhabi Grand Prix,kevin_magnussen,Kevin Magnussen,haas,Haas F1 Team,13,10,10,1,54,+1 Lap
2018,21,Abu Dhabi Grand Prix,alonso,Fernando Alonso,mclaren,McLaren,15,11,11,0,54,+1 Lap
2018,21,Abu Dhabi Grand Prix,brendon_hartley,Brendon Hartley,toro_rosso,Toro Rosso,16,12,12,0,54,+1 Lap
2018,21,Abu Dhabi Grand Prix,stroll,Lance Stroll,williams,Williams,20,13,13,0,54,+1 Lap
2018,21,Abu Dhabi Grand Prix,vandoorne,Stoffel Vandoorne,mclaren,McLaren,18,14,14,0,54,+1 Lap
2018,21,Abu Dhabi Grand Prix,sirotkin,Sergey Sirotkin,williams,Williams,19,15,15,0,54,+1 Lap
2018,21,Abu Dhabi Grand Prix,gasly,Pierre Gasly,toro_rosso,Toro Rosso,17,16,R,0,46,Engine
2018,21,Abu Dhabi Grand Prix,ocon,Esteban Ocon,force_india,Force India,9,17,R,0,44,Engine
2018,21,Abu Dhabi Grand Prix,ericsson,Marcus Ericsson,sauber,Sauber,12,18,R,0,24,Power loss
2018,21,Abu Dhabi Grand Prix,raikkonen,Kimi Räikkönen,ferrari,Ferrari,4,19,R,0,6,Power loss
2018,21,Abu Dhabi Grand Prix,hulkenberg,Nico Hülkenberg,renault,Renault,10,20,R,0,0,Collision
2019,1,Australian Grand Prix,bottas,Valtteri Bottas,mercedes,Mercedes,2,1,1,26,58,Finished
2019,1,Australian Grand Prix,hamilton,Lewis Hamilton,mercedes,Mercedes,1,2,2,18,58,Finished
2019,1,Australian Grand Prix,max_verstappen,Max Verstappen,red_bull,Red Bull,4,3,3,15,58,Finished
2019,1,Australian Grand Prix,vettel,Sebastian Vettel,ferrari,Ferrari,3,4,4,12,58,Finished
2019,1,Australian Grand Prix,leclerc,Charles Leclerc,ferrari,Ferrari,5,5,5,10,58,Finished
2019,1,Australian Grand Prix,kevin_magnussen,Kevin Magnussen,haas,Haas F1 Team,7,6,6,8,58,Finished
2019,1,Australian Grand Prix,hulkenberg,Nico Hülkenberg,renault,Renault,11,7,7,6,57,+1 Lap
2019,1,Australian Grand Prix,raikkonen,Kimi Räikkönen,alfa,Alfa Romeo,9,8,8,4,57,+1 Lap
2019,1,Australian Grand Prix,stroll,Lance Stroll,racing_point,Racing Point,16,9,9,2,57,+1 Lap
2019,1,Australian Grand Prix,kvyat,Daniil Kvyat,toro_rosso,Toro Rosso,15,10,10,1,57,+1 Lap
2019,1,Australian Grand Prix,gasly,Pierre Gasly,red_bull,Red Bull,17,11,11,0,57,+1 Lap
2019,1,Australian Grand Prix,norris,Lando Norris,mclaren,McLaren,8,12,12,0,57,+1 Lap
2019,1,Australian Grand Prix,perez,Sergio Pérez,racing_point,Racing Point,10,13,13,0,57,+1 Lap
2019,1,Australian Grand Prix,albon,Alexander Albon,toro_rosso,Toro Rosso,13,14,14,0,57,+1 Lap
2019,1,Australian Grand Prix,giovinazzi,Antonio Giovinazzi,alfa,Alfa Romeo,14,15,15,0,57,+1 Lap
2019,1,Australian Grand Prix,russell,George Russell,williams,Williams,19,16,16,0,56,+2 Laps
2019,1,Australian Grand Prix,kubica,Robert Kubica,williams,Williams,20,17,17,0,55,+3 Laps
2019,1,Australian Grand Prix,grosjean,Romain Grosjean,haas,Haas F1 Team,6,18,R,0,29,Wheel
2019,1,Australian Grand Prix,ricciardo,Daniel Ricciardo,renault,Renault,12,19,R,0,28,Damage
2019,1,Australian Grand Prix,sainz,Carlos Sainz,mclaren,McLaren,18,20,R,0,9,Engine
2019,2,Bahrain Grand Prix,hamilton,Lewis Hamilton,mercedes,Mercedes,3,1,1,25,57,Finished
2019,2,Bahrain Grand Prix,bottas,Valtteri Bottas,mercedes,Mercedes,4,2,2,18,57,Finished
2019,2,Bahrain Grand Prix,leclerc,Charles Leclerc,ferrari,Ferrari,1,3,3,16,57,Finished
2019,2,Bahrain Grand Prix,max_verstappen,Max Verstappen,red_bull,Red Bull,5,4,4,12,57,Finished
2019,2,Bahrain Grand Prix,vettel,Sebastian Vettel,ferrari,Ferrari,2,5,5,10,57,Finished
2019,2,Bahrain Grand Prix,norris,Lando Norris,mclaren,McLaren,9,6,6,8,57,Finished
2019,2,Bahrain Grand Prix,raikkonen,Kimi Räikkönen,alfa,Alfa Romeo,8,7,7,6,57,Finished
2019,2,Bahrain Grand Prix,gasly,Pierre Gasly,red_bull,Red Bull,13,8,8,4,57,Finished
2019,2,Bahrain Grand Prix,albon,Alexander Albon,toro_rosso,Toro Rosso,12,9,9,2,57,Finished
2019,2,Bahrain Grand Prix,perez,Sergio Pérez,racing_point,Racing Point,14,10,10,1,57,Finished
2019,2,Bahrain Grand Prix,giovinazzi,Antonio Giovinazzi,alfa,Alfa Romeo,16,11,11,0,57,Finished
2019,2,Bahrain Grand Prix,kvyat,Daniil Kvyat,toro_rosso,Toro Rosso,15,12,12,0,56,+1 Lap
2019,2,Bahrain Grand Prix,kevin_magnussen,Kevin Magnussen,haas,Haas F1 Team,6,13,13,0,56,+1 Lap
2019,2,Bahrain Grand Prix,stroll,Lance Stroll,racing_point,Racing Point,18,14,14,0,56,+1 Lap
2019,2,Bahrain Grand Prix,russell,George Russell,williams,Williams,19,15,15,0,56,+1 Lap
2019,2,Bahrain Grand Prix,kubica,Robert Kubica,williams,Williams,20,16,16,0,55,+2 Laps
2019,2,Bahrain Grand Prix,hulkenberg,Nico Hülkenberg,renault,Renault,17,17,R,0,53,Engine
2019,2,Bahrain Grand Prix,ricciardo,Daniel Ricciardo,renault,Renault,10,18,R,0,53,Out of fuel
2019,2,Bahrain Grand Prix,sainz,Carlos Sainz,mclaren,McLaren,7,19,R,0,53,Collision damage
2019,2,Bahrain Grand Prix,grosjean,Romain Grosjean,haas,Haas F1 Team,11,20,R,0,16,Retired
2019,3,Chinese Grand Prix,hamilton,Lewis Hamilton,mercedes,Mercedes,2,1,1,25,56,Finished
2019,3,Chinese Grand Prix,bottas,Valtteri Bottas,mercedes,Mercedes,1,2,2,18,56,Finished
2019,3,Chinese Grand Prix,vettel,Sebastian Vettel,ferrari,Ferrari,3,3,3,15,56,Finished
2019,3,Chinese Grand Prix,max_verstappen,Max Verstappen,red_bull,Red Bull,5,4,4,12,56,Finished
2019,3,Chinese Grand Prix,leclerc,Charles Leclerc,ferrari,Ferrari,4,5,5,10,56,Finished
2019,3,Chinese Grand Prix,gasly,Pierre Gasly,red_bull,Red Bull,6,6,6,9,56,Finished
2019,3,Chinese Grand Prix,ricciardo,Daniel Ricciardo,renault,Renault,7,7,7,6,55,+1 Lap
2019,3,Chinese Grand Prix,perez,Sergio Pérez,racing_point,Racing Point,12,8,8,4,55,+1 Lap
2019,3,Chinese Grand Prix,raikkonen,Kimi Räikkönen,alfa,Alfa Romeo,13,9,9,2,55,+1 Lap
2019,3,Chinese Grand Prix,albon,Alexander Albon,toro_rosso,Toro Rosso,0,10,10,1,55,+1 Lap
2019,3,Chinese Grand Prix,grosjean,Romain Grosjean,haas,Haas F1 Team,10,11,11,0,55,+1 Lap
2019,3,Chinese Grand Prix,stroll,Lance Stroll,racing_point,Racing Point,16,12,12,0,55,+1 Lap
2019,3,Chinese Grand Prix,kevin_magnussen,Kevin Magnussen,haas,Haas F1 Team,9,13,13,0,55,+1 Lap
2019,3,Chinese Grand Prix,sainz,Carlos Sainz,mclaren,McLaren,14,14,14,0,55,+1 Lap
2019,3,Chinese Grand Prix,giovinazzi,Antonio Giovinazzi,alfa,Alfa Romeo,19,15,15,0,55,+1 Lap
2019,3,Chinese Grand Prix,russell,George Russell,williams,Williams,17,16,16,0,54,+2 Laps
2019,3,Chinese Grand Prix,kubica,Robert Kubica,williams,Williams,18,17,17,0,54,+2 Laps
2019,3,Chinese Grand Prix,norris,Lando Norris,mclaren,McLaren,15,18,18,0,50,Collision
2019,3,Chinese Grand Prix,kvyat,Daniil Kvyat,toro_rosso,Toro Rosso,11,19,R,0,41,Collision
2019,3,Chinese Grand Prix,hulkenberg,Nico Hülkenberg,renault,Renault,8,20,R,0,16,Power Unit
2019,4,Azerbaijan Grand Prix,bottas,Valtteri Bottas,mercedes,Mercedes,1,1,1,25,51,Finished
2019,4,Azerbaijan Grand Prix,hamilton,Lewis Hamilton,mercedes,Mercedes,2,2,2,18,51,Finished
2019,4,Azerbaijan Grand Prix,vettel,Sebastian Vettel,ferrari,Ferrari,3,3,3,15,51,Finished
2019,4,Azerbaijan Grand Prix,max_verstappen,Max Verstappen,red_bull,Red Bull,4,4,4,12,51,Finished
2019,4,Azerbaijan Grand Prix,leclerc,Charles Leclerc,ferrari,Ferrari,8,5,5,11,51,Finished
2019,4,Azerbaijan Grand Prix,perez,Sergio Pérez,racing_point,Racing Point,5,6,6,8,51,Finished
2019,4,Azerbaijan Grand Prix,sainz,Carlos Sainz,mclaren,McLaren,9,7,7,6,51,Finished
2019,4,Azerbaijan Grand Prix,norris,Lando Norris,mclaren,McLaren,7,8,8,4,51,Finished
2019,4,Azerbaijan Grand Prix,stroll,Lance Stroll,racing_point,Racing Point,13,9,9,2,51,Finished
2019,4,Azerbaijan Grand Prix,raikkonen,Kimi Räikkönen,alfa,Alfa Romeo,0,10,10,1,50,+1 Lap
2019,4,Azerbaijan Grand Prix,albon,Alexander Albon,toro_rosso,Toro Rosso,11,11,11,0,50,+1 Lap
2019,4,Azerbaijan Grand Prix,giovinazzi,Antonio Giovinazzi,alfa,Alfa Romeo,17,12,12,0,50,+1 Lap
2019,4,Azerbaijan Grand Prix,kevin_magnussen,Kevin Magnussen,haas,Haas F1 Team,12,13,13,0,50,+1 Lap
2019,4,Azerbaijan Grand Prix,hulkenberg,Nico Hülkenberg,renault,Renault,15,14,14,0,50,+1 Lap
2019,4,Azerbaijan Grand Prix,russell,George Russell,williams,Williams,16,15,15,0,49,+2 Laps
2019,4,Azerbaijan Grand Prix,kubica,Robert Kubica,williams,Williams,0,16,16,0,49,+2 Laps
2019,4,Azerbaijan Grand Prix,gasly,Pierre Gasly,red_bull,Red Bull,0,17,R,0,38,Transmission
2019,4,Azerbaijan Grand Prix,grosjean,Romain Grosjean,haas,Haas F1 Team,14,18,R,0,38,Brakes
2019,4,Azerbaijan Grand Prix,kvyat,Daniil Kvyat,toro_rosso,Toro Rosso,6,19,R,0,33,Collision
2019,4,Azerbaijan Grand Prix,ricciardo,Daniel Ricciardo,renault,Renault,10,20,R,0,31,Collision
2019,5,Spanish Grand Prix,hamilton,Lewis Hamilton,mercedes,Mercedes,2,1,1,26,66,Finished
2019,5,Spanish Grand Prix,bottas,Valtteri Bottas,mercedes,Mercedes,1,2,2,18,66,Finished
2019,5,Spanish Grand Prix,max_verstappen,Max Verstappen,red_bull,Red Bull,4,3,3,15,66,Finished
2019,5,Spanish Grand Prix,vettel,Sebastian Vettel,ferrari,Ferrari,3,4,4,12,66,Finished
2019,5,Spanish Grand Prix,leclerc,Charles Leclerc,ferrari,Ferrari,5,5,5,10,66,Finished
2019,5,Spanish Grand Prix,gasly,Pierre Gasly,red_bull,Red Bull,6,6,6,8,66,Finished
2019,5,Spanish Grand Prix,kevin_magnussen,Kevin Magnussen,haas,Haas F1 Team,8,7,7,6,66,Finished
2019,5,Spanish Grand Prix,sainz,Carlos Sainz,mclaren,McLaren,12,8,8,4,66,Finished
2019,5,Spanish Grand Prix,kvyat,Daniil Kvyat,toro_rosso,Toro Rosso,9,9,9,2,66,Finished
2019,5,Spanish Grand Prix,grosjean,Romain Grosjean,haas,Haas F1 Team,7,10,10,1,66,Finished
2019,5,Spanish Grand Prix,albon,Alexander Albon,toro_rosso,Toro Rosso,11,11,11,0,66,Finished
2019,5,Spanish Grand Prix,ricciardo,Daniel Ricciardo,renault,Renault,13,12,12,0,66,Finished
2019,5,Spanish Grand Prix,hulkenberg,Nico Hülkenberg,renault,Renault,0,13,13,0,66,Finished
2019,5,Spanish Grand Prix,raikkonen,Kimi Räikkönen,alfa,Alfa Romeo,14,14,14,0,66,Finished
2019,5,Spanish Grand Prix,perez,Sergio Pérez,racing_point,Racing Point,15,15,15,0,66,Finished
2019,5,Spanish Grand Prix,giovinazzi,Antonio Giovinazzi,alfa,Alfa Romeo,18,16,16,0,66,Finished
2019,5,Spanish Grand Prix,russell,George Russell,williams,Williams,19,17,17,0,65,+1 Lap
2019,5,Spanish Grand Prix,kubica,Robert Kubica,williams,Williams,17,18,18,0,65,+1 Lap
2019,5,Spanish Grand Prix,stroll,Lance Stroll,racing_point,Racing Point,16,19,R,0,44,Collision
2019,5,Spanish Grand Prix,norris,Lando Norris,mclaren,McLaren,10,20,R,0,44,Collision
2019,6,Monaco Grand Prix,hamilton,Lewis Hamilton,mercedes,Mercedes,1,1,1,25,78,Finished
2019,6,Monaco Grand Prix,vettel,Sebastian Vettel,ferrari,Ferrari,4,2,2,18,78,Finished
2019,6,Monaco Grand Prix,bottas,Valtteri Bottas,mercedes,Mercedes,2,3,3,15,78,Finished
2019,6,Monaco Grand Prix,max_verstappen,Max Verstappen,red_bull,Red Bull,3,4,4,12,78,Finished
2019,6,Monaco Grand Prix,gasly,Pierre Gasly,red_bull,Red Bull,8,5,5,11,78,Finished
2019,6,Monaco Grand Prix,sainz,Carlos Sainz,mclaren,McLaren,9,6,6,8,78,Finished
2019,6,Monaco Grand Prix,kvyat,Daniil Kvyat,toro_rosso,Toro Rosso,7,7,7,6,78,Finished
2019,6,Monaco Grand Prix,albon,Alexander Albon,toro_rosso,Toro Rosso,10,8,8,4,78,Finished
2019,6,Monaco Grand Prix,ricciardo,Daniel Ricciardo,renault,Renault,6,9,9,2,78,Finished
2019,6,Monaco Grand Prix,grosjean,Romain Grosjean,haas,Haas F1 Team,13,10,10,1,78,Finished
2019,6,Monaco Grand Prix,norris,Lando Norris,mclaren,McLaren,12,11,11,0,78,Finished
2019,6,Monaco Grand Prix,perez,Sergio Pérez,racing_point,Racing Point,16,12,12,0,77,+1 Lap
2019,6,Monaco Grand Prix,hulkenberg,Nico Hülkenberg,renault,Renault,11,13,13,0,77,+1 Lap
2019,6,Monaco Grand Prix,kevin_magnussen,Kevin Magnussen,haas,Haas F1 Team,5,14,14,0,77,+1 Lap
2019,6,Monaco Grand Prix,russell,George Russell,williams,Williams,19,15,15,0,77,+1 Lap
2019,6,Monaco Grand Prix,stroll,Lance Stroll,racing_point,Racing Point,17,16,16,0,77,+1 Lap
2019,6,Monaco Grand Prix,raikkonen,Kimi Räikkönen,alfa,Alfa Romeo,14,17,17,0,77,+1 Lap
2019,6,Monaco Grand Prix,kubica,Robert Kubica,williams,Williams,20,18,18,0,77,+1 Lap
2019,6,Monaco Grand Prix,giovinazzi,Antonio Giovinazzi,alfa,Alfa Romeo,18,19,19,0,76,+2 Laps
2019,6,Monaco Grand Prix,leclerc,Charles Leclerc,ferrari,Ferrari,15,20,R,0,16,Collision
2019,7,Canadian Grand Prix,hamilton,Lewis Hamilton,mercedes,Mercedes,2,1,1,25,70,Finished
2019,7,Canadian Grand Prix,vettel,Sebastian Vettel,ferrari,Ferrari,1,2,2,18,70,Finished
2019,7,Canadian Grand Prix,leclerc,Charles Leclerc,ferrari,Ferrari,3,3,3,15,70,Finished
2019,7,Canadian Grand Prix,bottas,Valtteri Bottas,mercedes,Mercedes,6,4,4,13,70,Finished
2019,7,Canadian Grand Prix,max_verstappen,Max Verstappen,red_bull,Red Bull,9,5,5,10,70,Finished
2019,7,Canadian Grand Prix,ricciardo,Daniel Ricciardo,renault,Renault,4,6,6,8,69,+1 Lap
2019,7,Canadian Grand Prix,hulkenberg,Nico Hülkenberg,renault,Renault,7,7,7,6,69,+1 Lap
2019,7,Canadian Grand Prix,gasly,Pierre Gasly,red_bull,Red Bull,5,8,8,4,69,+1 Lap
2019,7,Canadian Grand Prix,stroll,Lance Stroll,racing_point,Racing Point,17,9,9,2,69,+1 Lap
2019,7,Canadian Grand Prix,kvyat,Daniil Kvyat,toro_rosso,Toro Rosso,10,10,10,1,69,+1 Lap
2019,7,Canadian Grand Prix,sainz,Carlos Sainz,mclaren,McLaren,11,11,11,0,69,+1 Lap
2019,7,Canadian Grand Prix,perez,Sergio Pérez,racing_point,Racing Point,15,12,12,0,69,+1 Lap
2019,7,Canadian Grand Prix,giovinazzi,Antonio Giovinazzi,alfa,Alfa Romeo,12,13,13,0,69,+1 Lap
2019,7,Canadian Grand Prix,grosjean,Romain Grosjean,haas,Haas F1 Team,14,14,14,0,69,+1 Lap
2019,7,Canadian Grand Prix,raikkonen,Kimi Räikkönen,alfa,Alfa Romeo,16,15,15,0,69,+1 Lap
2019,7,Canadian Grand Prix,russell,George Russell,williams,Williams,18,16,16,0,68,+2 Laps
2019,7,Canadian Grand Prix,kevin_magnussen,Kevin Magnussen,haas,Haas F1 Team,0,17,17,0,68,+2 Laps
2019,7,Canadian Grand Prix,kubica,Robert Kubica,williams,Williams,19,18,18,0,67,+3 Laps
2019,7,Canadian Grand Prix,albon,Alexander Albon,toro_rosso,Toro Rosso,13,19,R,0,59,Collision damage
2019,7,Canadian Grand Prix,norris,Lando Norris,mclaren,McLaren,8,20,R,0,8,Suspension
2019,8,French Grand Prix,hamilton,Lewis Hamilton,mercedes,Mercedes,1,1,1,25,53,Finished
2019,8,French Grand Prix,bottas,Valtteri Bottas,mercedes,Mercedes,2,2,2,18,53,Finished
2019,8,French Grand Prix,leclerc,Charles Leclerc,ferrari,Ferrari,3,3,3,15,53,Finished
2019,8,French Grand Prix,max_verstappen,Max Verstappen,red_bull,Red Bull,4,4,4,12,53,Finished
2019,8,French Grand Prix,vettel,Sebastian Vettel,ferrari,Ferrari,7,5,5,11,53,Finished
2019,8,French Grand Prix,sainz,Carlos Sainz,mclaren,McLaren,6,6,6,8,53,Finished
2019,8,French Grand Prix,raikkonen,Kimi Räikkönen,alfa,Alfa Romeo,12,7,7,6,52,+1 Lap
2019,8,French Grand Prix,hulkenberg,Nico Hülkenberg,renault,Renault,13,8,8,4,52,+1 Lap
2019,8,French Grand Prix,norris,Lando Norris,mclaren,McLaren,5,9,9,2,52,+1 Lap
2019,8,French Grand Prix,gasly,Pierre Gasly,red_bull,Red Bull,9,10,10,1,52,+1 Lap
2019,8,French Grand Prix,ricciardo,Daniel Ricciardo,renault,Renault,8,11,11,0,52,+1 Lap
2019,8,French Grand Prix,perez,Sergio Pérez,racing_point,Racing Point,14,12,12,0,52,+1 Lap
2019,8,French Grand Prix,stroll,Lance Stroll,racing_point,Racing Point,17,13,13,0,52,+1 Lap
2019,8,French Grand Prix,kvyat,Daniil Kvyat,toro_rosso,Toro Rosso,19,14,14,0,52,+1 Lap
2019,8,French Grand Prix,albon,Alexander Albon,toro_rosso,Toro Rosso,11,15,15,0,52,+1 Lap
2019,8,French Grand Prix,giovinazzi,Antonio Giovinazzi,alfa,Alfa Romeo,10,16,16,0,52,+1 Lap
2019,8,French Grand Prix,kevin_magnussen,Kevin Magnussen,haas,Haas F1 Team,15,17,17,0,52,+1 Lap
2019,8,French Grand Prix,kubica,Robert Kubica,williams,Williams,18,18,18,0,51,+2 Laps
2019,8,French Grand Prix,russell,George Russell,williams,Williams,20,19,19,0,51,+2 Laps
2019,8,French Grand Prix,grosjean,Romain Grosjean,haas,Haas F1 Team,16,20,20,0,44,Retired
2019,9,Austrian Grand Prix,max_verstappen,Max Verstappen,red_bull,Red Bull,2,1,1,26,71,Finished
2019,9,Austrian Grand Prix,leclerc,Charles Leclerc,ferrari,Ferrari,1,2,2,18,71,Finished
2019,9,Austrian Grand Prix,bottas,Valtteri Bottas,mercedes,Mercedes,3,3,3,15,71,Finished
2019,9,Austrian Grand Prix,vettel,Sebastian Vettel,ferrari,Ferrari,9,4,4,12,71,Finished
2019,9,Austrian Grand Prix,hamilton,Lewis Hamilton,mercedes,Mercedes,4,5,5,10,71,Finished
2019,9,Austrian Grand Prix,norris,Lando Norris,mclaren,McLaren,5,6,6,8,70,+1 Lap
2019,9,Austrian Grand Prix,gasly,Pierre Gasly,red_bull,Red Bull,8,7,7,6,70,+1 Lap
2019,9,Austrian Grand Prix,sainz,Carlos Sainz,mclaren,McLaren,19,8,8,4,70,+1 Lap
2019,9,Austrian Grand Prix,raikkonen,Kimi Räikkönen,alfa,Alfa Romeo,6,9,9,2,70,+1 Lap
2019,9,Austrian Grand Prix,giovinazzi,Antonio Giovinazzi,alfa,Alfa Romeo,7,10,10,1,70,+1 Lap
2019,9,Austrian Grand Prix,perez,Sergio Pérez,racing_point,Racing Point,13,11,11,0,70,+1 Lap
2019,9,Austrian Grand Prix,ricciardo,Daniel Ricciardo,renault,Renault,12,12,12,0,70,+1 Lap
2019,9,Austrian Grand Prix,hulkenberg,Nico Hülkenberg,renault,Renault,15,13,13,0,70,+1 Lap
2019,9,Austrian Grand Prix,stroll,Lance Stroll,racing_point,Racing Point,14,14,14,0,70,+1 Lap
2019,9,Austrian Grand Prix,albon,Alexander Albon,toro_rosso,Toro Rosso,18,15,15,0,70,+1 Lap
2019,9,Austrian Grand Prix,grosjean,Romain Grosjean,haas,Haas F1 Team,11,16,16,0,70,+1 Lap
2019,9,Austrian Grand Prix,kvyat,Daniil Kvyat,toro_rosso,Toro Rosso,16,17,17,0,70,+1 Lap
2019,9,Austrian Grand Prix,russell,George Russell,williams,Williams,0,18,18,0,69,+2 Laps
2019,9,Austrian Grand Prix,kevin_magnussen,Kevin Magnussen,haas,Haas F1 Team,10,19,19,0,69,+2 Laps
2019,9,Austrian Grand Prix,kubica,Robert Kubica,williams,Williams,17,20,20,0,68,+3 Laps
2019,10,British Grand Prix,hamilton,Lewis Hamilton,mercedes,Mercedes,2,1,1,26,52,Finished
2019,10,British Grand Prix,bottas,Valtteri Bottas,mercedes,Mercedes,1,2,2,18,52,Finished
2019,10,British Grand Prix,leclerc,Charles Leclerc,ferrari,Ferrari,3,3,3,15,52,Finished
2019,10,British Grand Prix,gasly,Pierre Gasly,red_bull,Red Bull,5,4,4,12,52,Finished
2019,10,British Grand Prix,max_verstappen,Max Verstappen,red_bull,Red Bull,4,5,5,10,52,Finished
2019,10,British Grand Prix,sainz,Carlos Sainz,mclaren,McLaren,13,6,6,8,52,Finished
2019,10,British Grand Prix,ricciardo,Daniel Ricciardo,renault,Renault,7,7,7,6,52,Finished
2019,10,British Grand Prix,raikkonen,Kimi Räikkönen,alfa,Alfa Romeo,12,8,8,4,52,Finished
2019,10,British Grand Prix,kvyat,Daniil Kvyat,toro_rosso,Toro Rosso,17,9,9,2,52,Finished
2019,10,British Grand Prix,hulkenberg,Nico Hülkenberg,renault,Renault,10,10,10,1,52,Finished
2019,10,British Grand Prix,norris,Lando Norris,mclaren,McLaren,8,11,11,0,52,Finished
2019,10,British Grand Prix,albon,Alexander Albon,toro_rosso,Toro Rosso,9,12,12,0,52,Finished
2019,10,British Grand Prix,stroll,Lance Stroll,racing_point,Racing Point,18,13,13,0,52,Finished
2019,10,British Grand Prix,russell,George Russell,williams,Williams,19,14,14,0,51,+1 Lap
2019,10,British Grand Prix,kubica,Robert Kubica,williams,Williams,20,15,15,0,51,+1 Lap
2019,10,British Grand Prix,vettel,Sebastian Vettel,ferrari,Ferrari,6,16,16,0,51,+1 Lap
2019,10,British Grand Prix,perez,Sergio Pérez,racing_point,Racing Point,15,17,17,0,51,+1 Lap
2019,10,British Grand Prix,giovinazzi,Antonio Giovinazzi,alfa,Alfa Romeo,11,18,R,0,18,Spun off
2019,10,British Grand Prix,grosjean,Romain Grosjean,haas,Haas F1 Team,14,19,R,0,9,Collision
2019,10,British Grand Prix,kevin_magnussen,Kevin Magnussen,haas,Haas F1 Team,16,20,R,0,6,Collision
2019,11,German Grand Prix,max_verstappen,Max Verstappen,red_bull,Red Bull,2,1,1,26,64,Finished
2019,11,German Grand Prix,vettel,Sebastian Vettel,ferrari,Ferrari,20,2,2,18,64,Finished
2019,11,German Grand Prix,kvyat,Daniil Kvyat,toro_rosso,Toro Rosso,14,3,3,15,64,Finished
2019,11,German Grand Prix,stroll,Lance Stroll,racing_point,Racing Point,15,4,4,12,64,Finished
2019,11,German Grand Prix,sainz,Carlos Sainz,mclaren,McLaren,7,5,5,10,64,Finished
2019,11,German Grand Prix,albon,Alexander Albon,toro_rosso,Toro Rosso,16,6,6,8,64,Finished
2019,11,German Grand Prix,grosjean,Romain Grosjean,haas,Haas F1 Team,6,7,7,6,64,Finished
2019,11,German Grand Prix,kevin_magnussen,Kevin Magnussen,haas,Haas F1 Team,12,8,8,4,64,Finished
2019,11,German Grand Prix,hamilton,Lewis Hamilton,mercedes,Mercedes,1,9,9,2,64,Finished
2019,11,German Grand Prix,kubica,Robert Kubica,williams,Williams,18,10,10,1,64,Finished
2019,11,German Grand Prix,russell,George Russell,williams,Williams,17,11,11,0,64,Finished
2019,11,German Grand Prix,raikkonen,Kimi Räikkönen,alfa,Alfa Romeo,5,12,12,0,64,Finished
2019,11,German Grand Prix,giovinazzi,Antonio Giovinazzi,alfa,Alfa Romeo,11,13,13,0,64,Finished
2019,11,German Grand Prix,gasly,Pierre Gasly,red_bull,Red Bull,4,14,14,0,61,Collision
2019,11,German Grand Prix,bottas,Valtteri Bottas,mercedes,Mercedes,3,15,R,0,56,Accident
2019,11,German Grand Prix,hulkenberg,Nico Hülkenberg,renault,Renault,9,16,R,0,39,Accident
2019,11,German Grand Prix,leclerc,Charles Leclerc,ferrari,Ferrari,10,17,R,0,27,Accident
2019,11,German Grand Prix,norris,Lando Norris,mclaren,McLaren,19,18,R,0,25,Power loss
2019,11,German Grand Prix,ricciardo,Daniel Ricciardo,renault,Renault,13,19,R,0,13,Exhaust
2019,11,German Grand Prix,perez,Sergio Pérez,racing_point,Racing Point,8,20,R,0,1,Spun off
2019,12,Hungarian Grand Prix,hamilton,Lewis Hamilton,mercedes,Mercedes,3,1,1,25,70,Finished
2019,12,Hungarian Grand Prix,max_verstappen,Max Verstappen,red_bull,Red Bull,1,2,2,19,70,Finished
2019,12,Hungarian Grand Prix,vettel,Sebastian Vettel,ferrari,Ferrari,5,3,3,15,70,Finished
2019,12,Hungarian Grand Prix,leclerc,Charles Leclerc,ferrari,Ferrari,4,4,4,12,70,Finished
2019,12,Hungarian Grand Prix,sainz,Carlos Sainz,mclaren,McLaren,8,5,5,10,69,+1 Lap
2019,12,Hungarian Grand Prix,gasly,Pierre Gasly,red_bull,Red Bull,6,6,6,8,69,+1 Lap
2019,12,Hungarian Grand Prix,raikkonen,Kimi Räikkönen,alfa,Alfa Romeo,10,7,7,6,69,+1 Lap
2019,12,Hungarian Grand Prix,bottas,Valtteri Bottas,mercedes,Mercedes,2,8,8,4,69,+1 Lap
2019,12,Hungarian Grand Prix,norris,Lando Norris,mclaren,McLaren,7,9,9,2,69,+1 Lap
2019,12,Hungarian Grand Prix,albon,Alexander Albon,toro_rosso,Toro Rosso,12,10,10,1,69,+1 Lap
2019,12,Hungarian Grand Prix,perez,Sergio Pérez,racing_point,Racing Point,16,11,11,0,69,+1 Lap
2019,12,Hungarian Grand Prix,hulkenberg,Nico Hülkenberg,renault,Renault,11,12,12,0,69,+1 Lap
2019,12,Hungarian Grand Prix,kevin_magnussen,Kevin Magnussen,haas,Haas F1 Team,14,13,13,0,69,+1 Lap
2019,12,Hungarian Grand Prix,ricciardo,Daniel Ricciardo,renault,Renault,20,14,14,0,69,+1 Lap
2019,12,Hungarian Grand Prix,kvyat,Daniil Kvyat,toro_rosso,Toro Rosso,13,15,15,0,68,+2 Laps
2019,12,Hungarian Grand Prix,russell,George Russell,williams,Williams,15,16,16,0,68,+2 Laps
2019,12,Hungarian Grand Prix,stroll,Lance Stroll,racing_point,Racing Point,18,17,17,0,68,+2 Laps
2019,12,Hungarian Grand Prix,giovinazzi,Antonio Giovinazzi,alfa,Alfa Romeo,17,18,18,0,68,+2 Laps
2019,12,Hungarian Grand Prix,kubica,Robert Kubica,williams,Williams,19,19,19,0,67,+3 Laps
2019,12,Hungarian Grand Prix,grosjean,Romain Grosjean,haas,Haas F1 Team,9,20,R,0,49,Water pressure
2019,13,Belgian Grand Prix,leclerc,Charles Leclerc,ferrari,Ferrari,1,1,1,25,44,Finished
2019,13,Belgian Grand Prix,hamilton,Lewis Hamilton,mercedes,Mercedes,3,2,2,18,44,Finished
2019,13,Belgian Grand Prix,bottas,Valtteri Bottas,mercedes,Mercedes,4,3,3,15,44,Finished
2019,13,Belgian Grand Prix,vettel,Sebastian Vettel,ferrari,Ferrari,2,4,4,13,44,Finished
2019,13,Belgian Grand Prix,albon,Alexander Albon,red_bull,Red Bull,17,5,5,10,44,Finished
2019,13,Belgian Grand Prix,perez,Sergio Pérez,racing_point,Racing Point,7,6,6,8,44,Finished
2019,13,Belgian Grand Prix,kvyat,Daniil Kvyat,toro_rosso,Toro Rosso,19,7,7,6,44,Finished
2019,13,Belgian Grand Prix,hulkenberg,Nico Hülkenberg,renault,Renault,12,8,8,4,44,Finished
2019,13,Belgian Grand Prix,gasly,Pierre Gasly,toro_rosso,Toro Rosso,13,9,9,2,44,Finished
2019,13,Belgian Grand Prix,stroll,Lance Stroll,racing_point,Racing Point,16,10,10,1,44,Finished
2019,13,Belgian Grand Prix,norris,Lando Norris,mclaren,McLaren,11,11,11,0,43,Engine
2019,13,Belgian Grand Prix,kevin_magnussen,Kevin Magnussen,haas,Haas F1 Team,8,12,12,0,43,+1 Lap
2019,13,Belgian Grand Prix,grosjean,Romain Grosjean,haas,Haas F1 Team,9,13,13,0,43,+1 Lap
2019,13,Belgian Grand Prix,ricciardo,Daniel Ricciardo,renault,Renault,10,14,14,0,43,+1 Lap
2019,13,Belgian Grand Prix,russell,George Russell,williams,Williams,14,15,15,0,43,+1 Lap
2019,13,Belgian Grand Prix,raikkonen,Kimi Räikkönen,alfa,Alfa Romeo,6,16,16,0,43,+1 Lap
2019,13,Belgian Grand Prix,kubica,Robert Kubica,williams,Williams,0,17,17,0,43,+1 Lap
2019,13,Belgian Grand Prix,giovinazzi,Antonio Giovinazzi,alfa,Alfa Romeo,18,18,18,0,42,Accident
2019,13,Belgian Grand Prix,sainz,Carlos Sainz,mclaren,McLaren,15,19,R,0,1,Power loss
2019,13,Belgian Grand Prix,max_verstappen,Max Verstappen,red_bull,Red Bull,5,20,R,0,0,Accident
2019,14,Italian Grand Prix,leclerc,Charles Leclerc,ferrari,Ferrari,1,1,1,25,53,Finished
2019,14,Italian Grand Prix,bottas,Valtteri Bottas,mercedes,Mercedes,3,2,2,18,53,Finished
2019,14,Italian Grand Prix,hamilton,Lewis Hamilton,mercedes,Mercedes,2,3,3,16,53,Finished
2019,14,Italian Grand Prix,ricciardo,Daniel Ricciardo,renault,Renault,5,4,4,12,53,Finished
2019,14,Italian Grand Prix,hulkenberg,Nico Hülkenberg,renault,Renault,6,5,5,10,53,Finished
2019,14,Italian Grand Prix,albon,Alexander Albon,red_bull,Red Bull,8,6,6,8,53,Finished
2019,14,Italian Grand Prix,perez,Sergio Pérez,racing_point,Racing Point,18,7,7,6,53,Finished
2019,14,Italian Grand Prix,max_verstappen,Max Verstappen,red_bull,Red Bull,19,8,8,4,53,Finished
2019,14,Italian Grand Prix,giovinazzi,Antonio Giovinazzi,alfa,Alfa Romeo,10,9,9,2,52,+1 Lap
2019,14,Italian Grand Prix,norris,Lando Norris,mclaren,McLaren,16,10,10,1,52,+1 Lap
2019,14,Italian Grand Prix,gasly,Pierre Gasly,toro_rosso,Toro Rosso,17,11,11,0,52,+1 Lap
2019,14,Italian Grand Prix,stroll,Lance Stroll,racing_point,Racing Point,9,12,12,0,52,+1 Lap
2019,14,Italian Grand Prix,vettel,Sebastian Vettel,ferrari,Ferrari,4,13,13,0,52,+1 Lap
2019,14,Italian Grand Prix,russell,George Russell,williams,Williams,14,14,14,0,52,+1 Lap
2019,14,Italian Grand Prix,raikkonen,Kimi Räikkönen,alfa,Alfa Romeo,0,15,15,0,52,+1 Lap
2019,14,Italian Grand Prix,grosjean,Romain Grosjean,haas,Haas F1 Team,13,16,16,0,52,+1 Lap
2019,14,Italian Grand Prix,kubica,Robert Kubica,williams,Williams,15,17,17,0,51,+2 Laps
2019,14,Italian Grand Prix,kevin_magnussen,Kevin Magnussen,haas,Haas F1 Team,11,18,R,0,43,Hydraulics
2019,14,Italian Grand Prix,kvyat,Daniil Kvyat,toro_rosso,Toro Rosso,12,19,R,0,29,Engine
2019,14,Italian Grand Prix,sainz,Carlos Sainz,mclaren,McLaren,7,20,R,0,27,Wheel
2019,15,Singapore Grand Prix,vettel,Sebastian Vettel,ferrari,Ferrari,3,1,1,25,61,Finished
2019,15,Singapore Grand Prix,leclerc,Charles Leclerc,ferrari,Ferrari,1,2,2,18,61,Finished
2019,15,Singapore Grand Prix,max_verstappen,Max Verstappen,red_bull,Red Bull,4,3,3,15,61,Finished
2019,15,Singapore Grand Prix,hamilton,Lewis Hamilton,mercedes,Mercedes,2,4,4,12,61,Finished
2019,15,Singapore Grand Prix,bottas,Valtteri Bottas,mercedes,Mercedes,5,5,5,10,61,Finished
2019,15,Singapore Grand Prix,albon,Alexander Albon,red_bull,Red Bull,6,6,6,8,61,Finished
2019,15,Singapore Grand Prix,norris,Lando Norris,mclaren,McLaren,9,7,7,6,61,Finished
2019,15,Singapore Grand Prix,gasly,Pierre Gasly,toro_rosso,Toro Rosso,11,8,8,4,61,Finished
2019,15,Singapore Grand Prix,hulkenberg,Nico Hülkenberg,renault,Renault,8,9,9,2,61,Finished
2019,15,Singapore Grand Prix,giovinazzi,Antonio Giovinazzi,alfa,Alfa Romeo,10,10,10,1,61,Finished
2019,15,Singapore Grand Prix,grosjean,Romain Grosjean,haas,Haas F1 Team,17,11,11,0,61,Finished
2019,15,Singapore Grand Prix,sainz,Carlos Sainz,mclaren,McLaren,7,12,12,0,61,Finished
2019,15,Singapore Grand Prix,stroll,Lance Stroll,racing_point,Racing Point,16,13,13,0,61,Finished
2019,15,Singapore Grand Prix,ricciardo,Daniel Ricciardo,renault,Renault,20,14,14,0,61,Finished
2019,15,Singapore Grand Prix,kvyat,Daniil Kvyat,toro_rosso,Toro Rosso,14,15,15,0,61,Finished
2019,15,Singapore Grand Prix,kubica,Robert Kubica,williams,Williams,19,16,16,0,61,Finished
2019,15,Singapore Grand Prix,kevin_magnussen,Kevin Magnussen,haas,Haas F1 Team,13,17,17,0,61,Finished
2019,15,Singapore Grand Prix,raikkonen,Kimi Räikkönen,alfa,Alfa Romeo,12,18,R,0,49,Collision
2019,15,Singapore Grand Prix,perez,Sergio Pérez,racing_point,Racing Point,15,19,R,0,42,Engine
2019,15,Singapore Grand Prix,russell,George Russell,williams,Williams,18,20,R,0,34,Collision
2019,16,Russian Grand Prix,hamilton,Lewis Hamilton,mercedes,Mercedes,2,1,1,26,53,Finished
2019,16,Russian Grand Prix,bottas,Valtteri Bottas,mercedes,Mercedes,4,2,2,18,53,Finished
2019,16,Russian Grand Prix,leclerc,Charles Leclerc,ferrari,Ferrari,1,3,3,15,53,Finished
2019,16,Russian Grand Prix,max_verstappen,Max Verstappen,red_bull,Red Bull,9,4,4,12,53,Finished
2019,16,Russian Grand Prix,albon,Alexander Albon,red_bull,Red Bull,0,5,5,10,53,Finished
2019,16,Russian Grand Prix,sainz,Carlos Sainz,mclaren,McLaren,5,6,6,8,53,Finished
2019,16,Russian Grand Prix,perez,Sergio Pérez,racing_point,Racing Point,11,7,7,6,53,Finished
2019,16,Russian Grand Prix,norris,Lando Norris,mclaren,McLaren,7,8,8,4,53,Finished
2019,16,Russian Grand Prix,kevin_magnussen,Kevin Magnussen,haas,Haas F1 Team,13,9,9,2,53,Finished
2019,16,Russian Grand Prix,hulkenberg,Nico Hülkenberg,renault,Renault,6,10,10,1,53,Finished
2019,16,Russian Grand Prix,stroll,Lance Stroll,racing_point,Racing Point,14,11,11,0,53,Finished
2019,16,Russian Grand Prix,kvyat,Daniil Kvyat,toro_rosso,Toro Rosso,19,12,12,0,53,Finished
2019,16,Russian Grand Prix,raikkonen,Kimi Räikkönen,alfa,Alfa Romeo,15,13,13,0,53,Finished
2019,16,Russian Grand Prix,gasly,Pierre Gasly,toro_rosso,Toro Rosso,16,14,14,0,53,Finished
2019,16,Russian Grand Prix,giovinazzi,Antonio Giovinazzi,alfa,Alfa Romeo,12,15,15,0,53,Finished
2019,16,Russian Grand Prix,kubica,Robert Kubica,williams,Williams,18,16,R,0,28,Brakes
2019,16,Russian Grand Prix,russell,George Russell,williams,Williams,17,17,R,0,27,Brakes
2019,16,Russian Grand Prix,vettel,Sebastian Vettel,ferrari,Ferrari,3,18,R,0,26,Power loss
2019,16,Russian Grand Prix,ricciardo,Daniel Ricciardo,renault,Renault,10,19,R,0,24,Collision
2019,16,Russian Grand Prix,grosjean,Romain Grosjean,haas,Haas F1 Team,8,20,R,0,0,Collision
2019,17,Japanese Grand Prix,bottas,Valtteri Bottas,mercedes,Mercedes,3,1,1,25,52,Finished
2019,17,Japanese Grand Prix,vettel,Sebastian Vettel,ferrari,Ferrari,1,2,2,18,52,Finished
2019,17,Japanese Grand Prix,hamilton,Lewis Hamilton,mercedes,Mercedes,4,3,3,16,52,Finished
2019,17,Japanese Grand Prix,albon,Alexander Albon,red_bull,Red Bull,6,4,4,12,52,Finished
2019,17,Japanese Grand Prix,sainz,Carlos Sainz,mclaren,McLaren,7,5,5,10,52,Finished
2019,17,Japanese Grand Prix,leclerc,Charles Leclerc,ferrari,Ferrari,2,6,6,8,51,+1 Lap
2019,17,Japanese Grand Prix,gasly,Pierre Gasly,toro_rosso,Toro Rosso,9,7,7,6,51,+1 Lap
2019,17,Japanese Grand Prix,perez,Sergio Pérez,racing_point,Racing Point,17,8,8,4,51,+1 Lap
2019,17,Japanese Grand Prix,stroll,Lance Stroll,racing_point,Racing Point,12,9,9,2,51,+1 Lap
2019,17,Japanese Grand Prix,kvyat,Daniil Kvyat,toro_rosso,Toro Rosso,14,10,10,1,51,+1 Lap
2019,17,Japanese Grand Prix,norris,Lando Norris,mclaren,McLaren,8,11,11,0,51,+1 Lap
2019,17,Japanese Grand Prix,raikkonen,Kimi Räikkönen,alfa,Alfa Romeo,13,12,12,0,51,+1 Lap
2019,17,Japanese Grand Prix,grosjean,Romain Grosjean,haas,Haas F1 Team,10,13,13,0,51,+1 Lap
2019,17,Japanese Grand Prix,giovinazzi,Antonio Giovinazzi,alfa,Alfa Romeo,11,14,14,0,51,+1 Lap
2019,17,Japanese Grand Prix,kevin_magnussen,Kevin Magnussen,haas,Haas F1 Team,19,15,15,0,51,+1 Lap
2019,17,Japanese Grand Prix,russell,George Russell,williams,Williams,18,16,16,0,50,+2 Laps
2019,17,Japanese Grand Prix,kubica,Robert Kubica,williams,Williams,0,17,17,0,50,+2 Laps
2019,17,Japanese Grand Prix,max_verstappen,Max Verstappen,red_bull,Red Bull,5,18,R,0,14,Brakes
2019,17,Japanese Grand Prix,ricciardo,Daniel Ricciardo,renault,Renault,16,19,D,0,51,Disqualified
2019,17,Japanese Grand Prix,hulkenberg,Nico Hülkenberg,renault,Renault,15,20,D,0,51,Disqualified
2019,18,Mexican Grand Prix,hamilton,Lewis Hamilton,mercedes,Mercedes,3,1,1,25,71,Finished
2019,18,Mexican Grand Prix,vettel,Sebastian Vettel,ferrari,Ferrari,2,2,2,18,71,Finished
2019,18,Mexican Grand Prix,bottas,Valtteri Bottas,mercedes,Mercedes,6,3,3,15,71,Finished
2019,18,Mexican Grand Prix,leclerc,Charles Leclerc,ferrari,Ferrari,1,4,4,13,71,Finished
2019,18,Mexican Grand Prix,albon,Alexander Albon,red_bull,Red Bull,5,5,5,10,71,Finished
2019,18,Mexican Grand Prix,max_verstappen,Max Verstappen,red_bull,Red Bull,4,6,6,8,71,Finished
2019,18,Mexican Grand Prix,perez,Sergio Pérez,racing_point,Racing Point,11,7,7,6,71,Finished
2019,18,Mexican Grand Prix,ricciardo,Daniel Ricciardo,renault,Renault,13,8,8,4,71,Finished
2019,18,Mexican Grand Prix,gasly,Pierre Gasly,toro_rosso,Toro Rosso,10,9,9,2,70,+1 Lap
2019,18,Mexican Grand Prix,hulkenberg,Nico Hülkenberg,renault,Renault,12,10,10,1,70,+1 Lap
2019,18,Mexican Grand Prix,kvyat,Daniil Kvyat,toro_rosso,Toro Rosso,9,11,11,0,70,+1 Lap
2019,18,Mexican Grand Prix,stroll,Lance Stroll,racing_point,Racing Point,16,12,12,0,70,+1 Lap
2019,18,Mexican Grand Prix,sainz,Carlos Sainz,mclaren,McLaren,7,13,13,0,70,+1 Lap
2019,18,Mexican Grand Prix,giovinazzi,Antonio Giovinazzi,alfa,Alfa Romeo,15,14,14,0,70,+1 Lap
2019,18,Mexican Grand Prix,kevin_magnussen,Kevin Magnussen,haas,Haas F1 Team,17,15,15,0,69,+2 Laps
2019,18,Mexican Grand Prix,russell,George Russell,williams,Williams,19,16,16,0,69,+2 Laps
2019,18,Mexican Grand Prix,grosjean,Romain Grosjean,haas,Haas F1 Team,18,17,17,0,69,+2 Laps
2019,18,Mexican Grand Prix,kubica,Robert Kubica,williams,Williams,20,18,18,0,69,+2 Laps
2019,18,Mexican Grand Prix,raikkonen,Kimi Räikkönen,alfa,Alfa Romeo,14,19,R,0,58,Overheating
2019,18,Mexican Grand Prix,norris,Lando Norris,mclaren,McLaren,8,20,W,0,48,Withdrew
2019,19,United States Grand Prix,bottas,Valtteri Bottas,mercedes,Mercedes,1,1,1,25,56,Finished
2019,19,United States Grand Prix,hamilton,Lewis Hamilton,mercedes,Mercedes,5,2,2,18,56,Finished
2019,19,United States Grand Prix,max_verstappen,Max Verstappen,red_bull,Red Bull,3,3,3,15,56,Finished
2019,19,United States Grand Prix,leclerc,Charles Leclerc,ferrari,Ferrari,4,4,4,13,56,Finished
2019,19,United States Grand Prix,albon,Alexander Albon,red_bull,Red Bull,6,5,5,10,56,Finished
2019,19,United States Grand Prix,ricciardo,Daniel Ricciardo,renault,Renault,9,6,6,8,56,Finished
2019,19,United States Grand Prix,norris,Lando Norris,mclaren,McLaren,8,7,7,6,56,Finished
2019,19,United States Grand Prix,sainz,Carlos Sainz,mclaren,McLaren,7,8,8,4,55,+1 Lap
2019,19,United States Grand Prix,hulkenberg,Nico Hülkenberg,renault,Renault,11,9,9,2,55,+1 Lap
2019,19,United States Grand Prix,perez,Sergio Pérez,racing_point,Racing Point,0,10,10,1,55,+1 Lap
2019,19,United States Grand Prix,raikkonen,Kimi Räikkönen,alfa,Alfa Romeo,17,11,11,0,55,+1 Lap
2019,19,United States Grand Prix,kvyat,Daniil Kvyat,toro_rosso,Toro Rosso,13,12,12,0,55,+1 Lap
2019,19,United States Grand Prix,stroll,Lance Stroll,racing_point,Racing Point,14,13,13,0,55,+1 Lap
2019,19,United States Grand Prix,giovinazzi,Antonio Giovinazzi,alfa,Alfa Romeo,16,14,14,0,55,+1 Lap
2019,19,United States Grand Prix,grosjean,Romain Grosjean,haas,Haas F1 Team,15,15,15,0,55,+1 Lap
2019,19,United States Grand Prix,gasly,Pierre Gasly,toro_rosso,Toro Rosso,10,16,16,0,54,Suspension
2019,19,United States Grand Prix,russell,George Russell,williams,Williams,18,17,17,0,54,+2 Laps
2019,19,United States Grand Prix,kevin_magnussen,Kevin Magnussen,haas,Haas F1 Team,12,18,18,0,52,Brakes
2019,19,United States Grand Prix,kubica,Robert Kubica,williams,Williams,19,19,R,0,31,Oil leak
2019,19,United States Grand Prix,vettel,Sebastian Vettel,ferrari,Ferrari,2,20,R,0,7,Suspension
2019,20,Brazilian Grand Prix,max_verstappen,Max Verstappen,red_bull,Red Bull,1,1,1,25,71,Finished
2019,20,Brazilian Grand Prix,gasly,Pierre Gasly,toro_rosso,Toro Rosso,6,2,2,18,71,Finished
2019,20,Brazilian Grand Prix,sainz,Carlos Sainz,mclaren,McLaren,20,3,3,15,71,Finished
2019,20,Brazilian Grand Prix,raikkonen,Kimi Räikkönen,alfa,Alfa Romeo,8,4,4,12,71,Finished
2019,20,Brazilian Grand Prix,giovinazzi,Antonio Giovinazzi,alfa,Alfa Romeo,12,5,5,10,71,Finished
2019,20,Brazilian Grand Prix,ricciardo,Daniel Ricciardo,renault,Renault,11,6,6,8,71,Finished
2019,20,Brazilian Grand Prix,hamilton,Lewis Hamilton,mercedes,Mercedes,3,7,7,6,71,Finished
2019,20,Brazilian Grand Prix,norris,Lando Norris,mclaren,McLaren,10,8,8,4,71,Finished
2019,20,Brazilian Grand Prix,perez,Sergio Pérez,racing_point,Racing Point,15,9,9,2,71,Finished
2019,20,Brazilian Grand Prix,kvyat,Daniil Kvyat,toro_rosso,Toro Rosso,16,10,10,1,71,Finished
2019,20,Brazilian Grand Prix,kevin_magnussen,Kevin Magnussen,haas,Haas F1 Team,9,11,11,0,71,Finished
2019,20,Brazilian Grand Prix,russell,George Russell,williams,Williams,18,12,12,0,71,Finished
2019,20,Brazilian Grand Prix,grosjean,Romain Grosjean,haas,Haas F1 Team,7,13,13,0,71,Finished
2019,20,Brazilian Grand Prix,albon,Alexander Albon,red_bull,Red Bull,5,14,14,0,71,Finished
2019,20,Brazilian Grand Prix,hulkenberg,Nico Hülkenberg,renault,Renault,13,15,15,0,71,Finished
2019,20,Brazilian Grand Prix,kubica,Robert Kubica,williams,Williams,19,16,16,0,70,+1 Lap
2019,20,Brazilian Grand Prix,vettel,Sebastian Vettel,ferrari,Ferrari,2,17,17,0,65,Collision
2019,20,Brazilian Grand Prix,leclerc,Charles Leclerc,ferrari,Ferrari,14,18,18,0,65,Collision
2019,20,Brazilian Grand Prix,stroll,Lance Stroll,racing_point,Racing Point,17,19,19,0,65,Suspension
2019,20,Brazilian Grand Prix,bottas,Valtteri Bottas,mercedes,Mercedes,4,20,R,0,51,Power Unit
2019,21,Abu Dhabi Grand Prix,hamilton,Lewis Hamilton,mercedes,Mercedes,1,1,1,26,55,Finished
2019,21,Abu Dhabi Grand Prix,max_verstappen,Max Verstappen,red_bull,Red Bull,2,2,2,18,55,Finished
2019,21,Abu Dhabi Grand Prix,leclerc,Charles Leclerc,ferrari,Ferrari,3,3,3,15,55,Finished
2019,21,Abu Dhabi Grand Prix,bottas,Valtteri Bottas,mercedes,Mercedes,20,4,4,12,55,Finished
2019,21,Abu Dhabi Grand Prix,vettel,Sebastian Vettel,ferrari,Ferrari,4,5,5,10,55,Finished
2019,21,Abu Dhabi Grand Prix,albon,Alexander Albon,red_bull,Red Bull,5,6,6,8,55,Finished
2019,21,Abu Dhabi Grand Prix,perez,Sergio Pérez,racing_point,Racing Point,10,7,7,6,54,+1 Lap
2019,21,Abu Dhabi Grand Prix,norris,Lando Norris,mclaren,McLaren,6,8,8,4,54,+1 Lap
2019,21,Abu Dhabi Grand Prix,kvyat,Daniil Kvyat,toro_rosso,Toro Rosso,13,9,9,2,54,+1 Lap
2019,21,Abu Dhabi Grand Prix,sainz,Carlos Sainz,mclaren,McLaren,8,10,10,1,54,+1 Lap
2019,21,Abu Dhabi Grand Prix,ricciardo,Daniel Ricciardo,renault,Renault,7,11,11,0,54,+1 Lap
2019,21,Abu Dhabi Grand Prix,hulkenberg,Nico Hülkenberg,renault,Renault,9,12,12,0,54,+1 Lap
2019,21,Abu Dhabi Grand Prix,raikkonen,Kimi Räikkönen,alfa,Alfa Romeo,17,13,13,0,54,+1 Lap
2019,21,Abu Dhabi Grand Prix,kevin_magnussen,Kevin Magnussen,haas,Haas F1 Team,14,14,14,0,54,+1 Lap
2019,21,Abu Dhabi Grand Prix,grosjean,Romain Grosjean,haas,Haas F1 Team,15,15,15,0,54,+1 Lap
2019,21,Abu Dhabi Grand Prix,giovinazzi,Antonio Giovinazzi,alfa,Alfa Romeo,16,16,16,0,54,+1 Lap
2019,21,Abu Dhabi Grand Prix,russell,George Russell,williams,Williams,18,17,17,0,54,+1 Lap
2019,21,Abu Dhabi Grand Prix,gasly,Pierre Gasly,toro_rosso,Toro Rosso,11,18,18,0,53,+2 Laps
2019,21,Abu Dhabi Grand Prix,kubica,Robert Kubica,williams,Williams,19,19,19,0,53,+2 Laps
2019,21,Abu Dhabi Grand Prix,stroll,Lance Stroll,racing_point,Racing Point,12,20,R,0,45,Brakes
2020,1,Austrian Grand Prix,bottas,Valtteri Bottas,mercedes,Mercedes,1,1,1,25,71,Finished
2020,1,Austrian Grand Prix,leclerc,Charles Leclerc,ferrari,Ferrari,7,2,2,18,71,Finished
2020,1,Austrian Grand Prix,norris,Lando Norris,mclaren,McLaren,3,3,3,16,71,Finished
2020,1,Austrian Grand Prix,hamilton,Lewis Hamilton,mercedes,Mercedes,5,4,4,12,71,Finished
2020,1,Austrian Grand Prix,sainz,Carlos Sainz,mclaren,McLaren,8,5,5,10,71,Finished
2020,1,Austrian Grand Prix,perez,Sergio Pérez,racing_point,Racing Point,6,6,6,8,71,Finished
2020,1,Austrian Grand Prix,gasly,Pierre Gasly,alphatauri,AlphaTauri,12,7,7,6,71,Finished
2020,1,Austrian Grand Prix,ocon,Esteban Ocon,renault,Renault,14,8,8,4,71,Finished
2020,1,Austrian Grand Prix,giovinazzi,Antonio Giovinazzi,alfa,Alfa Romeo,18,9,9,2,71,Finished
2020,1,Austrian Grand Prix,vettel,Sebastian Vettel,ferrari,Ferrari,11,10,10,1,71,Finished
2020,1,Austrian Grand Prix,latifi,Nicholas Latifi,williams,Williams,20,11,11,0,71,Finished
2020,1,Austrian Grand Prix,kvyat,Daniil Kvyat,alphatauri,AlphaTauri,13,12,12,0,69,Suspension
2020,1,Austrian Grand Prix,albon,Alexander Albon,red_bull,Red Bull,4,13,13,0,67,Electronics
2020,1,Austrian Grand Prix,raikkonen,Kimi Räikkönen,alfa,Alfa Romeo,19,14,R,0,53,Wheel
2020,1,Austrian Grand Prix,russell,George Russell,williams,Williams,17,15,R,0,49,Fuel pressure
2020,1,Austrian Grand Prix,grosjean,Romain Grosjean,haas,Haas F1 Team,15,16,R,0,49,Brakes
2020,1,Austrian Grand Prix,kevin_magnussen,Kevin Magnussen,haas,Haas F1 Team,16,17,R,0,24,Brakes
2020,1,Austrian Grand Prix,stroll,Lance Stroll,racing_point,Racing Point,9,18,R,0,20,Engine
2020,1,Austrian Grand Prix,ricciardo,Daniel Ricciardo,renault,Renault,10,19,R,0,17,Overheating
2020,1,Austrian Grand Prix,max_verstappen,Max Verstappen,red_bull,Red Bull,2,20,R,0,11,Electronics
2020,2,Styrian Grand Prix,hamilton,Lewis Hamilton,mercedes,Mercedes,1,1,1,25,71,Finished
2020,2,Styrian Grand Prix,bottas,Valtteri Bottas,mercedes,Mercedes,4,2,2,18,71,Finished
2020,2,Styrian Grand Prix,max_verstappen,Max Verstappen,red_bull,Red Bull,2,3,3,15,71,Finished
2020,2,Styrian Grand Prix,albon,Alexander Albon,red_bull,Red Bull,6,4,4,12,71,Finished
2020,2,Styrian Grand Prix,norris,Lando Norris,mclaren,McLaren,9,5,5,10,71,Finished
2020,2,Styrian Grand Prix,perez,Sergio Pérez,racing_point,Racing Point,17,6,6,8,71,Finished
2020,2,Styrian Grand Prix,stroll,Lance Stroll,racing_point,Racing Point,12,7,7,6,71,Finished
2020,2,Styrian Grand Prix,ricciardo,Daniel Ricciardo,renault,Renault,8,8,8,4,71,Finished
2020,2,Styrian Grand Prix,sainz,Carlos Sainz,mclaren,McLaren,3,9,9,3,70,+1 Lap
2020,2,Styrian Grand Prix,kvyat,Daniil Kvyat,alphatauri,AlphaTauri,13,10,10,1,70,+1 Lap
2020,2,Styrian Grand Prix,raikkonen,Kimi Räikkönen,alfa,Alfa Romeo,16,11,11,0,70,+1 Lap
2020,2,Styrian Grand Prix,kevin_magnussen,Kevin Magnussen,haas,Haas F1 Team,15,12,12,0,70,+1 Lap
2020,2,Styrian Grand Prix,grosjean,Romain Grosjean,haas,Haas F1 Team,0,13,13,0,70,+1 Lap
2020,2,Styrian Grand Prix,giovinazzi,Antonio Giovinazzi,alfa,Alfa Romeo,19,14,14,0,70,+1 Lap
2020,2,Styrian Grand Prix,gasly,Pierre Gasly,alphatauri,AlphaTauri,7,15,15,0,70,+1 Lap
2020,2,Styrian Grand Prix,russell,George Russell,williams,Williams,11,16,16,0,69,+2 Laps
2020,2,Styrian Grand Prix,latifi,Nicholas Latifi,williams,Williams,18,17,17,0,69,+2 Laps
2020,2,Styrian Grand Prix,ocon,Esteban Ocon,renault,Renault,5,18,R,0,25,Overheating
2020,2,Styrian Grand Prix,leclerc,Charles Leclerc,ferrari,Ferrari,14,19,R,0,4,Collision damage
2020,2,Styrian Grand Prix,vettel,Sebastian Vettel,ferrari,Ferrari,10,20,R,0,1,Collision damage
2020,3,Hungarian Grand Prix,hamilton,Lewis Hamilton,mercedes,Mercedes,1,1,1,26,70,Finished
2020,3,Hungarian Grand Prix,max_verstappen,Max Verstappen,red_bull,Red Bull,7,2,2,18,70,Finished
2020,3,Hungarian Grand Prix,bottas,Valtteri Bottas,mercedes,Mercedes,2,3,3,15,70,Finished
2020,3,Hungarian Grand Prix,stroll,Lance Stroll,racing_point,Racing Point,3,4,4,12,70,Finished
2020,3,Hungarian Grand Prix,albon,Alexander Albon,red_bull,Red Bull,13,5,5,10,70,Finished
2020,3,Hungarian Grand Prix,vettel,Sebastian Vettel,ferrari,Ferrari,5,6,6,8,69,+1 Lap
2020,3,Hungarian Grand Prix,perez,Sergio Pérez,racing_point,Racing Point,4,7,7,6,69,+1 Lap
2020,3,Hungarian Grand Prix,ricciardo,Daniel Ricciardo,renault,Renault,11,8,8,4,69,+1 Lap
2020,3,Hungarian Grand Prix,sainz,Carlos Sainz,mclaren,McLaren,9,9,9,2,69,+1 Lap
2020,3,Hungarian Grand Prix,kevin_magnussen,Kevin Magnussen,haas,Haas F1 Team,0,10,10,1,69,+1 Lap
2020,3,Hungarian Grand Prix,leclerc,Charles Leclerc,ferrari,Ferrari,6,11,11,0,69,+1 Lap
2020,3,Hungarian Grand Prix,kvyat,Daniil Kvyat,alphatauri,AlphaTauri,17,12,12,0,69,+1 Lap
2020,3,Hungarian Grand Prix,norris,Lando Norris,mclaren,McLaren,8,13,13,0,69,+1 Lap
2020,3,Hungarian Grand Prix,ocon,Esteban Ocon,renault,Renault,14,14,14,0,69,+1 Lap
2020,3,Hungarian Grand Prix,raikkonen,Kimi Räikkönen,alfa,Alfa Romeo,20,15,15,0,69,+1 Lap
2020,3,Hungarian Grand Prix,grosjean,Romain Grosjean,haas,Haas F1 Team,0,16,16,0,69,+1 Lap
2020,3,Hungarian Grand Prix,giovinazzi,Antonio Giovinazzi,alfa,Alfa Romeo,19,17,17,0,69,+1 Lap
2020,3,Hungarian Grand Prix,russell,George Russell,williams,Williams,12,18,18,0,69,+1 Lap
2020,3,Hungarian Grand Prix,latifi,Nicholas Latifi,williams,Williams,15,19,19,0,65,+5 Laps
2020,3,Hungarian Grand Prix,gasly,Pierre Gasly,alphatauri,AlphaTauri,10,20,R,0,15,Engine
2020,4,British Grand Prix,hamilton,Lewis Hamilton,mercedes,Mercedes,1,1,1,25,52,Finished
2020,4,British Grand Prix,max_verstappen,Max Verstappen,red_bull,Red Bull,3,2,2,19,52,Finished
2020,4,British Grand Prix,leclerc,Charles Leclerc,ferrari,Ferrari,4,3,3,15,52,Finished
2020,4,British Grand Prix,ricciardo,Daniel Ricciardo,renault,Renault,8,4,4,12,52,Finished
2020,4,British Grand Prix,norris,Lando Norris,mclaren,McLaren,5,5,5,10,52,Finished
2020,4,British Grand Prix,ocon,Esteban Ocon,renault,Renault,9,6,6,8,52,Finished
2020,4,British Grand Prix,gasly,Pierre Gasly,alphatauri,AlphaTauri,11,7,7,6,52,Finished
2020,4,British Grand Prix,albon,Alexander Albon,red_bull,Red Bull,12,8,8,4,52,Finished
2020,4,British Grand Prix,stroll,Lance Stroll,racing_point,Racing Point,6,9,9,2,52,Finished
2020,4,British Grand Prix,vettel,Sebastian Vettel,ferrari,Ferrari,10,10,10,1,52,Finished
2020,4,British Grand Prix,bottas,Valtteri Bottas,mercedes,Mercedes,2,11,11,0,52,Finished
2020,4,British Grand Prix,russell,George Russell,williams,Williams,20,12,12,0,52,Finished
2020,4,British Grand Prix,sainz,Carlos Sainz,mclaren,McLaren,7,13,13,0,52,Finished
2020,4,British Grand Prix,giovinazzi,Antonio Giovinazzi,alfa,Alfa Romeo,15,14,14,0,52,Finished
2020,4,British Grand Prix,latifi,Nicholas Latifi,williams,Williams,18,15,15,0,52,Finished
2020,4,British Grand Prix,grosjean,Romain Grosjean,haas,Haas F1 Team,17,16,16,0,52,Finished
2020,4,British Grand Prix,raikkonen,Kimi Räikkönen,alfa,Alfa Romeo,16,17,17,0,51,+1 Lap
2020,4,British Grand Prix,kvyat,Daniil Kvyat,alphatauri,AlphaTauri,19,18,R,0,11,Accident
2020,4,British Grand Prix,kevin_magnussen,Kevin Magnussen,haas,Haas F1 Team,14,19,R,0,1,Collision
2020,4,British Grand Prix,hulkenberg,Nico Hülkenberg,racing_point,Racing Point,13,20,W,0,0,Power Unit
2020,5,70th Anniversary Grand Prix,max_verstappen,Max Verstappen,red_bull,Red Bull,4,1,1,25,52,Finished
2020,5,70th Anniversary Grand Prix,hamilton,Lewis Hamilton,mercedes,Mercedes,2,2,2,19,52,Finished
2020,5,70th Anniversary Grand Prix,bottas,Valtteri Bottas,mercedes,Mercedes,1,3,3,15,52,Finished
2020,5,70th Anniversary Grand Prix,leclerc,Charles Leclerc,ferrari,Ferrari,8,4,4,12,52,Finished
2020,5,70th Anniversary Grand Prix,albon,Alexander Albon,red_bull,Red Bull,9,5,5,10,52,Finished
2020,5,70th Anniversary Grand Prix,stroll,Lance Stroll,racing_point,Racing Point,6,6,6,8,52,Finished
2020,5,70th Anniversary Grand Prix,hulkenberg,Nico Hülkenberg,racing_point,Racing Point,3,7,7,6,52,Finished
2020,5,70th Anniversary Grand Prix,ocon,Esteban Ocon,renault,Renault,14,8,8,4,52,Finished
2020,5,70th Anniversary Grand Prix,norris,Lando Norris,mclaren,McLaren,10,9,9,2,52,Finished
2020,5,70th Anniversary Grand Prix,kvyat,Daniil Kvyat,alphatauri,AlphaTauri,16,10,10,1,52,Finished
2020,5,70th Anniversary Grand Prix,gasly,Pierre Gasly,alphatauri,AlphaTauri,7,11,11,0,52,Finished
2020,5,70th Anniversary Grand Prix,vettel,Sebastian Vettel,ferrari,Ferrari,11,12,12,0,52,Finished
2020,5,70th Anniversary Grand Prix,sainz,Carlos Sainz,mclaren,McLaren,12,13,13,0,52,Finished
2020,5,70th Anniversary Grand Prix,ricciardo,Daniel Ricciardo,renault,Renault,5,14,14,0,51,+1 Lap
2020,5,70th Anniversary Grand Prix,raikkonen,Kimi Räikkönen,alfa,Alfa Romeo,20,15,15,0,51,+1 Lap
2020,5,70th Anniversary Grand Prix,grosjean,Romain Grosjean,haas,Haas F1 Team,13,16,16,0,51,+1 Lap
2020,5,70th Anniversary Grand Prix,giovinazzi,Antonio Giovinazzi,alfa,Alfa Romeo,19,17,17,0,51,+1 Lap
2020,5,70th Anniversary Grand Prix,russell,George Russell,williams,Williams,15,18,18,0,51,+1 Lap
2020,5,70th Anniversary Grand Prix,latifi,Nicholas Latifi,williams,Williams,18,19,19,0,51,+1 Lap
2020,5,70th Anniversary Grand Prix,kevin_magnussen,Kevin Magnussen,haas,Haas F1 Team,17,20,R,0,43,Retired
2020,6,Spanish Grand Prix,hamilton,Lewis Hamilton,mercedes,Mercedes,1,1,1,25,66,Finished
2020,6,Spanish Grand Prix,max_verstappen,Max Verstappen,red_bull,Red Bull,3,2,2,18,66,Finished
2020,6,Spanish Grand Prix,bottas,Valtteri Bottas,mercedes,Mercedes,2,3,3,16,66,Finished
2020,6,Spanish Grand Prix,stroll,Lance Stroll,racing_point,Racing Point,5,4,4,12,65,+1 Lap
2020,6,Spanish Grand Prix,perez,Sergio Pérez,racing_point,Racing Point,4,5,5,10,65,+1 Lap
2020,6,Spanish Grand Prix,sainz,Carlos Sainz,mclaren,McLaren,7,6,6,8,65,+1 Lap
2020,6,Spanish Grand Prix,vettel,Sebastian Vettel,ferrari,Ferrari,11,7,7,6,65,+1 Lap
2020,6,Spanish Grand Prix,albon,Alexander Albon,red_bull,Red Bull,6,8,8,4,65,+1 Lap
2020,6,Spanish Grand Prix,gasly,Pierre Gasly,alphatauri,AlphaTauri,10,9,9,2,65,+1 Lap
2020,6,Spanish Grand Prix,norris,Lando Norris,mclaren,McLaren,8,10,10,1,65,+1 Lap
2020,6,Spanish Grand Prix,ricciardo,Daniel Ricciardo,renault,Renault,13,11,11,0,65,+1 Lap
2020,6,Spanish Grand Prix,kvyat,Daniil Kvyat,alphatauri,AlphaTauri,12,12,12,0,65,+1 Lap
2020,6,Spanish Grand Prix,ocon,Esteban Ocon,renault,Renault,15,13,13,0,65,+1 Lap
2020,6,Spanish Grand Prix,raikkonen,Kimi Räikkönen,alfa,Alfa Romeo,14,14,14,0,65,+1 Lap
2020,6,Spanish Grand Prix,kevin_magnussen,Kevin Magnussen,haas,Haas F1 Team,16,15,15,0,65,+1 Lap
2020,6,Spanish Grand Prix,giovinazzi,Antonio Giovinazzi,alfa,Alfa Romeo,20,16,16,0,65,+1 Lap
2020,6,Spanish Grand Prix,russell,George Russell,williams,Williams,18,17,17,0,65,+1 Lap
2020,6,Spanish Grand Prix,latifi,Nicholas Latifi,williams,Williams,19,18,18,0,64,+2 Laps
2020,6,Spanish Grand Prix,grosjean,Romain Grosjean,haas,Haas F1 Team,17,19,19,0,64,+2 Laps
2020,6,Spanish Grand Prix,leclerc,Charles Leclerc,ferrari,Ferrari,9,20,R,0,38,Electronics
2020,7,Belgian Grand Prix,hamilton,Lewis Hamilton,mercedes,Mercedes,1,1,1,25,44,Finished
2020,7,Belgian Grand Prix,bottas,Valtteri Bottas,mercedes,Mercedes,2,2,2,18,44,Finished
2020,7,Belgian Grand Prix,max_verstappen,Max Verstappen,red_bull,Red Bull,3,3,3,15,44,Finished
2020,7,Belgian Grand Prix,ricciardo,Daniel Ricciardo,renault,Renault,4,4,4,13,44,Finished
2020,7,Belgian Grand Prix,ocon,Esteban Ocon,renault,Renault,6,5,5,10,44,Finished
2020,7,Belgian Grand Prix,albon,Alexander Albon,red_bull,Red Bull,5,6,6,8,44,Finished
2020,7,Belgian Grand Prix,norris,Lando Norris,mclaren,McLaren,10,7,7,6,44,Finished
2020,7,Belgian Grand Prix,gasly,Pierre Gasly,alphatauri,AlphaTauri,12,8,8,4,44,Finished
2020,7,Belgian Grand Prix,stroll,Lance Stroll,racing_point,Racing Point,9,9,9,2,44,Finished
2020,7,Belgian Grand Prix,perez,Sergio Pérez,racing_point,Racing Point,8,10,10,1,44,Finished
2020,7,Belgian Grand Prix,kvyat,Daniil Kvyat,alphatauri,AlphaTauri,11,11,11,0,44,Finished
2020,7,Belgian Grand Prix,raikkonen,Kimi Räikkönen,alfa,Alfa Romeo,16,12,12,0,44,Finished
2020,7,Belgian Grand Prix,vettel,Sebastian Vettel,ferrari,Ferrari,14,13,13,0,44,Finished
2020,7,Belgian Grand Prix,leclerc,Charles Leclerc,ferrari,Ferrari,13,14,14,0,44,Finished
2020,7,Belgian Grand Prix,grosjean,Romain Grosjean,haas,Haas F1 Team,17,15,15,0,44,Finished
2020,7,Belgian Grand Prix,latifi,Nicholas Latifi,williams,Williams,19,16,16,0,44,Finished
2020,7,Belgian Grand Prix,kevin_magnussen,Kevin Magnussen,haas,Haas F1 Team,20,17,17,0,44,Finished
2020,7,Belgian Grand Prix,giovinazzi,Antonio Giovinazzi,alfa,Alfa Romeo,18,18,R,0,9,Accident
2020,7,Belgian Grand Prix,russell,George Russell,williams,Williams,15,19,R,0,9,Debris
2020,7,Belgian Grand Prix,sainz,Carlos Sainz,mclaren,McLaren,7,20,W,0,0,Exhaust
2020,8,Italian Grand Prix,gasly,Pierre Gasly,alphatauri,AlphaTauri,10,1,1,25,53,Finished
2020,8,Italian Grand Prix,sainz,Carlos Sainz,mclaren,McLaren,3,2,2,18,53,Finished
2020,8,Italian Grand Prix,stroll,Lance Stroll,racing_point,Racing Point,8,3,3,15,53,Finished
2020,8,Italian Grand Prix,norris,Lando Norris,mclaren,McLaren,6,4,4,12,53,Finished
2020,8,Italian Grand Prix,bottas,Valtteri Bottas,mercedes,Mercedes,2,5,5,10,53,Finished
2020,8,Italian Grand Prix,ricciardo,Daniel Ricciardo,renault,Renault,7,6,6,8,53,Finished
2020,8,Italian Grand Prix,hamilton,Lewis Hamilton,mercedes,Mercedes,1,7,7,7,53,Finished
2020,8,Italian Grand Prix,ocon,Esteban Ocon,renault,Renault,12,8,8,4,53,Finished
2020,8,Italian Grand Prix,kvyat,Daniil Kvyat,alphatauri,AlphaTauri,11,9,9,2,53,Finished
2020,8,Italian Grand Prix,perez,Sergio Pérez,racing_point,Racing Point,4,10,10,1,53,Finished
2020,8,Italian Grand Prix,latifi,Nicholas Latifi,williams,Williams,20,11,11,0,53,Finished
2020,8,Italian Grand Prix,grosjean,Romain Grosjean,haas,Haas F1 Team,16,12,12,0,53,Finished
2020,8,Italian Grand Prix,raikkonen,Kimi Räikkönen,alfa,Alfa Romeo,14,13,13,0,53,Finished
2020,8,Italian Grand Prix,russell,George Russell,williams,Williams,19,14,14,0,53,Finished
2020,8,Italian Grand Prix,albon,Alexander Albon,red_bull,Red Bull,9,15,15,0,53,Finished
2020,8,Italian Grand Prix,giovinazzi,Antonio Giovinazzi,alfa,Alfa Romeo,18,16,16,0,53,Finished
2020,8,Italian Grand Prix,max_verstappen,Max Verstappen,red_bull,Red Bull,5,17,R,0,30,Power Unit
2020,8,Italian Grand Prix,leclerc,Charles Leclerc,ferrari,Ferrari,13,18,R,0,23,Accident
2020,8,Italian Grand Prix,kevin_magnussen,Kevin Magnussen,haas,Haas F1 Team,15,19,R,0,17,Power Unit
2020,8,Italian Grand Prix,vettel,Sebastian Vettel,ferrari,Ferrari,17,20,R,0,6,Brakes
2020,9,Tuscan Grand Prix,hamilton,Lewis Hamilton,mercedes,Mercedes,1,1,1,26,59,Finished
2020,9,Tuscan Grand Prix,bottas,Valtteri Bottas,mercedes,Mercedes,2,2,2,18,59,Finished
2020,9,Tuscan Grand Prix,albon,Alexander Albon,red_bull,Red Bull,4,3,3,15,59,Finished
2020,9,Tuscan Grand Prix,ricciardo,Daniel Ricciardo,renault,Renault,8,4,4,12,59,Finished
2020,9,Tuscan Grand Prix,perez,Sergio Pérez,racing_point,Racing Point,7,5,5,10,59,Finished
2020,9,Tuscan Grand Prix,norris,Lando Norris,mclaren,McLaren,11,6,6,8,59,Finished
2020,9,Tuscan Grand Prix,kvyat,Daniil Kvyat,alphatauri,AlphaTauri,12,7,7,6,59,Finished
2020,9,Tuscan Grand Prix,leclerc,Charles Leclerc,ferrari,Ferrari,5,8,8,4,59,Finished
2020,9,Tuscan Grand Prix,raikkonen,Kimi Räikkönen,alfa,Alfa Romeo,13,9,9,2,59,Finished
2020,9,Tuscan Grand Prix,vettel,Sebastian Vettel,ferrari,Ferrari,14,10,10,1,59,Finished
2020,9,Tuscan Grand Prix,russell,George Russell,williams,Williams,18,11,11,0,59,Finished
2020,9,Tuscan Grand Prix,grosjean,Romain Grosjean,haas,Haas F1 Team,15,12,12,0,59,Finished
2020,9,Tuscan Grand Prix,stroll,Lance Stroll,racing_point,Racing Point,6,13,R,0,42,Puncture
2020,9,Tuscan Grand Prix,ocon,Esteban Ocon,renault,Renault,10,14,R,0,7,Brakes
2020,9,Tuscan Grand Prix,latifi,Nicholas Latifi,williams,Williams,19,15,R,0,6,Collision
2020,9,Tuscan Grand Prix,kevin_magnussen,Kevin Magnussen,haas,Haas F1 Team,20,16,R,0,5,Collision
2020,9,Tuscan Grand Prix,giovinazzi,Antonio Giovinazzi,alfa,Alfa Romeo,17,17,R,0,5,Collision
2020,9,Tuscan Grand Prix,sainz,Carlos Sainz,mclaren,McLaren,9,18,R,0,5,Collision
2020,9,Tuscan Grand Prix,max_verstappen,Max Verstappen,red_bull,Red Bull,3,19,R,0,0,Collision
2020,9,Tuscan Grand Prix,gasly,Pierre Gasly,alphatauri,AlphaTauri,16,20,R,0,0,Collision
2020,10,Russian Grand Prix,bottas,Valtteri Bottas,mercedes,Mercedes,3,1,1,26,53,Finished
2020,10,Russian Grand Prix,max_verstappen,Max Verstappen,red_bull,Red Bull,2,2,2,18,53,Finished
2020,10,Russian Grand Prix,hamilton,Lewis Hamilton,mercedes,Mercedes,1,3,3,15,53,Finished
2020,10,Russian Grand Prix,perez,Sergio Pérez,racing_point,Racing Point,4,4,4,12,53,Finished
2020,10,Russian Grand Prix,ricciardo,Daniel Ricciardo,renault,Renault,5,5,5,10,53,Finished
2020,10,Russian Grand Prix,leclerc,Charles Leclerc,ferrari,Ferrari,10,6,6,8,53,Finished
2020,10,Russian Grand Prix,ocon,Esteban Ocon,renault,Renault,7,7,7,6,53,Finished
2020,10,Russian Grand Prix,kvyat,Daniil Kvyat,alphatauri,AlphaTauri,11,8,8,4,53,Finished
2020,10,Russian Grand Prix,gasly,Pierre Gasly,alphatauri,AlphaTauri,9,9,9,2,53,Finished
2020,10,Russian Grand Prix,albon,Alexander Albon,red_bull,Red Bull,15,10,10,1,53,Finished
2020,10,Russian Grand Prix,giovinazzi,Antonio Giovinazzi,alfa,Alfa Romeo,17,11,11,0,52,+1 Lap
2020,10,Russian Grand Prix,kevin_magnussen,Kevin Magnussen,haas,Haas F1 Team,18,12,12,0,52,+1 Lap
2020,10,Russian Grand Prix,vettel,Sebastian Vettel,ferrari,Ferrari,14,13,13,0,52,+1 Lap
2020,10,Russian Grand Prix,raikkonen,Kimi Räikkönen,alfa,Alfa Romeo,19,14,14,0,52,+1 Lap
2020,10,Russian Grand Prix,norris,Lando Norris,mclaren,McLaren,8,15,15,0,52,+1 Lap
2020,10,Russian Grand Prix,latifi,Nicholas Latifi,williams,Williams,20,16,16,0,52,+1 Lap
2020,10,Russian Grand Prix,grosjean,Romain Grosjean,haas,Haas F1 Team,16,17,17,0,52,+1 Lap
2020,10,Russian Grand Prix,russell,George Russell,williams,Williams,13,18,18,0,52,+1 Lap
2020,10,Russian Grand Prix,sainz,Carlos Sainz,mclaren,McLaren,6,19,R,0,0,Accident
2020,10,Russian Grand Prix,stroll,Lance Stroll,racing_point,Racing Point,12,20,R,0,0,Collision
2020,11,Eifel Grand Prix,hamilton,Lewis Hamilton,mercedes,Mercedes,2,1,1,25,60,Finished
2020,11,Eifel Grand Prix,max_verstappen,Max Verstappen,red_bull,Red Bull,3,2,2,19,60,Finished
2020,11,Eifel Grand Prix,ricciardo,Daniel Ricciardo,renault,Renault,6,3,3,15,60,Finished
2020,11,Eifel Grand Prix,perez,Sergio Pérez,racing_point,Racing Point,9,4,4,12,60,Finished
2020,11,Eifel Grand Prix,sainz,Carlos Sainz,mclaren,McLaren,10,5,5,10,60,Finished
2020,11,Eifel Grand Prix,gasly,Pierre Gasly,alphatauri,AlphaTauri,12,6,6,8,60,Finished
2020,11,Eifel Grand Prix,leclerc,Charles Leclerc,ferrari,Ferrari,4,7,7,6,60,Finished
2020,11,Eifel Grand Prix,hulkenberg,Nico Hülkenberg,racing_point,Racing Point,20,8,8,4,60,Finished
2020,11,Eifel Grand Prix,grosjean,Romain Grosjean,haas,Haas F1 Team,16,9,9,2,60,Finished
2020,11,Eifel Grand Prix,giovinazzi,Antonio Giovinazzi,alfa,Alfa Romeo,14,10,10,1,60,Finished
2020,11,Eifel Grand Prix,vettel,Sebastian Vettel,ferrari,Ferrari,11,11,11,0,60,Finished
2020,11,Eifel Grand Prix,raikkonen,Kimi Räikkönen,alfa,Alfa Romeo,19,12,12,0,60,Finished
2020,11,Eifel Grand Prix,kevin_magnussen,Kevin Magnussen,haas,Haas F1 Team,15,13,13,0,60,Finished
2020,11,Eifel Grand Prix,latifi,Nicholas Latifi,williams,Williams,18,14,14,0,60,Finished
2020,11,Eifel Grand Prix,kvyat,Daniil Kvyat,alphatauri,AlphaTauri,13,15,15,0,60,Finished
2020,11,Eifel Grand Prix,norris,Lando Norris,mclaren,McLaren,8,16,R,0,42,Power Unit
2020,11,Eifel Grand Prix,albon,Alexander Albon,red_bull,Red Bull,5,17,R,0,23,Radiator
2020,11,Eifel Grand Prix,ocon,Esteban Ocon,renault,Renault,7,18,R,0,22,Gearbox
2020,11,Eifel Grand Prix,bottas,Valtteri Bottas,mercedes,Mercedes,1,19,R,0,18,Power Unit
2020,11,Eifel Grand Prix,russell,George Russell,williams,Williams,17,20,R,0,12,Collision
2020,12,Portuguese Grand Prix,hamilton,Lewis Hamilton,mercedes,Mercedes,1,1,1,26,66,Finished
2020,12,Portuguese Grand Prix,bottas,Valtteri Bottas,mercedes,Mercedes,2,2,2,18,66,Finished
2020,12,Portuguese Grand Prix,max_verstappen,Max Verstappen,red_bull,Red Bull,3,3,3,15,66,Finished
2020,12,Portuguese Grand Prix,leclerc,Charles Leclerc,ferrari,Ferrari,4,4,4,12,66,Finished
2020,12,Portuguese Grand Prix,gasly,Pierre Gasly,alphatauri,AlphaTauri,9,5,5,10,65,+1 Lap
2020,12,Portuguese Grand Prix,sainz,Carlos Sainz,mclaren,McLaren,7,6,6,8,65,+1 Lap
2020,12,Portuguese Grand Prix,perez,Sergio Pérez,racing_point,Racing Point,5,7,7,6,65,+1 Lap
2020,12,Portuguese Grand Prix,ocon,Esteban Ocon,renault,Renault,11,8,8,4,65,+1 Lap
2020,12,Portuguese Grand Prix,ricciardo,Daniel Ricciardo,renault,Renault,10,9,9,2,65,+1 Lap
2020,12,Portuguese Grand Prix,vettel,Sebastian Vettel,ferrari,Ferrari,15,10,10,1,65,+1 Lap
2020,12,Portuguese Grand Prix,raikkonen,Kimi Räikkönen,alfa,Alfa Romeo,16,11,11,0,65,+1 Lap
2020,12,Portuguese Grand Prix,albon,Alexander Albon,red_bull,Red Bull,6,12,12,0,65,+1 Lap
2020,12,Portuguese Grand Prix,norris,Lando Norris,mclaren,McLaren,8,13,13,0,65,+1 Lap
2020,12,Portuguese Grand Prix,russell,George Russell,williams,Williams,14,14,14,0,65,+1 Lap
2020,12,Portuguese Grand Prix,giovinazzi,Antonio Giovinazzi,alfa,Alfa Romeo,17,15,15,0,65,+1 Lap
2020,12,Portuguese Grand Prix,kevin_magnussen,Kevin Magnussen,haas,Haas F1 Team,19,16,16,0,65,+1 Lap
2020,12,Portuguese Grand Prix,grosjean,Romain Grosjean,haas,Haas F1 Team,18,17,17,0,65,+1 Lap
2020,12,Portuguese Grand Prix,latifi,Nicholas Latifi,williams,Williams,20,18,18,0,64,+2 Laps
2020,12,Portuguese Grand Prix,kvyat,Daniil Kvyat,alphatauri,AlphaTauri,13,19,19,0,64,+2 Laps
2020,12,Portuguese Grand Prix,stroll,Lance Stroll,racing_point,Racing Point,12,20,R,0,51,Collision damage
2020,13,Emilia Romagna Grand Prix,hamilton,Lewis Hamilton,mercedes,Mercedes,2,1,1,26,63,Finished
2020,13,Emilia Romagna Grand Prix,bottas,Valtteri Bottas,mercedes,Mercedes,1,2,2,18,63,Finished
2020,13,Emilia Romagna Grand Prix,ricciardo,Daniel Ricciardo,renault,Renault,5,3,3,15,63,Finished
2020,13,Emilia Romagna Grand Prix,kvyat,Daniil Kvyat,alphatauri,AlphaTauri,8,4,4,12,63,Finished
2020,13,Emilia Romagna Grand Prix,leclerc,Charles Leclerc,ferrari,Ferrari,7,5,5,10,63,Finished
2020,13,Emilia Romagna Grand Prix,perez,Sergio Pérez,racing_point,Racing Point,11,6,6,8,63,Finished
2020,13,Emilia Romagna Grand Prix,sainz,Carlos Sainz,mclaren,McLaren,10,7,7,6,63,Finished
2020,13,Emilia Romagna Grand Prix,norris,Lando Norris,mclaren,McLaren,9,8,8,4,63,Finished
2020,13,Emilia Romagna Grand Prix,raikkonen,Kimi Räikkönen,alfa,Alfa Romeo,18,9,9,2,63,Finished
2020,13,Emilia Romagna Grand Prix,giovinazzi,Antonio Giovinazzi,alfa,Alfa Romeo,20,10,10,1,63,Finished
2020,13,Emilia Romagna Grand Prix,latifi,Nicholas Latifi,williams,Williams,19,11,11,0,63,Finished
2020,13,Emilia Romagna Grand Prix,vettel,Sebastian Vettel,ferrari,Ferrari,14,12,12,0,63,Finished
2020,13,Emilia Romagna Grand Prix,stroll,Lance Stroll,racing_point,Racing Point,15,13,13,0,63,Finished
2020,13,Emilia Romagna Grand Prix,grosjean,Romain Grosjean,haas,Haas F1 Team,16,14,14,0,63,Finished
2020,13,Emilia Romagna Grand Prix,albon,Alexander Albon,red_bull,Red Bull,6,15,15,0,63,Finished
2020,13,Emilia Romagna Grand Prix,russell,George Russell,williams,Williams,13,16,R,0,51,Accident
2020,13,Emilia Romagna Grand Prix,max_verstappen,Max Verstappen,red_bull,Red Bull,3,17,R,0,50,Puncture
2020,13,Emilia Romagna Grand Prix,kevin_magnussen,Kevin Magnussen,haas,Haas F1 Team,17,18,R,0,47,Illness
2020,13,Emilia Romagna Grand Prix,ocon,Esteban Ocon,renault,Renault,12,19,R,0,27,Gearbox
2020,13,Emilia Romagna Grand Prix,gasly,Pierre Gasly,alphatauri,AlphaTauri,4,20,R,0,8,Water pressure
2020,14,Turkish Grand Prix,hamilton,Lewis Hamilton,mercedes,Mercedes,6,1,1,25,58,Finished
2020,14,Turkish Grand Prix,perez,Sergio Pérez,racing_point,Racing Point,3,2,2,18,58,Finished
2020,14,Turkish Grand Prix,vettel,Sebastian Vettel,ferrari,Ferrari,11,3,3,15,58,Finished
2020,14,Turkish Grand Prix,leclerc,Charles Leclerc,ferrari,Ferrari,12,4,4,12,58,Finished
2020,14,Turkish Grand Prix,sainz,Carlos Sainz,mclaren,McLaren,15,5,5,10,58,Finished
2020,14,Turkish Grand Prix,max_verstappen,Max Verstappen,red_bull,Red Bull,2,6,6,8,58,Finished
2020,14,Turkish Grand Prix,albon,Alexander Albon,red_bull,Red Bull,4,7,7,6,58,Finished
2020,14,Turkish Grand Prix,norris,Lando Norris,mclaren,McLaren,14,8,8,5,58,Finished
2020,14,Turkish Grand Prix,stroll,Lance Stroll,racing_point,Racing Point,1,9,9,2,58,Finished
2020,14,Turkish Grand Prix,ricciardo,Daniel Ricciardo,renault,Renault,5,10,10,1,58,Finished
2020,14,Turkish Grand Prix,ocon,Esteban Ocon,renault,Renault,7,11,11,0,57,+1 Lap
2020,14,Turkish Grand Prix,kvyat,Daniil Kvyat,alphatauri,AlphaTauri,16,12,12,0,57,+1 Lap
2020,14,Turkish Grand Prix,gasly,Pierre Gasly,alphatauri,AlphaTauri,19,13,13,0,57,+1 Lap
2020,14,Turkish Grand Prix,bottas,Valtteri Bottas,mercedes,Mercedes,9,14,14,0,57,+1 Lap
2020,14,Turkish Grand Prix,raikkonen,Kimi Räikkönen,alfa,Alfa Romeo,8,15,15,0,57,+1 Lap
2020,14,Turkish Grand Prix,russell,George Russell,williams,Williams,0,16,16,0,57,+1 Lap
2020,14,Turkish Grand Prix,kevin_magnussen,Kevin Magnussen,haas,Haas F1 Team,13,17,17,0,55,Withdrew
2020,14,Turkish Grand Prix,grosjean,Romain Grosjean,haas,Haas F1 Team,17,18,R,0,49,Collision damage
2020,14,Turkish Grand Prix,latifi,Nicholas Latifi,williams,Williams,0,19,R,0,39,Collision damage
2020,14,Turkish Grand Prix,giovinazzi,Antonio Giovinazzi,alfa,Alfa Romeo,10,20,R,0,11,Gearbox
2020,15,Bahrain Grand Prix,hamilton,Lewis Hamilton,mercedes,Mercedes,1,1,1,25,57,Finished
2020,15,Bahrain Grand Prix,max_verstappen,Max Verstappen,red_bull,Red Bull,3,2,2,19,57,Finished
2020,15,Bahrain Grand Prix,albon,Alexander Albon,red_bull,Red Bull,4,3,3,15,57,Finished
2020,15,Bahrain Grand Prix,norris,Lando Norris,mclaren,McLaren,9,4,4,12,57,Finished
2020,15,Bahrain Grand Prix,sainz,Carlos Sainz,mclaren,McLaren,15,5,5,10,57,Finished
2020,15,Bahrain Grand Prix,gasly,Pierre Gasly,alphatauri,AlphaTauri,8,6,6,8,57,Finished
2020,15,Bahrain Grand Prix,ricciardo,Daniel Ricciardo,renault,Renault,6,7,7,6,57,Finished
2020,15,Bahrain Grand Prix,bottas,Valtteri Bottas,mercedes,Mercedes,2,8,8,4,57,Finished
2020,15,Bahrain Grand Prix,ocon,Esteban Ocon,renault,Renault,7,9,9,2,57,Finished
2020,15,Bahrain Grand Prix,leclerc,Charles Leclerc,ferrari,Ferrari,12,10,10,1,56,+1 Lap
2020,15,Bahrain Grand Prix,kvyat,Daniil Kvyat,alphatauri,AlphaTauri,10,11,11,0,56,+1 Lap
2020,15,Bahrain Grand Prix,russell,George Russell,williams,Williams,14,12,12,0,56,+1 Lap
2020,15,Bahrain Grand Prix,vettel,Sebastian Vettel,ferrari,Ferrari,11,13,13,0,56,+1 Lap
2020,15,Bahrain Grand Prix,latifi,Nicholas Latifi,williams,Williams,20,14,14,0,56,+1 Lap
2020,15,Bahrain Grand Prix,raikkonen,Kimi Räikkönen,alfa,Alfa Romeo,17,15,15,0,56,+1 Lap
2020,15,Bahrain Grand Prix,giovinazzi,Antonio Giovinazzi,alfa,Alfa Romeo,16,16,16,0,56,+1 Lap
2020,15,Bahrain Grand Prix,kevin_magnussen,Kevin Magnussen,haas,Haas F1 Team,18,17,17,0,56,+1 Lap
2020,15,Bahrain Grand Prix,perez,Sergio Pérez,racing_point,Racing Point,5,18,18,0,53,Engine
2020,15,Bahrain Grand Prix,stroll,Lance Stroll,racing_point,Racing Point,13,19,R,0,2,Collision
2020,15,Bahrain Grand Prix,grosjean,Romain Grosjean,haas,Haas F1 Team,19,20,R,0,0,Collision
2020,16,Sakhir Grand Prix,perez,Sergio Pérez,racing_point,Racing Point,5,1,1,25,87,Finished
2020,16,Sakhir Grand Prix,ocon,Esteban Ocon,renault,Renault,11,2,2,18,87,Finished
2020,16,Sakhir Grand Prix,stroll,Lance Stroll,racing_point,Racing Point,10,3,3,15,87,Finished
2020,16,Sakhir Grand Prix,sainz,Carlos Sainz,mclaren,McLaren,8,4,4,12,87,Finished
2020,16,Sakhir Grand Prix,ricciardo,Daniel Ricciardo,renault,Renault,7,5,5,10,87,Finished
2020,16,Sakhir Grand Prix,albon,Alexander Albon,red_bull,Red Bull,12,6,6,8,87,Finished
2020,16,Sakhir Grand Prix,kvyat,Daniil Kvyat,alphatauri,AlphaTauri,6,7,7,6,87,Finished
2020,16,Sakhir Grand Prix,bottas,Valtteri Bottas,mercedes,Mercedes,1,8,8,4,87,Finished
2020,16,Sakhir Grand Prix,russell,George Russell,mercedes,Mercedes,2,9,9,3,87,Finished
2020,16,Sakhir Grand Prix,norris,Lando Norris,mclaren,McLaren,19,10,10,1,87,Finished
2020,16,Sakhir Grand Prix,gasly,Pierre Gasly,alphatauri,AlphaTauri,9,11,11,0,87,Finished
2020,16,Sakhir Grand Prix,vettel,Sebastian Vettel,ferrari,Ferrari,13,12,12,0,87,Finished
2020,16,Sakhir Grand Prix,giovinazzi,Antonio Giovinazzi,alfa,Alfa Romeo,14,13,13,0,87,Finished
2020,16,Sakhir Grand Prix,raikkonen,Kimi Räikkönen,alfa,Alfa Romeo,18,14,14,0,87,Finished
2020,16,Sakhir Grand Prix,kevin_magnussen,Kevin Magnussen,haas,Haas F1 Team,15,15,15,0,87,Finished
2020,16,Sakhir Grand Prix,aitken,Jack Aitken,williams,Williams,17,16,16,0,87,Finished
2020,16,Sakhir Grand Prix,pietro_fittipaldi,Pietro Fittipaldi,haas,Haas F1 Team,20,17,17,0,87,Finished
2020,16,Sakhir Grand Prix,latifi,Nicholas Latifi,williams,Williams,16,18,R,0,52,Engine
2020,16,Sakhir Grand Prix,max_verstappen,Max Verstappen,red_bull,Red Bull,3,19,R,0,0,Accident
2020,16,Sakhir Grand Prix,leclerc,Charles Leclerc,ferrari,Ferrari,4,20,R,0,0,Collision
2020,17,Abu Dhabi Grand Prix,max_verstappen,Max Verstappen,red_bull,Red Bull,1,1,1,25,55,Finished
2020,17,Abu Dhabi Grand Prix,bottas,Valtteri Bottas,mercedes,Mercedes,2,2,2,18,55,Finished
2020,17,Abu Dhabi Grand Prix,hamilton,Lewis Hamilton,mercedes,Mercedes,3,3,3,15,55,Finished
2020,17,Abu Dhabi Grand Prix,albon,Alexander Albon,red_bull,Red Bull,5,4,4,12,55,Finished
2020,17,Abu Dhabi Grand Prix,norris,Lando Norris,mclaren,McLaren,4,5,5,10,55,Finished
2020,17,Abu Dhabi Grand Prix,sainz,Carlos Sainz,mclaren,McLaren,6,6,6,8,55,Finished
2020,17,Abu Dhabi Grand Prix,ricciardo,Daniel Ricciardo,renault,Renault,11,7,7,7,55,Finished
2020,17,Abu Dhabi Grand Prix,gasly,Pierre Gasly,alphatauri,AlphaTauri,9,8,8,4,55,Finished
2020,17,Abu Dhabi Grand Prix,ocon,Esteban Ocon,renault,Renault,10,9,9,2,55,Finished
2020,17,Abu Dhabi Grand Prix,stroll,Lance Stroll,racing_point,Racing Point,8,10,10,1,55,Finished
2020,17,Abu Dhabi Grand Prix,kvyat,Daniil Kvyat,alphatauri,AlphaTauri,7,11,11,0,54,+1 Lap
2020,17,Abu Dhabi Grand Prix,raikkonen,Kimi Räikkönen,alfa,Alfa Romeo,15,12,12,0,54,+1 Lap
2020,17,Abu Dhabi Grand Prix,leclerc,Charles Leclerc,ferrari,Ferrari,12,13,13,0,54,+1 Lap
2020,17,Abu Dhabi Grand Prix,vettel,Sebastian Vettel,ferrari,Ferrari,13,14,14,0,54,+1 Lap
2020,17,Abu Dhabi Grand Prix,russell,George Russell,williams,Williams,16,15,15,0,54,+1 Lap
2020,17,Abu Dhabi Grand Prix,giovinazzi,Antonio Giovinazzi,alfa,Alfa Romeo,14,16,16,0,54,+1 Lap
2020,17,Abu Dhabi Grand Prix,latifi,Nicholas Latifi,williams,Williams,18,17,17,0,54,+1 Lap
2020,17,Abu Dhabi Grand Prix,kevin_magnussen,Kevin Magnussen,haas,Haas F1 Team,20,18,18,0,54,+1 Lap
2020,17,Abu Dhabi Grand Prix,pietro_fittipaldi,Pietro Fittipaldi,haas,Haas F1 Team,17,19,19,0,53,+2 Laps
2020,17,Abu Dhabi Grand Prix,perez,Sergio Pérez,racing_point,Racing Point,19,20,R,0,8,Transmission
2021,1,Bahrain Grand Prix,hamilton,Lewis Hamilton,mercedes,Mercedes,2,1,1,25,56,Finished
2021,1,Bahrain Grand Prix,max_verstappen,Max Verstappen,red_bull,Red Bull,1,2,2,18,56,Finished
2021,1,Bahrain Grand Prix,bottas,Valtteri Bottas,mercedes,Mercedes,3,3,3,16,56,Finished
2021,1,Bahrain Grand Prix,norris,Lando Norris,mclaren,McLaren,7,4,4,12,56,Finished
2021,1,Bahrain Grand Prix,perez,Sergio Pérez,red_bull,Red Bull,0,5,5,10,56,Finished
2021,1,Bahrain Grand Prix,leclerc,Charles Leclerc,ferrari,Ferrari,4,6,6,8,56,Finished
2021,1,Bahrain Grand Prix,ricciardo,Daniel Ricciardo,mclaren,McLaren,6,7,7,6,56,Finished
2021,1,Bahrain Grand Prix,sainz,Carlos Sainz,ferrari,Ferrari,8,8,8,4,56,Finished
2021,1,Bahrain Grand Prix,tsunoda,Yuki Tsunoda,alphatauri,AlphaTauri,13,9,9,2,56,Finished
2021,1,Bahrain Grand Prix,stroll,Lance Stroll,aston_martin,Aston Martin,10,10,10,1,56,Finished
2021,1,Bahrain Grand Prix,raikkonen,Kimi Räikkönen,alfa,Alfa Romeo,14,11,11,0,56,Finished
2021,1,Bahrain Grand Prix,giovinazzi,Antonio Giovinazzi,alfa,Alfa Romeo,12,12,12,0,55,+1 Lap
2021,1,Bahrain Grand Prix,ocon,Esteban Ocon,alpine,Alpine F1 Team,16,13,13,0,55,+1 Lap
2021,1,Bahrain Grand Prix,russell,George Russell,williams,Williams,15,14,14,0,55,+1 Lap
2021,1,Bahrain Grand Prix,vettel,Sebastian Vettel,aston_martin,Aston Martin,20,15,15,0,55,+1 Lap
2021,1,Bahrain Grand Prix,mick_schumacher,Mick Schumacher,haas,Haas F1 Team,18,16,16,0,55,+1 Lap
2021,1,Bahrain Grand Prix,gasly,Pierre Gasly,alphatauri,AlphaTauri,5,17,17,0,52,Retired
2021,1,Bahrain Grand Prix,latifi,Nicholas Latifi,williams,Williams,17,18,18,0,51,Retired
2021,1,Bahrain Grand Prix,alonso,Fernando Alonso,alpine,Alpine F1 Team,9,19,R,0,32,Brakes
2021,1,Bahrain Grand Prix,mazepin,Nikita Mazepin,haas,Haas F1 Team,19,20,R,0,0,Accident
2021,2,Emilia Romagna Grand Prix,max_verstappen,Max Verstappen,red_bull,Red Bull,3,1,1,25,63,Finished
2021,2,Emilia Romagna Grand Prix,hamilton,Lewis Hamilton,mercedes,Mercedes,1,2,2,19,63,Finished
2021,2,Emilia Romagna Grand Prix,norris,Lando Norris,mclaren,McLaren,7,3,3,15,63,Finished
2021,2,Emilia Romagna Grand Prix,leclerc,Charles Leclerc,ferrari,Ferrari,4,4,4,12,63,Finished
2021,2,Emilia Romagna Grand Prix,sainz,Carlos Sainz,ferrari,Ferrari,11,5,5,10,63,Finished
2021,2,Emilia Romagna Grand Prix,ricciardo,Daniel Ricciardo,mclaren,McLaren,6,6,6,8,63,Finished
2021,2,Emilia Romagna Grand Prix,gasly,Pierre Gasly,alphatauri,AlphaTauri,5,7,7,6,63,Finished
2021,2,Emilia Romagna Grand Prix,stroll,Lance Stroll,aston_martin,Aston Martin,10,8,8,4,63,Finished
2021,2,Emilia Romagna Grand Prix,ocon,Esteban Ocon,alpine,Alpine F1 Team,9,9,9,2,63,Finished
2021,2,Emilia Romagna Grand Prix,alonso,Fernando Alonso,alpine,Alpine F1 Team,15,10,10,1,63,Finished
2021,2,Emilia Romagna Grand Prix,perez,Sergio Pérez,red_bull,Red Bull,2,11,11,0,63,Finished
2021,2,Emilia Romagna Grand Prix,tsunoda,Yuki Tsunoda,alphatauri,AlphaTauri,20,12,12,0,63,Finished
2021,2,Emilia Romagna Grand Prix,raikkonen,Kimi Räikkönen,alfa,Alfa Romeo,16,13,13,0,63,Finished
2021,2,Emilia Romagna Grand Prix,giovinazzi,Antonio Giovinazzi,alfa,Alfa Romeo,17,14,14,0,62,+1 Lap
2021,2,Emilia Romagna Grand Prix,vettel,Sebastian Vettel,aston_martin,Aston Martin,0,15,15,0,61,Gearbox
2021,2,Emilia Romagna Grand Prix,mick_schumacher,Mick Schumacher,haas,Haas F1 Team,18,16,16,0,61,+2 Laps
2021,2,Emilia Romagna Grand Prix,mazepin,Nikita Mazepin,haas,Haas F1 Team,19,17,17,0,61,+2 Laps
2021,2,Emilia Romagna Grand Prix,bottas,Valtteri Bottas,mercedes,Mercedes,8,18,R,0,30,Collision
2021,2,Emilia Romagna Grand Prix,russell,George Russell,williams,Williams,12,19,R,0,30,Collision
2021,2,Emilia Romagna Grand Prix,latifi,Nicholas Latifi,williams,Williams,14,20,R,0,0,Collision
2021,3,Portuguese Grand Prix,hamilton,Lewis Hamilton,mercedes,Mercedes,2,1,1,25,66,Finished
2021,3,Portuguese Grand Prix,max_verstappen,Max Verstappen,red_bull,Red Bull,3,2,2,18,66,Finished
2021,3,Portuguese Grand Prix,bottas,Valtteri Bottas,mercedes,Mercedes,1,3,3,16,66,Finished
2021,3,Portuguese Grand Prix,perez,Sergio Pérez,red_bull,Red Bull,4,4,4,12,66,Finished
2021,3,Portuguese Grand Prix,norris,Lando Norris,mclaren,McLaren,7,5,5,10,66,Finished
2021,3,Portuguese Grand Prix,leclerc,Charles Leclerc,ferrari,Ferrari,8,6,6,8,66,Finished
2021,3,Portuguese Grand Prix,ocon,Esteban Ocon,alpine,Alpine F1 Team,6,7,7,6,66,Finished
2021,3,Portuguese Grand Prix,alonso,Fernando Alonso,alpine,Alpine F1 Team,13,8,8,4,66,Finished
2021,3,Portuguese Grand Prix,ricciardo,Daniel Ricciardo,mclaren,McLaren,16,9,9,2,66,Finished
2021,3,Portuguese Grand Prix,gasly,Pierre Gasly,alphatauri,AlphaTauri,9,10,10,1,66,Finished
2021,3,Portuguese Grand Prix,sainz,Carlos Sainz,ferrari,Ferrari,5,11,11,0,66,Finished
2021,3,Portuguese Grand Prix,giovinazzi,Antonio Giovinazzi,alfa,Alfa Romeo,12,12,12,0,65,+1 Lap
2021,3,Portuguese Grand Prix,vettel,Sebastian Vettel,aston_martin,Aston Martin,10,13,13,0,65,+1 Lap
2021,3,Portuguese Grand Prix,stroll,Lance Stroll,aston_martin,Aston Martin,17,14,14,0,65,+1 Lap
2021,3,Portuguese Grand Prix,tsunoda,Yuki Tsunoda,alphatauri,AlphaTauri,14,15,15,0,65,+1 Lap
2021,3,Portuguese Grand Prix,russell,George Russell,williams,Williams,11,16,16,0,65,+1 Lap
2021,3,Portuguese Grand Prix,mick_schumacher,Mick Schumacher,haas,Haas F1 Team,19,17,17,0,64,+2 Laps
2021,3,Portuguese Grand Prix,latifi,Nicholas Latifi,williams,Williams,18,18,18,0,64,+2 Laps
2021,3,Portuguese Grand Prix,mazepin,Nikita Mazepin,haas,Haas F1 Team,20,19,19,0,64,+2 Laps
2021,3,Portuguese Grand Prix,raikkonen,Kimi Räikkönen,alfa,Alfa Romeo,15,20,R,0,1,Collision damage
2021,4,Spanish Grand Prix,hamilton,Lewis Hamilton,mercedes,Mercedes,1,1,1,25,66,Finished
2021,4,Spanish Grand Prix,max_verstappen,Max Verstappen,red_bull,Red Bull,2,2,2,19,66,Finished
2021,4,Spanish Grand Prix,bottas,Valtteri Bottas,mercedes,Mercedes,3,3,3,15,66,Finished
2021,4,Spanish Grand Prix,leclerc,Charles Leclerc,ferrari,Ferrari,4,4,4,12,66,Finished
2021,4,Spanish Grand Prix,perez,Sergio Pérez,red_bull,Red Bull,8,5,5,10,66,Finished
2021,4,Spanish Grand Prix,ricciardo,Daniel Ricciardo,mclaren,McLaren,7,6,6,8,66,Finished
2021,4,Spanish Grand Prix,sainz,Carlos Sainz,ferrari,Ferrari,6,7,7,6,66,Finished
2021,4,Spanish Grand Prix,norris,Lando Norris,mclaren,McLaren,9,8,8,4,65,+1 Lap
2021,4,Spanish Grand Prix,ocon,Esteban Ocon,alpine,Alpine F1 Team,5,9,9,2,65,+1 Lap
2021,4,Spanish Grand Prix,gasly,Pierre Gasly,alphatauri,AlphaTauri,12,10,10,1,65,+1 Lap
2021,4,Spanish Grand Prix,stroll,Lance Stroll,aston_martin,Aston Martin,11,11,11,0,65,+1 Lap
2021,4,Spanish Grand Prix,raikkonen,Kimi Räikkönen,alfa,Alfa Romeo,17,12,12,0,65,+1 Lap
2021,4,Spanish Grand Prix,vettel,Sebastian Vettel,aston_martin,Aston Martin,13,13,13,0,65,+1 Lap
2021,4,Spanish Grand Prix,russell,George Russell,williams,Williams,15,14,14,0,65,+1 Lap
2021,4,Spanish Grand Prix,giovinazzi,Antonio Giovinazzi,alfa,Alfa Romeo,14,15,15,0,65,+1 Lap
2021,4,Spanish Grand Prix,latifi,Nicholas Latifi,williams,Williams,19,16,16,0,65,+1 Lap
2021,4,Spanish Grand Prix,alonso,Fernando Alonso,alpine,Alpine F1 Team,10,17,17,0,65,+1 Lap
2021,4,Spanish Grand Prix,mick_schumacher,Mick Schumacher,haas,Haas F1 Team,18,18,18,0,64,+2 Laps
2021,4,Spanish Grand Prix,mazepin,Nikita Mazepin,haas,Haas F1 Team,20,19,19,0,64,+2 Laps
2021,4,Spanish Grand Prix,tsunoda,Yuki Tsunoda,alphatauri,AlphaTauri,16,20,R,0,6,Electrical
2021,5,Monaco Grand Prix,max_verstappen,Max Verstappen,red_bull,Red Bull,2,1,1,25,78,Finished
2021,5,Monaco Grand Prix,sainz,Carlos Sainz,ferrari,Ferrari,4,2,2,18,78,Finished
2021,5,Monaco Grand Prix,norris,Lando Norris,mclaren,McLaren,5,3,3,15,78,Finished
2021,5,Monaco Grand Prix,perez,Sergio Pérez,red_bull,Red Bull,9,4,4,12,78,Finished
2021,5,Monaco Grand Prix,vettel,Sebastian Vettel,aston_martin,Aston Martin,8,5,5,10,78,Finished
2021,5,Monaco Grand Prix,gasly,Pierre Gasly,alphatauri,AlphaTauri,6,6,6,8,78,Finished
2021,5,Monaco Grand Prix,hamilton,Lewis Hamilton,mercedes,Mercedes,7,7,7,7,78,Finished
2021,5,Monaco Grand Prix,stroll,Lance Stroll,aston_martin,Aston Martin,13,8,8,4,77,+1 Lap
2021,5,Monaco Grand Prix,ocon,Esteban Ocon,alpine,Alpine F1 Team,11,9,9,2,77,+1 Lap
2021,5,Monaco Grand Prix,giovinazzi,Antonio Giovinazzi,alfa,Alfa Romeo,10,10,10,1,77,+1 Lap
2021,5,Monaco Grand Prix,raikkonen,Kimi Räikkönen,alfa,Alfa Romeo,14,11,11,0,77,+1 Lap
2021,5,Monaco Grand Prix,ricciardo,Daniel Ricciardo,mclaren,McLaren,12,12,12,0,77,+1 Lap
2021,5,Monaco Grand Prix,alonso,Fernando Alonso,alpine,Alpine F1 Team,17,13,13,0,77,+1 Lap
2021,5,Monaco Grand Prix,russell,George Russell,williams,Williams,15,14,14,0,77,+1 Lap
2021,5,Monaco Grand Prix,latifi,Nicholas Latifi,williams,Williams,18,15,15,0,77,+1 Lap
2021,5,Monaco Grand Prix,tsunoda,Yuki Tsunoda,alphatauri,AlphaTauri,16,16,16,0,77,+1 Lap
2021,5,Monaco Grand Prix,mazepin,Nikita Mazepin,haas,Haas F1 Team,19,17,17,0,75,+3 Laps
2021,5,Monaco Grand Prix,mick_schumacher,Mick Schumacher,haas,Haas F1 Team,20,18,18,0,75,+3 Laps
2021,5,Monaco Grand Prix,bottas,Valtteri Bottas,mercedes,Mercedes,3,19,R,0,29,Wheel nut
2021,5,Monaco Grand Prix,leclerc,Charles Leclerc,ferrari,Ferrari,1,20,W,0,0,Driveshaft
2021,6,Azerbaijan Grand Prix,perez,Sergio Pérez,red_bull,Red Bull,6,1,1,25,51,Finished
2021,6,Azerbaijan Grand Prix,vettel,Sebastian Vettel,aston_martin,Aston Martin,11,2,2,18,51,Finished
2021,6,Azerbaijan Grand Prix,gasly,Pierre Gasly,alphatauri,AlphaTauri,4,3,3,15,51,Finished
2021,6,Azerbaijan Grand Prix,leclerc,Charles Leclerc,ferrari,Ferrari,1,4,4,12,51,Finished
2021,6,Azerbaijan Grand Prix,norris,Lando Norris,mclaren,McLaren,9,5,5,10,51,Finished
2021,6,Azerbaijan Grand Prix,alonso,Fernando Alonso,alpine,Alpine F1 Team,8,6,6,8,51,Finished
2021,6,Azerbaijan Grand Prix,tsunoda,Yuki Tsunoda,alphatauri,AlphaTauri,7,7,7,6,51,Finished
2021,6,Azerbaijan Grand Prix,sainz,Carlos Sainz,ferrari,Ferrari,5,8,8,4,51,Finished
2021,6,Azerbaijan Grand Prix,ricciardo,Daniel Ricciardo,mclaren,McLaren,13,9,9,2,51,Finished
2021,6,Azerbaijan Grand Prix,raikkonen,Kimi Räikkönen,alfa,Alfa Romeo,14,10,10,1,51,Finished
2021,6,Azerbaijan Grand Prix,giovinazzi,Antonio Giovinazzi,alfa,Alfa Romeo,20,11,11,0,51,Finished
2021,6,Azerbaijan Grand Prix,bottas,Valtteri Bottas,mercedes,Mercedes,10,12,12,0,51,Finished
2021,6,Azerbaijan Grand Prix,mick_schumacher,Mick Schumacher,haas,Haas F1 Team,17,13,13,0,51,Finished
2021,6,Azerbaijan Grand Prix,mazepin,Nikita Mazepin,haas,Haas F1 Team,18,14,14,0,51,Finished
2021,6,Azerbaijan Grand Prix,hamilton,Lewis Hamilton,mercedes,Mercedes,2,15,15,0,51,Finished
2021,6,Azerbaijan Grand Prix,latifi,Nicholas Latifi,williams,Williams,16,16,16,0,51,Finished
2021,6,Azerbaijan Grand Prix,russell,George Russell,williams,Williams,15,17,R,0,48,Gearbox
2021,6,Azerbaijan Grand Prix,max_verstappen,Max Verstappen,red_bull,Red Bull,3,18,R,0,45,Accident
2021,6,Azerbaijan Grand Prix,stroll,Lance Stroll,aston_martin,Aston Martin,19,19,R,0,29,Accident
2021,6,Azerbaijan Grand Prix,ocon,Esteban Ocon,alpine,Alpine F1 Team,12,20,R,0,3,Turbo
2021,7,French Grand Prix,max_verstappen,Max Verstappen,red_bull,Red Bull,1,1,1,26,53,Finished
2021,7,French Grand Prix,hamilton,Lewis Hamilton,mercedes,Mercedes,2,2,2,18,53,Finished
2021,7,French Grand Prix,perez,Sergio Pérez,red_bull,Red Bull,4,3,3,15,53,Finished
2021,7,French Grand Prix,bottas,Valtteri Bottas,mercedes,Mercedes,3,4,4,12,53,Finished
2021,7,French Grand Prix,norris,Lando Norris,mclaren,McLaren,8,5,5,10,53,Finished
2021,7,French Grand Prix,ricciardo,Daniel Ricciardo,mclaren,McLaren,10,6,6,8,53,Finished
2021,7,French Grand Prix,gasly,Pierre Gasly,alphatauri,AlphaTauri,6,7,7,6,53,Finished
2021,7,French Grand Prix,alonso,Fernando Alonso,alpine,Alpine F1 Team,9,8,8,4,53,Finished
2021,7,French Grand Prix,vettel,Sebastian Vettel,aston_martin,Aston Martin,12,9,9,2,53,Finished
2021,7,French Grand Prix,stroll,Lance Stroll,aston_martin,Aston Martin,19,10,10,1,53,Finished
2021,7,French Grand Prix,sainz,Carlos Sainz,ferrari,Ferrari,5,11,11,0,53,Finished
2021,7,French Grand Prix,russell,George Russell,williams,Williams,14,12,12,0,52,+1 Lap
2021,7,French Grand Prix,tsunoda,Yuki Tsunoda,alphatauri,AlphaTauri,0,13,13,0,52,+1 Lap
2021,7,French Grand Prix,ocon,Esteban Ocon,alpine,Alpine F1 Team,11,14,14,0,52,+1 Lap
2021,7,French Grand Prix,giovinazzi,Antonio Giovinazzi,alfa,Alfa Romeo,13,15,15,0,52,+1 Lap
2021,7,French Grand Prix,leclerc,Charles Leclerc,ferrari,Ferrari,7,16,16,0,52,+1 Lap
2021,7,French Grand Prix,raikkonen,Kimi Räikkönen,alfa,Alfa Romeo,17,17,17,0,52,+1 Lap
2021,7,French Grand Prix,latifi,Nicholas Latifi,williams,Williams,16,18,18,0,52,+1 Lap
2021,7,French Grand Prix,mick_schumacher,Mick Schumacher,haas,Haas F1 Team,15,19,19,0,52,+1 Lap
2021,7,French Grand Prix,mazepin,Nikita Mazepin,haas,Haas F1 Team,18,20,20,0,52,+1 Lap
2021,8,Styrian Grand Prix,max_verstappen,Max Verstappen,red_bull,Red Bull,1,1,1,25,71,Finished
2021,8,Styrian Grand Prix,hamilton,Lewis Hamilton,mercedes,Mercedes,2,2,2,19,71,Finished
2021,8,Styrian Grand Prix,bottas,Valtteri Bottas,mercedes,Mercedes,5,3,3,15,71,Finished
2021,8,Styrian Grand Prix,perez,Sergio Pérez,red_bull,Red Bull,4,4,4,12,71,Finished
2021,8,Styrian Grand Prix,norris,Lando Norris,mclaren,McLaren,3,5,5,10,70,+1 Lap
2021,8,Styrian Grand Prix,sainz,Carlos Sainz,ferrari,Ferrari,12,6,6,8,70,+1 Lap
2021,8,Styrian Grand Prix,leclerc,Charles Leclerc,ferrari,Ferrari,7,7,7,6,70,+1 Lap
2021,8,Styrian Grand Prix,stroll,Lance Stroll,aston_martin,Aston Martin,9,8,8,4,70,+1 Lap
2021,8,Styrian Grand Prix,alonso,Fernando Alonso,alpine,Alpine F1 Team,8,9,9,2,70,+1 Lap
2021,8,Styrian Grand Prix,tsunoda,Yuki Tsunoda,alphatauri,AlphaTauri,11,10,10,1,70,+1 Lap
2021,8,Styrian Grand Prix,raikkonen,Kimi Räikkönen,alfa,Alfa Romeo,18,11,11,0,70,+1 Lap
2021,8,Styrian Grand Prix,vettel,Sebastian Vettel,aston_martin,Aston Martin,14,12,12,0,70,+1 Lap
2021,8,Styrian Grand Prix,ricciardo,Daniel Ricciardo,mclaren,McLaren,13,13,13,0,70,+1 Lap
2021,8,Styrian Grand Prix,ocon,Esteban Ocon,alpine,Alpine F1 Team,17,14,14,0,70,+1 Lap
2021,8,Styrian Grand Prix,giovinazzi,Antonio Giovinazzi,alfa,Alfa Romeo,15,15,15,0,70,+1 Lap
2021,8,Styrian Grand Prix,mick_schumacher,Mick Schumacher,haas,Haas F1 Team,19,16,16,0,69,+2 Laps
2021,8,Styrian Grand Prix,latifi,Nicholas Latifi,williams,Williams,16,17,17,0,68,+3 Laps
2021,8,Styrian Grand Prix,mazepin,Nikita Mazepin,haas,Haas F1 Team,20,18,18,0,68,+3 Laps
2021,8,Styrian Grand Prix,russell,George Russell,williams,Williams,10,19,R,0,36,Engine
2021,8,Styrian Grand Prix,gasly,Pierre Gasly,alphatauri,AlphaTauri,6,20,R,0,1,Collision
2021,9,Austrian Grand Prix,max_verstappen,Max Verstappen,red_bull,Red Bull,1,1,1,26,71,Finished
2021,9,Austrian Grand Prix,bottas,Valtteri Bottas,mercedes,Mercedes,5,2,2,18,71,Finished
2021,9,Austrian Grand Prix,norris,Lando Norris,mclaren,McLaren,2,3,3,15,71,Finished
2021,9,Austrian Grand Prix,hamilton,Lewis Hamilton,mercedes,Mercedes,4,4,4,12,71,Finished
2021,9,Austrian Grand Prix,sainz,Carlos Sainz,ferrari,Ferrari,10,5,5,10,71,Finished
2021,9,Austrian Grand Prix,perez,Sergio Pérez,red_bull,Red Bull,3,6,6,8,71,Finished
2021,9,Austrian Grand Prix,ricciardo,Daniel Ricciardo,mclaren,McLaren,13,7,7,6,71,Finished
2021,9,Austrian Grand Prix,leclerc,Charles Leclerc,ferrari,Ferrari,12,8,8,4,71,Finished
2021,9,Austrian Grand Prix,gasly,Pierre Gasly,alphatauri,AlphaTauri,6,9,9,2,71,Finished
2021,9,Austrian Grand Prix,alonso,Fernando Alonso,alpine,Alpine F1 Team,14,10,10,1,70,+1 Lap
2021,9,Austrian Grand Prix,russell,George Russell,williams,Williams,8,11,11,0,70,+1 Lap
2021,9,Austrian Grand Prix,tsunoda,Yuki Tsunoda,alphatauri,AlphaTauri,7,12,12,0,70,+1 Lap
2021,9,Austrian Grand Prix,stroll,Lance Stroll,aston_martin,Aston Martin,9,13,13,0,70,+1 Lap
2021,9,Austrian Grand Prix,giovinazzi,Antonio Giovinazzi,alfa,Alfa Romeo,15,14,14,0,70,+1 Lap
2021,9,Austrian Grand Prix,raikkonen,Kimi Räikkönen,alfa,Alfa Romeo,16,15,15,0,70,+1 Lap
2021,9,Austrian Grand Prix,latifi,Nicholas Latifi,williams,Williams,18,16,16,0,70,+1 Lap
2021,9,Austrian Grand Prix,vettel,Sebastian Vettel,aston_martin,Aston Martin,11,17,17,0,69,Collision
2021,9,Austrian Grand Prix,mick_schumacher,Mick Schumacher,haas,Haas F1 Team,19,18,18,0,69,+2 Laps
2021,9,Austrian Grand Prix,mazepin,Nikita Mazepin,haas,Haas F1 Team,20,19,19,0,69,+2 Laps
2021,9,Austrian Grand Prix,ocon,Esteban Ocon,alpine,Alpine F1 Team,17,20,R,0,0,Collision
2021,10,British Grand Prix,hamilton,Lewis Hamilton,mercedes,Mercedes,2,1,1,25,52,Finished
2021,10,British Grand Prix,leclerc,Charles Leclerc,ferrari,Ferrari,4,2,2,18,52,Finished
2021,10,British Grand Prix,bottas,Valtteri Bottas,mercedes,Mercedes,3,3,3,15,52,Finished
2021,10,British Grand Prix,norris,Lando Norris,mclaren,McLaren,5,4,4,12,52,Finished
2021,10,British Grand Prix,ricciardo,Daniel Ricciardo,mclaren,McLaren,6,5,5,10,52,Finished
2021,10,British Grand Prix,sainz,Carlos Sainz,ferrari,Ferrari,10,6,6,8,52,Finished
2021,10,British Grand Prix,alonso,Fernando Alonso,alpine,Alpine F1 Team,7,7,7,6,52,Finished
2021,10,British Grand Prix,stroll,Lance Stroll,aston_martin,Aston Martin,14,8,8,4,52,Finished
2021,10,British Grand Prix,ocon,Esteban Ocon,alpine,Alpine F1 Team,9,9,9,2,52,Finished
2021,10,British Grand Prix,tsunoda,Yuki Tsunoda,alphatauri,AlphaTauri,16,10,10,1,52,Finished
2021,10,British Grand Prix,gasly,Pierre Gasly,alphatauri,AlphaTauri,11,11,11,0,52,Finished
2021,10,British Grand Prix,russell,George Russell,williams,Williams,12,12,12,0,51,+1 Lap
2021,10,British Grand Prix,giovinazzi,Antonio Giovinazzi,alfa,Alfa Romeo,15,13,13,0,51,+1 Lap
2021,10,British Grand Prix,latifi,Nicholas Latifi,williams,Williams,17,14,14,0,51,+1 Lap
2021,10,British Grand Prix,raikkonen,Kimi Räikkönen,alfa,Alfa Romeo,13,15,15,0,51,+1 Lap
2021,10,British Grand Prix,perez,Sergio Pérez,red_bull,Red Bull,0,16,16,0,51,+1 Lap
2021,10,British Grand Prix,mazepin,Nikita Mazepin,haas,Haas F1 Team,19,17,17,0,51,+1 Lap
2021,10,British Grand Prix,mick_schumacher,Mick Schumacher,haas,Haas F1 Team,18,18,18,0,51,+1 Lap
2021,10,British Grand Prix,vettel,Sebastian Vettel,aston_martin,Aston Martin,8,19,R,0,40,Retired
2021,10,British Grand Prix,max_verstappen,Max Verstappen,red_bull,Red Bull,1,20,R,0,0,Collision
2021,11,Hungarian Grand Prix,ocon,Esteban Ocon,alpine,Alpine F1 Team,8,1,1,25,70,Finished
2021,11,Hungarian Grand Prix,hamilton,Lewis Hamilton,mercedes,Mercedes,1,2,2,18,70,Finished
2021,11,Hungarian Grand Prix,sainz,Carlos Sainz,ferrari,Ferrari,15,3,3,15,70,Finished
2021,11,Hungarian Grand Prix,alonso,Fernando Alonso,alpine,Alpine F1 Team,9,4,4,12,70,Finished
2021,11,Hungarian Grand Prix,gasly,Pierre Gasly,alphatauri,AlphaTauri,5,5,5,11,70,Finished
2021,11,Hungarian Grand Prix,tsunoda,Yuki Tsunoda,alphatauri,AlphaTauri,16,6,6,8,70,Finished
2021,11,Hungarian Grand Prix,latifi,Nicholas Latifi,williams,Williams,18,7,7,6,70,Finished
2021,11,Hungarian Grand Prix,russell,George Russell,williams,Williams,17,8,8,4,70,Finished
2021,11,Hungarian Grand Prix,max_verstappen,Max Verstappen,red_bull,Red Bull,3,9,9,2,70,Finished
2021,11,Hungarian Grand Prix,raikkonen,Kimi Räikkönen,alfa,Alfa Romeo,13,10,10,1,69,+1 Lap
2021,11,Hungarian Grand Prix,ricciardo,Daniel Ricciardo,mclaren,McLaren,11,11,11,0,69,+1 Lap
2021,11,Hungarian Grand Prix,mick_schumacher,Mick Schumacher,haas,Haas F1 Team,20,12,12,0,69,+1 Lap
2021,11,Hungarian Grand Prix,giovinazzi,Antonio Giovinazzi,alfa,Alfa Romeo,0,13,13,0,69,+1 Lap
2021,11,Hungarian Grand Prix,mazepin,Nikita Mazepin,haas,Haas F1 Team,19,14,R,0,3,Collision
2021,11,Hungarian Grand Prix,norris,Lando Norris,mclaren,McLaren,6,15,R,0,2,Collision
2021,11,Hungarian Grand Prix,bottas,Valtteri Bottas,mercedes,Mercedes,2,16,R,0,0,Collision
2021,11,Hungarian Grand Prix,perez,Sergio Pérez,red_bull,Red Bull,4,17,R,0,0,Collision
2021,11,Hungarian Grand Prix,leclerc,Charles Leclerc,ferrari,Ferrari,7,18,R,0,0,Collision
2021,11,Hungarian Grand Prix,stroll,Lance Stroll,aston_martin,Aston Martin,12,19,R,0,0,Collision
2021,11,Hungarian Grand Prix,vettel,Sebastian Vettel,aston_martin,Aston Martin,10,20,D,0,70,Disqualified
2021,12,Belgian Grand Prix,max_verstappen,Max Verstappen,red_bull,Red Bull,1,1,1,12.5,1,Finished
2021,12,Belgian Grand Prix,russell,George Russell,williams,Williams,2,2,2,9,1,Finished
2021,12,Belgian Grand Prix,hamilton,Lewis Hamilton,mercedes,Mercedes,3,3,3,7.5,1,Finished
2021,12,Belgian Grand Prix,ricciardo,Daniel Ricciardo,mclaren,McLaren,4,4,4,6,1,Finished
2021,12,Belgian Grand Prix,vettel,Sebastian Vettel,aston_martin,Aston Martin,5,5,5,5,1,Finished
2021,12,Belgian Grand Prix,gasly,Pierre Gasly,alphatauri,AlphaTauri,6,6,6,4,1,Finished
2021,12,Belgian Grand Prix,ocon,Esteban Ocon,alpine,Alpine F1 Team,8,7,7,3,1,Finished
2021,12,Belgian Grand Prix,leclerc,Charles Leclerc,ferrari,Ferrari,9,8,8,2,1,Finished
2021,12,Belgian Grand Prix,latifi,Nicholas Latifi,williams,Williams,10,9,9,1,1,Finished
2021,12,Belgian Grand Prix,sainz,Carlos Sainz,ferrari,Ferrari,11,10,10,0.5,1,Finished
2021,12,Belgian Grand Prix,alonso,Fernando Alonso,alpine,Alpine F1 Team,12,11,11,0,1,Finished
2021,12,Belgian Grand Prix,bottas,Valtteri Bottas,mercedes,Mercedes,13,12,12,0,1,Finished
2021,12,Belgian Grand Prix,giovinazzi,Antonio Giovinazzi,alfa,Alfa Romeo,14,13,13,0,1,Finished
2021,12,Belgian Grand Prix,norris,Lando Norris,mclaren,McLaren,15,14,14,0,1,Finished
2021,12,Belgian Grand Prix,tsunoda,Yuki Tsunoda,alphatauri,AlphaTauri,16,15,15,0,1,Finished
2021,12,Belgian Grand Prix,mick_schumacher,Mick Schumacher,haas,Haas F1 Team,17,16,16,0,1,Finished
2021,12,Belgian Grand Prix,mazepin,Nikita Mazepin,haas,Haas F1 Team,18,17,17,0,1,Finished
2021,12,Belgian Grand Prix,raikkonen,Kimi Räikkönen,alfa,Alfa Romeo,0,18,18,0,1,Finished
2021,12,Belgian Grand Prix,perez,Sergio Pérez,red_bull,Red Bull,0,19,19,0,1,Finished
2021,12,Belgian Grand Prix,stroll,Lance Stroll,aston_martin,Aston Martin,19,20,20,0,1,Finished
2021,13,Dutch Grand Prix,max_verstappen,Max Verstappen,red_bull,Red Bull,1,1,1,25,72,Finished
2021,13,Dutch Grand Prix,hamilton,Lewis Hamilton,mercedes,Mercedes,2,2,2,19,72,Finished
2021,13,Dutch Grand Prix,bottas,Valtteri Bottas,mercedes,Mercedes,3,3,3,15,72,Finished
2021,13,Dutch Grand Prix,gasly,Pierre Gasly,alphatauri,AlphaTauri,4,4,4,12,71,+1 Lap
2021,13,Dutch Grand Prix,leclerc,Charles Leclerc,ferrari,Ferrari,5,5,5,10,71,+1 Lap
2021,13,Dutch Grand Prix,alonso,Fernando Alonso,alpine,Alpine F1 Team,9,6,6,8,71,+1 Lap
2021,13,Dutch Grand Prix,sainz,Carlos Sainz,ferrari,Ferrari,6,7,7,6,71,+1 Lap
2021,13,Dutch Grand Prix,perez,Sergio Pérez,red_bull,Red Bull,0,8,8,4,71,+1 Lap
2021,13,Dutch Grand Prix,ocon,Esteban Ocon,alpine,Alpine F1 Team,8,9,9,2,71,+1 Lap
2021,13,Dutch Grand Prix,norris,Lando Norris,mclaren,McLaren,13,10,10,1,71,+1 Lap
2021,13,Dutch Grand Prix,ricciardo,Daniel Ricciardo,mclaren,McLaren,10,11,11,0,71,+1 Lap
2021,13,Dutch Grand Prix,stroll,Lance Stroll,aston_martin,Aston Martin,12,12,12,0,70,+2 Laps
2021,13,Dutch Grand Prix,vettel,Sebastian Vettel,aston_martin,Aston Martin,15,13,13,0,70,+2 Laps
2021,13,Dutch Grand Prix,giovinazzi,Antonio Giovinazzi,alfa,Alfa Romeo,7,14,14,0,70,+2 Laps
2021,13,Dutch Grand Prix,kubica,Robert Kubica,alfa,Alfa Romeo,16,15,15,0,70,+2 Laps
2021,13,Dutch Grand Prix,latifi,Nicholas Latifi,williams,Williams,0,16,16,0,70,+2 Laps
2021,13,Dutch Grand Prix,russell,George Russell,williams,Williams,11,17,17,0,69,Gearbox
2021,13,Dutch Grand Prix,mick_schumacher,Mick Schumacher,haas,Haas F1 Team,17,18,18,0,69,+3 Laps
2021,13,Dutch Grand Prix,tsunoda,Yuki Tsunoda,alphatauri,AlphaTauri,14,19,R,0,48,Power Unit
2021,13,Dutch Grand Prix,mazepin,Nikita Mazepin,haas,Haas F1 Team,18,20,R,0,41,Hydraulics
2021,14,Italian Grand Prix,ricciardo,Daniel Ricciardo,mclaren,McLaren,2,1,1,26,53,Finished
2021,14,Italian Grand Prix,norris,Lando Norris,mclaren,McLaren,3,2,2,18,53,Finished
2021,14,Italian Grand Prix,bottas,Valtteri Bottas,mercedes,Mercedes,19,3,3,15,53,Finished
2021,14,Italian Grand Prix,leclerc,Charles Leclerc,ferrari,Ferrari,5,4,4,12,53,Finished
2021,14,Italian Grand Prix,perez,Sergio Pérez,red_bull,Red Bull,8,5,5,10,53,Finished
2021,14,Italian Grand Prix,sainz,Carlos Sainz,ferrari,Ferrari,6,6,6,8,53,Finished
2021,14,Italian Grand Prix,stroll,Lance Stroll,aston_martin,Aston Martin,9,7,7,6,53,Finished
2021,14,Italian Grand Prix,alonso,Fernando Alonso,alpine,Alpine F1 Team,10,8,8,4,53,Finished
2021,14,Italian Grand Prix,russell,George Russell,williams,Williams,14,9,9,2,53,Finished
2021,14,Italian Grand Prix,ocon,Esteban Ocon,alpine,Alpine F1 Team,12,10,10,1,53,Finished
2021,14,Italian Grand Prix,latifi,Nicholas Latifi,williams,Williams,13,11,11,0,53,Finished
2021,14,Italian Grand Prix,vettel,Sebastian Vettel,aston_martin,Aston Martin,11,12,12,0,53,Finished
2021,14,Italian Grand Prix,giovinazzi,Antonio Giovinazzi,alfa,Alfa Romeo,7,13,13,0,53,Finished
2021,14,Italian Grand Prix,kubica,Robert Kubica,alfa,Alfa Romeo,17,14,14,0,53,Finished
2021,14,Italian Grand Prix,mick_schumacher,Mick Schumacher,haas,Haas F1 Team,18,15,15,0,53,Finished
2021,14,Italian Grand Prix,mazepin,Nikita Mazepin,haas,Haas F1 Team,16,16,R,0,41,Power Unit
2021,14,Italian Grand Prix,hamilton,Lewis Hamilton,mercedes,Mercedes,4,17,R,0,25,Collision
2021,14,Italian Grand Prix,max_verstappen,Max Verstappen,red_bull,Red Bull,1,18,R,0,25,Collision
2021,14,Italian Grand Prix,gasly,Pierre Gasly,alphatauri,AlphaTauri,0,19,R,0,3,Suspension
2021,14,Italian Grand Prix,tsunoda,Yuki Tsunoda,alphatauri,AlphaTauri,0,20,W,0,0,Brakes
2021,15,Russian Grand Prix,hamilton,Lewis Hamilton,mercedes,Mercedes,4,1,1,25,53,Finished
2021,15,Russian Grand Prix,max_verstappen,Max Verstappen,red_bull,Red Bull,20,2,2,18,53,Finished
2021,15,Russian Grand Prix,sainz,Carlos Sainz,ferrari,Ferrari,2,3,3,15,53,Finished
2021,15,Russian Grand Prix,ricciardo,Daniel Ricciardo,mclaren,McLaren,5,4,4,12,53,Finished
2021,15,Russian Grand Prix,bottas,Valtteri Bottas,mercedes,Mercedes,16,5,5,10,53,Finished
2021,15,Russian Grand Prix,alonso,Fernando Alonso,alpine,Alpine F1 Team,6,6,6,8,53,Finished
2021,15,Russian Grand Prix,norris,Lando Norris,mclaren,McLaren,1,7,7,7,53,Finished
2021,15,Russian Grand Prix,raikkonen,Kimi Räikkönen,alfa,Alfa Romeo,13,8,8,4,53,Finished
2021,15,Russian Grand Prix,perez,Sergio Pérez,red_bull,Red Bull,8,9,9,2,53,Finished
2021,15,Russian Grand Prix,russell,George Russell,williams,Williams,3,10,10,1,53,Finished
2021,15,Russian Grand Prix,stroll,Lance Stroll,aston_martin,Aston Martin,7,11,11,0,53,Finished
2021,15,Russian Grand Prix,vettel,Sebastian Vettel,aston_martin,Aston Martin,10,12,12,0,52,+1 Lap
2021,15,Russian Grand Prix,gasly,Pierre Gasly,alphatauri,AlphaTauri,11,13,13,0,52,+1 Lap
2021,15,Russian Grand Prix,ocon,Esteban Ocon,alpine,Alpine F1 Team,9,14,14,0,52,+1 Lap
2021,15,Russian Grand Prix,leclerc,Charles Leclerc,ferrari,Ferrari,19,15,15,0,52,+1 Lap
2021,15,Russian Grand Prix,giovinazzi,Antonio Giovinazzi,alfa,Alfa Romeo,17,16,16,0,52,+1 Lap
2021,15,Russian Grand Prix,tsunoda,Yuki Tsunoda,alphatauri,AlphaTauri,12,17,17,0,52,+1 Lap
2021,15,Russian Grand Prix,mazepin,Nikita Mazepin,haas,Haas F1 Team,15,18,18,0,51,+2 Laps
2021,15,Russian Grand Prix,latifi,Nicholas Latifi,williams,Williams,18,19,19,0,47,Accident
2021,15,Russian Grand Prix,mick_schumacher,Mick Schumacher,haas,Haas F1 Team,14,20,R,0,32,Oil leak
2021,16,Turkish Grand Prix,bottas,Valtteri Bottas,mercedes,Mercedes,1,1,1,26,58,Finished
2021,16,Turkish Grand Prix,max_verstappen,Max Verstappen,red_bull,Red Bull,2,2,2,18,58,Finished
2021,16,Turkish Grand Prix,perez,Sergio Pérez,red_bull,Red Bull,6,3,3,15,58,Finished
2021,16,Turkish Grand Prix,leclerc,Charles Leclerc,ferrari,Ferrari,3,4,4,12,58,Finished
2021,16,Turkish Grand Prix,hamilton,Lewis Hamilton,mercedes,Mercedes,11,5,5,10,58,Finished
2021,16,Turkish Grand Prix,gasly,Pierre Gasly,alphatauri,AlphaTauri,4,6,6,8,58,Finished
2021,16,Turkish Grand Prix,norris,Lando Norris,mclaren,McLaren,7,7,7,6,58,Finished
2021,16,Turkish Grand Prix,sainz,Carlos Sainz,ferrari,Ferrari,19,8,8,4,58,Finished
2021,16,Turkish Grand Prix,stroll,Lance Stroll,aston_martin,Aston Martin,8,9,9,2,58,Finished
2021,16,Turkish Grand Prix,ocon,Esteban Ocon,alpine,Alpine F1 Team,12,10,10,1,57,+1 Lap
2021,16,Turkish Grand Prix,giovinazzi,Antonio Giovinazzi,alfa,Alfa Romeo,16,11,11,0,57,+1 Lap
2021,16,Turkish Grand Prix,raikkonen,Kimi Räikkönen,alfa,Alfa Romeo,17,12,12,0,57,+1 Lap
2021,16,Turkish Grand Prix,ricciardo,Daniel Ricciardo,mclaren,McLaren,20,13,13,0,57,+1 Lap
2021,16,Turkish Grand Prix,tsunoda,Yuki Tsunoda,alphatauri,AlphaTauri,9,14,14,0,57,+1 Lap
2021,16,Turkish Grand Prix,russell,George Russell,williams,Williams,13,15,15,0,57,+1 Lap
2021,16,Turkish Grand Prix,alonso,Fernando Alonso,alpine,Alpine F1 Team,5,16,16,0,57,+1 Lap
2021,16,Turkish Grand Prix,latifi,Nicholas Latifi,williams,Williams,15,17,17,0,57,+1 Lap
2021,16,Turkish Grand Prix,vettel,Sebastian Vettel,aston_martin,Aston Martin,10,18,18,0,57,+1 Lap
2021,16,Turkish Grand Prix,mick_schumacher,Mick Schumacher,haas,Haas F1 Team,14,19,19,0,56,+2 Laps
2021,16,Turkish Grand Prix,mazepin,Nikita Mazepin,haas,Haas F1 Team,18,20,20,0,56,+2 Laps
2021,17,United States Grand Prix,max_verstappen,Max Verstappen,red_bull,Red Bull,1,1,1,25,56,Finished
2021,17,United States Grand Prix,hamilton,Lewis Hamilton,mercedes,Mercedes,2,2,2,19,56,Finished
2021,17,United States Grand Prix,perez,Sergio Pérez,red_bull,Red Bull,3,3,3,15,56,Finished
2021,17,United States Grand Prix,leclerc,Charles Leclerc,ferrari,Ferrari,4,4,4,12,56,Finished
2021,17,United States Grand Prix,ricciardo,Daniel Ricciardo,mclaren,McLaren,6,5,5,10,56,Finished
2021,17,United States Grand Prix,bottas,Valtteri Bottas,mercedes,Mercedes,9,6,6,8,56,Finished
2021,17,United States Grand Prix,sainz,Carlos Sainz,ferrari,Ferrari,5,7,7,6,56,Finished
2021,17,United States Grand Prix,norris,Lando Norris,mclaren,McLaren,7,8,8,4,56,Finished
2021,17,United States Grand Prix,tsunoda,Yuki Tsunoda,alphatauri,AlphaTauri,10,9,9,2,55,+1 Lap
2021,17,United States Grand Prix,vettel,Sebastian Vettel,aston_martin,Aston Martin,18,10,10,1,55,+1 Lap
2021,17,United States Grand Prix,giovinazzi,Antonio Giovinazzi,alfa,Alfa Romeo,12,11,11,0,55,+1 Lap
2021,17,United States Grand Prix,stroll,Lance Stroll,aston_martin,Aston Martin,13,12,12,0,55,+1 Lap
2021,17,United States Grand Prix,raikkonen,Kimi Räikkönen,alfa,Alfa Romeo,15,13,13,0,55,+1 Lap
2021,17,United States Grand Prix,russell,George Russell,williams,Williams,20,14,14,0,55,+1 Lap
2021,17,United States Grand Prix,latifi,Nicholas Latifi,williams,Williams,14,15,15,0,55,+1 Lap
2021,17,United States Grand Prix,mick_schumacher,Mick Schumacher,haas,Haas F1 Team,16,16,16,0,54,+2 Laps
2021,17,United States Grand Prix,mazepin,Nikita Mazepin,haas,Haas F1 Team,17,17,17,0,54,+2 Laps
2021,17,United States Grand Prix,alonso,Fernando Alonso,alpine,Alpine F1 Team,19,18,R,0,49,Rear wing
2021,17,United States Grand Prix,ocon,Esteban Ocon,alpine,Alpine F1 Team,11,19,R,0,40,Mechanical
2021,17,United States Grand Prix,gasly,Pierre Gasly,alphatauri,AlphaTauri,8,20,R,0,14,Suspension
2021,18,Mexico City Grand Prix,max_verstappen,Max Verstappen,red_bull,Red Bull,3,1,1,25,71,Finished
2021,18,Mexico City Grand Prix,hamilton,Lewis Hamilton,mercedes,Mercedes,2,2,2,18,71,Finished
2021,18,Mexico City Grand Prix,perez,Sergio Pérez,red_bull,Red Bull,4,3,3,15,71,Finished
2021,18,Mexico City Grand Prix,gasly,Pierre Gasly,alphatauri,AlphaTauri,5,4,4,12,71,Finished
2021,18,Mexico City Grand Prix,leclerc,Charles Leclerc,ferrari,Ferrari,8,5,5,10,71,Finished
2021,18,Mexico City Grand Prix,sainz,Carlos Sainz,ferrari,Ferrari,6,6,6,8,70,+1 Lap
2021,18,Mexico City Grand Prix,vettel,Sebastian Vettel,aston_martin,Aston Martin,9,7,7,6,70,+1 Lap
2021,18,Mexico City Grand Prix,raikkonen,Kimi Räikkönen,alfa,Alfa Romeo,10,8,8,4,70,+1 Lap
2021,18,Mexico City Grand Prix,alonso,Fernando Alonso,alpine,Alpine F1 Team,12,9,9,2,70,+1 Lap
2021,18,Mexico City Grand Prix,norris,Lando Norris,mclaren,McLaren,18,10,10,1,70,+1 Lap
2021,18,Mexico City Grand Prix,giovinazzi,Antonio Giovinazzi,alfa,Alfa Romeo,11,11,11,0,70,+1 Lap
2021,18,Mexico City Grand Prix,ricciardo,Daniel Ricciardo,mclaren,McLaren,7,12,12,0,70,+1 Lap
2021,18,Mexico City Grand Prix,ocon,Esteban Ocon,alpine,Alpine F1 Team,19,13,13,0,70,+1 Lap
2021,18,Mexico City Grand Prix,stroll,Lance Stroll,aston_martin,Aston Martin,20,14,14,0,69,+2 Laps
2021,18,Mexico City Grand Prix,bottas,Valtteri Bottas,mercedes,Mercedes,1,15,15,0,69,+2 Laps
2021,18,Mexico City Grand Prix,russell,George Russell,williams,Williams,16,16,16,0,69,+2 Laps
2021,18,Mexico City Grand Prix,latifi,Nicholas Latifi,williams,Williams,13,17,17,0,69,+2 Laps
2021,18,Mexico City Grand Prix,mazepin,Nikita Mazepin,haas,Haas F1 Team,15,18,18,0,68,+3 Laps
2021,18,Mexico City Grand Prix,mick_schumacher,Mick Schumacher,haas,Haas F1 Team,14,19,R,0,0,Collision
2021,18,Mexico City Grand Prix,tsunoda,Yuki Tsunoda,alphatauri,AlphaTauri,17,20,R,0,0,Collision
2021,19,São Paulo Grand Prix,hamilton,Lewis Hamilton,mercedes,Mercedes,10,1,1,25,71,Finished
2021,19,São Paulo Grand Prix,max_verstappen,Max Verstappen,red_bull,Red Bull,2,2,2,18,71,Finished
2021,19,São Paulo Grand Prix,bottas,Valtteri Bottas,mercedes,Mercedes,1,3,3,15,71,Finished
2021,19,São Paulo Grand Prix,perez,Sergio Pérez,red_bull,Red Bull,4,4,4,13,71,Finished
2021,19,São Paulo Grand Prix,leclerc,Charles Leclerc,ferrari,Ferrari,6,5,5,10,71,Finished
2021,19,São Paulo Grand Prix,sainz,Carlos Sainz,ferrari,Ferrari,3,6,6,8,71,Finished
2021,19,São Paulo Grand Prix,gasly,Pierre Gasly,alphatauri,AlphaTauri,7,7,7,6,70,+1 Lap
2021,19,São Paulo Grand Prix,ocon,Esteban Ocon,alpine,Alpine F1 Team,8,8,8,4,70,+1 Lap
2021,19,São Paulo Grand Prix,alonso,Fernando Alonso,alpine,Alpine F1 Team,12,9,9,2,70,+1 Lap
2021,19,São Paulo Grand Prix,norris,Lando Norris,mclaren,McLaren,5,10,10,1,70,+1 Lap
2021,19,São Paulo Grand Prix,vettel,Sebastian Vettel,aston_martin,Aston Martin,9,11,11,0,70,+1 Lap
2021,19,São Paulo Grand Prix,raikkonen,Kimi Räikkönen,alfa,Alfa Romeo,0,12,12,0,70,+1 Lap
2021,19,São Paulo Grand Prix,russell,George Russell,williams,Williams,17,13,13,0,70,+1 Lap
2021,19,São Paulo Grand Prix,giovinazzi,Antonio Giovinazzi,alfa,Alfa Romeo,13,14,14,0,70,+1 Lap
2021,19,São Paulo Grand Prix,tsunoda,Yuki Tsunoda,alphatauri,AlphaTauri,15,15,15,0,70,+1 Lap
2021,19,São Paulo Grand Prix,latifi,Nicholas Latifi,williams,Williams,16,16,16,0,70,+1 Lap
2021,19,São Paulo Grand Prix,mazepin,Nikita Mazepin,haas,Haas F1 Team,19,17,17,0,69,+2 Laps
2021,19,São Paulo Grand Prix,mick_schumacher,Mick Schumacher,haas,Haas F1 Team,18,18,18,0,69,+2 Laps
2021,19,São Paulo Grand Prix,ricciardo,Daniel Ricciardo,mclaren,McLaren,11,19,R,0,49,Power loss
2021,19,São Paulo Grand Prix,stroll,Lance Stroll,aston_martin,Aston Martin,14,20,R,0,47,Collision damage
2021,20,Qatar Grand Prix,hamilton,Lewis Hamilton,mercedes,Mercedes,1,1,1,25,57,Finished
2021,20,Qatar Grand Prix,max_verstappen,Max Verstappen,red_bull,Red Bull,7,2,2,19,57,Finished
2021,20,Qatar Grand Prix,alonso,Fernando Alonso,alpine,Alpine F1 Team,3,3,3,15,57,Finished
2021,20,Qatar Grand Prix,perez,Sergio Pérez,red_bull,Red Bull,11,4,4,12,57,Finished
2021,20,Qatar Grand Prix,ocon,Esteban Ocon,alpine,Alpine F1 Team,9,5,5,10,57,Finished
2021,20,Qatar Grand Prix,stroll,Lance Stroll,aston_martin,Aston Martin,12,6,6,8,57,Finished
2021,20,Qatar Grand Prix,sainz,Carlos Sainz,ferrari,Ferrari,5,7,7,6,57,Finished
2021,20,Qatar Grand Prix,leclerc,Charles Leclerc,ferrari,Ferrari,13,8,8,4,57,Finished
2021,20,Qatar Grand Prix,norris,Lando Norris,mclaren,McLaren,4,9,9,2,56,+1 Lap
2021,20,Qatar Grand Prix,vettel,Sebastian Vettel,aston_martin,Aston Martin,10,10,10,1,56,+1 Lap
2021,20,Qatar Grand Prix,gasly,Pierre Gasly,alphatauri,AlphaTauri,2,11,11,0,56,+1 Lap
2021,20,Qatar Grand Prix,ricciardo,Daniel Ricciardo,mclaren,McLaren,14,12,12,0,56,+1 Lap
2021,20,Qatar Grand Prix,tsunoda,Yuki Tsunoda,alphatauri,AlphaTauri,8,13,13,0,56,+1 Lap
2021,20,Qatar Grand Prix,raikkonen,Kimi Räikkönen,alfa,Alfa Romeo,16,14,14,0,56,+1 Lap
2021,20,Qatar Grand Prix,giovinazzi,Antonio Giovinazzi,alfa,Alfa Romeo,18,15,15,0,56,+1 Lap
2021,20,Qatar Grand Prix,mick_schumacher,Mick Schumacher,haas,Haas F1 Team,19,16,16,0,56,+1 Lap
2021,20,Qatar Grand Prix,russell,George Russell,williams,Williams,15,17,17,0,55,+2 Laps
2021,20,Qatar Grand Prix,mazepin,Nikita Mazepin,haas,Haas F1 Team,20,18,18,0,55,+2 Laps
2021,20,Qatar Grand Prix,latifi,Nicholas Latifi,williams,Williams,17,19,R,0,50,Puncture
2021,20,Qatar Grand Prix,bottas,Valtteri Bottas,mercedes,Mercedes,6,20,R,0,48,Damage
2021,21,Saudi Arabian Grand Prix,hamilton,Lewis Hamilton,mercedes,Mercedes,1,1,1,26,50,Finished
2021,21,Saudi Arabian Grand Prix,max_verstappen,Max Verstappen,red_bull,Red Bull,3,2,2,18,50,Finished
2021,21,Saudi Arabian Grand Prix,bottas,Valtteri Bottas,mercedes,Mercedes,2,3,3,15,50,Finished
2021,21,Saudi Arabian Grand Prix,ocon,Esteban Ocon,alpine,Alpine F1 Team,9,4,4,12,50,Finished
2021,21,Saudi Arabian Grand Prix,ricciardo,Daniel Ricciardo,mclaren,McLaren,11,5,5,10,50,Finished
2021,21,Saudi Arabian Grand Prix,gasly,Pierre Gasly,alphatauri,AlphaTauri,6,6,6,8,50,Finished
2021,21,Saudi Arabian Grand Prix,leclerc,Charles Leclerc,ferrari,Ferrari,4,7,7,6,50,Finished
2021,21,Saudi Arabian Grand Prix,sainz,Carlos Sainz,ferrari,Ferrari,15,8,8,4,50,Finished
2021,21,Saudi Arabian Grand Prix,giovinazzi,Antonio Giovinazzi,alfa,Alfa Romeo,10,9,9,2,50,Finished
2021,21,Saudi Arabian Grand Prix,norris,Lando Norris,mclaren,McLaren,7,10,10,1,50,Finished
2021,21,Saudi Arabian Grand Prix,stroll,Lance Stroll,aston_martin,Aston Martin,18,11,11,0,50,Finished
2021,21,Saudi Arabian Grand Prix,latifi,Nicholas Latifi,williams,Williams,16,12,12,0,50,Finished
2021,21,Saudi Arabian Grand Prix,alonso,Fernando Alonso,alpine,Alpine F1 Team,13,13,13,0,49,+1 Lap
2021,21,Saudi Arabian Grand Prix,tsunoda,Yuki Tsunoda,alphatauri,AlphaTauri,8,14,14,0,49,+1 Lap
2021,21,Saudi Arabian Grand Prix,raikkonen,Kimi Räikkönen,alfa,Alfa Romeo,12,15,15,0,49,+1 Lap
2021,21,Saudi Arabian Grand Prix,vettel,Sebastian Vettel,aston_martin,Aston Martin,17,16,R,0,44,Collision damage
2021,21,Saudi Arabian Grand Prix,perez,Sergio Pérez,red_bull,Red Bull,5,17,R,0,14,Collision
2021,21,Saudi Arabian Grand Prix,mazepin,Nikita Mazepin,haas,Haas F1 Team,20,18,R,0,14,Collision
2021,21,Saudi Arabian Grand Prix,russell,George Russell,williams,Williams,14,19,R,0,14,Collision
2021,21,Saudi Arabian Grand Prix,mick_schumacher,Mick Schumacher,haas,Haas F1 Team,19,20,R,0,8,Accident
2021,22,Abu Dhabi Grand Prix,max_verstappen,Max Verstappen,red_bull,Red Bull,1,1,1,26,58,Finished
2021,22,Abu Dhabi Grand Prix,hamilton,Lewis Hamilton,mercedes,Mercedes,2,2,2,18,58,Finished
2021,22,Abu Dhabi Grand Prix,sainz,Carlos Sainz,ferrari,Ferrari,5,3,3,15,58,Finished
2021,22,Abu Dhabi Grand Prix,tsunoda,Yuki Tsunoda,alphatauri,AlphaTauri,8,4,4,12,58,Finished
2021,22,Abu Dhabi Grand Prix,gasly,Pierre Gasly,alphatauri,AlphaTauri,12,5,5,10,58,Finished
2021,22,Abu Dhabi Grand Prix,bottas,Valtteri Bottas,mercedes,Mercedes,6,6,6,8,58,Finished
2021,22,Abu Dhabi Grand Prix,norris,Lando Norris,mclaren,McLaren,3,7,7,6,58,Finished
2021,22,Abu Dhabi Grand Prix,alonso,Fernando Alonso,alpine,Alpine F1 Team,11,8,8,4,58,Finished
2021,22,Abu Dhabi Grand Prix,ocon,Esteban Ocon,alpine,Alpine F1 Team,9,9,9,2,58,Finished
2021,22,Abu Dhabi Grand Prix,leclerc,Charles Leclerc,ferrari,Ferrari,7,10,10,1,58,Finished
2021,22,Abu Dhabi Grand Prix,vettel,Sebastian Vettel,aston_martin,Aston Martin,15,11,11,0,58,Finished
2021,22,Abu Dhabi Grand Prix,ricciardo,Daniel Ricciardo,mclaren,McLaren,10,12,12,0,57,+1 Lap
2021,22,Abu Dhabi Grand Prix,stroll,Lance Stroll,aston_martin,Aston Martin,13,13,13,0,57,+1 Lap
2021,22,Abu Dhabi Grand Prix,mick_schumacher,Mick Schumacher,haas,Haas F1 Team,19,14,14,0,57,+1 Lap
2021,22,Abu Dhabi Grand Prix,perez,Sergio Pérez,red_bull,Red Bull,4,15,15,0,55,Engine
2021,22,Abu Dhabi Grand Prix,latifi,Nicholas Latifi,williams,Williams,16,16,R,0,50,Accident
2021,22,Abu Dhabi Grand Prix,giovinazzi,Antonio Giovinazzi,alfa,Alfa Romeo,14,17,R,0,33,Gearbox
2021,22,Abu Dhabi Grand Prix,russell,George Russell,williams,Williams,17,18,R,0,26,Gearbox
2021,22,Abu Dhabi Grand Prix,raikkonen,Kimi Räikkönen,alfa,Alfa Romeo,18,19,R,0,25,Brakes
2021,22,Abu Dhabi Grand Prix,mazepin,Nikita Mazepin,haas,Haas F1 Team,20,20,W,0,0,Illness
2022,1,Bahrain Grand Prix,leclerc,Charles Leclerc,ferrari,Ferrari,1,1,1,26,57,Finished
2022,1,Bahrain Grand Prix,sainz,Carlos Sainz,ferrari,Ferrari,3,2,2,18,57,Finished
2022,1,Bahrain Grand Prix,hamilton,Lewis Hamilton,mercedes,Mercedes,5,3,3,15,57,Finished
2022,1,Bahrain Grand Prix,russell,George Russell,mercedes,Mercedes,9,4,4,12,57,Finished
2022,1,Bahrain Grand Prix,kevin_magnussen,Kevin Magnussen,haas,Haas F1 Team,7,5,5,10,57,Finished
2022,1,Bahrain Grand Prix,bottas,Valtteri Bottas,alfa,Alfa Romeo,6,6,6,8,57,Finished
2022,1,Bahrain Grand Prix,ocon,Esteban Ocon,alpine,Alpine F1 Team,11,7,7,6,57,Finished
2022,1,Bahrain Grand Prix,tsunoda,Yuki Tsunoda,alphatauri,AlphaTauri,16,8,8,4,57,Finished
2022,1,Bahrain Grand Prix,alonso,Fernando Alonso,alpine,Alpine F1 Team,8,9,9,2,57,Finished
2022,1,Bahrain Grand Prix,zhou,Guanyu Zhou,alfa,Alfa Romeo,15,10,10,1,57,Finished
2022,1,Bahrain Grand Prix,mick_schumacher,Mick Schumacher,haas,Haas F1 Team,12,11,11,0,57,Finished
2022,1,Bahrain Grand Prix,stroll,Lance Stroll,aston_martin,Aston Martin,19,12,12,0,57,Finished
2022,1,Bahrain Grand Prix,albon,Alexander Albon,williams,Williams,14,13,13,0,57,Finished
2022,1,Bahrain Grand Prix,ricciardo,Daniel Ricciardo,mclaren,McLaren,18,14,14,0,57,Finished
2022,1,Bahrain Grand Prix,norris,Lando Norris,mclaren,McLaren,13,15,15,0,57,Finished
2022,1,Bahrain Grand Prix,latifi,Nicholas Latifi,williams,Williams,20,16,16,0,57,Finished
2022,1,Bahrain Grand Prix,hulkenberg,Nico Hülkenberg,aston_martin,Aston Martin,17,17,17,0,57,Finished
2022,1,Bahrain Grand Prix,perez,Sergio Pérez,red_bull,Red Bull,4,18,18,0,56,Fuel pressure
2022,1,Bahrain Grand Prix,max_verstappen,Max Verstappen,red_bull,Red Bull,2,19,19,0,54,Fuel pressure
2022,1,Bahrain Grand Prix,gasly,Pierre Gasly,alphatauri,AlphaTauri,10,20,R,0,44,Power Unit
2022,2,Saudi Arabian Grand Prix,max_verstappen,Max Verstappen,red_bull,Red Bull,4,1,1,25,50,Finished
2022,2,Saudi Arabian Grand Prix,leclerc,Charles Leclerc,ferrari,Ferrari,2,2,2,19,50,Finished
2022,2,Saudi Arabian Grand Prix,sainz,Carlos Sainz,ferrari,Ferrari,3,3,3,15,50,Finished
2022,2,Saudi Arabian Grand Prix,perez,Sergio Pérez,red_bull,Red Bull,1,4,4,12,50,Finished
2022,2,Saudi Arabian Grand Prix,russell,George Russell,mercedes,Mercedes,6,5,5,10,50,Finished
2022,2,Saudi Arabian Grand Prix,ocon,Esteban Ocon,alpine,Alpine F1 Team,5,6,6,8,50,Finished
2022,2,Saudi Arabian Grand Prix,norris,Lando Norris,mclaren,McLaren,11,7,7,6,50,Finished
2022,2,Saudi Arabian Grand Prix,gasly,Pierre Gasly,alphatauri,AlphaTauri,9,8,8,4,50,Finished
2022,2,Saudi Arabian Grand Prix,kevin_magnussen,Kevin Magnussen,haas,Haas F1 Team,10,9,9,2,50,Finished
2022,2,Saudi Arabian Grand Prix,hamilton,Lewis Hamilton,mercedes,Mercedes,15,10,10,1,50,Finished
2022,2,Saudi Arabian Grand Prix,zhou,Guanyu Zhou,alfa,Alfa Romeo,12,11,11,0,50,Finished
2022,2,Saudi Arabian Grand Prix,hulkenberg,Nico Hülkenberg,aston_martin,Aston Martin,17,12,12,0,50,Finished
2022,2,Saudi Arabian Grand Prix,stroll,Lance Stroll,aston_martin,Aston Martin,13,13,13,0,49,+1 Lap
2022,2,Saudi Arabian Grand Prix,albon,Alexander Albon,williams,Williams,16,14,14,0,47,Collision damage
2022,2,Saudi Arabian Grand Prix,bottas,Valtteri Bottas,alfa,Alfa Romeo,8,15,R,0,36,Cooling system
2022,2,Saudi Arabian Grand Prix,alonso,Fernando Alonso,alpine,Alpine F1 Team,7,16,R,0,35,Water pump
2022,2,Saudi Arabian Grand Prix,ricciardo,Daniel Ricciardo,mclaren,McLaren,14,17,R,0,35,Gearbox
2022,2,Saudi Arabian Grand Prix,latifi,Nicholas Latifi,williams,Williams,18,18,R,0,14,Accident
2022,2,Saudi Arabian Grand Prix,tsunoda,Yuki Tsunoda,alphatauri,AlphaTauri,19,19,R,0,0,Power Unit
2022,2,Saudi Arabian Grand Prix,mick_schumacher,Mick Schumacher,haas,Haas F1 Team,0,20,W,0,0,Withdrew
2022,3,Australian Grand Prix,leclerc,Charles Leclerc,ferrari,Ferrari,1,1,1,26,58,Finished
2022,3,Australian Grand Prix,perez,Sergio Pérez,red_bull,Red Bull,3,2,2,18,58,Finished
2022,3,Australian Grand Prix,russell,George Russell,mercedes,Mercedes,6,3,3,15,58,Finished
2022,3,Australian Grand Prix,hamilton,Lewis Hamilton,mercedes,Mercedes,5,4,4,12,58,Finished
2022,3,Australian Grand Prix,norris,Lando Norris,mclaren,McLaren,4,5,5,10,58,Finished
2022,3,Australian Grand Prix,ricciardo,Daniel Ricciardo,mclaren,McLaren,7,6,6,8,58,Finished
2022,3,Australian Grand Prix,ocon,Esteban Ocon,alpine,Alpine F1 Team,8,7,7,6,58,Finished
2022,3,Australian Grand Prix,bottas,Valtteri Bottas,alfa,Alfa Romeo,12,8,8,4,58,Finished
2022,3,Australian Grand Prix,gasly,Pierre Gasly,alphatauri,AlphaTauri,11,9,9,2,58,Finished
2022,3,Australian Grand Prix,albon,Alexander Albon,williams,Williams,20,10,10,1,58,Finished
2022,3,Australian Grand Prix,zhou,Guanyu Zhou,alfa,Alfa Romeo,14,11,11,0,58,Finished
2022,3,Australian Grand Prix,stroll,Lance Stroll,aston_martin,Aston Martin,19,12,12,0,58,Finished
2022,3,Australian Grand Prix,mick_schumacher,Mick Schumacher,haas,Haas F1 Team,15,13,13,0,57,+1 Lap
2022,3,Australian Grand Prix,kevin_magnussen,Kevin Magnussen,haas,Haas F1 Team,16,14,14,0,57,+1 Lap
2022,3,Australian Grand Prix,tsunoda,Yuki Tsunoda,alphatauri,AlphaTauri,13,15,15,0,57,+1 Lap
2022,3,Australian Grand Prix,latifi,Nicholas Latifi,williams,Williams,18,16,16,0,57,+1 Lap
2022,3,Australian Grand Prix,alonso,Fernando Alonso,alpine,Alpine F1 Team,10,17,17,0,57,+1 Lap
2022,3,Australian Grand Prix,max_verstappen,Max Verstappen,red_bull,Red Bull,2,18,R,0,38,Fuel leak
2022,3,Australian Grand Prix,vettel,Sebastian Vettel,aston_martin,Aston Martin,17,19,R,0,22,Accident
2022,3,Australian Grand Prix,sainz,Carlos Sainz,ferrari,Ferrari,9,20,R,0,1,Spun off
2022,4,Emilia Romagna Grand Prix,max_verstappen,Max Verstappen,red_bull,Red Bull,1,1,1,26,63,Finished
2022,4,Emilia Romagna Grand Prix,perez,Sergio Pérez,red_bull,Red Bull,3,2,2,18,63,Finished
2022,4,Emilia Romagna Grand Prix,norris,Lando Norris,mclaren,McLaren,5,3,3,15,63,Finished
2022,4,Emilia Romagna Grand Prix,russell,George Russell,mercedes,Mercedes,11,4,4,12,63,Finished
2022,4,Emilia Romagna Grand Prix,bottas,Valtteri Bottas,alfa,Alfa Romeo,7,5,5,10,63,Finished
2022,4,Emilia Romagna Grand Prix,leclerc,Charles Leclerc,ferrari,Ferrari,2,6,6,8,63,Finished
2022,4,Emilia Romagna Grand Prix,tsunoda,Yuki Tsunoda,alphatauri,AlphaTauri,12,7,7,6,63,Finished
2022,4,Emilia Romagna Grand Prix,vettel,Sebastian Vettel,aston_martin,Aston Martin,13,8,8,4,63,Finished
2022,4,Emilia Romagna Grand Prix,kevin_magnussen,Kevin Magnussen,haas,Haas F1 Team,8,9,9,2,63,Finished
2022,4,Emilia Romagna Grand Prix,stroll,Lance Stroll,aston_martin,Aston Martin,15,10,10,1,62,+1 Lap
2022,4,Emilia Romagna Grand Prix,albon,Alexander Albon,williams,Williams,18,11,11,0,62,+1 Lap
2022,4,Emilia Romagna Grand Prix,gasly,Pierre Gasly,alphatauri,AlphaTauri,17,12,12,0,62,+1 Lap
2022,4,Emilia Romagna Grand Prix,hamilton,Lewis Hamilton,mercedes,Mercedes,14,13,13,0,62,+1 Lap
2022,4,Emilia Romagna Grand Prix,ocon,Esteban Ocon,alpine,Alpine F1 Team,16,14,14,0,62,+1 Lap
2022,4,Emilia Romagna Grand Prix,zhou,Guanyu Zhou,alfa,Alfa Romeo,0,15,15,0,62,+1 Lap
2022,4,Emilia Romagna Grand Prix,latifi,Nicholas Latifi,williams,Williams,19,16,16,0,62,+1 Lap
2022,4,Emilia Romagna Grand Prix,mick_schumacher,Mick Schumacher,haas,Haas F1 Team,10,17,17,0,62,+1 Lap
2022,4,Emilia Romagna Grand Prix,ricciardo,Daniel Ricciardo,mclaren,McLaren,6,18,18,0,62,+1 Lap
2022,4,Emilia Romagna Grand Prix,alonso,Fernando Alonso,alpine,Alpine F1 Team,9,19,R,0,6,Collision damage
2022,4,Emilia Romagna Grand Prix,sainz,Carlos Sainz,ferrari,Ferrari,4,20,R,0,0,Collision
2022,5,Miami Grand Prix,max_verstappen,Max Verstappen,red_bull,Red Bull,3,1,1,26,57,Finished
2022,5,Miami Grand Prix,leclerc,Charles Leclerc,ferrari,Ferrari,1,2,2,18,57,Finished
2022,5,Miami Grand Prix,sainz,Carlos Sainz,ferrari,Ferrari,2,3,3,15,57,Finished
2022,5,Miami Grand Prix,perez,Sergio Pérez,red_bull,Red Bull,4,4,4,12,57,Finished
2022,5,Miami Grand Prix,russell,George Russell,mercedes,Mercedes,12,5,5,10,57,Finished
2022,5,Miami Grand Prix,hamilton,Lewis Hamilton,mercedes,Mercedes,6,6,6,8,57,Finished
2022,5,Miami Grand Prix,bottas,Valtteri Bottas,alfa,Alfa Romeo,5,7,7,6,57,Finished
2022,5,Miami Grand Prix,ocon,Esteban Ocon,alpine,Alpine F1 Team,20,8,8,4,57,Finished
2022,5,Miami Grand Prix,albon,Alexander Albon,williams,Williams,18,9,9,2,57,Finished
2022,5,Miami Grand Prix,stroll,Lance Stroll,aston_martin,Aston Martin,0,10,10,1,57,Finished
2022,5,Miami Grand Prix,alonso,Fernando Alonso,alpine,Alpine F1 Team,11,11,11,0,57,Finished
2022,5,Miami Grand Prix,tsunoda,Yuki Tsunoda,alphatauri,AlphaTauri,9,12,12,0,57,Finished
2022,5,Miami Grand Prix,ricciardo,Daniel Ricciardo,mclaren,McLaren,14,13,13,0,57,Finished
2022,5,Miami Grand Prix,latifi,Nicholas Latifi,williams,Williams,19,14,14,0,57,Finished
2022,5,Miami Grand Prix,mick_schumacher,Mick Schumacher,haas,Haas F1 Team,15,15,15,0,57,Finished
2022,5,Miami Grand Prix,kevin_magnussen,Kevin Magnussen,haas,Haas F1 Team,16,16,16,0,56,Front wing
2022,5,Miami Grand Prix,vettel,Sebastian Vettel,aston_martin,Aston Martin,0,17,17,0,54,Collision
2022,5,Miami Grand Prix,gasly,Pierre Gasly,alphatauri,AlphaTauri,7,18,R,0,45,Suspension
2022,5,Miami Grand Prix,norris,Lando Norris,mclaren,McLaren,8,19,R,0,39,Collision
2022,5,Miami Grand Prix,zhou,Guanyu Zhou,alfa,Alfa Romeo,17,20,R,0,6,Water leak
2022,6,Spanish Grand Prix,max_verstappen,Max Verstappen,red_bull,Red Bull,2,1,1,25,66,Finished
2022,6,Spanish Grand Prix,perez,Sergio Pérez,red_bull,Red Bull,5,2,2,19,66,Finished
2022,6,Spanish Grand Prix,russell,George Russell,mercedes,Mercedes,4,3,3,15,66,Finished
2022,6,Spanish Grand Prix,sainz,Carlos Sainz,ferrari,Ferrari,3,4,4,12,66,Finished
2022,6,Spanish Grand Prix,hamilton,Lewis Hamilton,mercedes,Mercedes,6,5,5,10,66,Finished
2022,6,Spanish Grand Prix,bottas,Valtteri Bottas,alfa,Alfa Romeo,7,6,6,8,66,Finished
2022,6,Spanish Grand Prix,ocon,Esteban Ocon,alpine,Alpine F1 Team,12,7,7,6,66,Finished
2022,6,Spanish Grand Prix,norris,Lando Norris,mclaren,McLaren,11,8,8,4,66,Finished
2022,6,Spanish Grand Prix,alonso,Fernando Alonso,alpine,Alpine F1 Team,20,9,9,2,65,+1 Lap
2022,6,Spanish Grand Prix,tsunoda,Yuki Tsunoda,alphatauri,AlphaTauri,13,10,10,1,65,+1 Lap
2022,6,Spanish Grand Prix,vettel,Sebastian Vettel,aston_martin,Aston Martin,16,11,11,0,65,+1 Lap
2022,6,Spanish Grand Prix,ricciardo,Daniel Ricciardo,mclaren,McLaren,9,12,12,0,65,+1 Lap
2022,6,Spanish Grand Prix,gasly,Pierre Gasly,alphatauri,AlphaTauri,14,13,13,0,65,+1 Lap
2022,6,Spanish Grand Prix,mick_schumacher,Mick Schumacher,haas,Haas F1 Team,10,14,14,0,65,+1 Lap
2022,6,Spanish Grand Prix,stroll,Lance Stroll,aston_martin,Aston Martin,17,15,15,0,65,+1 Lap
2022,6,Spanish Grand Prix,latifi,Nicholas Latifi,williams,Williams,19,16,16,0,64,+2 Laps
2022,6,Spanish Grand Prix,kevin_magnussen,Kevin Magnussen,haas,Haas F1 Team,8,17,17,0,64,+2 Laps
2022,6,Spanish Grand Prix,albon,Alexander Albon,williams,Williams,18,18,18,0,64,+2 Laps
2022,6,Spanish Grand Prix,zhou,Guanyu Zhou,alfa,Alfa Romeo,15,19,R,0,28,Power loss
2022,6,Spanish Grand Prix,leclerc,Charles Leclerc,ferrari,Ferrari,1,20,R,0,27,Turbo
2022,7,Monaco Grand Prix,perez,Sergio Pérez,red_bull,Red Bull,3,1,1,25,64,Finished
2022,7,Monaco Grand Prix,sainz,Carlos Sainz,ferrari,Ferrari,2,2,2,18,64,Finished
2022,7,Monaco Grand Prix,max_verstappen,Max Verstappen,red_bull,Red Bull,4,3,3,15,64,Finished
2022,7,Monaco Grand Prix,leclerc,Charles Leclerc,ferrari,Ferrari,1,4,4,12,64,Finished
2022,7,Monaco Grand Prix,russell,George Russell,mercedes,Mercedes,6,5,5,10,64,Finished
2022,7,Monaco Grand Prix,norris,Lando Norris,mclaren,McLaren,5,6,6,9,64,Finished
2022,7,Monaco Grand Prix,alonso,Fernando Alonso,alpine,Alpine F1 Team,7,7,7,6,64,Finished
2022,7,Monaco Grand Prix,hamilton,Lewis Hamilton,mercedes,Mercedes,8,8,8,4,64,Finished
2022,7,Monaco Grand Prix,bottas,Valtteri Bottas,alfa,Alfa Romeo,12,9,9,2,64,Finished
2022,7,Monaco Grand Prix,vettel,Sebastian Vettel,aston_martin,Aston Martin,9,10,10,1,64,Finished
2022,7,Monaco Grand Prix,gasly,Pierre Gasly,alphatauri,AlphaTauri,17,11,11,0,64,Finished
2022,7,Monaco Grand Prix,ocon,Esteban Ocon,alpine,Alpine F1 Team,10,12,12,0,64,Finished
2022,7,Monaco Grand Prix,ricciardo,Daniel Ricciardo,mclaren,McLaren,14,13,13,0,64,Finished
2022,7,Monaco Grand Prix,stroll,Lance Stroll,aston_martin,Aston Martin,18,14,14,0,64,Finished
2022,7,Monaco Grand Prix,latifi,Nicholas Latifi,williams,Williams,19,15,15,0,63,+1 Lap
2022,7,Monaco Grand Prix,zhou,Guanyu Zhou,alfa,Alfa Romeo,20,16,16,0,63,+1 Lap
2022,7,Monaco Grand Prix,tsunoda,Yuki Tsunoda,alphatauri,AlphaTauri,11,17,17,0,63,+1 Lap
2022,7,Monaco Grand Prix,albon,Alexander Albon,williams,Williams,16,18,R,0,48,Mechanical
2022,7,Monaco Grand Prix,mick_schumacher,Mick Schumacher,haas,Haas F1 Team,15,19,R,0,24,Accident
2022,7,Monaco Grand Prix,kevin_magnussen,Kevin Magnussen,haas,Haas F1 Team,13,20,R,0,19,Water pressure
2022,8,Azerbaijan Grand Prix,max_verstappen,Max Verstappen,red_bull,Red Bull,3,1,1,25,51,Finished
2022,8,Azerbaijan Grand Prix,perez,Sergio Pérez,red_bull,Red Bull,2,2,2,19,51,Finished
2022,8,Azerbaijan Grand Prix,russell,George Russell,mercedes,Mercedes,5,3,3,15,51,Finished
2022,8,Azerbaijan Grand Prix,hamilton,Lewis Hamilton,mercedes,Mercedes,7,4,4,12,51,Finished
2022,8,Azerbaijan Grand Prix,gasly,Pierre Gasly,alphatauri,AlphaTauri,6,5,5,10,51,Finished
2022,8,Azerbaijan Grand Prix,vettel,Sebastian Vettel,aston_martin,Aston Martin,9,6,6,8,51,Finished
2022,8,Azerbaijan Grand Prix,alonso,Fernando Alonso,alpine,Alpine F1 Team,10,7,7,6,51,Finished
2022,8,Azerbaijan Grand Prix,ricciardo,Daniel Ricciardo,mclaren,McLaren,12,8,8,4,51,Finished
2022,8,Azerbaijan Grand Prix,norris,Lando Norris,mclaren,McLaren,11,9,9,2,51,Finished
2022,8,Azerbaijan Grand Prix,ocon,Esteban Ocon,alpine,Alpine F1 Team,13,10,10,1,51,Finished
2022,8,Azerbaijan Grand Prix,bottas,Valtteri Bottas,alfa,Alfa Romeo,15,11,11,0,50,+1 Lap
2022,8,Azerbaijan Grand Prix,albon,Alexander Albon,williams,Williams,17,12,12,0,50,+1 Lap
2022,8,Azerbaijan Grand Prix,tsunoda,Yuki Tsunoda,alphatauri,AlphaTauri,8,13,13,0,50,+1 Lap
2022,8,Azerbaijan Grand Prix,mick_schumacher,Mick Schumacher,haas,Haas F1 Team,20,14,14,0,50,+1 Lap
2022,8,Azerbaijan Grand Prix,latifi,Nicholas Latifi,williams,Williams,18,15,15,0,50,+1 Lap
2022,8,Azerbaijan Grand Prix,stroll,Lance Stroll,aston_martin,Aston Martin,19,16,16,0,46,Vibrations
2022,8,Azerbaijan Grand Prix,kevin_magnussen,Kevin Magnussen,haas,Haas F1 Team,16,17,R,0,31,Power Unit
2022,8,Azerbaijan Grand Prix,zhou,Guanyu Zhou,alfa,Alfa Romeo,14,18,R,0,23,Hydraulics
2022,8,Azerbaijan Grand Prix,leclerc,Charles Leclerc,ferrari,Ferrari,1,19,R,0,21,Power Unit
2022,8,Azerbaijan Grand Prix,sainz,Carlos Sainz,ferrari,Ferrari,4,20,R,0,8,Hydraulics
2022,9,Canadian Grand Prix,max_verstappen,Max Verstappen,red_bull,Red Bull,1,1,1,25,70,Finished
2022,9,Canadian Grand Prix,sainz,Carlos Sainz,ferrari,Ferrari,3,2,2,19,70,Finished
2022,9,Canadian Grand Prix,hamilton,Lewis Hamilton,mercedes,Mercedes,4,3,3,15,70,Finished
2022,9,Canadian Grand Prix,russell,George Russell,mercedes,Mercedes,8,4,4,12,70,Finished
2022,9,Canadian Grand Prix,leclerc,Charles Leclerc,ferrari,Ferrari,19,5,5,10,70,Finished
2022,9,Canadian Grand Prix,ocon,Esteban Ocon,alpine,Alpine F1 Team,7,6,6,8,70,Finished
2022,9,Canadian Grand Prix,bottas,Valtteri Bottas,alfa,Alfa Romeo,11,7,7,6,70,Finished
2022,9,Canadian Grand Prix,zhou,Guanyu Zhou,alfa,Alfa Romeo,10,8,8,4,70,Finished
2022,9,Canadian Grand Prix,alonso,Fernando Alonso,alpine,Alpine F1 Team,2,9,9,2,70,Finished
2022,9,Canadian Grand Prix,stroll,Lance Stroll,aston_martin,Aston Martin,17,10,10,1,70,Finished
2022,9,Canadian Grand Prix,ricciardo,Daniel Ricciardo,mclaren,McLaren,9,11,11,0,70,Finished
2022,9,Canadian Grand Prix,vettel,Sebastian Vettel,aston_martin,Aston Martin,16,12,12,0,70,Finished
2022,9,Canadian Grand Prix,albon,Alexander Albon,williams,Williams,12,13,13,0,70,Finished
2022,9,Canadian Grand Prix,gasly,Pierre Gasly,alphatauri,AlphaTauri,15,14,14,0,70,Finished
2022,9,Canadian Grand Prix,norris,Lando Norris,mclaren,McLaren,14,15,15,0,70,Finished
2022,9,Canadian Grand Prix,latifi,Nicholas Latifi,williams,Williams,18,16,16,0,70,Finished
2022,9,Canadian Grand Prix,kevin_magnussen,Kevin Magnussen,haas,Haas F1 Team,5,17,17,0,70,Finished
2022,9,Canadian Grand Prix,tsunoda,Yuki Tsunoda,alphatauri,AlphaTauri,20,18,R,0,47,Accident
2022,9,Canadian Grand Prix,mick_schumacher,Mick Schumacher,haas,Haas F1 Team,6,19,R,0,18,Engine
2022,9,Canadian Grand Prix,perez,Sergio Pérez,red_bull,Red Bull,13,20,R,0,7,Gearbox
2022,10,British Grand Prix,sainz,Carlos Sainz,ferrari,Ferrari,1,1,1,25,52,Finished
2022,10,British Grand Prix,perez,Sergio Pérez,red_bull,Red Bull,4,2,2,18,52,Finished
2022,10,British Grand Prix,hamilton,Lewis Hamilton,mercedes,Mercedes,5,3,3,16,52,Finished
2022,10,British Grand Prix,leclerc,Charles Leclerc,ferrari,Ferrari,3,4,4,12,52,Finished
2022,10,British Grand Prix,alonso,Fernando Alonso,alpine,Alpine F1 Team,7,5,5,10,52,Finished
2022,10,British Grand Prix,norris,Lando Norris,mclaren,McLaren,6,6,6,8,52,Finished
2022,10,British Grand Prix,max_verstappen,Max Verstappen,red_bull,Red Bull,2,7,7,6,52,Finished
2022,10,British Grand Prix,mick_schumacher,Mick Schumacher,haas,Haas F1 Team,19,8,8,4,52,Finished
2022,10,British Grand Prix,vettel,Sebastian Vettel,aston_martin,Aston Martin,18,9,9,2,52,Finished
2022,10,British Grand Prix,kevin_magnussen,Kevin Magnussen,haas,Haas F1 Team,17,10,10,1,52,Finished
2022,10,British Grand Prix,stroll,Lance Stroll,aston_martin,Aston Martin,20,11,11,0,52,Finished
2022,10,British Grand Prix,latifi,Nicholas Latifi,williams,Williams,10,12,12,0,52,Finished
2022,10,British Grand Prix,ricciardo,Daniel Ricciardo,mclaren,McLaren,14,13,13,0,52,Finished
2022,10,British Grand Prix,tsunoda,Yuki Tsunoda,alphatauri,AlphaTauri,13,14,14,0,52,Finished
2022,10,British Grand Prix,ocon,Esteban Ocon,alpine,Alpine F1 Team,15,15,R,0,37,Fuel pump
2022,10,British Grand Prix,gasly,Pierre Gasly,alphatauri,AlphaTauri,11,16,R,0,26,Collision damage
2022,10,British Grand Prix,bottas,Valtteri Bottas,alfa,Alfa Romeo,12,17,R,0,20,Gearbox
2022,10,British Grand Prix,russell,George Russell,mercedes,Mercedes,8,18,R,0,0,Collision
2022,10,British Grand Prix,zhou,Guanyu Zhou,alfa,Alfa Romeo,9,19,R,0,0,Collision
2022,10,British Grand Prix,albon,Alexander Albon,williams,Williams,16,20,R,0,0,Collision
2022,11,Austrian Grand Prix,leclerc,Charles Leclerc,ferrari,Ferrari,2,1,1,25,71,Finished
2022,11,Austrian Grand Prix,max_verstappen,Max Verstappen,red_bull,Red Bull,1,2,2,19,71,Finished
2022,11,Austrian Grand Prix,hamilton,Lewis Hamilton,mercedes,Mercedes,8,3,3,15,71,Finished
2022,11,Austrian Grand Prix,russell,George Russell,mercedes,Mercedes,4,4,4,12,71,Finished
2022,11,Austrian Grand Prix,ocon,Esteban Ocon,alpine,Alpine F1 Team,6,5,5,10,71,Finished
2022,11,Austrian Grand Prix,mick_schumacher,Mick Schumacher,haas,Haas F1 Team,9,6,6,8,70,+1 Lap
2022,11,Austrian Grand Prix,norris,Lando Norris,mclaren,McLaren,10,7,7,6,70,+1 Lap
2022,11,Austrian Grand Prix,kevin_magnussen,Kevin Magnussen,haas,Haas F1 Team,7,8,8,4,70,+1 Lap
2022,11,Austrian Grand Prix,ricciardo,Daniel Ricciardo,mclaren,McLaren,11,9,9,2,70,+1 Lap
2022,11,Austrian Grand Prix,alonso,Fernando Alonso,alpine,Alpine F1 Team,19,10,10,1,70,+1 Lap
2022,11,Austrian Grand Prix,bottas,Valtteri Bottas,alfa,Alfa Romeo,0,11,11,0,70,+1 Lap
2022,11,Austrian Grand Prix,albon,Alexander Albon,williams,Williams,15,12,12,0,70,+1 Lap
2022,11,Austrian Grand Prix,stroll,Lance Stroll,aston_martin,Aston Martin,12,13,13,0,70,+1 Lap
2022,11,Austrian Grand Prix,zhou,Guanyu Zhou,alfa,Alfa Romeo,13,14,14,0,70,+1 Lap
2022,11,Austrian Grand Prix,gasly,Pierre Gasly,alphatauri,AlphaTauri,14,15,15,0,70,+1 Lap
2022,11,Austrian Grand Prix,tsunoda,Yuki Tsunoda,alphatauri,AlphaTauri,16,16,16,0,70,+1 Lap
2022,11,Austrian Grand Prix,vettel,Sebastian Vettel,aston_martin,Aston Martin,18,17,17,0,70,+1 Lap
2022,11,Austrian Grand Prix,sainz,Carlos Sainz,ferrari,Ferrari,3,18,R,0,56,Power Unit
2022,11,Austrian Grand Prix,latifi,Nicholas Latifi,williams,Williams,17,19,R,0,48,Undertray
2022,11,Austrian Grand Prix,perez,Sergio Pérez,red_bull,Red Bull,5,20,R,0,24,Collision damage
2022,12,French Grand Prix,max_verstappen,Max Verstappen,red_bull,Red Bull,2,1,1,25,53,Finished
2022,12,French Grand Prix,hamilton,Lewis Hamilton,mercedes,Mercedes,4,2,2,18,53,Finished
2022,12,French Grand Prix,russell,George Russell,mercedes,Mercedes,6,3,3,15,53,Finished
2022,12,French Grand Prix,perez,Sergio Pérez,red_bull,Red Bull,3,4,4,12,53,Finished
2022,12,French Grand Prix,sainz,Carlos Sainz,ferrari,Ferrari,19,5,5,11,53,Finished
2022,12,French Grand Prix,alonso,Fernando Alonso,alpine,Alpine F1 Team,7,6,6,8,53,Finished
2022,12,French Grand Prix,norris,Lando Norris,mclaren,McLaren,5,7,7,6,53,Finished
2022,12,French Grand Prix,ocon,Esteban Ocon,alpine,Alpine F1 Team,10,8,8,4,53,Finished
2022,12,French Grand Prix,ricciardo,Daniel Ricciardo,mclaren,McLaren,9,9,9,2,53,Finished
2022,12,French Grand Prix,stroll,Lance Stroll,aston_martin,Aston Martin,15,10,10,1,53,Finished
2022,12,French Grand Prix,vettel,Sebastian Vettel,aston_martin,Aston Martin,12,11,11,0,53,Finished
2022,12,French Grand Prix,gasly,Pierre Gasly,alphatauri,AlphaTauri,14,12,12,0,53,Finished
2022,12,French Grand Prix,albon,Alexander Albon,williams,Williams,13,13,13,0,53,Finished
2022,12,French Grand Prix,bottas,Valtteri Bottas,alfa,Alfa Romeo,11,14,14,0,53,Finished
2022,12,French Grand Prix,mick_schumacher,Mick Schumacher,haas,Haas F1 Team,17,15,15,0,53,Finished
2022,12,French Grand Prix,zhou,Guanyu Zhou,alfa,Alfa Romeo,16,16,16,0,47,+6 Laps
2022,12,French Grand Prix,latifi,Nicholas Latifi,williams,Williams,18,17,R,0,40,Collision damage
2022,12,French Grand Prix,kevin_magnussen,Kevin Magnussen,haas,Haas F1 Team,20,18,R,0,37,Collision damage
2022,12,French Grand Prix,leclerc,Charles Leclerc,ferrari,Ferrari,1,19,R,0,17,Accident
2022,12,French Grand Prix,tsunoda,Yuki Tsunoda,alphatauri,AlphaTauri,8,20,R,0,17,Undertray
2022,13,Hungarian Grand Prix,max_verstappen,Max Verstappen,red_bull,Red Bull,10,1,1,25,70,Finished
2022,13,Hungarian Grand Prix,hamilton,Lewis Hamilton,mercedes,Mercedes,7,2,2,19,70,Finished
2022,13,Hungarian Grand Prix,russell,George Russell,mercedes,Mercedes,1,3,3,15,70,Finished
2022,13,Hungarian Grand Prix,sainz,Carlos Sainz,ferrari,Ferrari,2,4,4,12,70,Finished
2022,13,Hungarian Grand Prix,perez,Sergio Pérez,red_bull,Red Bull,11,5,5,10,70,Finished
2022,13,Hungarian Grand Prix,leclerc,Charles Leclerc,ferrari,Ferrari,3,6,6,8,70,Finished
2022,13,Hungarian Grand Prix,norris,Lando Norris,mclaren,McLaren,4,7,7,6,70,Finished
2022,13,Hungarian Grand Prix,alonso,Fernando Alonso,alpine,Alpine F1 Team,6,8,8,4,69,+1 Lap
2022,13,Hungarian Grand Prix,ocon,Esteban Ocon,alpine,Alpine F1 Team,5,9,9,2,69,+1 Lap
2022,13,Hungarian Grand Prix,vettel,Sebastian Vettel,aston_martin,Aston Martin,18,10,10,1,69,+1 Lap
2022,13,Hungarian Grand Prix,stroll,Lance Stroll,aston_martin,Aston Martin,14,11,11,0,69,+1 Lap
2022,13,Hungarian Grand Prix,gasly,Pierre Gasly,alphatauri,AlphaTauri,0,12,12,0,69,+1 Lap
2022,13,Hungarian Grand Prix,zhou,Guanyu Zhou,alfa,Alfa Romeo,12,13,13,0,69,+1 Lap
2022,13,Hungarian Grand Prix,mick_schumacher,Mick Schumacher,haas,Haas F1 Team,15,14,14,0,69,+1 Lap
2022,13,Hungarian Grand Prix,ricciardo,Daniel Ricciardo,mclaren,McLaren,9,15,15,0,69,+1 Lap
2022,13,Hungarian Grand Prix,kevin_magnussen,Kevin Magnussen,haas,Haas F1 Team,13,16,16,0,69,+1 Lap
2022,13,Hungarian Grand Prix,albon,Alexander Albon,williams,Williams,17,17,17,0,69,+1 Lap
2022,13,Hungarian Grand Prix,latifi,Nicholas Latifi,williams,Williams,19,18,18,0,69,+1 Lap
2022,13,Hungarian Grand Prix,tsunoda,Yuki Tsunoda,alphatauri,AlphaTauri,16,19,19,0,68,+2 Laps
2022,13,Hungarian Grand Prix,bottas,Valtteri Bottas,alfa,Alfa Romeo,8,20,20,0,65,Power Unit
2022,14,Belgian Grand Prix,max_verstappen,Max Verstappen,red_bull,Red Bull,14,1,1,26,44,Finished
2022,14,Belgian Grand Prix,perez,Sergio Pérez,red_bull,Red Bull,2,2,2,18,44,Finished
2022,14,Belgian Grand Prix,sainz,Carlos Sainz,ferrari,Ferrari,1,3,3,15,44,Finished
2022,14,Belgian Grand Prix,russell,George Russell,mercedes,Mercedes,5,4,4,12,44,Finished
2022,14,Belgian Grand Prix,alonso,Fernando Alonso,alpine,Alpine F1 Team,3,5,5,10,44,Finished
2022,14,Belgian Grand Prix,leclerc,Charles Leclerc,ferrari,Ferrari,15,6,6,8,44,Finished
2022,14,Belgian Grand Prix,ocon,Esteban Ocon,alpine,Alpine F1 Team,16,7,7,6,44,Finished
2022,14,Belgian Grand Prix,vettel,Sebastian Vettel,aston_martin,Aston Martin,10,8,8,4,44,Finished
2022,14,Belgian Grand Prix,gasly,Pierre Gasly,alphatauri,AlphaTauri,0,9,9,2,44,Finished
2022,14,Belgian Grand Prix,albon,Alexander Albon,williams,Williams,6,10,10,1,44,Finished
2022,14,Belgian Grand Prix,stroll,Lance Stroll,aston_martin,Aston Martin,9,11,11,0,44,Finished
2022,14,Belgian Grand Prix,norris,Lando Norris,mclaren,McLaren,17,12,12,0,44,Finished
2022,14,Belgian Grand Prix,tsunoda,Yuki Tsunoda,alphatauri,AlphaTauri,0,13,13,0,44,Finished
2022,14,Belgian Grand Prix,zhou,Guanyu Zhou,alfa,Alfa Romeo,18,14,14,0,44,Finished
2022,14,Belgian Grand Prix,ricciardo,Daniel Ricciardo,mclaren,McLaren,7,15,15,0,44,Finished
2022,14,Belgian Grand Prix,kevin_magnussen,Kevin Magnussen,haas,Haas F1 Team,12,16,16,0,43,+1 Lap
2022,14,Belgian Grand Prix,mick_schumacher,Mick Schumacher,haas,Haas F1 Team,19,17,17,0,43,+1 Lap
2022,14,Belgian Grand Prix,latifi,Nicholas Latifi,williams,Williams,11,18,18,0,43,+1 Lap
2022,14,Belgian Grand Prix,bottas,Valtteri Bottas,alfa,Alfa Romeo,13,19,R,0,1,Accident
2022,14,Belgian Grand Prix,hamilton,Lewis Hamilton,mercedes,Mercedes,4,20,R,0,0,Collision damage
2022,15,Dutch Grand Prix,max_verstappen,Max Verstappen,red_bull,Red Bull,1,1,1,26,72,Finished
2022,15,Dutch Grand Prix,russell,George Russell,mercedes,Mercedes,6,2,2,18,72,Finished
2022,15,Dutch Grand Prix,leclerc,Charles Leclerc,ferrari,Ferrari,2,3,3,15,72,Finished
2022,15,Dutch Grand Prix,hamilton,Lewis Hamilton,mercedes,Mercedes,4,4,4,12,72,Finished
2022,15,Dutch Grand Prix,perez,Sergio Pérez,red_bull,Red Bull,5,5,5,10,72,Finished
2022,15,Dutch Grand Prix,alonso,Fernando Alonso,alpine,Alpine F1 Team,13,6,6,8,72,Finished
2022,15,Dutch Grand Prix,norris,Lando Norris,mclaren,McLaren,7,7,7,6,72,Finished
2022,15,Dutch Grand Prix,sainz,Carlos Sainz,ferrari,Ferrari,3,8,8,4,72,Finished
2022,15,Dutch Grand Prix,ocon,Esteban Ocon,alpine,Alpine F1 Team,12,9,9,2,72,Finished
2022,15,Dutch Grand Prix,stroll,Lance Stroll,aston_martin,Aston Martin,10,10,10,1,72,Finished
2022,15,Dutch Grand Prix,gasly,Pierre Gasly,alphatauri,AlphaTauri,11,11,11,0,72,Finished
2022,15,Dutch Grand Prix,albon,Alexander Albon,williams,Williams,15,12,12,0,72,Finished
2022,15,Dutch Grand Prix,mick_schumacher,Mick Schumacher,haas,Haas F1 Team,8,13,13,0,72,Finished
2022,15,Dutch Grand Prix,vettel,Sebastian Vettel,aston_martin,Aston Martin,19,14,14,0,72,Finished
2022,15,Dutch Grand Prix,kevin_magnussen,Kevin Magnussen,haas,Haas F1 Team,18,15,15,0,72,Finished
2022,15,Dutch Grand Prix,zhou,Guanyu Zhou,alfa,Alfa Romeo,14,16,16,0,72,Finished
2022,15,Dutch Grand Prix,ricciardo,Daniel Ricciardo,mclaren,McLaren,17,17,17,0,72,Finished
2022,15,Dutch Grand Prix,latifi,Nicholas Latifi,williams,Williams,20,18,18,0,71,+1 Lap
2022,15,Dutch Grand Prix,bottas,Valtteri Bottas,alfa,Alfa Romeo,16,19,R,0,53,Engine
2022,15,Dutch Grand Prix,tsunoda,Yuki Tsunoda,alphatauri,AlphaTauri,9,20,R,0,43,Differential
2022,16,Italian Grand Prix,max_verstappen,Max Verstappen,red_bull,Red Bull,7,1,1,25,53,Finished
2022,16,Italian Grand Prix,leclerc,Charles Leclerc,ferrari,Ferrari,1,2,2,18,53,Finished
2022,16,Italian Grand Prix,russell,George Russell,mercedes,Mercedes,2,3,3,15,53,Finished
2022,16,Italian Grand Prix,sainz,Carlos Sainz,ferrari,Ferrari,18,4,4,12,53,Finished
2022,16,Italian Grand Prix,hamilton,Lewis Hamilton,mercedes,Mercedes,19,5,5,10,53,Finished
2022,16,Italian Grand Prix,perez,Sergio Pérez,red_bull,Red Bull,13,6,6,9,53,Finished
2022,16,Italian Grand Prix,norris,Lando Norris,mclaren,McLaren,3,7,7,6,53,Finished
2022,16,Italian Grand Prix,gasly,Pierre Gasly,alphatauri,AlphaTauri,5,8,8,4,53,Finished
2022,16,Italian Grand Prix,de_vries,Nyck de Vries,williams,Williams,8,9,9,2,53,Finished
2022,16,Italian Grand Prix,zhou,Guanyu Zhou,alfa,Alfa Romeo,9,10,10,1,53,Finished
2022,16,Italian Grand Prix,ocon,Esteban Ocon,alpine,Alpine F1 Team,14,11,11,0,53,Finished
2022,16,Italian Grand Prix,mick_schumacher,Mick Schumacher,haas,Haas F1 Team,17,12,12,0,53,Finished
2022,16,Italian Grand Prix,bottas,Valtteri Bottas,alfa,Alfa Romeo,15,13,13,0,52,+1 Lap
2022,16,Italian Grand Prix,tsunoda,Yuki Tsunoda,alphatauri,AlphaTauri,20,14,14,0,52,+1 Lap
2022,16,Italian Grand Prix,latifi,Nicholas Latifi,williams,Williams,10,15,15,0,52,+1 Lap
2022,16,Italian Grand Prix,kevin_magnussen,Kevin Magnussen,haas,Haas F1 Team,16,16,16,0,52,+1 Lap
2022,16,Italian Grand Prix,ricciardo,Daniel Ricciardo,mclaren,McLaren,4,17,R,0,45,Oil leak
2022,16,Italian Grand Prix,stroll,Lance Stroll,aston_martin,Aston Martin,12,18,R,0,39,Engine
2022,16,Italian Grand Prix,alonso,Fernando Alonso,alpine,Alpine F1 Team,6,19,R,0,31,Water pressure
2022,16,Italian Grand Prix,vettel,Sebastian Vettel,aston_martin,Aston Martin,11,20,R,0,10,Engine
2022,17,Singapore Grand Prix,perez,Sergio Pérez,red_bull,Red Bull,2,1,1,25,59,Finished
2022,17,Singapore Grand Prix,leclerc,Charles Leclerc,ferrari,Ferrari,1,2,2,18,59,Finished
2022,17,Singapore Grand Prix,sainz,Carlos Sainz,ferrari,Ferrari,4,3,3,15,59,Finished
2022,17,Singapore Grand Prix,norris,Lando Norris,mclaren,McLaren,6,4,4,12,59,Finished
2022,17,Singapore Grand Prix,ricciardo,Daniel Ricciardo,mclaren,McLaren,16,5,5,10,59,Finished
2022,17,Singapore Grand Prix,stroll,Lance Stroll,aston_martin,Aston Martin,11,6,6,8,59,Finished
2022,17,Singapore Grand Prix,max_verstappen,Max Verstappen,red_bull,Red Bull,8,7,7,6,59,Finished
2022,17,Singapore Grand Prix,vettel,Sebastian Vettel,aston_martin,Aston Martin,13,8,8,4,59,Finished
2022,17,Singapore Grand Prix,hamilton,Lewis Hamilton,mercedes,Mercedes,3,9,9,2,59,Finished
2022,17,Singapore Grand Prix,gasly,Pierre Gasly,alphatauri,AlphaTauri,7,10,10,1,59,Finished
2022,17,Singapore Grand Prix,bottas,Valtteri Bottas,alfa,Alfa Romeo,15,11,11,0,59,Finished
2022,17,Singapore Grand Prix,kevin_magnussen,Kevin Magnussen,haas,Haas F1 Team,9,12,12,0,59,Finished
2022,17,Singapore Grand Prix,mick_schumacher,Mick Schumacher,haas,Haas F1 Team,12,13,13,0,58,+1 Lap
2022,17,Singapore Grand Prix,russell,George Russell,mercedes,Mercedes,0,14,14,0,57,+2 Laps
2022,17,Singapore Grand Prix,tsunoda,Yuki Tsunoda,alphatauri,AlphaTauri,10,15,R,0,34,Accident
2022,17,Singapore Grand Prix,ocon,Esteban Ocon,alpine,Alpine F1 Team,17,16,R,0,26,Engine
2022,17,Singapore Grand Prix,albon,Alexander Albon,williams,Williams,18,17,R,0,25,Collision damage
2022,17,Singapore Grand Prix,alonso,Fernando Alonso,alpine,Alpine F1 Team,5,18,R,0,20,Engine
2022,17,Singapore Grand Prix,latifi,Nicholas Latifi,williams,Williams,19,19,R,0,7,Collision damage
2022,17,Singapore Grand Prix,zhou,Guanyu Zhou,alfa,Alfa Romeo,14,20,R,0,6,Collision
2022,18,Japanese Grand Prix,max_verstappen,Max Verstappen,red_bull,Red Bull,1,1,1,25,28,Finished
2022,18,Japanese Grand Prix,perez,Sergio Pérez,red_bull,Red Bull,4,2,2,18,28,Finished
2022,18,Japanese Grand Prix,leclerc,Charles Leclerc,ferrari,Ferrari,2,3,3,15,28,Finished
2022,18,Japanese Grand Prix,ocon,Esteban Ocon,alpine,Alpine F1 Team,5,4,4,12,28,Finished
2022,18,Japanese Grand Prix,hamilton,Lewis Hamilton,mercedes,Mercedes,6,5,5,10,28,Finished
2022,18,Japanese Grand Prix,vettel,Sebastian Vettel,aston_martin,Aston Martin,9,6,6,8,28,Finished
2022,18,Japanese Grand Prix,alonso,Fernando Alonso,alpine,Alpine F1 Team,7,7,7,6,28,Finished
2022,18,Japanese Grand Prix,russell,George Russell,mercedes,Mercedes,8,8,8,4,28,Finished
2022,18,Japanese Grand Prix,latifi,Nicholas Latifi,williams,Williams,20,9,9,2,28,Finished
2022,18,Japanese Grand Prix,norris,Lando Norris,mclaren,McLaren,10,10,10,1,28,Finished
2022,18,Japanese Grand Prix,ricciardo,Daniel Ricciardo,mclaren,McLaren,11,11,11,0,28,Finished
2022,18,Japanese Grand Prix,stroll,Lance Stroll,aston_martin,Aston Martin,19,12,12,0,28,Finished
2022,18,Japanese Grand Prix,tsunoda,Yuki Tsunoda,alphatauri,AlphaTauri,13,13,13,0,28,Finished
2022,18,Japanese Grand Prix,kevin_magnussen,Kevin Magnussen,haas,Haas F1 Team,18,14,14,0,28,Finished
2022,18,Japanese Grand Prix,bottas,Valtteri Bottas,alfa,Alfa Romeo,12,15,15,0,28,Finished
2022,18,Japanese Grand Prix,zhou,Guanyu Zhou,alfa,Alfa Romeo,14,16,16,0,28,Finished
2022,18,Japanese Grand Prix,mick_schumacher,Mick Schumacher,haas,Haas F1 Team,15,17,17,0,28,Finished
2022,18,Japanese Grand Prix,gasly,Pierre Gasly,alphatauri,AlphaTauri,17,18,18,0,28,Finished
2022,18,Japanese Grand Prix,sainz,Carlos Sainz,ferrari,Ferrari,3,19,R,0,0,Accident
2022,18,Japanese Grand Prix,albon,Alexander Albon,williams,Williams,16,20,R,0,0,Hydraulics
2022,19,United States Grand Prix,max_verstappen,Max Verstappen,red_bull,Red Bull,2,1,1,25,56,Finished
2022,19,United States Grand Prix,hamilton,Lewis Hamilton,mercedes,Mercedes,3,2,2,18,56,Finished
2022,19,United States Grand Prix,leclerc,Charles Leclerc,ferrari,Ferrari,12,3,3,15,56,Finished
2022,19,United States Grand Prix,perez,Sergio Pérez,red_bull,Red Bull,9,4,4,12,56,Finished
2022,19,United States Grand Prix,russell,George Russell,mercedes,Mercedes,4,5,5,11,56,Finished
2022,19,United States Grand Prix,norris,Lando Norris,mclaren,McLaren,6,6,6,8,56,Finished
2022,19,United States Grand Prix,alonso,Fernando Alonso,alpine,Alpine F1 Team,14,7,7,6,56,Finished
2022,19,United States Grand Prix,vettel,Sebastian Vettel,aston_martin,Aston Martin,10,8,8,4,56,Finished
2022,19,United States Grand Prix,kevin_magnussen,Kevin Magnussen,haas,Haas F1 Team,13,9,9,2,56,Finished
2022,19,United States Grand Prix,tsunoda,Yuki Tsunoda,alphatauri,AlphaTauri,19,10,10,1,56,Finished
2022,19,United States Grand Prix,ocon,Esteban Ocon,alpine,Alpine F1 Team,0,11,11,0,56,Finished
2022,19,United States Grand Prix,zhou,Guanyu Zhou,alfa,Alfa Romeo,18,12,12,0,56,Finished
2022,19,United States Grand Prix,albon,Alexander Albon,williams,Williams,8,13,13,0,56,Finished
2022,19,United States Grand Prix,gasly,Pierre Gasly,alphatauri,AlphaTauri,11,14,14,0,56,Finished
2022,19,United States Grand Prix,mick_schumacher,Mick Schumacher,haas,Haas F1 Team,16,15,15,0,56,Finished
2022,19,United States Grand Prix,ricciardo,Daniel Ricciardo,mclaren,McLaren,15,16,16,0,56,Finished
2022,19,United States Grand Prix,latifi,Nicholas Latifi,williams,Williams,17,17,17,0,56,Finished
2022,19,United States Grand Prix,stroll,Lance Stroll,aston_martin,Aston Martin,5,18,R,0,21,Collision
2022,19,United States Grand Prix,bottas,Valtteri Bottas,alfa,Alfa Romeo,7,19,R,0,16,Spun off
2022,19,United States Grand Prix,sainz,Carlos Sainz,ferrari,Ferrari,1,20,R,0,1,Collision damage
2022,20,Mexico City Grand Prix,max_verstappen,Max Verstappen,red_bull,Red Bull,1,1,1,25,71,Finished
2022,20,Mexico City Grand Prix,hamilton,Lewis Hamilton,mercedes,Mercedes,3,2,2,18,71,Finished
2022,20,Mexico City Grand Prix,perez,Sergio Pérez,red_bull,Red Bull,4,3,3,15,71,Finished
2022,20,Mexico City Grand Prix,russell,George Russell,mercedes,Mercedes,2,4,4,13,71,Finished
2022,20,Mexico City Grand Prix,sainz,Carlos Sainz,ferrari,Ferrari,5,5,5,10,71,Finished
2022,20,Mexico City Grand Prix,leclerc,Charles Leclerc,ferrari,Ferrari,7,6,6,8,71,Finished
2022,20,Mexico City Grand Prix,ricciardo,Daniel Ricciardo,mclaren,McLaren,11,7,7,6,70,+1 Lap
2022,20,Mexico City Grand Prix,ocon,Esteban Ocon,alpine,Alpine F1 Team,10,8,8,4,70,+1 Lap
2022,20,Mexico City Grand Prix,norris,Lando Norris,mclaren,McLaren,8,9,9,2,70,+1 Lap
2022,20,Mexico City Grand Prix,bottas,Valtteri Bottas,alfa,Alfa Romeo,6,10,10,1,70,+1 Lap
2022,20,Mexico City Grand Prix,gasly,Pierre Gasly,alphatauri,AlphaTauri,14,11,11,0,70,+1 Lap
2022,20,Mexico City Grand Prix,albon,Alexander Albon,williams,Williams,17,12,12,0,70,+1 Lap
2022,20,Mexico City Grand Prix,zhou,Guanyu Zhou,alfa,Alfa Romeo,12,13,13,0,70,+1 Lap
2022,20,Mexico City Grand Prix,vettel,Sebastian Vettel,aston_martin,Aston Martin,16,14,14,0,70,+1 Lap
2022,20,Mexico City Grand Prix,stroll,Lance Stroll,aston_martin,Aston Martin,20,15,15,0,70,+1 Lap
2022,20,Mexico City Grand Prix,mick_schumacher,Mick Schumacher,haas,Haas F1 Team,15,16,16,0,70,+1 Lap
2022,20,Mexico City Grand Prix,kevin_magnussen,Kevin Magnussen,haas,Haas F1 Team,19,17,17,0,70,+1 Lap
2022,20,Mexico City Grand Prix,latifi,Nicholas Latifi,williams,Williams,18,18,18,0,69,+2 Laps
2022,20,Mexico City Grand Prix,alonso,Fernando Alonso,alpine,Alpine F1 Team,9,19,19,0,63,Engine
2022,20,Mexico City Grand Prix,tsunoda,Yuki Tsunoda,alphatauri,AlphaTauri,13,20,R,0,50,Collision damage
2022,21,São Paulo Grand Prix,russell,George Russell,mercedes,Mercedes,1,1,1,26,71,Finished
2022,21,São Paulo Grand Prix,hamilton,Lewis Hamilton,mercedes,Mercedes,2,2,2,18,71,Finished
2022,21,São Paulo Grand Prix,sainz,Carlos Sainz,ferrari,Ferrari,7,3,3,15,71,Finished
2022,21,São Paulo Grand Prix,leclerc,Charles Leclerc,ferrari,Ferrari,5,4,4,12,71,Finished
2022,21,São Paulo Grand Prix,alonso,Fernando Alonso,alpine,Alpine F1 Team,17,5,5,10,71,Finished
2022,21,São Paulo Grand Prix,max_verstappen,Max Verstappen,red_bull,Red Bull,3,6,6,8,71,Finished
2022,21,São Paulo Grand Prix,perez,Sergio Pérez,red_bull,Red Bull,4,7,7,6,71,Finished
2022,21,São Paulo Grand Prix,ocon,Esteban Ocon,alpine,Alpine F1 Team,16,8,8,4,71,Finished
2022,21,São Paulo Grand Prix,bottas,Valtteri Bottas,alfa,Alfa Romeo,14,9,9,2,71,Finished
2022,21,São Paulo Grand Prix,stroll,Lance Stroll,aston_martin,Aston Martin,15,10,10,1,71,Finished
2022,21,São Paulo Grand Prix,vettel,Sebastian Vettel,aston_martin,Aston Martin,9,11,11,0,71,Finished
2022,21,São Paulo Grand Prix,zhou,Guanyu Zhou,alfa,Alfa Romeo,13,12,12,0,71,Finished
2022,21,São Paulo Grand Prix,mick_schumacher,Mick Schumacher,haas,Haas F1 Team,12,13,13,0,71,Finished
2022,21,São Paulo Grand Prix,gasly,Pierre Gasly,alphatauri,AlphaTauri,10,14,14,0,71,Finished
2022,21,São Paulo Grand Prix,albon,Alexander Albon,williams,Williams,19,15,15,0,71,Finished
2022,21,São Paulo Grand Prix,latifi,Nicholas Latifi,williams,Williams,18,16,16,0,71,Finished
2022,21,São Paulo Grand Prix,tsunoda,Yuki Tsunoda,alphatauri,AlphaTauri,0,17,17,0,70,+1 Lap
2022,21,São Paulo Grand Prix,norris,Lando Norris,mclaren,McLaren,6,18,R,0,50,Gearbox
2022,21,São Paulo Grand Prix,kevin_magnussen,Kevin Magnussen,haas,Haas F1 Team,8,19,R,0,0,Collision
2022,21,São Paulo Grand Prix,ricciardo,Daniel Ricciardo,mclaren,McLaren,11,20,R,0,0,Collision
2022,22,Abu Dhabi Grand Prix,max_verstappen,Max Verstappen,red_bull,Red Bull,1,1,1,25,58,Finished
2022,22,Abu Dhabi Grand Prix,leclerc,Charles Leclerc,ferrari,Ferrari,3,2,2,18,58,Finished
2022,22,Abu Dhabi Grand Prix,perez,Sergio Pérez,red_bull,Red Bull,2,3,3,15,58,Finished
2022,22,Abu Dhabi Grand Prix,sainz,Carlos Sainz,ferrari,Ferrari,4,4,4,12,58,Finished
2022,22,Abu Dhabi Grand Prix,russell,George Russell,mercedes,Mercedes,6,5,5,10,58,Finished
2022,22,Abu Dhabi Grand Prix,norris,Lando Norris,mclaren,McLaren,7,6,6,9,58,Finished
2022,22,Abu Dhabi Grand Prix,ocon,Esteban Ocon,alpine,Alpine F1 Team,8,7,7,6,58,Finished
2022,22,Abu Dhabi Grand Prix,stroll,Lance Stroll,aston_martin,Aston Martin,14,8,8,4,58,Finished
2022,22,Abu Dhabi Grand Prix,ricciardo,Daniel Ricciardo,mclaren,McLaren,13,9,9,2,58,Finished
2022,22,Abu Dhabi Grand Prix,vettel,Sebastian Vettel,aston_martin,Aston Martin,9,10,10,1,58,Finished
2022,22,Abu Dhabi Grand Prix,tsunoda,Yuki Tsunoda,alphatauri,AlphaTauri,11,11,11,0,58,Finished
2022,22,Abu Dhabi Grand Prix,zhou,Guanyu Zhou,alfa,Alfa Romeo,15,12,12,0,57,+1 Lap
2022,22,Abu Dhabi Grand Prix,albon,Alexander Albon,williams,Williams,19,13,13,0,57,+1 Lap
2022,22,Abu Dhabi Grand Prix,gasly,Pierre Gasly,alphatauri,AlphaTauri,17,14,14,0,57,+1 Lap
2022,22,Abu Dhabi Grand Prix,bottas,Valtteri Bottas,alfa,Alfa Romeo,18,15,15,0,57,+1 Lap
2022,22,Abu Dhabi Grand Prix,mick_schumacher,Mick Schumacher,haas,Haas F1 Team,12,16,16,0,57,+1 Lap
2022,22,Abu Dhabi Grand Prix,kevin_magnussen,Kevin Magnussen,haas,Haas F1 Team,16,17,17,0,57,+1 Lap
2022,22,Abu Dhabi Grand Prix,hamilton,Lewis Hamilton,mercedes,Mercedes,5,18,18,0,55,Hydraulics
2022,22,Abu Dhabi Grand Prix,latifi,Nicholas Latifi,williams,Williams,20,19,19,0,55,Collision damage
2022,22,Abu Dhabi Grand Prix,alonso,Fernando Alonso,alpine,Alpine F1 Team,10,20,R,0,27,Water leak
2023,1,Bahrain Grand Prix,max_verstappen,Max Verstappen,red_bull,Red Bull,1,1,1,25,57,Finished
2023,1,Bahrain Grand Prix,perez,Sergio Pérez,red_bull,Red Bull,2,2,2,18,57,Finished
2023,1,Bahrain Grand Prix,alonso,Fernando Alonso,aston_martin,Aston Martin,5,3,3,15,57,Finished
2023,1,Bahrain Grand Prix,sainz,Carlos Sainz,ferrari,Ferrari,4,4,4,12,57,Finished
2023,1,Bahrain Grand Prix,hamilton,Lewis Hamilton,mercedes,Mercedes,7,5,5,10,57,Finished
2023,1,Bahrain Grand Prix,stroll,Lance Stroll,aston_martin,Aston Martin,8,6,6,8,57,Finished
2023,1,Bahrain Grand Prix,russell,George Russell,mercedes,Mercedes,6,7,7,6,57,Finished
2023,1,Bahrain Grand Prix,bottas,Valtteri Bottas,alfa,Alfa Romeo,12,8,8,4,57,Finished
2023,1,Bahrain Grand Prix,gasly,Pierre Gasly,alpine,Alpine F1 Team,20,9,9,2,57,Finished
2023,1,Bahrain Grand Prix,albon,Alexander Albon,williams,Williams,15,10,10,1,57,Finished
2023,1,Bahrain Grand Prix,tsunoda,Yuki Tsunoda,alphatauri,AlphaTauri,14,11,11,0,57,Finished
2023,1,Bahrain Grand Prix,sargeant,Logan Sargeant,williams,Williams,16,12,12,0,56,Lapped
2023,1,Bahrain Grand Prix,kevin_magnussen,Kevin Magnussen,haas,Haas F1 Team,17,13,13,0,56,Lapped
2023,1,Bahrain Grand Prix,de_vries,Nyck de Vries,alphatauri,AlphaTauri,19,14,14,0,56,Lapped
2023,1,Bahrain Grand Prix,hulkenberg,Nico Hülkenberg,haas,Haas F1 Team,10,15,15,0,56,Lapped
2023,1,Bahrain Grand Prix,zhou,Guanyu Zhou,alfa,Alfa Romeo,13,16,16,0,56,Lapped
2023,1,Bahrain Grand Prix,norris,Lando Norris,mclaren,McLaren,11,17,17,0,55,Lapped
2023,1,Bahrain Grand Prix,ocon,Esteban Ocon,alpine,Alpine F1 Team,9,18,R,0,41,Retired
2023,1,Bahrain Grand Prix,leclerc,Charles Leclerc,ferrari,Ferrari,3,19,R,0,39,Retired
2023,1,Bahrain Grand Prix,piastri,Oscar Piastri,mclaren,McLaren,18,20,R,0,13,Retired
2023,2,Saudi Arabian Grand Prix,perez,Sergio Pérez,red_bull,Red Bull,1,1,1,25,50,Finished
2023,2,Saudi Arabian Grand Prix,max_verstappen,Max Verstappen,red_bull,Red Bull,15,2,2,19,50,Finished
2023,2,Saudi Arabian Grand Prix,alonso,Fernando Alonso,aston_martin,Aston Martin,2,3,3,15,50,Finished
2023,2,Saudi Arabian Grand Prix,russell,George Russell,mercedes,Mercedes,3,4,4,12,50,Finished
2023,2,Saudi Arabian Grand Prix,hamilton,Lewis Hamilton,mercedes,Mercedes,7,5,5,10,50,Finished
2023,2,Saudi Arabian Grand Prix,sainz,Carlos Sainz,ferrari,Ferrari,4,6,6,8,50,Finished
2023,2,Saudi Arabian Grand Prix,leclerc,Charles Leclerc,ferrari,Ferrari,12,7,7,6,50,Finished
2023,2,Saudi Arabian Grand Prix,ocon,Esteban Ocon,alpine,Alpine F1 Team,6,8,8,4,50,Finished
2023,2,Saudi Arabian Grand Prix,gasly,Pierre Gasly,alpine,Alpine F1 Team,9,9,9,2,50,Finished
2023,2,Saudi Arabian Grand Prix,kevin_magnussen,Kevin Magnussen,haas,Haas F1 Team,13,10,10,1,50,Finished
2023,2,Saudi Arabian Grand Prix,tsunoda,Yuki Tsunoda,alphatauri,AlphaTauri,16,11,11,0,50,Finished
2023,2,Saudi Arabian Grand Prix,hulkenberg,Nico Hülkenberg,haas,Haas F1 Team,10,12,12,0,50,Finished
2023,2,Saudi Arabian Grand Prix,zhou,Guanyu Zhou,alfa,Alfa Romeo,11,13,13,0,50,Finished
2023,2,Saudi Arabian Grand Prix,de_vries,Nyck de Vries,alphatauri,AlphaTauri,18,14,14,0,50,Finished
2023,2,Saudi Arabian Grand Prix,piastri,Oscar Piastri,mclaren,McLaren,8,15,15,0,50,Finished
2023,2,Saudi Arabian Grand Prix,sargeant,Logan Sargeant,williams,Williams,20,16,16,0,50,Finished
2023,2,Saudi Arabian Grand Prix,norris,Lando Norris,mclaren,McLaren,19,17,17,0,50,Finished
2023,2,Saudi Arabian Grand Prix,bottas,Valtteri Bottas,alfa,Alfa Romeo,14,18,18,0,49,Lapped
2023,2,Saudi Arabian Grand Prix,albon,Alexander Albon,williams,Williams,17,19,R,0,27,Retired
2023,2,Saudi Arabian Grand Prix,stroll,Lance Stroll,aston_martin,Aston Martin,5,20,R,0,16,Retired
2023,3,Australian Grand Prix,max_verstappen,Max Verstappen,red_bull,Red Bull,1,1,1,25,58,Finished
2023,3,Australian Grand Prix,hamilton,Lewis Hamilton,mercedes,Mercedes,3,2,2,18,58,Finished
2023,3,Australian Grand Prix,alonso,Fernando Alonso,aston_martin,Aston Martin,4,3,3,15,58,Finished
2023,3,Australian Grand Prix,stroll,Lance Stroll,aston_martin,Aston Martin,6,4,4,12,58,Finished
2023,3,Australian Grand Prix,perez,Sergio Pérez,red_bull,Red Bull,20,5,5,11,58,Finished
2023,3,Australian Grand Prix,norris,Lando Norris,mclaren,McLaren,13,6,6,8,58,Finished
2023,3,Australian Grand Prix,hulkenberg,Nico Hülkenberg,haas,Haas F1 Team,10,7,7,6,58,Finished
2023,3,Australian Grand Prix,piastri,Oscar Piastri,mclaren,McLaren,16,8,8,4,58,Finished
2023,3,Australian Grand Prix,zhou,Guanyu Zhou,alfa,Alfa Romeo,17,9,9,2,58,Finished
2023,3,Australian Grand Prix,tsunoda,Yuki Tsunoda,alphatauri,AlphaTauri,12,10,10,1,58,Finished
2023,3,Australian Grand Prix,bottas,Valtteri Bottas,alfa,Alfa Romeo,19,11,11,0,58,Finished
2023,3,Australian Grand Prix,sainz,Carlos Sainz,ferrari,Ferrari,5,12,12,0,58,Finished
2023,3,Australian Grand Prix,gasly,Pierre Gasly,alpine,Alpine F1 Team,9,13,13,0,56,Retired
2023,3,Australian Grand Prix,ocon,Esteban Ocon,alpine,Alpine F1 Team,11,14,14,0,56,Retired
2023,3,Australian Grand Prix,de_vries,Nyck de Vries,alphatauri,AlphaTauri,15,15,15,0,56,Retired
2023,3,Australian Grand Prix,sargeant,Logan Sargeant,williams,Williams,18,16,16,0,56,Retired
2023,3,Australian Grand Prix,kevin_magnussen,Kevin Magnussen,haas,Haas F1 Team,14,17,17,0,52,Retired
2023,3,Australian Grand Prix,russell,George Russell,mercedes,Mercedes,2,18,R,0,17,Retired
2023,3,Australian Grand Prix,albon,Alexander Albon,williams,Williams,8,19,R,0,6,Retired
2023,3,Australian Grand Prix,leclerc,Charles Leclerc,ferrari,Ferrari,7,20,R,0,0,Retired
2023,4,Azerbaijan Grand Prix,perez,Sergio Pérez,red_bull,Red Bull,3,1,1,25,51,Finished
2023,4,Azerbaijan Grand Prix,max_verstappen,Max Verstappen,red_bull,Red Bull,2,2,2,18,51,Finished
2023,4,Azerbaijan Grand Prix,leclerc,Charles Leclerc,ferrari,Ferrari,1,3,3,15,51,Finished
2023,4,Azerbaijan Grand Prix,alonso,Fernando Alonso,aston_martin,Aston Martin,6,4,4,12,51,Finished
2023,4,Azerbaijan Grand Prix,sainz,Carlos Sainz,ferrari,Ferrari,4,5,5,10,51,Finished
2023,4,Azerbaijan Grand Prix,hamilton,Lewis Hamilton,mercedes,Mercedes,5,6,6,8,51,Finished
2023,4,Azerbaijan Grand Prix,stroll,Lance Stroll,aston_martin,Aston Martin,9,7,7,6,51,Finished
2023,4,Azerbaijan Grand Prix,russell,George Russell,mercedes,Mercedes,11,8,8,5,51,Finished
2023,4,Azerbaijan Grand Prix,norris,Lando Norris,mclaren,McLaren,7,9,9,2,51,Finished
2023,4,Azerbaijan Grand Prix,tsunoda,Yuki Tsunoda,alphatauri,AlphaTauri,8,10,10,1,51,Finished
2023,4,Azerbaijan Grand Prix,piastri,Oscar Piastri,mclaren,McLaren,10,11,11,0,51,Finished
2023,4,Azerbaijan Grand Prix,albon,Alexander Albon,williams,Williams,12,12,12,0,51,Finished
2023,4,Azerbaijan Grand Prix,kevin_magnussen,Kevin Magnussen,haas,Haas F1 Team,16,13,13,0,51,Finished
2023,4,Azerbaijan Grand Prix,gasly,Pierre Gasly,alpine,Alpine F1 Team,17,14,14,0,51,Finished
2023,4,Azerbaijan Grand Prix,ocon,Esteban Ocon,alpine,Alpine F1 Team,19,15,15,0,51,Finished
2023,4,Azerbaijan Grand Prix,sargeant,Logan Sargeant,williams,Williams,14,16,16,0,51,Finished
2023,4,Azerbaijan Grand Prix,hulkenberg,Nico Hülkenberg,haas,Haas F1 Team,20,17,17,0,50,Lapped
2023,4,Azerbaijan Grand Prix,bottas,Valtteri Bottas,alfa,Alfa Romeo,13,18,18,0,50,Lapped
2023,4,Azerbaijan Grand Prix,zhou,Guanyu Zhou,alfa,Alfa Romeo,15,19,R,0,36,Retired
2023,4,Azerbaijan Grand Prix,de_vries,Nyck de Vries,alphatauri,AlphaTauri,18,20,R,0,9,Retired
2023,5,Miami Grand Prix,max_verstappen,Max Verstappen,red_bull,Red Bull,9,1,1,26,57,Finished
2023,5,Miami Grand Prix,perez,Sergio Pérez,red_bull,Red Bull,1,2,2,18,57,Finished
2023,5,Miami Grand Prix,alonso,Fernando Alonso,aston_martin,Aston Martin,2,3,3,15,57,Finished
2023,5,Miami Grand Prix,russell,George Russell,mercedes,Mercedes,6,4,4,12,57,Finished
2023,5,Miami Grand Prix,sainz,Carlos Sainz,ferrari,Ferrari,3,5,5,10,57,Finished
2023,5,Miami Grand Prix,hamilton,Lewis Hamilton,mercedes,Mercedes,13,6,6,8,57,Finished
2023,5,Miami Grand Prix,leclerc,Charles Leclerc,ferrari,Ferrari,7,7,7,6,57,Finished
2023,5,Miami Grand Prix,gasly,Pierre Gasly,alpine,Alpine F1 Team,5,8,8,4,57,Finished
2023,5,Miami Grand Prix,ocon,Esteban Ocon,alpine,Alpine F1 Team,8,9,9,2,57,Finished
2023,5,Miami Grand Prix,kevin_magnussen,Kevin Magnussen,haas,Haas F1 Team,4,10,10,1,57,Finished
2023,5,Miami Grand Prix,tsunoda,Yuki Tsunoda,alphatauri,AlphaTauri,17,11,11,0,57,Finished
2023,5,Miami Grand Prix,stroll,Lance Stroll,aston_martin,Aston Martin,18,12,12,0,57,Finished
2023,5,Miami Grand Prix,bottas,Valtteri Bottas,alfa,Alfa Romeo,10,13,13,0,57,Finished
2023,5,Miami Grand Prix,albon,Alexander Albon,williams,Williams,11,14,14,0,57,Finished
2023,5,Miami Grand Prix,hulkenberg,Nico Hülkenberg,haas,Haas F1 Team,12,15,15,0,57,Finished
2023,5,Miami Grand Prix,zhou,Guanyu Zhou,alfa,Alfa Romeo,14,16,16,0,57,Finished
2023,5,Miami Grand Prix,norris,Lando Norris,mclaren,McLaren,16,17,17,0,57,Finished
2023,5,Miami Grand Prix,de_vries,Nyck de Vries,alphatauri,AlphaTauri,15,18,18,0,57,Finished
2023,5,Miami Grand Prix,piastri,Oscar Piastri,mclaren,McLaren,19,19,19,0,56,Lapped
2023,5,Miami Grand Prix,sargeant,Logan Sargeant,williams,Williams,20,20,20,0,56,Lapped
2023,6,Monaco Grand Prix,max_verstappen,Max Verstappen,red_bull,Red Bull,1,1,1,25,78,Finished
2023,6,Monaco Grand Prix,alonso,Fernando Alonso,aston_martin,Aston Martin,2,2,2,18,78,Finished
2023,6,Monaco Grand Prix,ocon,Esteban Ocon,alpine,Alpine F1 Team,3,3,3,15,78,Finished
2023,6,Monaco Grand Prix,hamilton,Lewis Hamilton,mercedes,Mercedes,5,4,4,13,78,Finished
2023,6,Monaco Grand Prix,russell,George Russell,mercedes,Mercedes,8,5,5,10,78,Finished
2023,6,Monaco Grand Prix,leclerc,Charles Leclerc,ferrari,Ferrari,6,6,6,8,78,Finished
2023,6,Monaco Grand Prix,gasly,Pierre Gasly,alpine,Alpine F1 Team,7,7,7,6,78,Finished
2023,6,Monaco Grand Prix,sainz,Carlos Sainz,ferrari,Ferrari,4,8,8,4,78,Finished
2023,6,Monaco Grand Prix,norris,Lando Norris,mclaren,McLaren,10,9,9,2,77,Lapped
2023,6,Monaco Grand Prix,piastri,Oscar Piastri,mclaren,McLaren,11,10,10,1,77,Lapped
2023,6,Monaco Grand Prix,bottas,Valtteri Bottas,alfa,Alfa Romeo,15,11,11,0,77,Lapped
2023,6,Monaco Grand Prix,de_vries,Nyck de Vries,alphatauri,AlphaTauri,12,12,12,0,77,Lapped
2023,6,Monaco Grand Prix,zhou,Guanyu Zhou,alfa,Alfa Romeo,19,13,13,0,77,Lapped
2023,6,Monaco Grand Prix,albon,Alexander Albon,williams,Williams,13,14,14,0,77,Lapped
2023,6,Monaco Grand Prix,tsunoda,Yuki Tsunoda,alphatauri,AlphaTauri,9,15,15,0,76,Lapped
2023,6,Monaco Grand Prix,perez,Sergio Pérez,red_bull,Red Bull,20,16,16,0,76,Lapped
2023,6,Monaco Grand Prix,hulkenberg,Nico Hülkenberg,haas,Haas F1 Team,18,17,17,0,76,Lapped
2023,6,Monaco Grand Prix,sargeant,Logan Sargeant,williams,Williams,16,18,18,0,76,Lapped
2023,6,Monaco Grand Prix,kevin_magnussen,Kevin Magnussen,haas,Haas F1 Team,17,19,19,0,70,Retired
2023,6,Monaco Grand Prix,stroll,Lance Stroll,aston_martin,Aston Martin,14,20,R,0,53,Retired
2023,7,Spanish Grand Prix,max_verstappen,Max Verstappen,red_bull,Red Bull,1,1,1,26,66,Finished
2023,7,Spanish Grand Prix,hamilton,Lewis Hamilton,mercedes,Mercedes,4,2,2,18,66,Finished
2023,7,Spanish Grand Prix,russell,George Russell,mercedes,Mercedes,12,3,3,15,66,Finished
2023,7,Spanish Grand Prix,perez,Sergio Pérez,red_bull,Red Bull,11,4,4,12,66,Finished
2023,7,Spanish Grand Prix,sainz,Carlos Sainz,ferrari,Ferrari,2,5,5,10,66,Finished
2023,7,Spanish Grand Prix,stroll,Lance Stroll,aston_martin,Aston Martin,5,6,6,8,66,Finished
2023,7,Spanish Grand Prix,alonso,Fernando Alonso,aston_martin,Aston Martin,8,7,7,6,66,Finished
2023,7,Spanish Grand Prix,ocon,Esteban Ocon,alpine,Alpine F1 Team,6,8,8,4,66,Finished
2023,7,Spanish Grand Prix,zhou,Guanyu Zhou,alfa,Alfa Romeo,13,9,9,2,66,Finished
2023,7,Spanish Grand Prix,gasly,Pierre Gasly,alpine,Alpine F1 Team,10,10,10,1,66,Finished
2023,7,Spanish Grand Prix,leclerc,Charles Leclerc,ferrari,Ferrari,19,11,11,0,66,Finished
2023,7,Spanish Grand Prix,tsunoda,Yuki Tsunoda,alphatauri,AlphaTauri,15,12,12,0,66,Finished
2023,7,Spanish Grand Prix,piastri,Oscar Piastri,mclaren,McLaren,9,13,13,0,65,Lapped
2023,7,Spanish Grand Prix,de_vries,Nyck de Vries,alphatauri,AlphaTauri,14,14,14,0,65,Lapped
2023,7,Spanish Grand Prix,hulkenberg,Nico Hülkenberg,haas,Haas F1 Team,7,15,15,0,65,Lapped
2023,7,Spanish Grand Prix,albon,Alexander Albon,williams,Williams,18,16,16,0,65,Lapped
2023,7,Spanish Grand Prix,norris,Lando Norris,mclaren,McLaren,3,17,17,0,65,Lapped
2023,7,Spanish Grand Prix,kevin_magnussen,Kevin Magnussen,haas,Haas F1 Team,17,18,18,0,65,Lapped
2023,7,Spanish Grand Prix,bottas,Valtteri Bottas,alfa,Alfa Romeo,16,19,19,0,65,Lapped
2023,7,Spanish Grand Prix,sargeant,Logan Sargeant,williams,Williams,20,20,20,0,65,Lapped
2023,8,Canadian Grand Prix,max_verstappen,Max Verstappen,red_bull,Red Bull,1,1,1,25,70,Finished
2023,8,Canadian Grand Prix,alonso,Fernando Alonso,aston_martin,Aston Martin,2,2,2,18,70,Finished
2023,8,Canadian Grand Prix,hamilton,Lewis Hamilton,mercedes,Mercedes,3,3,3,15,70,Finished
2023,8,Canadian Grand Prix,leclerc,Charles Leclerc,ferrari,Ferrari,10,4,4,12,70,Finished
2023,8,Canadian Grand Prix,sainz,Carlos Sainz,ferrari,Ferrari,11,5,5,10,70,Finished
2023,8,Canadian Grand Prix,perez,Sergio Pérez,red_bull,Red Bull,12,6,6,9,70,Finished
2023,8,Canadian Grand Prix,albon,Alexander Albon,williams,Williams,9,7,7,6,70,Finished
2023,8,Canadian Grand Prix,ocon,Esteban Ocon,alpine,Alpine F1 Team,6,8,8,4,70,Finished
2023,8,Canadian Grand Prix,stroll,Lance Stroll,aston_martin,Aston Martin,16,9,9,2,70,Finished
2023,8,Canadian Grand Prix,bottas,Valtteri Bottas,alfa,Alfa Romeo,14,10,10,1,70,Finished
2023,8,Canadian Grand Prix,piastri,Oscar Piastri,mclaren,McLaren,8,11,11,0,70,Finished
2023,8,Canadian Grand Prix,gasly,Pierre Gasly,alpine,Alpine F1 Team,15,12,12,0,70,Finished
2023,8,Canadian Grand Prix,norris,Lando Norris,mclaren,McLaren,7,13,13,0,70,Finished
2023,8,Canadian Grand Prix,tsunoda,Yuki Tsunoda,alphatauri,AlphaTauri,19,14,14,0,70,Finished
2023,8,Canadian Grand Prix,hulkenberg,Nico Hülkenberg,haas,Haas F1 Team,5,15,15,0,69,Lapped
2023,8,Canadian Grand Prix,zhou,Guanyu Zhou,alfa,Alfa Romeo,20,16,16,0,69,Lapped
2023,8,Canadian Grand Prix,kevin_magnussen,Kevin Magnussen,haas,Haas F1 Team,13,17,17,0,69,Lapped
2023,8,Canadian Grand Prix,de_vries,Nyck de Vries,alphatauri,AlphaTauri,17,18,18,0,69,Lapped
2023,8,Canadian Grand Prix,russell,George Russell,mercedes,Mercedes,4,19,R,0,53,Retired
2023,8,Canadian Grand Prix,sargeant,Logan Sargeant,williams,Williams,18,20,R,0,6,Retired
2023,9,Austrian Grand Prix,max_verstappen,Max Verstappen,red_bull,Red Bull,1,1,1,26,71,Finished
2023,9,Austrian Grand Prix,leclerc,Charles Leclerc,ferrari,Ferrari,2,2,2,18,71,Finished
2023,9,Austrian Grand Prix,perez,Sergio Pérez,red_bull,Red Bull,15,3,3,15,71,Finished
2023,9,Austrian Grand Prix,norris,Lando Norris,mclaren,McLaren,4,4,4,12,71,Finished
2023,9,Austrian Grand Prix,alonso,Fernando Alonso,aston_martin,Aston Martin,7,5,5,10,71,Finished
2023,9,Austrian Grand Prix,sainz,Carlos Sainz,ferrari,Ferrari,3,6,6,8,71,Finished
2023,9,Austrian Grand Prix,russell,George Russell,mercedes,Mercedes,11,7,7,6,71,Finished
2023,9,Austrian Grand Prix,hamilton,Lewis Hamilton,mercedes,Mercedes,5,8,8,4,71,Finished
2023,9,Austrian Grand Prix,stroll,Lance Stroll,aston_martin,Aston Martin,6,9,9,2,71,Finished
2023,9,Austrian Grand Prix,gasly,Pierre Gasly,alpine,Alpine F1 Team,9,10,10,1,71,Finished
2023,9,Austrian Grand Prix,albon,Alexander Albon,williams,Williams,10,11,11,0,71,Finished
2023,9,Austrian Grand Prix,zhou,Guanyu Zhou,alfa,Alfa Romeo,17,12,12,0,70,Lapped
2023,9,Austrian Grand Prix,sargeant,Logan Sargeant,williams,Williams,18,13,13,0,70,Lapped
2023,9,Austrian Grand Prix,ocon,Esteban Ocon,alpine,Alpine F1 Team,12,14,14,0,70,Lapped
2023,9,Austrian Grand Prix,bottas,Valtteri Bottas,alfa,Alfa Romeo,14,15,15,0,70,Lapped
2023,9,Austrian Grand Prix,piastri,Oscar Piastri,mclaren,McLaren,13,16,16,0,70,Lapped
2023,9,Austrian Grand Prix,de_vries,Nyck de Vries,alphatauri,AlphaTauri,20,17,17,0,70,Lapped
2023,9,Austrian Grand Prix,kevin_magnussen,Kevin Magnussen,haas,Haas F1 Team,19,18,18,0,70,Lapped
2023,9,Austrian Grand Prix,tsunoda,Yuki Tsunoda,alphatauri,AlphaTauri,16,19,19,0,70,Lapped
2023,9,Austrian Grand Prix,hulkenberg,Nico Hülkenberg,haas,Haas F1 Team,8,20,R,0,12,Retired
2023,10,British Grand Prix,max_verstappen,Max Verstappen,red_bull,Red Bull,1,1,1,26,52,Finished
2023,10,British Grand Prix,norris,Lando Norris,mclaren,McLaren,2,2,2,18,52,Finished
2023,10,British Grand Prix,hamilton,Lewis Hamilton,mercedes,Mercedes,7,3,3,15,52,Finished
2023,10,British Grand Prix,piastri,Oscar Piastri,mclaren,McLaren,3,4,4,12,52,Finished
2023,10,British Grand Prix,russell,George Russell,mercedes,Mercedes,6,5,5,10,52,Finished
2023,10,British Grand Prix,perez,Sergio Pérez,red_bull,Red Bull,15,6,6,8,52,Finished
2023,10,British Grand Prix,alonso,Fernando Alonso,aston_martin,Aston Martin,9,7,7,6,52,Finished
2023,10,British Grand Prix,albon,Alexander Albon,williams,Williams,8,8,8,4,52,Finished
2023,10,British Grand Prix,leclerc,Charles Leclerc,ferrari,Ferrari,4,9,9,2,52,Finished
2023,10,British Grand Prix,sainz,Carlos Sainz,ferrari,Ferrari,5,10,10,1,52,Finished
2023,10,British Grand Prix,sargeant,Logan Sargeant,williams,Williams,14,11,11,0,52,Finished
2023,10,British Grand Prix,bottas,Valtteri Bottas,alfa,Alfa Romeo,20,12,12,0,52,Finished
2023,10,British Grand Prix,hulkenberg,Nico Hülkenberg,haas,Haas F1 Team,11,13,13,0,52,Finished
2023,10,British Grand Prix,stroll,Lance Stroll,aston_martin,Aston Martin,12,14,14,0,52,Finished
2023,10,British Grand Prix,zhou,Guanyu Zhou,alfa,Alfa Romeo,17,15,15,0,52,Finished
2023,10,British Grand Prix,tsunoda,Yuki Tsunoda,alphatauri,AlphaTauri,16,16,16,0,52,Finished
2023,10,British Grand Prix,de_vries,Nyck de Vries,alphatauri,AlphaTauri,18,17,17,0,52,Finished
2023,10,British Grand Prix,gasly,Pierre Gasly,alpine,Alpine F1 Team,10,18,18,0,46,Retired
2023,10,British Grand Prix,kevin_magnussen,Kevin Magnussen,haas,Haas F1 Team,19,19,R,0,31,Retired
2023,10,British Grand Prix,ocon,Esteban Ocon,alpine,Alpine F1 Team,13,20,R,0,9,Retired
2023,11,Hungarian Grand Prix,max_verstappen,Max Verstappen,red_bull,Red Bull,2,1,1,26,70,Finished
2023,11,Hungarian Grand Prix,norris,Lando Norris,mclaren,McLaren,3,2,2,18,70,Finished
2023,11,Hungarian Grand Prix,perez,Sergio Pérez,red_bull,Red Bull,9,3,3,15,70,Finished
2023,11,Hungarian Grand Prix,hamilton,Lewis Hamilton,mercedes,Mercedes,1,4,4,12,70,Finished
2023,11,Hungarian Grand Prix,piastri,Oscar Piastri,mclaren,McLaren,4,5,5,10,70,Finished
2023,11,Hungarian Grand Prix,russell,George Russell,mercedes,Mercedes,18,6,6,8,70,Finished
2023,11,Hungarian Grand Prix,leclerc,Charles Leclerc,ferrari,Ferrari,6,7,7,6,70,Finished
2023,11,Hungarian Grand Prix,sainz,Carlos Sainz,ferrari,Ferrari,11,8,8,4,70,Finished
2023,11,Hungarian Grand Prix,alonso,Fernando Alonso,aston_martin,Aston Martin,8,9,9,2,70,Finished
2023,11,Hungarian Grand Prix,stroll,Lance Stroll,aston_martin,Aston Martin,14,10,10,1,69,Lapped
2023,11,Hungarian Grand Prix,albon,Alexander Albon,williams,Williams,16,11,11,0,69,Lapped
2023,11,Hungarian Grand Prix,bottas,Valtteri Bottas,alfa,Alfa Romeo,7,12,12,0,69,Lapped
2023,11,Hungarian Grand Prix,ricciardo,Daniel Ricciardo,alphatauri,AlphaTauri,13,13,13,0,69,Lapped
2023,11,Hungarian Grand Prix,hulkenberg,Nico Hülkenberg,haas,Haas F1 Team,10,14,14,0,69,Lapped
2023,11,Hungarian Grand Prix,tsunoda,Yuki Tsunoda,alphatauri,AlphaTauri,17,15,15,0,69,Lapped
2023,11,Hungarian Grand Prix,zhou,Guanyu Zhou,alfa,Alfa Romeo,5,16,16,0,69,Lapped
2023,11,Hungarian Grand Prix,kevin_magnussen,Kevin Magnussen,haas,Haas F1 Team,19,17,17,0,69,Lapped
2023,11,Hungarian Grand Prix,sargeant,Logan Sargeant,williams,Williams,20,18,18,0,67,Retired
2023,11,Hungarian Grand Prix,ocon,Esteban Ocon,alpine,Alpine F1 Team,12,19,R,0,2,Retired
2023,11,Hungarian Grand Prix,gasly,Pierre Gasly,alpine,Alpine F1 Team,15,20,R,0,1,Retired
2023,12,Belgian Grand Prix,max_verstappen,Max Verstappen,red_bull,Red Bull,6,1,1,25,44,Finished
2023,12,Belgian Grand Prix,perez,Sergio Pérez,red_bull,Red Bull,2,2,2,18,44,Finished
2023,12,Belgian Grand Prix,leclerc,Charles Leclerc,ferrari,Ferrari,1,3,3,15,44,Finished
2023,12,Belgian Grand Prix,hamilton,Lewis Hamilton,mercedes,Mercedes,3,4,4,13,44,Finished
2023,12,Belgian Grand Prix,alonso,Fernando Alonso,aston_martin,Aston Martin,9,5,5,10,44,Finished
2023,12,Belgian Grand Prix,russell,George Russell,mercedes,Mercedes,8,6,6,8,44,Finished
2023,12,Belgian Grand Prix,norris,Lando Norris,mclaren,McLaren,7,7,7,6,44,Finished
2023,12,Belgian Grand Prix,ocon,Esteban Ocon,alpine,Alpine F1 Team,14,8,8,4,44,Finished
2023,12,Belgian Grand Prix,stroll,Lance Stroll,aston_martin,Aston Martin,10,9,9,2,44,Finished
2023,12,Belgian Grand Prix,tsunoda,Yuki Tsunoda,alphatauri,AlphaTauri,11,10,10,1,44,Finished
2023,12,Belgian Grand Prix,gasly,Pierre Gasly,alpine,Alpine F1 Team,12,11,11,0,44,Finished
2023,12,Belgian Grand Prix,bottas,Valtteri Bottas,alfa,Alfa Romeo,13,12,12,0,44,Finished
2023,12,Belgian Grand Prix,zhou,Guanyu Zhou,alfa,Alfa Romeo,17,13,13,0,44,Finished
2023,12,Belgian Grand Prix,albon,Alexander Albon,williams,Williams,15,14,14,0,44,Finished
2023,12,Belgian Grand Prix,kevin_magnussen,Kevin Magnussen,haas,Haas F1 Team,16,15,15,0,44,Finished
2023,12,Belgian Grand Prix,ricciardo,Daniel Ricciardo,alphatauri,AlphaTauri,19,16,16,0,44,Finished
2023,12,Belgian Grand Prix,sargeant,Logan Sargeant,williams,Williams,18,17,17,0,44,Finished
2023,12,Belgian Grand Prix,hulkenberg,Nico Hülkenberg,haas,Haas F1 Team,20,18,18,0,44,Finished
2023,12,Belgian Grand Prix,sainz,Carlos Sainz,ferrari,Ferrari,4,19,R,0,23,Retired
2023,12,Belgian Grand Prix,piastri,Oscar Piastri,mclaren,McLaren,5,20,R,0,0,Retired
2023,13,Dutch Grand Prix,max_verstappen,Max Verstappen,red_bull,Red Bull,1,1,1,25,72,Finished
2023,13,Dutch Grand Prix,alonso,Fernando Alonso,aston_martin,Aston Martin,5,2,2,19,72,Finished
2023,13,Dutch Grand Prix,gasly,Pierre Gasly,alpine,Alpine F1 Team,12,3,3,15,72,Finished
2023,13,Dutch Grand Prix,perez,Sergio Pérez,red_bull,Red Bull,7,4,4,12,72,Finished
2023,13,Dutch Grand Prix,sainz,Carlos Sainz,ferrari,Ferrari,6,5,5,10,72,Finished
2023,13,Dutch Grand Prix,hamilton,Lewis Hamilton,mercedes,Mercedes,13,6,6,8,72,Finished
2023,13,Dutch Grand Prix,norris,Lando Norris,mclaren,McLaren,2,7,7,6,72,Finished
2023,13,Dutch Grand Prix,albon,Alexander Albon,williams,Williams,4,8,8,4,72,Finished
2023,13,Dutch Grand Prix,piastri,Oscar Piastri,mclaren,McLaren,8,9,9,2,72,Finished
2023,13,Dutch Grand Prix,ocon,Esteban Ocon,alpine,Alpine F1 Team,16,10,10,1,72,Finished
2023,13,Dutch Grand Prix,stroll,Lance Stroll,aston_martin,Aston Martin,11,11,11,0,72,Finished
2023,13,Dutch Grand Prix,hulkenberg,Nico Hülkenberg,haas,Haas F1 Team,14,12,12,0,72,Finished
2023,13,Dutch Grand Prix,lawson,Liam Lawson,alphatauri,AlphaTauri,19,13,13,0,72,Finished
2023,13,Dutch Grand Prix,bottas,Valtteri Bottas,alfa,Alfa Romeo,18,14,14,0,72,Finished
2023,13,Dutch Grand Prix,tsunoda,Yuki Tsunoda,alphatauri,AlphaTauri,17,15,15,0,72,Finished
2023,13,Dutch Grand Prix,kevin_magnussen,Kevin Magnussen,haas,Haas F1 Team,0,16,16,0,72,Finished
2023,13,Dutch Grand Prix,russell,George Russell,mercedes,Mercedes,3,17,17,0,72,Finished
2023,13,Dutch Grand Prix,zhou,Guanyu Zhou,alfa,Alfa Romeo,15,18,R,0,62,Accident
2023,13,Dutch Grand Prix,leclerc,Charles Leclerc,ferrari,Ferrari,9,19,R,0,41,Undertray
2023,13,Dutch Grand Prix,sargeant,Logan Sargeant,williams,Williams,10,20,R,0,14,Accident
2023,14,Italian Grand Prix,max_verstappen,Max Verstappen,red_bull,Red Bull,2,1,1,25,51,Finished
2023,14,Italian Grand Prix,perez,Sergio Pérez,red_bull,Red Bull,5,2,2,18,51,Finished
2023,14,Italian Grand Prix,sainz,Carlos Sainz,ferrari,Ferrari,1,3,3,15,51,Finished
2023,14,Italian Grand Prix,leclerc,Charles Leclerc,ferrari,Ferrari,3,4,4,12,51,Finished
2023,14,Italian Grand Prix,russell,George Russell,mercedes,Mercedes,4,5,5,10,51,Finished
2023,14,Italian Grand Prix,hamilton,Lewis Hamilton,mercedes,Mercedes,8,6,6,8,51,Finished
2023,14,Italian Grand Prix,albon,Alexander Albon,williams,Williams,6,7,7,6,51,Finished
2023,14,Italian Grand Prix,norris,Lando Norris,mclaren,McLaren,9,8,8,4,51,Finished
2023,14,Italian Grand Prix,alonso,Fernando Alonso,aston_martin,Aston Martin,10,9,9,2,51,Finished
2023,14,Italian Grand Prix,bottas,Valtteri Bottas,alfa,Alfa Romeo,14,10,10,1,51,Finished
2023,14,Italian Grand Prix,lawson,Liam Lawson,alphatauri,AlphaTauri,12,11,11,0,51,Finished
2023,14,Italian Grand Prix,piastri,Oscar Piastri,mclaren,McLaren,7,12,12,0,51,Finished
2023,14,Italian Grand Prix,sargeant,Logan Sargeant,williams,Williams,15,13,13,0,51,Finished
2023,14,Italian Grand Prix,zhou,Guanyu Zhou,alfa,Alfa Romeo,16,14,14,0,51,Finished
2023,14,Italian Grand Prix,gasly,Pierre Gasly,alpine,Alpine F1 Team,17,15,15,0,51,Finished
2023,14,Italian Grand Prix,stroll,Lance Stroll,aston_martin,Aston Martin,20,16,16,0,51,Finished
2023,14,Italian Grand Prix,hulkenberg,Nico Hülkenberg,haas,Haas F1 Team,13,17,17,0,50,Lapped
2023,14,Italian Grand Prix,kevin_magnussen,Kevin Magnussen,haas,Haas F1 Team,19,18,18,0,50,Lapped
2023,14,Italian Grand Prix,ocon,Esteban Ocon,alpine,Alpine F1 Team,18,19,R,0,39,Retired
2023,14,Italian Grand Prix,tsunoda,Yuki Tsunoda,alphatauri,AlphaTauri,11,20,W,0,0,Did not start
2023,15,Singapore Grand Prix,sainz,Carlos Sainz,ferrari,Ferrari,1,1,1,25,62,Finished
2023,15,Singapore Grand Prix,norris,Lando Norris,mclaren,McLaren,4,2,2,18,62,Finished
2023,15,Singapore Grand Prix,hamilton,Lewis Hamilton,mercedes,Mercedes,5,3,3,16,62,Finished
2023,15,Singapore Grand Prix,leclerc,Charles Leclerc,ferrari,Ferrari,3,4,4,12,62,Finished
2023,15,Singapore Grand Prix,max_verstappen,Max Verstappen,red_bull,Red Bull,11,5,5,10,62,Finished
2023,15,Singapore Grand Prix,gasly,Pierre Gasly,alpine,Alpine F1 Team,12,6,6,8,62,Finished
2023,15,Singapore Grand Prix,piastri,Oscar Piastri,mclaren,McLaren,17,7,7,6,62,Finished
2023,15,Singapore Grand Prix,perez,Sergio Pérez,red_bull,Red Bull,13,8,8,4,62,Finished
2023,15,Singapore Grand Prix,lawson,Liam Lawson,alphatauri,AlphaTauri,10,9,9,2,62,Finished
2023,15,Singapore Grand Prix,kevin_magnussen,Kevin Magnussen,haas,Haas F1 Team,6,10,10,1,62,Finished
2023,15,Singapore Grand Prix,albon,Alexander Albon,williams,Williams,14,11,11,0,62,Finished
2023,15,Singapore Grand Prix,zhou,Guanyu Zhou,alfa,Alfa Romeo,19,12,12,0,62,Finished
2023,15,Singapore Grand Prix,hulkenberg,Nico Hülkenberg,haas,Haas F1 Team,9,13,13,0,62,Finished
2023,15,Singapore Grand Prix,sargeant,Logan Sargeant,williams,Williams,18,14,14,0,62,Finished
2023,15,Singapore Grand Prix,alonso,Fernando Alonso,aston_martin,Aston Martin,7,15,15,0,62,Finished
2023,15,Singapore Grand Prix,russell,George Russell,mercedes,Mercedes,2,16,16,0,61,Retired
2023,15,Singapore Grand Prix,bottas,Valtteri Bottas,alfa,Alfa Romeo,16,17,R,0,51,Retired
2023,15,Singapore Grand Prix,ocon,Esteban Ocon,alpine,Alpine F1 Team,8,18,R,0,42,Retired
2023,15,Singapore Grand Prix,tsunoda,Yuki Tsunoda,alphatauri,AlphaTauri,15,19,R,0,0,Retired
2023,15,Singapore Grand Prix,stroll,Lance Stroll,aston_martin,Aston Martin,0,20,W,0,0,Withdrew
2023,16,Japanese Grand Prix,max_verstappen,Max Verstappen,red_bull,Red Bull,1,1,1,26,53,Finished
2023,16,Japanese Grand Prix,norris,Lando Norris,mclaren,McLaren,3,2,2,18,53,Finished
2023,16,Japanese Grand Prix,piastri,Oscar Piastri,mclaren,McLaren,2,3,3,15,53,Finished
2023,16,Japanese Grand Prix,leclerc,Charles Leclerc,ferrari,Ferrari,4,4,4,12,53,Finished
2023,16,Japanese Grand Prix,hamilton,Lewis Hamilton,mercedes,Mercedes,7,5,5,10,53,Finished
2023,16,Japanese Grand Prix,sainz,Carlos Sainz,ferrari,Ferrari,6,6,6,8,53,Finished
2023,16,Japanese Grand Prix,russell,George Russell,mercedes,Mercedes,8,7,7,6,53,Finished
2023,16,Japanese Grand Prix,alonso,Fernando Alonso,aston_martin,Aston Martin,10,8,8,4,53,Finished
2023,16,Japanese Grand Prix,ocon,Esteban Ocon,alpine,Alpine F1 Team,14,9,9,2,53,Finished
2023,16,Japanese Grand Prix,gasly,Pierre Gasly,alpine,Alpine F1 Team,12,10,10,1,53,Finished
2023,16,Japanese Grand Prix,lawson,Liam Lawson,alphatauri,AlphaTauri,11,11,11,0,52,Lapped
2023,16,Japanese Grand Prix,tsunoda,Yuki Tsunoda,alphatauri,AlphaTauri,9,12,12,0,52,Lapped
2023,16,Japanese Grand Prix,zhou,Guanyu Zhou,alfa,Alfa Romeo,19,13,13,0,52,Lapped
2023,16,Japanese Grand Prix,hulkenberg,Nico Hülkenberg,haas,Haas F1 Team,18,14,14,0,52,Lapped
2023,16,Japanese Grand Prix,kevin_magnussen,Kevin Magnussen,haas,Haas F1 Team,15,15,15,0,52,Lapped
2023,16,Japanese Grand Prix,albon,Alexander Albon,williams,Williams,13,16,R,0,26,Retired
2023,16,Japanese Grand Prix,sargeant,Logan Sargeant,williams,Williams,20,17,R,0,22,Retired
2023,16,Japanese Grand Prix,stroll,Lance Stroll,aston_martin,Aston Martin,17,18,R,0,20,Retired
2023,16,Japanese Grand Prix,perez,Sergio Pérez,red_bull,Red Bull,5,19,R,0,15,Retired
2023,16,Japanese Grand Prix,bottas,Valtteri Bottas,alfa,Alfa Romeo,16,20,R,0,7,Retired
2023,17,Qatar Grand Prix,max_verstappen,Max Verstappen,red_bull,Red Bull,1,1,1,26,57,Finished
2023,17,Qatar Grand Prix,piastri,Oscar Piastri,mclaren,McLaren,6,2,2,18,57,Finished
2023,17,Qatar Grand Prix,norris,Lando Norris,mclaren,McLaren,10,3,3,15,57,Finished
2023,17,Qatar Grand Prix,russell,George Russell,mercedes,Mercedes,2,4,4,12,57,Finished
2023,17,Qatar Grand Prix,leclerc,Charles Leclerc,ferrari,Ferrari,5,5,5,10,57,Finished
2023,17,Qatar Grand Prix,alonso,Fernando Alonso,aston_martin,Aston Martin,4,6,6,8,57,Finished
2023,17,Qatar Grand Prix,ocon,Esteban Ocon,alpine,Alpine F1 Team,8,7,7,6,57,Finished
2023,17,Qatar Grand Prix,bottas,Valtteri Bottas,alfa,Alfa Romeo,9,8,8,4,57,Finished
2023,17,Qatar Grand Prix,zhou,Guanyu Zhou,alfa,Alfa Romeo,19,9,9,2,57,Finished
2023,17,Qatar Grand Prix,perez,Sergio Pérez,red_bull,Red Bull,20,10,10,1,57,Finished
2023,17,Qatar Grand Prix,stroll,Lance Stroll,aston_martin,Aston Martin,16,11,11,0,57,Finished
2023,17,Qatar Grand Prix,gasly,Pierre Gasly,alpine,Alpine F1 Team,7,12,12,0,57,Finished
2023,17,Qatar Grand Prix,albon,Alexander Albon,williams,Williams,13,13,13,0,57,Finished
2023,17,Qatar Grand Prix,kevin_magnussen,Kevin Magnussen,haas,Haas F1 Team,18,14,14,0,56,Lapped
2023,17,Qatar Grand Prix,tsunoda,Yuki Tsunoda,alphatauri,AlphaTauri,11,15,15,0,56,Lapped
2023,17,Qatar Grand Prix,hulkenberg,Nico Hülkenberg,haas,Haas F1 Team,14,16,16,0,56,Lapped
2023,17,Qatar Grand Prix,lawson,Liam Lawson,alphatauri,AlphaTauri,17,17,17,0,56,Lapped
2023,17,Qatar Grand Prix,sargeant,Logan Sargeant,williams,Williams,15,18,R,0,40,Retired
2023,17,Qatar Grand Prix,hamilton,Lewis Hamilton,mercedes,Mercedes,3,19,R,0,0,Retired
2023,17,Qatar Grand Prix,sainz,Carlos Sainz,ferrari,Ferrari,12,20,W,0,0,Did not start
2023,18,United States Grand Prix,max_verstappen,Max Verstappen,red_bull,Red Bull,6,1,1,25,56,Finished
2023,18,United States Grand Prix,norris,Lando Norris,mclaren,McLaren,2,2,2,18,56,Finished
2023,18,United States Grand Prix,sainz,Carlos Sainz,ferrari,Ferrari,4,3,3,15,56,Finished
2023,18,United States Grand Prix,perez,Sergio Pérez,red_bull,Red Bull,9,4,4,12,56,Finished
2023,18,United States Grand Prix,russell,George Russell,mercedes,Mercedes,5,5,5,10,56,Finished
2023,18,United States Grand Prix,gasly,Pierre Gasly,alpine,Alpine F1 Team,7,6,6,8,56,Finished
2023,18,United States Grand Prix,stroll,Lance Stroll,aston_martin,Aston Martin,20,7,7,6,56,Finished
2023,18,United States Grand Prix,tsunoda,Yuki Tsunoda,alphatauri,AlphaTauri,11,8,8,5,56,Finished
2023,18,United States Grand Prix,albon,Alexander Albon,williams,Williams,15,9,9,2,56,Finished
2023,18,United States Grand Prix,sargeant,Logan Sargeant,williams,Williams,16,10,10,1,56,Finished
2023,18,United States Grand Prix,hulkenberg,Nico Hülkenberg,haas,Haas F1 Team,18,11,11,0,56,Finished
2023,18,United States Grand Prix,bottas,Valtteri Bottas,alfa,Alfa Romeo,13,12,12,0,56,Finished
2023,18,United States Grand Prix,zhou,Guanyu Zhou,alfa,Alfa Romeo,12,13,13,0,55,Lapped
2023,18,United States Grand Prix,kevin_magnussen,Kevin Magnussen,haas,Haas F1 Team,17,14,14,0,55,Lapped
2023,18,United States Grand Prix,ricciardo,Daniel Ricciardo,alphatauri,AlphaTauri,14,15,15,0,55,Lapped
2023,18,United States Grand Prix,alonso,Fernando Alonso,aston_martin,Aston Martin,19,16,R,0,49,Retired
2023,18,United States Grand Prix,piastri,Oscar Piastri,mclaren,McLaren,10,17,R,0,10,Retired
2023,18,United States Grand Prix,ocon,Esteban Ocon,alpine,Alpine F1 Team,8,18,R,0,6,Retired
2023,18,United States Grand Prix,hamilton,Lewis Hamilton,mercedes,Mercedes,3,19,19,0,56,Disqualified
2023,18,United States Grand Prix,leclerc,Charles Leclerc,ferrari,Ferrari,1,20,20,0,56,Disqualified
2023,19,Mexico City Grand Prix,max_verstappen,Max Verstappen,red_bull,Red Bull,3,1,1,25,71,Finished
2023,19,Mexico City Grand Prix,hamilton,Lewis Hamilton,mercedes,Mercedes,6,2,2,19,71,Finished
2023,19,Mexico City Grand Prix,leclerc,Charles Leclerc,ferrari,Ferrari,1,3,3,15,71,Finished
2023,19,Mexico City Grand Prix,sainz,Carlos Sainz,ferrari,Ferrari,2,4,4,12,71,Finished
2023,19,Mexico City Grand Prix,norris,Lando Norris,mclaren,McLaren,17,5,5,10,71,Finished
2023,19,Mexico City Grand Prix,russell,George Russell,mercedes,Mercedes,8,6,6,8,71,Finished
2023,19,Mexico City Grand Prix,ricciardo,Daniel Ricciardo,alphatauri,AlphaTauri,4,7,7,6,71,Finished
2023,19,Mexico City Grand Prix,piastri,Oscar Piastri,mclaren,McLaren,7,8,8,4,71,Finished
2023,19,Mexico City Grand Prix,albon,Alexander Albon,williams,Williams,14,9,9,2,71,Finished
2023,19,Mexico City Grand Prix,ocon,Esteban Ocon,alpine,Alpine F1 Team,15,10,10,1,71,Finished
2023,19,Mexico City Grand Prix,gasly,Pierre Gasly,alpine,Alpine F1 Team,11,11,11,0,71,Finished
2023,19,Mexico City Grand Prix,tsunoda,Yuki Tsunoda,alphatauri,AlphaTauri,18,12,12,0,71,Finished
2023,19,Mexico City Grand Prix,hulkenberg,Nico Hülkenberg,haas,Haas F1 Team,12,13,13,0,71,Finished
2023,19,Mexico City Grand Prix,zhou,Guanyu Zhou,alfa,Alfa Romeo,10,14,14,0,71,Finished
2023,19,Mexico City Grand Prix,bottas,Valtteri Bottas,alfa,Alfa Romeo,9,15,15,0,71,Finished
2023,19,Mexico City Grand Prix,sargeant,Logan Sargeant,williams,Williams,19,16,16,0,70,Retired
2023,19,Mexico City Grand Prix,stroll,Lance Stroll,aston_martin,Aston Martin,0,17,17,0,66,Collision damage
2023,19,Mexico City Grand Prix,alonso,Fernando Alonso,aston_martin,Aston Martin,13,18,W,0,47,Withdrew
2023,19,Mexico City Grand Prix,kevin_magnussen,Kevin Magnussen,haas,Haas F1 Team,16,19,R,0,31,Accident
2023,19,Mexico City Grand Prix,perez,Sergio Pérez,red_bull,Red Bull,5,20,R,0,1,Collision damage
2023,20,São Paulo Grand Prix,max_verstappen,Max Verstappen,red_bull,Red Bull,1,1,1,25,71,Finished
2023,20,São Paulo Grand Prix,norris,Lando Norris,mclaren,McLaren,6,2,2,19,71,Finished
2023,20,São Paulo Grand Prix,alonso,Fernando Alonso,aston_martin,Aston Martin,4,3,3,15,71,Finished
2023,20,São Paulo Grand Prix,perez,Sergio Pérez,red_bull,Red Bull,9,4,4,12,71,Finished
2023,20,São Paulo Grand Prix,stroll,Lance Stroll,aston_martin,Aston Martin,3,5,5,10,71,Finished
2023,20,São Paulo Grand Prix,sainz,Carlos Sainz,ferrari,Ferrari,7,6,6,8,71,Finished
2023,20,São Paulo Grand Prix,gasly,Pierre Gasly,alpine,Alpine F1 Team,15,7,7,6,71,Finished
2023,20,São Paulo Grand Prix,hamilton,Lewis Hamilton,mercedes,Mercedes,5,8,8,4,71,Finished
2023,20,São Paulo Grand Prix,tsunoda,Yuki Tsunoda,alphatauri,AlphaTauri,16,9,9,2,71,Finished
2023,20,São Paulo Grand Prix,ocon,Esteban Ocon,alpine,Alpine F1 Team,14,10,10,1,70,Lapped
2023,20,São Paulo Grand Prix,sargeant,Logan Sargeant,williams,Williams,19,11,11,0,70,Lapped
2023,20,São Paulo Grand Prix,hulkenberg,Nico Hülkenberg,haas,Haas F1 Team,11,12,12,0,70,Lapped
2023,20,São Paulo Grand Prix,ricciardo,Daniel Ricciardo,alphatauri,AlphaTauri,17,13,13,0,70,Lapped
2023,20,São Paulo Grand Prix,piastri,Oscar Piastri,mclaren,McLaren,10,14,14,0,69,Lapped
2023,20,São Paulo Grand Prix,russell,George Russell,mercedes,Mercedes,8,15,R,0,57,Retired
2023,20,São Paulo Grand Prix,bottas,Valtteri Bottas,alfa,Alfa Romeo,18,16,R,0,39,Retired
2023,20,São Paulo Grand Prix,zhou,Guanyu Zhou,alfa,Alfa Romeo,20,17,R,0,22,Retired
2023,20,São Paulo Grand Prix,kevin_magnussen,Kevin Magnussen,haas,Haas F1 Team,12,18,R,0,0,Retired
2023,20,São Paulo Grand Prix,albon,Alexander Albon,williams,Williams,13,19,R,0,0,Retired
2023,20,São Paulo Grand Prix,leclerc,Charles Leclerc,ferrari,Ferrari,2,20,W,0,0,Did not start
2023,21,Las Vegas Grand Prix,max_verstappen,Max Verstappen,red_bull,Red Bull,2,1,1,25,50,Finished
2023,21,Las Vegas Grand Prix,leclerc,Charles Leclerc,ferrari,Ferrari,1,2,2,18,50,Finished
2023,21,Las Vegas Grand Prix,perez,Sergio Pérez,red_bull,Red Bull,11,3,3,15,50,Finished
2023,21,Las Vegas Grand Prix,ocon,Esteban Ocon,alpine,Alpine F1 Team,16,4,4,12,50,Finished
2023,21,Las Vegas Grand Prix,stroll,Lance Stroll,aston_martin,Aston Martin,19,5,5,10,50,Finished
2023,21,Las Vegas Grand Prix,sainz,Carlos Sainz,ferrari,Ferrari,12,6,6,8,50,Finished
2023,21,Las Vegas Grand Prix,hamilton,Lewis Hamilton,mercedes,Mercedes,10,7,7,6,50,Finished
2023,21,Las Vegas Grand Prix,russell,George Russell,mercedes,Mercedes,3,8,8,4,50,Finished
2023,21,Las Vegas Grand Prix,alonso,Fernando Alonso,aston_martin,Aston Martin,9,9,9,2,50,Finished
2023,21,Las Vegas Grand Prix,piastri,Oscar Piastri,mclaren,McLaren,18,10,10,2,50,Finished
2023,21,Las Vegas Grand Prix,gasly,Pierre Gasly,alpine,Alpine F1 Team,4,11,11,0,50,Finished
2023,21,Las Vegas Grand Prix,albon,Alexander Albon,williams,Williams,5,12,12,0,50,Finished
2023,21,Las Vegas Grand Prix,kevin_magnussen,Kevin Magnussen,haas,Haas F1 Team,8,13,13,0,50,Finished
2023,21,Las Vegas Grand Prix,ricciardo,Daniel Ricciardo,alphatauri,AlphaTauri,14,14,14,0,50,Finished
2023,21,Las Vegas Grand Prix,zhou,Guanyu Zhou,alfa,Alfa Romeo,17,15,15,0,50,Finished
2023,21,Las Vegas Grand Prix,sargeant,Logan Sargeant,williams,Williams,6,16,16,0,50,Finished
2023,21,Las Vegas Grand Prix,bottas,Valtteri Bottas,alfa,Alfa Romeo,7,17,17,0,50,Finished
2023,21,Las Vegas Grand Prix,tsunoda,Yuki Tsunoda,alphatauri,AlphaTauri,20,18,18,0,46,Retired
2023,21,Las Vegas Grand Prix,hulkenberg,Nico Hülkenberg,haas,Haas F1 Team,13,19,19,0,45,Retired
2023,21,Las Vegas Grand Prix,norris,Lando Norris,mclaren,McLaren,15,20,R,0,2,Retired
2023,22,Abu Dhabi Grand Prix,max_verstappen,Max Verstappen,red_bull,Red Bull,1,1,1,26,58,Finished
2023,22,Abu Dhabi Grand Prix,leclerc,Charles Leclerc,ferrari,Ferrari,2,2,2,18,58,Finished
2023,22,Abu Dhabi Grand Prix,russell,George Russell,mercedes,Mercedes,4,3,3,15,58,Finished
2023,22,Abu Dhabi Grand Prix,perez,Sergio Pérez,red_bull,Red Bull,9,4,4,12,58,Finished
2023,22,Abu Dhabi Grand Prix,norris,Lando Norris,mclaren,McLaren,5,5,5,10,58,Finished
2023,22,Abu Dhabi Grand Prix,piastri,Oscar Piastri,mclaren,McLaren,3,6,6,8,58,Finished
2023,22,Abu Dhabi Grand Prix,alonso,Fernando Alonso,aston_martin,Aston Martin,7,7,7,6,58,Finished
2023,22,Abu Dhabi Grand Prix,tsunoda,Yuki Tsunoda,alphatauri,AlphaTauri,6,8,8,4,58,Finished
2023,22,Abu Dhabi Grand Prix,hamilton,Lewis Hamilton,mercedes,Mercedes,11,9,9,2,58,Finished
2023,22,Abu Dhabi Grand Prix,stroll,Lance Stroll,aston_martin,Aston Martin,13,10,10,1,58,Finished
2023,22,Abu Dhabi Grand Prix,ricciardo,Daniel Ricciardo,alphatauri,AlphaTauri,15,11,11,0,58,Finished
2023,22,Abu Dhabi Grand Prix,ocon,Esteban Ocon,alpine,Alpine F1 Team,12,12,12,0,58,Finished
2023,22,Abu Dhabi Grand Prix,gasly,Pierre Gasly,alpine,Alpine F1 Team,10,13,13,0,58,Finished
2023,22,Abu Dhabi Grand Prix,albon,Alexander Albon,williams,Williams,14,14,14,0,58,Finished
2023,22,Abu Dhabi Grand Prix,hulkenberg,Nico Hülkenberg,haas,Haas F1 Team,8,15,15,0,58,Finished
2023,22,Abu Dhabi Grand Prix,sargeant,Logan Sargeant,williams,Williams,20,16,16,0,58,Finished
2023,22,Abu Dhabi Grand Prix,zhou,Guanyu Zhou,alfa,Alfa Romeo,19,17,17,0,58,Finished
2023,22,Abu Dhabi Grand Prix,sainz,Carlos Sainz,ferrari,Ferrari,16,18,18,0,57,Retired
2023,22,Abu Dhabi Grand Prix,bottas,Valtteri Bottas,alfa,Alfa Romeo,18,19,19,0,57,Lapped
2023,22,Abu Dhabi Grand Prix,kevin_magnussen,Kevin Magnussen,haas,Haas F1 Team,17,20,20,0,57,Lapped
2024,1,Bahrain Grand Prix,max_verstappen,Max Verstappen,red_bull,Red Bull,1,1,1,26,57,Finished
2024,1,Bahrain Grand Prix,perez,Sergio Pérez,red_bull,Red Bull,5,2,2,18,57,Finished
2024,1,Bahrain Grand Prix,sainz,Carlos Sainz,ferrari,Ferrari,4,3,3,15,57,Finished
2024,1,Bahrain Grand Prix,leclerc,Charles Leclerc,ferrari,Ferrari,2,4,4,12,57,Finished
2024,1,Bahrain Grand Prix,russell,George Russell,mercedes,Mercedes,3,5,5,10,57,Finished
2024,1,Bahrain Grand Prix,norris,Lando Norris,mclaren,McLaren,7,6,6,8,57,Finished
2024,1,Bahrain Grand Prix,hamilton,Lewis Hamilton,mercedes,Mercedes,9,7,7,6,57,Finished
2024,1,Bahrain Grand Prix,piastri,Oscar Piastri,mclaren,McLaren,8,8,8,4,57,Finished
2024,1,Bahrain Grand Prix,alonso,Fernando Alonso,aston_martin,Aston Martin,6,9,9,2,57,Finished
2024,1,Bahrain Grand Prix,stroll,Lance Stroll,aston_martin,Aston Martin,12,10,10,1,57,Finished
2024,1,Bahrain Grand Prix,zhou,Guanyu Zhou,sauber,Sauber,17,11,11,0,56,Lapped
2024,1,Bahrain Grand Prix,kevin_magnussen,Kevin Magnussen,haas,Haas F1 Team,15,12,12,0,56,Lapped
2024,1,Bahrain Grand Prix,ricciardo,Daniel Ricciardo,rb,RB F1 Team,14,13,13,0,56,Lapped
2024,1,Bahrain Grand Prix,tsunoda,Yuki Tsunoda,rb,RB F1 Team,11,14,14,0,56,Lapped
2024,1,Bahrain Grand Prix,albon,Alexander Albon,williams,Williams,13,15,15,0,56,Lapped
2024,1,Bahrain Grand Prix,hulkenberg,Nico Hülkenberg,haas,Haas F1 Team,10,16,16,0,56,Lapped
2024,1,Bahrain Grand Prix,ocon,Esteban Ocon,alpine,Alpine F1 Team,19,17,17,0,56,Lapped
2024,1,Bahrain Grand Prix,gasly,Pierre Gasly,alpine,Alpine F1 Team,20,18,18,0,56,Lapped
2024,1,Bahrain Grand Prix,bottas,Valtteri Bottas,sauber,Sauber,16,19,19,0,56,Lapped
2024,1,Bahrain Grand Prix,sargeant,Logan Sargeant,williams,Williams,18,20,20,0,55,Lapped
2024,2,Saudi Arabian Grand Prix,max_verstappen,Max Verstappen,red_bull,Red Bull,1,1,1,25,50,Finished
2024,2,Saudi Arabian Grand Prix,perez,Sergio Pérez,red_bull,Red Bull,3,2,2,18,50,Finished
2024,2,Saudi Arabian Grand Prix,leclerc,Charles Leclerc,ferrari,Ferrari,2,3,3,16,50,Finished
2024,2,Saudi Arabian Grand Prix,piastri,Oscar Piastri,mclaren,McLaren,5,4,4,12,50,Finished
2024,2,Saudi Arabian Grand Prix,alonso,Fernando Alonso,aston_martin,Aston Martin,4,5,5,10,50,Finished
2024,2,Saudi Arabian Grand Prix,russell,George Russell,mercedes,Mercedes,7,6,6,8,50,Finished
2024,2,Saudi Arabian Grand Prix,bearman,Oliver Bearman,ferrari,Ferrari,11,7,7,6,50,Finished
2024,2,Saudi Arabian Grand Prix,norris,Lando Norris,mclaren,McLaren,6,8,8,4,50,Finished
2024,2,Saudi Arabian Grand Prix,hamilton,Lewis Hamilton,mercedes,Mercedes,8,9,9,2,50,Finished
2024,2,Saudi Arabian Grand Prix,hulkenberg,Nico Hülkenberg,haas,Haas F1 Team,15,10,10,1,50,Finished
2024,2,Saudi Arabian Grand Prix,albon,Alexander Albon,williams,Williams,12,11,11,0,50,Finished
2024,2,Saudi Arabian Grand Prix,kevin_magnussen,Kevin Magnussen,haas,Haas F1 Team,13,12,12,0,50,Finished
2024,2,Saudi Arabian Grand Prix,ocon,Esteban Ocon,alpine,Alpine F1 Team,17,13,13,0,49,Lapped
2024,2,Saudi Arabian Grand Prix,sargeant,Logan Sargeant,williams,Williams,19,14,14,0,49,Lapped
2024,2,Saudi Arabian Grand Prix,tsunoda,Yuki Tsunoda,rb,RB F1 Team,9,15,15,0,49,Lapped
2024,2,Saudi Arabian Grand Prix,ricciardo,Daniel Ricciardo,rb,RB F1 Team,14,16,16,0,49,Lapped
2024,2,Saudi Arabian Grand Prix,bottas,Valtteri Bottas,sauber,Sauber,16,17,17,0,49,Lapped
2024,2,Saudi Arabian Grand Prix,zhou,Guanyu Zhou,sauber,Sauber,20,18,18,0,49,Lapped
2024,2,Saudi Arabian Grand Prix,stroll,Lance Stroll,aston_martin,Aston Martin,10,19,R,0,5,Retired
2024,2,Saudi Arabian Grand Prix,gasly,Pierre Gasly,alpine,Alpine F1 Team,18,20,R,0,1,Retired
2024,3,Australian Grand Prix,sainz,Carlos Sainz,ferrari,Ferrari,2,1,1,25,58,Finished
2024,3,Australian Grand Prix,leclerc,Charles Leclerc,ferrari,Ferrari,4,2,2,19,58,Finished
2024,3,Australian Grand Prix,norris,Lando Norris,mclaren,McLaren,3,3,3,15,58,Finished
2024,3,Australian Grand Prix,piastri,Oscar Piastri,mclaren,McLaren,5,4,4,12,58,Finished
2024,3,Australian Grand Prix,perez,Sergio Pérez,red_bull,Red Bull,6,5,5,10,58,Finished
2024,3,Australian Grand Prix,stroll,Lance Stroll,aston_martin,Aston Martin,9,6,6,8,58,Finished
2024,3,Australian Grand Prix,tsunoda,Yuki Tsunoda,rb,RB F1 Team,8,7,7,6,58,Finished
2024,3,Australian Grand Prix,alonso,Fernando Alonso,aston_martin,Aston Martin,10,8,8,4,58,Finished
2024,3,Australian Grand Prix,hulkenberg,Nico Hülkenberg,haas,Haas F1 Team,16,9,9,2,58,Finished
2024,3,Australian Grand Prix,kevin_magnussen,Kevin Magnussen,haas,Haas F1 Team,14,10,10,1,57,Lapped
2024,3,Australian Grand Prix,albon,Alexander Albon,williams,Williams,12,11,11,0,57,Lapped
2024,3,Australian Grand Prix,ricciardo,Daniel Ricciardo,rb,RB F1 Team,18,12,12,0,57,Lapped
2024,3,Australian Grand Prix,gasly,Pierre Gasly,alpine,Alpine F1 Team,17,13,13,0,57,Lapped
2024,3,Australian Grand Prix,bottas,Valtteri Bottas,sauber,Sauber,13,14,14,0,57,Lapped
2024,3,Australian Grand Prix,zhou,Guanyu Zhou,sauber,Sauber,19,15,15,0,57,Lapped
2024,3,Australian Grand Prix,ocon,Esteban Ocon,alpine,Alpine F1 Team,15,16,16,0,57,Lapped
2024,3,Australian Grand Prix,russell,George Russell,mercedes,Mercedes,7,17,17,0,56,Retired
2024,3,Australian Grand Prix,hamilton,Lewis Hamilton,mercedes,Mercedes,11,18,R,0,15,Retired
2024,3,Australian Grand Prix,max_verstappen,Max Verstappen,red_bull,Red Bull,1,19,R,0,3,Retired
2024,4,Japanese Grand Prix,max_verstappen,Max Verstappen,red_bull,Red Bull,1,1,1,26,53,Finished
2024,4,Japanese Grand Prix,perez,Sergio Pérez,red_bull,Red Bull,2,2,2,18,53,Finished
2024,4,Japanese Grand Prix,sainz,Carlos Sainz,ferrari,Ferrari,4,3,3,15,53,Finished
2024,4,Japanese Grand Prix,leclerc,Charles Leclerc,ferrari,Ferrari,8,4,4,12,53,Finished
2024,4,Japanese Grand Prix,norris,Lando Norris,mclaren,McLaren,3,5,5,10,53,Finished
2024,4,Japanese Grand Prix,alonso,Fernando Alonso,aston_martin,Aston Martin,5,6,6,8,53,Finished
2024,4,Japanese Grand Prix,russell,George Russell,mercedes,Mercedes,9,7,7,6,53,Finished
2024,4,Japanese Grand Prix,piastri,Oscar Piastri,mclaren,McLaren,6,8,8,4,53,Finished
2024,4,Japanese Grand Prix,hamilton,Lewis Hamilton,mercedes,Mercedes,7,9,9,2,53,Finished
2024,4,Japanese Grand Prix,tsunoda,Yuki Tsunoda,rb,RB F1 Team,10,10,10,1,52,Lapped
2024,4,Japanese Grand Prix,hulkenberg,Nico Hülkenberg,haas,Haas F1 Team,12,11,11,0,52,Lapped
2024,4,Japanese Grand Prix,stroll,Lance Stroll,aston_martin,Aston Martin,16,12,12,0,52,Lapped
2024,4,Japanese Grand Prix,kevin_magnussen,Kevin Magnussen,haas,Haas F1 Team,18,13,13,0,52,Lapped
2024,4,Japanese Grand Prix,bottas,Valtteri Bottas,sauber,Sauber,13,14,14,0,52,Lapped
2024,4,Japanese Grand Prix,ocon,Esteban Ocon,alpine,Alpine F1 Team,15,15,15,0,52,Lapped
2024,4,Japanese Grand Prix,gasly,Pierre Gasly,alpine,Alpine F1 Team,17,16,16,0,52,Lapped
2024,4,Japanese Grand Prix,sargeant,Logan Sargeant,williams,Williams,19,17,17,0,52,Lapped
2024,4,Japanese Grand Prix,zhou,Guanyu Zhou,sauber,Sauber,20,18,R,0,12,Retired
2024,4,Japanese Grand Prix,ricciardo,Daniel Ricciardo,rb,RB F1 Team,11,19,R,0,0,Retired
2024,4,Japanese Grand Prix,albon,Alexander Albon,williams,Williams,14,20,R,0,0,Retired
2024,5,Chinese Grand Prix,max_verstappen,Max Verstappen,red_bull,Red Bull,1,1,1,25,56,Finished
2024,5,Chinese Grand Prix,norris,Lando Norris,mclaren,McLaren,4,2,2,18,56,Finished
2024,5,Chinese Grand Prix,perez,Sergio Pérez,red_bull,Red Bull,2,3,3,15,56,Finished
2024,5,Chinese Grand Prix,leclerc,Charles Leclerc,ferrari,Ferrari,6,4,4,12,56,Finished
2024,5,Chinese Grand Prix,sainz,Carlos Sainz,ferrari,Ferrari,7,5,5,10,56,Finished
2024,5,Chinese Grand Prix,russell,George Russell,mercedes,Mercedes,8,6,6,8,56,Finished
2024,5,Chinese Grand Prix,alonso,Fernando Alonso,aston_martin,Aston Martin,3,7,7,7,56,Finished
2024,5,Chinese Grand Prix,piastri,Oscar Piastri,mclaren,McLaren,5,8,8,4,56,Finished
2024,5,Chinese Grand Prix,hamilton,Lewis Hamilton,mercedes,Mercedes,18,9,9,2,56,Finished
2024,5,Chinese Grand Prix,hulkenberg,Nico Hülkenberg,haas,Haas F1 Team,9,10,10,1,56,Finished
2024,5,Chinese Grand Prix,ocon,Esteban Ocon,alpine,Alpine F1 Team,13,11,11,0,56,Finished
2024,5,Chinese Grand Prix,albon,Alexander Albon,williams,Williams,14,12,12,0,56,Finished
2024,5,Chinese Grand Prix,gasly,Pierre Gasly,alpine,Alpine F1 Team,15,13,13,0,56,Finished
2024,5,Chinese Grand Prix,zhou,Guanyu Zhou,sauber,Sauber,16,14,14,0,56,Finished
2024,5,Chinese Grand Prix,stroll,Lance Stroll,aston_martin,Aston Martin,11,15,15,0,56,Finished
2024,5,Chinese Grand Prix,kevin_magnussen,Kevin Magnussen,haas,Haas F1 Team,17,16,16,0,56,Finished
2024,5,Chinese Grand Prix,sargeant,Logan Sargeant,williams,Williams,20,17,17,0,56,Finished
2024,5,Chinese Grand Prix,ricciardo,Daniel Ricciardo,rb,RB F1 Team,12,18,R,0,33,Retired
2024,5,Chinese Grand Prix,tsunoda,Yuki Tsunoda,rb,RB F1 Team,19,19,R,0,26,Retired
2024,5,Chinese Grand Prix,bottas,Valtteri Bottas,sauber,Sauber,10,20,R,0,19,Retired
2024,6,Miami Grand Prix,norris,Lando Norris,mclaren,McLaren,5,1,1,25,57,Finished
2024,6,Miami Grand Prix,max_verstappen,Max Verstappen,red_bull,Red Bull,1,2,2,18,57,Finished
2024,6,Miami Grand Prix,leclerc,Charles Leclerc,ferrari,Ferrari,2,3,3,15,57,Finished
2024,6,Miami Grand Prix,perez,Sergio Pérez,red_bull,Red Bull,4,4,4,12,57,Finished
2024,6,Miami Grand Prix,sainz,Carlos Sainz,ferrari,Ferrari,3,5,5,10,57,Finished
2024,6,Miami Grand Prix,hamilton,Lewis Hamilton,mercedes,Mercedes,8,6,6,8,57,Finished
2024,6,Miami Grand Prix,tsunoda,Yuki Tsunoda,rb,RB F1 Team,10,7,7,6,57,Finished
2024,6,Miami Grand Prix,russell,George Russell,mercedes,Mercedes,7,8,8,4,57,Finished
2024,6,Miami Grand Prix,alonso,Fernando Alonso,aston_martin,Aston Martin,15,9,9,2,57,Finished
2024,6,Miami Grand Prix,ocon,Esteban Ocon,alpine,Alpine F1 Team,13,10,10,1,57,Finished
2024,6,Miami Grand Prix,hulkenberg,Nico Hülkenberg,haas,Haas F1 Team,9,11,11,0,57,Finished
2024,6,Miami Grand Prix,gasly,Pierre Gasly,alpine,Alpine F1 Team,12,12,12,0,57,Finished
2024,6,Miami Grand Prix,piastri,Oscar Piastri,mclaren,McLaren,6,13,13,0,57,Finished
2024,6,Miami Grand Prix,zhou,Guanyu Zhou,sauber,Sauber,19,14,14,0,57,Finished
2024,6,Miami Grand Prix,ricciardo,Daniel Ricciardo,rb,RB F1 Team,20,15,15,0,57,Finished
2024,6,Miami Grand Prix,bottas,Valtteri Bottas,sauber,Sauber,16,16,16,0,57,Finished
2024,6,Miami Grand Prix,stroll,Lance Stroll,aston_martin,Aston Martin,11,17,17,0,57,Finished
2024,6,Miami Grand Prix,albon,Alexander Albon,williams,Williams,14,18,18,0,57,Finished
2024,6,Miami Grand Prix,kevin_magnussen,Kevin Magnussen,haas,Haas F1 Team,18,19,19,0,57,Finished
2024,6,Miami Grand Prix,sargeant,Logan Sargeant,williams,Williams,17,20,R,0,27,Retired
2024,7,Emilia Romagna Grand Prix,max_verstappen,Max Verstappen,red_bull,Red Bull,1,1,1,25,63,Finished
2024,7,Emilia Romagna Grand Prix,norris,Lando Norris,mclaren,McLaren,2,2,2,18,63,Finished
2024,7,Emilia Romagna Grand Prix,leclerc,Charles Leclerc,ferrari,Ferrari,3,3,3,15,63,Finished
2024,7,Emilia Romagna Grand Prix,piastri,Oscar Piastri,mclaren,McLaren,5,4,4,12,63,Finished
2024,7,Emilia Romagna Grand Prix,sainz,Carlos Sainz,ferrari,Ferrari,4,5,5,10,63,Finished
2024,7,Emilia Romagna Grand Prix,hamilton,Lewis Hamilton,mercedes,Mercedes,8,6,6,8,63,Finished
2024,7,Emilia Romagna Grand Prix,russell,George Russell,mercedes,Mercedes,6,7,7,7,63,Finished
2024,7,Emilia Romagna Grand Prix,perez,Sergio Pérez,red_bull,Red Bull,11,8,8,4,63,Finished
2024,7,Emilia Romagna Grand Prix,stroll,Lance Stroll,aston_martin,Aston Martin,13,9,9,2,63,Finished
2024,7,Emilia Romagna Grand Prix,tsunoda,Yuki Tsunoda,rb,RB F1 Team,7,10,10,1,62,Lapped
2024,7,Emilia Romagna Grand Prix,hulkenberg,Nico Hülkenberg,haas,Haas F1 Team,10,11,11,0,62,Lapped
2024,7,Emilia Romagna Grand Prix,kevin_magnussen,Kevin Magnussen,haas,Haas F1 Team,18,12,12,0,62,Lapped
2024,7,Emilia Romagna Grand Prix,ricciardo,Daniel Ricciardo,rb,RB F1 Team,9,13,13,0,62,Lapped
2024,7,Emilia Romagna Grand Prix,ocon,Esteban Ocon,alpine,Alpine F1 Team,12,14,14,0,62,Lapped
2024,7,Emilia Romagna Grand Prix,zhou,Guanyu Zhou,sauber,Sauber,17,15,15,0,62,Lapped
2024,7,Emilia Romagna Grand Prix,gasly,Pierre Gasly,alpine,Alpine F1 Team,15,16,16,0,62,Lapped
2024,7,Emilia Romagna Grand Prix,sargeant,Logan Sargeant,williams,Williams,19,17,17,0,62,Lapped
2024,7,Emilia Romagna Grand Prix,bottas,Valtteri Bottas,sauber,Sauber,16,18,18,0,62,Lapped
2024,7,Emilia Romagna Grand Prix,alonso,Fernando Alonso,aston_martin,Aston Martin,20,19,19,0,62,Lapped
2024,7,Emilia Romagna Grand Prix,albon,Alexander Albon,williams,Williams,14,20,R,0,51,Retired
2024,8,Monaco Grand Prix,leclerc,Charles Leclerc,ferrari,Ferrari,1,1,1,25,78,Finished
2024,8,Monaco Grand Prix,piastri,Oscar Piastri,mclaren,McLaren,2,2,2,18,78,Finished
2024,8,Monaco Grand Prix,sainz,Carlos Sainz,ferrari,Ferrari,3,3,3,15,78,Finished
2024,8,Monaco Grand Prix,norris,Lando Norris,mclaren,McLaren,4,4,4,12,78,Finished
2024,8,Monaco Grand Prix,russell,George Russell,mercedes,Mercedes,5,5,5,10,78,Finished
2024,8,Monaco Grand Prix,max_verstappen,Max Verstappen,red_bull,Red Bull,6,6,6,8,78,Finished
2024,8,Monaco Grand Prix,hamilton,Lewis Hamilton,mercedes,Mercedes,7,7,7,7,78,Finished
2024,8,Monaco Grand Prix,tsunoda,Yuki Tsunoda,rb,RB F1 Team,8,8,8,4,77,Lapped
2024,8,Monaco Grand Prix,albon,Alexander Albon,williams,Williams,9,9,9,2,77,Lapped
2024,8,Monaco Grand Prix,gasly,Pierre Gasly,alpine,Alpine F1 Team,10,10,10,1,77,Lapped
2024,8,Monaco Grand Prix,alonso,Fernando Alonso,aston_martin,Aston Martin,14,11,11,0,76,Lapped
2024,8,Monaco Grand Prix,ricciardo,Daniel Ricciardo,rb,RB F1 Team,12,12,12,0,76,Lapped
2024,8,Monaco Grand Prix,bottas,Valtteri Bottas,sauber,Sauber,17,13,13,0,76,Lapped
2024,8,Monaco Grand Prix,stroll,Lance Stroll,aston_martin,Aston Martin,13,14,14,0,76,Lapped
2024,8,Monaco Grand Prix,sargeant,Logan Sargeant,williams,Williams,15,15,15,0,76,Lapped
2024,8,Monaco Grand Prix,zhou,Guanyu Zhou,sauber,Sauber,18,16,16,0,76,Lapped
2024,8,Monaco Grand Prix,ocon,Esteban Ocon,alpine,Alpine F1 Team,11,17,R,0,0,Retired
2024,8,Monaco Grand Prix,perez,Sergio Pérez,red_bull,Red Bull,16,18,R,0,0,Retired
2024,8,Monaco Grand Prix,hulkenberg,Nico Hülkenberg,haas,Haas F1 Team,19,19,R,0,0,Retired
2024,8,Monaco Grand Prix,kevin_magnussen,Kevin Magnussen,haas,Haas F1 Team,20,20,R,0,0,Retired
2024,9,Canadian Grand Prix,max_verstappen,Max Verstappen,red_bull,Red Bull,2,1,1,25,70,Finished
2024,9,Canadian Grand Prix,norris,Lando Norris,mclaren,McLaren,3,2,2,18,70,Finished
2024,9,Canadian Grand Prix,russell,George Russell,mercedes,Mercedes,1,3,3,15,70,Finished
2024,9,Canadian Grand Prix,hamilton,Lewis Hamilton,mercedes,Mercedes,7,4,4,13,70,Finished
2024,9,Canadian Grand Prix,piastri,Oscar Piastri,mclaren,McLaren,4,5,5,10,70,Finished
2024,9,Canadian Grand Prix,alonso,Fernando Alonso,aston_martin,Aston Martin,6,6,6,8,70,Finished
2024,9,Canadian Grand Prix,stroll,Lance Stroll,aston_martin,Aston Martin,9,7,7,6,70,Finished
2024,9,Canadian Grand Prix,ricciardo,Daniel Ricciardo,rb,RB F1 Team,5,8,8,4,70,Finished
2024,9,Canadian Grand Prix,gasly,Pierre Gasly,alpine,Alpine F1 Team,15,9,9,2,70,Finished
2024,9,Canadian Grand Prix,ocon,Esteban Ocon,alpine,Alpine F1 Team,18,10,10,1,70,Finished
2024,9,Canadian Grand Prix,hulkenberg,Nico Hülkenberg,haas,Haas F1 Team,17,11,11,0,70,Finished
2024,9,Canadian Grand Prix,kevin_magnussen,Kevin Magnussen,haas,Haas F1 Team,14,12,12,0,70,Finished
2024,9,Canadian Grand Prix,bottas,Valtteri Bottas,sauber,Sauber,19,13,13,0,70,Finished
2024,9,Canadian Grand Prix,tsunoda,Yuki Tsunoda,rb,RB F1 Team,8,14,14,0,70,Finished
2024,9,Canadian Grand Prix,zhou,Guanyu Zhou,sauber,Sauber,20,15,15,0,69,Lapped
2024,9,Canadian Grand Prix,sainz,Carlos Sainz,ferrari,Ferrari,12,16,R,0,52,Retired
2024,9,Canadian Grand Prix,albon,Alexander Albon,williams,Williams,10,17,R,0,52,Retired
2024,9,Canadian Grand Prix,perez,Sergio Pérez,red_bull,Red Bull,16,18,R,0,51,Retired
2024,9,Canadian Grand Prix,leclerc,Charles Leclerc,ferrari,Ferrari,11,19,R,0,40,Retired
2024,9,Canadian Grand Prix,sargeant,Logan Sargeant,williams,Williams,13,20,R,0,23,Retired
2024,10,Spanish Grand Prix,max_verstappen,Max Verstappen,red_bull,Red Bull,2,1,1,25,66,Finished
2024,10,Spanish Grand Prix,norris,Lando Norris,mclaren,McLaren,1,2,2,19,66,Finished
2024,10,Spanish Grand Prix,hamilton,Lewis Hamilton,mercedes,Mercedes,3,3,3,15,66,Finished
2024,10,Spanish Grand Prix,russell,George Russell,mercedes,Mercedes,4,4,4,12,66,Finished
2024,10,Spanish Grand Prix,leclerc,Charles Leclerc,ferrari,Ferrari,5,5,5,10,66,Finished
2024,10,Spanish Grand Prix,sainz,Carlos Sainz,ferrari,Ferrari,6,6,6,8,66,Finished
2024,10,Spanish Grand Prix,piastri,Oscar Piastri,mclaren,McLaren,9,7,7,6,66,Finished
2024,10,Spanish Grand Prix,perez,Sergio Pérez,red_bull,Red Bull,11,8,8,4,66,Finished
2024,10,Spanish Grand Prix,gasly,Pierre Gasly,alpine,Alpine F1 Team,7,9,9,2,66,Finished
2024,10,Spanish Grand Prix,ocon,Esteban Ocon,alpine,Alpine F1 Team,8,10,10,1,66,Finished
2024,10,Spanish Grand Prix,hulkenberg,Nico Hülkenberg,haas,Haas F1 Team,13,11,11,0,66,Finished
2024,10,Spanish Grand Prix,alonso,Fernando Alonso,aston_martin,Aston Martin,10,12,12,0,65,Lapped
2024,10,Spanish Grand Prix,zhou,Guanyu Zhou,sauber,Sauber,15,13,13,0,65,Lapped
2024,10,Spanish Grand Prix,stroll,Lance Stroll,aston_martin,Aston Martin,14,14,14,0,65,Lapped
2024,10,Spanish Grand Prix,ricciardo,Daniel Ricciardo,rb,RB F1 Team,18,15,15,0,65,Lapped
2024,10,Spanish Grand Prix,bottas,Valtteri Bottas,sauber,Sauber,12,16,16,0,65,Lapped
2024,10,Spanish Grand Prix,kevin_magnussen,Kevin Magnussen,haas,Haas F1 Team,16,17,17,0,65,Lapped
2024,10,Spanish Grand Prix,albon,Alexander Albon,williams,Williams,20,18,18,0,65,Lapped
2024,10,Spanish Grand Prix,tsunoda,Yuki Tsunoda,rb,RB F1 Team,17,19,19,0,65,Lapped
2024,10,Spanish Grand Prix,sargeant,Logan Sargeant,williams,Williams,19,20,20,0,64,Lapped
2024,11,Austrian Grand Prix,russell,George Russell,mercedes,Mercedes,3,1,1,25,71,Finished
2024,11,Austrian Grand Prix,piastri,Oscar Piastri,mclaren,McLaren,7,2,2,18,71,Finished
2024,11,Austrian Grand Prix,sainz,Carlos Sainz,ferrari,Ferrari,4,3,3,15,71,Finished
2024,11,Austrian Grand Prix,hamilton,Lewis Hamilton,mercedes,Mercedes,5,4,4,12,71,Finished
2024,11,Austrian Grand Prix,max_verstappen,Max Verstappen,red_bull,Red Bull,1,5,5,10,71,Finished
2024,11,Austrian Grand Prix,hulkenberg,Nico Hülkenberg,haas,Haas F1 Team,9,6,6,8,71,Finished
2024,11,Austrian Grand Prix,perez,Sergio Pérez,red_bull,Red Bull,8,7,7,6,71,Finished
2024,11,Austrian Grand Prix,kevin_magnussen,Kevin Magnussen,haas,Haas F1 Team,12,8,8,4,71,Finished
2024,11,Austrian Grand Prix,ricciardo,Daniel Ricciardo,rb,RB F1 Team,11,9,9,2,71,Finished
2024,11,Austrian Grand Prix,gasly,Pierre Gasly,alpine,Alpine F1 Team,13,10,10,1,71,Finished
2024,11,Austrian Grand Prix,leclerc,Charles Leclerc,ferrari,Ferrari,6,11,11,0,71,Finished
2024,11,Austrian Grand Prix,ocon,Esteban Ocon,alpine,Alpine F1 Team,10,12,12,0,71,Finished
2024,11,Austrian Grand Prix,stroll,Lance Stroll,aston_martin,Aston Martin,17,13,13,0,70,Lapped
2024,11,Austrian Grand Prix,tsunoda,Yuki Tsunoda,rb,RB F1 Team,14,14,14,0,70,Lapped
2024,11,Austrian Grand Prix,albon,Alexander Albon,williams,Williams,16,15,15,0,70,Lapped
2024,11,Austrian Grand Prix,bottas,Valtteri Bottas,sauber,Sauber,18,16,16,0,70,Lapped
2024,11,Austrian Grand Prix,zhou,Guanyu Zhou,sauber,Sauber,20,17,17,0,70,Lapped
2024,11,Austrian Grand Prix,alonso,Fernando Alonso,aston_martin,Aston Martin,15,18,18,0,70,Lapped
2024,11,Austrian Grand Prix,sargeant,Logan Sargeant,williams,Williams,19,19,19,0,69,Lapped
2024,11,Austrian Grand Prix,norris,Lando Norris,mclaren,McLaren,2,20,20,0,64,Lapped
2024,12,British Grand Prix,hamilton,Lewis Hamilton,mercedes,Mercedes,2,1,1,25,52,Finished
2024,12,British Grand Prix,max_verstappen,Max Verstappen,red_bull,Red Bull,4,2,2,18,52,Finished
2024,12,British Grand Prix,norris,Lando Norris,mclaren,McLaren,3,3,3,15,52,Finished
2024,12,British Grand Prix,piastri,Oscar Piastri,mclaren,McLaren,5,4,4,12,52,Finished
2024,12,British Grand Prix,sainz,Carlos Sainz,ferrari,Ferrari,7,5,5,11,52,Finished
2024,12,British Grand Prix,hulkenberg,Nico Hülkenberg,haas,Haas F1 Team,6,6,6,8,52,Finished
2024,12,British Grand Prix,stroll,Lance Stroll,aston_martin,Aston Martin,8,7,7,6,52,Finished
2024,12,British Grand Prix,alonso,Fernando Alonso,aston_martin,Aston Martin,10,8,8,4,52,Finished
2024,12,British Grand Prix,albon,Alexander Albon,williams,Williams,9,9,9,2,52,Finished
2024,12,British Grand Prix,tsunoda,Yuki Tsunoda,rb,RB F1 Team,13,10,10,1,52,Finished
2024,12,British Grand Prix,sargeant,Logan Sargeant,williams,Williams,12,11,11,0,52,Finished
2024,12,British Grand Prix,kevin_magnussen,Kevin Magnussen,haas,Haas F1 Team,17,12,12,0,52,Finished
2024,12,British Grand Prix,ricciardo,Daniel Ricciardo,rb,RB F1 Team,15,13,13,0,51,Lapped
2024,12,British Grand Prix,leclerc,Charles Leclerc,ferrari,Ferrari,11,14,14,0,51,Lapped
2024,12,British Grand Prix,bottas,Valtteri Bottas,sauber,Sauber,16,15,15,0,51,Lapped
2024,12,British Grand Prix,ocon,Esteban Ocon,alpine,Alpine F1 Team,18,16,16,0,50,Lapped
2024,12,British Grand Prix,perez,Sergio Pérez,red_bull,Red Bull,20,17,17,0,50,Lapped
2024,12,British Grand Prix,zhou,Guanyu Zhou,sauber,Sauber,14,18,18,0,50,Lapped
2024,12,British Grand Prix,russell,George Russell,mercedes,Mercedes,1,19,R,0,33,Retired
2024,12,British Grand Prix,gasly,Pierre Gasly,alpine,Alpine F1 Team,19,20,W,0,0,Did not start
2024,13,Hungarian Grand Prix,piastri,Oscar Piastri,mclaren,McLaren,2,1,1,25,70,Finished
2024,13,Hungarian Grand Prix,norris,Lando Norris,mclaren,McLaren,1,2,2,18,70,Finished
2024,13,Hungarian Grand Prix,hamilton,Lewis Hamilton,mercedes,Mercedes,5,3,3,15,70,Finished
2024,13,Hungarian Grand Prix,leclerc,Charles Leclerc,ferrari,Ferrari,6,4,4,12,70,Finished
2024,13,Hungarian Grand Prix,max_verstappen,Max Verstappen,red_bull,Red Bull,3,5,5,10,70,Finished
2024,13,Hungarian Grand Prix,sainz,Carlos Sainz,ferrari,Ferrari,4,6,6,8,70,Finished
2024,13,Hungarian Grand Prix,perez,Sergio Pérez,red_bull,Red Bull,16,7,7,6,70,Finished
2024,13,Hungarian Grand Prix,russell,George Russell,mercedes,Mercedes,17,8,8,5,70,Finished
2024,13,Hungarian Grand Prix,tsunoda,Yuki Tsunoda,rb,RB F1 Team,10,9,9,2,70,Finished
2024,13,Hungarian Grand Prix,stroll,Lance Stroll,aston_martin,Aston Martin,8,10,10,1,70,Finished
2024,13,Hungarian Grand Prix,alonso,Fernando Alonso,aston_martin,Aston Martin,7,11,11,0,70,Finished
2024,13,Hungarian Grand Prix,ricciardo,Daniel Ricciardo,rb,RB F1 Team,9,12,12,0,69,Lapped
2024,13,Hungarian Grand Prix,hulkenberg,Nico Hülkenberg,haas,Haas F1 Team,11,13,13,0,69,Lapped
2024,13,Hungarian Grand Prix,albon,Alexander Albon,williams,Williams,13,14,14,0,69,Lapped
2024,13,Hungarian Grand Prix,kevin_magnussen,Kevin Magnussen,haas,Haas F1 Team,15,15,15,0,69,Lapped
2024,13,Hungarian Grand Prix,bottas,Valtteri Bottas,sauber,Sauber,12,16,16,0,69,Lapped
2024,13,Hungarian Grand Prix,sargeant,Logan Sargeant,williams,Williams,14,17,17,0,69,Lapped
2024,13,Hungarian Grand Prix,ocon,Esteban Ocon,alpine,Alpine F1 Team,19,18,18,0,69,Lapped
2024,13,Hungarian Grand Prix,zhou,Guanyu Zhou,sauber,Sauber,18,19,19,0,69,Lapped
2024,13,Hungarian Grand Prix,gasly,Pierre Gasly,alpine,Alpine F1 Team,20,20,R,0,33,Retired
2024,14,Belgian Grand Prix,hamilton,Lewis Hamilton,mercedes,Mercedes,3,1,1,25,44,Finished
2024,14,Belgian Grand Prix,piastri,Oscar Piastri,mclaren,McLaren,5,2,2,18,44,Finished
2024,14,Belgian Grand Prix,leclerc,Charles Leclerc,ferrari,Ferrari,1,3,3,15,44,Finished
2024,14,Belgian Grand Prix,max_verstappen,Max Verstappen,red_bull,Red Bull,11,4,4,12,44,Finished
2024,14,Belgian Grand Prix,norris,Lando Norris,mclaren,McLaren,4,5,5,10,44,Finished
2024,14,Belgian Grand Prix,sainz,Carlos Sainz,ferrari,Ferrari,7,6,6,8,44,Finished
2024,14,Belgian Grand Prix,perez,Sergio Pérez,red_bull,Red Bull,2,7,7,7,44,Finished
2024,14,Belgian Grand Prix,alonso,Fernando Alonso,aston_martin,Aston Martin,8,8,8,4,44,Finished
2024,14,Belgian Grand Prix,ocon,Esteban Ocon,alpine,Alpine F1 Team,9,9,9,2,44,Finished
2024,14,Belgian Grand Prix,ricciardo,Daniel Ricciardo,rb,RB F1 Team,13,10,10,1,44,Finished
2024,14,Belgian Grand Prix,stroll,Lance Stroll,aston_martin,Aston Martin,15,11,11,0,44,Finished
2024,14,Belgian Grand Prix,albon,Alexander Albon,williams,Williams,10,12,12,0,44,Finished
2024,14,Belgian Grand Prix,gasly,Pierre Gasly,alpine,Alpine F1 Team,12,13,13,0,44,Finished
2024,14,Belgian Grand Prix,kevin_magnussen,Kevin Magnussen,haas,Haas F1 Team,17,14,14,0,44,Finished
2024,14,Belgian Grand Prix,bottas,Valtteri Bottas,sauber,Sauber,14,15,15,0,44,Finished
2024,14,Belgian Grand Prix,tsunoda,Yuki Tsunoda,rb,RB F1 Team,20,16,16,0,44,Finished
2024,14,Belgian Grand Prix,sargeant,Logan Sargeant,williams,Williams,18,17,17,0,44,Finished
2024,14,Belgian Grand Prix,hulkenberg,Nico Hülkenberg,haas,Haas F1 Team,16,18,18,0,44,Finished
2024,14,Belgian Grand Prix,zhou,Guanyu Zhou,sauber,Sauber,19,19,R,0,5,Retired
2024,14,Belgian Grand Prix,russell,George Russell,mercedes,Mercedes,6,20,20,0,44,Disqualified
2024,15,Dutch Grand Prix,norris,Lando Norris,mclaren,McLaren,1,1,1,26,72,Finished
2024,15,Dutch Grand Prix,max_verstappen,Max Verstappen,red_bull,Red Bull,2,2,2,18,72,Finished
2024,15,Dutch Grand Prix,leclerc,Charles Leclerc,ferrari,Ferrari,6,3,3,15,72,Finished
2024,15,Dutch Grand Prix,piastri,Oscar Piastri,mclaren,McLaren,3,4,4,12,72,Finished
2024,15,Dutch Grand Prix,sainz,Carlos Sainz,ferrari,Ferrari,10,5,5,10,72,Finished
2024,15,Dutch Grand Prix,perez,Sergio Pérez,red_bull,Red Bull,5,6,6,8,72,Finished
2024,15,Dutch Grand Prix,russell,George Russell,mercedes,Mercedes,4,7,7,6,72,Finished
2024,15,Dutch Grand Prix,hamilton,Lewis Hamilton,mercedes,Mercedes,14,8,8,4,72,Finished
2024,15,Dutch Grand Prix,gasly,Pierre Gasly,alpine,Alpine F1 Team,9,9,9,2,71,Lapped
2024,15,Dutch Grand Prix,alonso,Fernando Alonso,aston_martin,Aston Martin,7,10,10,1,71,Lapped
2024,15,Dutch Grand Prix,hulkenberg,Nico Hülkenberg,haas,Haas F1 Team,12,11,11,0,71,Lapped
2024,15,Dutch Grand Prix,ricciardo,Daniel Ricciardo,rb,RB F1 Team,13,12,12,0,71,Lapped
2024,15,Dutch Grand Prix,stroll,Lance Stroll,aston_martin,Aston Martin,8,13,13,0,71,Lapped
2024,15,Dutch Grand Prix,albon,Alexander Albon,williams,Williams,19,14,14,0,71,Lapped
2024,15,Dutch Grand Prix,ocon,Esteban Ocon,alpine,Alpine F1 Team,15,15,15,0,71,Lapped
2024,15,Dutch Grand Prix,sargeant,Logan Sargeant,williams,Williams,18,16,16,0,71,Lapped
2024,15,Dutch Grand Prix,tsunoda,Yuki Tsunoda,rb,RB F1 Team,11,17,17,0,71,Lapped
2024,15,Dutch Grand Prix,kevin_magnussen,Kevin Magnussen,haas,Haas F1 Team,20,18,18,0,71,Lapped
2024,15,Dutch Grand Prix,bottas,Valtteri Bottas,sauber,Sauber,16,19,19,0,70,Lapped
2024,15,Dutch Grand Prix,zhou,Guanyu Zhou,sauber,Sauber,17,20,20,0,70,Lapped
2024,16,Italian Grand Prix,leclerc,Charles Leclerc,ferrari,Ferrari,4,1,1,25,53,Finished
2024,16,Italian Grand Prix,piastri,Oscar Piastri,mclaren,McLaren,2,2,2,18,53,Finished
2024,16,Italian Grand Prix,norris,Lando Norris,mclaren,McLaren,1,3,3,16,53,Finished
2024,16,Italian Grand Prix,sainz,Carlos Sainz,ferrari,Ferrari,5,4,4,12,53,Finished
2024,16,Italian Grand Prix,hamilton,Lewis Hamilton,mercedes,Mercedes,6,5,5,10,53,Finished
2024,16,Italian Grand Prix,max_verstappen,Max Verstappen,red_bull,Red Bull,7,6,6,8,53,Finished
2024,16,Italian Grand Prix,russell,George Russell,mercedes,Mercedes,3,7,7,6,53,Finished
2024,16,Italian Grand Prix,perez,Sergio Pérez,red_bull,Red Bull,8,8,8,4,53,Finished
2024,16,Italian Grand Prix,albon,Alexander Albon,williams,Williams,9,9,9,2,53,Finished
2024,16,Italian Grand Prix,kevin_magnussen,Kevin Magnussen,haas,Haas F1 Team,13,10,10,1,53,Finished
2024,16,Italian Grand Prix,alonso,Fernando Alonso,aston_martin,Aston Martin,11,11,11,0,53,Finished
2024,16,Italian Grand Prix,colapinto,Franco Colapinto,williams,Williams,18,12,12,0,53,Finished
2024,16,Italian Grand Prix,ricciardo,Daniel Ricciardo,rb,RB F1 Team,12,13,13,0,53,Finished
2024,16,Italian Grand Prix,ocon,Esteban Ocon,alpine,Alpine F1 Team,15,14,14,0,52,Lapped
2024,16,Italian Grand Prix,gasly,Pierre Gasly,alpine,Alpine F1 Team,14,15,15,0,52,Lapped
2024,16,Italian Grand Prix,bottas,Valtteri Bottas,sauber,Sauber,19,16,16,0,52,Lapped
2024,16,Italian Grand Prix,hulkenberg,Nico Hülkenberg,haas,Haas F1 Team,10,17,17,0,52,Lapped
2024,16,Italian Grand Prix,zhou,Guanyu Zhou,sauber,Sauber,20,18,18,0,52,Lapped
2024,16,Italian Grand Prix,stroll,Lance Stroll,aston_martin,Aston Martin,17,19,19,0,52,Lapped
2024,16,Italian Grand Prix,tsunoda,Yuki Tsunoda,rb,RB F1 Team,16,20,R,0,7,Retired
2024,17,Azerbaijan Grand Prix,piastri,Oscar Piastri,mclaren,McLaren,2,1,1,25,51,Finished
2024,17,Azerbaijan Grand Prix,leclerc,Charles Leclerc,ferrari,Ferrari,1,2,2,18,51,Finished
2024,17,Azerbaijan Grand Prix,russell,George Russell,mercedes,Mercedes,5,3,3,15,51,Finished
2024,17,Azerbaijan Grand Prix,norris,Lando Norris,mclaren,McLaren,15,4,4,13,51,Finished
2024,17,Azerbaijan Grand Prix,max_verstappen,Max Verstappen,red_bull,Red Bull,6,5,5,10,51,Finished
2024,17,Azerbaijan Grand Prix,alonso,Fernando Alonso,aston_martin,Aston Martin,7,6,6,8,51,Finished
2024,17,Azerbaijan Grand Prix,albon,Alexander Albon,williams,Williams,9,7,7,6,51,Finished
2024,17,Azerbaijan Grand Prix,colapinto,Franco Colapinto,williams,Williams,8,8,8,4,51,Finished
2024,17,Azerbaijan Grand Prix,hamilton,Lewis Hamilton,mercedes,Mercedes,19,9,9,2,51,Finished
2024,17,Azerbaijan Grand Prix,bearman,Oliver Bearman,haas,Haas F1 Team,10,10,10,1,51,Finished
2024,17,Azerbaijan Grand Prix,hulkenberg,Nico Hülkenberg,haas,Haas F1 Team,12,11,11,0,51,Finished
2024,17,Azerbaijan Grand Prix,gasly,Pierre Gasly,alpine,Alpine F1 Team,18,12,12,0,51,Finished
2024,17,Azerbaijan Grand Prix,ricciardo,Daniel Ricciardo,rb,RB F1 Team,14,13,13,0,51,Finished
2024,17,Azerbaijan Grand Prix,zhou,Guanyu Zhou,sauber,Sauber,17,14,14,0,51,Finished
2024,17,Azerbaijan Grand Prix,ocon,Esteban Ocon,alpine,Alpine F1 Team,20,15,15,0,50,Lapped
2024,17,Azerbaijan Grand Prix,bottas,Valtteri Bottas,sauber,Sauber,16,16,16,0,50,Lapped
2024,17,Azerbaijan Grand Prix,perez,Sergio Pérez,red_bull,Red Bull,4,17,17,0,49,Retired
2024,17,Azerbaijan Grand Prix,sainz,Carlos Sainz,ferrari,Ferrari,3,18,18,0,49,Retired
2024,17,Azerbaijan Grand Prix,stroll,Lance Stroll,aston_martin,Aston Martin,13,19,19,0,45,Retired
2024,17,Azerbaijan Grand Prix,tsunoda,Yuki Tsunoda,rb,RB F1 Team,11,20,R,0,14,Retired
2024,18,Singapore Grand Prix,norris,Lando Norris,mclaren,McLaren,1,1,1,25,62,Finished
2024,18,Singapore Grand Prix,max_verstappen,Max Verstappen,red_bull,Red Bull,2,2,2,18,62,Finished
2024,18,Singapore Grand Prix,piastri,Oscar Piastri,mclaren,McLaren,5,3,3,15,62,Finished
2024,18,Singapore Grand Prix,russell,George Russell,mercedes,Mercedes,4,4,4,12,62,Finished
2024,18,Singapore Grand Prix,leclerc,Charles Leclerc,ferrari,Ferrari,9,5,5,10,62,Finished
2024,18,Singapore Grand Prix,hamilton,Lewis Hamilton,mercedes,Mercedes,3,6,6,8,62,Finished
2024,18,Singapore Grand Prix,sainz,Carlos Sainz,ferrari,Ferrari,10,7,7,6,62,Finished
2024,18,Singapore Grand Prix,alonso,Fernando Alonso,aston_martin,Aston Martin,7,8,8,4,61,Lapped
2024,18,Singapore Grand Prix,hulkenberg,Nico Hülkenberg,haas,Haas F1 Team,6,9,9,2,61,Lapped
2024,18,Singapore Grand Prix,perez,Sergio Pérez,red_bull,Red Bull,13,10,10,1,61,Lapped
2024,18,Singapore Grand Prix,colapinto,Franco Colapinto,williams,Williams,12,11,11,0,61,Lapped
2024,18,Singapore Grand Prix,tsunoda,Yuki Tsunoda,rb,RB F1 Team,8,12,12,0,61,Lapped
2024,18,Singapore Grand Prix,ocon,Esteban Ocon,alpine,Alpine F1 Team,15,13,13,0,61,Lapped
2024,18,Singapore Grand Prix,stroll,Lance Stroll,aston_martin,Aston Martin,17,14,14,0,61,Lapped
2024,18,Singapore Grand Prix,zhou,Guanyu Zhou,sauber,Sauber,20,15,15,0,61,Lapped
2024,18,Singapore Grand Prix,bottas,Valtteri Bottas,sauber,Sauber,19,16,16,0,61,Lapped
2024,18,Singapore Grand Prix,gasly,Pierre Gasly,alpine,Alpine F1 Team,18,17,17,0,61,Lapped
2024,18,Singapore Grand Prix,ricciardo,Daniel Ricciardo,rb,RB F1 Team,16,18,18,0,61,Lapped
2024,18,Singapore Grand Prix,kevin_magnussen,Kevin Magnussen,haas,Haas F1 Team,14,19,19,0,57,Retired
2024,18,Singapore Grand Prix,albon,Alexander Albon,williams,Williams,11,20,R,0,15,Retired
2024,19,United States Grand Prix,leclerc,Charles Leclerc,ferrari,Ferrari,4,1,1,25,56,Finished
2024,19,United States Grand Prix,sainz,Carlos Sainz,ferrari,Ferrari,3,2,2,18,56,Finished
2024,19,United States Grand Prix,max_verstappen,Max Verstappen,red_bull,Red Bull,2,3,3,15,56,Finished
2024,19,United States Grand Prix,norris,Lando Norris,mclaren,McLaren,1,4,4,12,56,Finished
2024,19,United States Grand Prix,piastri,Oscar Piastri,mclaren,McLaren,5,5,5,10,56,Finished
2024,19,United States Grand Prix,russell,George Russell,mercedes,Mercedes,20,6,6,8,56,Finished
2024,19,United States Grand Prix,perez,Sergio Pérez,red_bull,Red Bull,9,7,7,6,56,Finished
2024,19,United States Grand Prix,hulkenberg,Nico Hülkenberg,haas,Haas F1 Team,11,8,8,4,56,Finished
2024,19,United States Grand Prix,lawson,Liam Lawson,rb,RB F1 Team,19,9,9,2,56,Finished
2024,19,United States Grand Prix,colapinto,Franco Colapinto,williams,Williams,15,10,10,1,56,Finished
2024,19,United States Grand Prix,kevin_magnussen,Kevin Magnussen,haas,Haas F1 Team,8,11,11,0,56,Finished
2024,19,United States Grand Prix,gasly,Pierre Gasly,alpine,Alpine F1 Team,6,12,12,0,56,Finished
2024,19,United States Grand Prix,alonso,Fernando Alonso,aston_martin,Aston Martin,7,13,13,0,55,Lapped
2024,19,United States Grand Prix,tsunoda,Yuki Tsunoda,rb,RB F1 Team,10,14,14,0,55,Lapped
2024,19,United States Grand Prix,stroll,Lance Stroll,aston_martin,Aston Martin,13,15,15,0,55,Lapped
2024,19,United States Grand Prix,albon,Alexander Albon,williams,Williams,14,16,16,0,55,Lapped
2024,19,United States Grand Prix,bottas,Valtteri Bottas,sauber,Sauber,16,17,17,0,55,Lapped
2024,19,United States Grand Prix,ocon,Esteban Ocon,alpine,Alpine F1 Team,12,18,18,0,55,Lapped
2024,19,United States Grand Prix,zhou,Guanyu Zhou,sauber,Sauber,18,19,19,0,55,Lapped
2024,19,United States Grand Prix,hamilton,Lewis Hamilton,mercedes,Mercedes,17,20,R,0,1,Retired
2024,20,Mexico City Grand Prix,sainz,Carlos Sainz,ferrari,Ferrari,1,1,1,25,71,Finished
2024,20,Mexico City Grand Prix,norris,Lando Norris,mclaren,McLaren,3,2,2,18,71,Finished
2024,20,Mexico City Grand Prix,leclerc,Charles Leclerc,ferrari,Ferrari,4,3,3,16,71,Finished
2024,20,Mexico City Grand Prix,hamilton,Lewis Hamilton,mercedes,Mercedes,6,4,4,12,71,Finished
2024,20,Mexico City Grand Prix,russell,George Russell,mercedes,Mercedes,5,5,5,10,71,Finished
2024,20,Mexico City Grand Prix,max_verstappen,Max Verstappen,red_bull,Red Bull,2,6,6,8,71,Finished
2024,20,Mexico City Grand Prix,kevin_magnussen,Kevin Magnussen,haas,Haas F1 Team,7,7,7,6,71,Finished
2024,20,Mexico City Grand Prix,piastri,Oscar Piastri,mclaren,McLaren,17,8,8,4,71,Finished
2024,20,Mexico City Grand Prix,hulkenberg,Nico Hülkenberg,haas,Haas F1 Team,10,9,9,2,70,Lapped
2024,20,Mexico City Grand Prix,gasly,Pierre Gasly,alpine,Alpine F1 Team,8,10,10,1,70,Lapped
2024,20,Mexico City Grand Prix,stroll,Lance Stroll,aston_martin,Aston Martin,14,11,11,0,70,Lapped
2024,20,Mexico City Grand Prix,colapinto,Franco Colapinto,williams,Williams,16,12,12,0,70,Lapped
2024,20,Mexico City Grand Prix,ocon,Esteban Ocon,alpine,Alpine F1 Team,0,13,13,0,70,Lapped
2024,20,Mexico City Grand Prix,bottas,Valtteri Bottas,sauber,Sauber,15,14,14,0,70,Lapped
2024,20,Mexico City Grand Prix,zhou,Guanyu Zhou,sauber,Sauber,19,15,15,0,70,Lapped
2024,20,Mexico City Grand Prix,lawson,Liam Lawson,rb,RB F1 Team,12,16,16,0,70,Lapped
2024,20,Mexico City Grand Prix,perez,Sergio Pérez,red_bull,Red Bull,18,17,17,0,70,Lapped
2024,20,Mexico City Grand Prix,alonso,Fernando Alonso,aston_martin,Aston Martin,13,18,R,0,15,Retired
2024,20,Mexico City Grand Prix,albon,Alexander Albon,williams,Williams,9,19,R,0,0,Retired
2024,20,Mexico City Grand Prix,tsunoda,Yuki Tsunoda,rb,RB F1 Team,11,20,R,0,0,Retired
2024,21,São Paulo Grand Prix,max_verstappen,Max Verstappen,red_bull,Red Bull,17,1,1,26,69,Finished
2024,21,São Paulo Grand Prix,ocon,Esteban Ocon,alpine,Alpine F1 Team,4,2,2,18,69,Finished
2024,21,São Paulo Grand Prix,gasly,Pierre Gasly,alpine,Alpine F1 Team,13,3,3,15,69,Finished
2024,21,São Paulo Grand Prix,russell,George Russell,mercedes,Mercedes,2,4,4,12,69,Finished
2024,21,São Paulo Grand Prix,leclerc,Charles Leclerc,ferrari,Ferrari,6,5,5,10,69,Finished
2024,21,São Paulo Grand Prix,norris,Lando Norris,mclaren,McLaren,1,6,6,8,69,Finished
2024,21,São Paulo Grand Prix,tsunoda,Yuki Tsunoda,rb,RB F1 Team,3,7,7,6,69,Finished
2024,21,São Paulo Grand Prix,piastri,Oscar Piastri,mclaren,McLaren,8,8,8,4,69,Finished
2024,21,São Paulo Grand Prix,lawson,Liam Lawson,rb,RB F1 Team,5,9,9,2,69,Finished
2024,21,São Paulo Grand Prix,hamilton,Lewis Hamilton,mercedes,Mercedes,14,10,10,1,69,Finished
2024,21,São Paulo Grand Prix,perez,Sergio Pérez,red_bull,Red Bull,12,11,11,0,69,Finished
2024,21,São Paulo Grand Prix,bearman,Oliver Bearman,haas,Haas F1 Team,15,12,12,0,69,Finished
2024,21,São Paulo Grand Prix,bottas,Valtteri Bottas,sauber,Sauber,11,13,13,0,69,Finished
2024,21,São Paulo Grand Prix,alonso,Fernando Alonso,aston_martin,Aston Martin,9,14,14,0,69,Finished
2024,21,São Paulo Grand Prix,zhou,Guanyu Zhou,sauber,Sauber,19,15,15,0,69,Finished
2024,21,São Paulo Grand Prix,sainz,Carlos Sainz,ferrari,Ferrari,20,16,R,0,38,Retired
2024,21,São Paulo Grand Prix,colapinto,Franco Colapinto,williams,Williams,16,17,R,0,30,Retired
2024,21,São Paulo Grand Prix,albon,Alexander Albon,williams,Williams,7,18,W,0,0,Did not start
2024,21,São Paulo Grand Prix,stroll,Lance Stroll,aston_martin,Aston Martin,10,19,W,0,0,Did not start
2024,21,São Paulo Grand Prix,hulkenberg,Nico Hülkenberg,haas,Haas F1 Team,18,20,D,0,0,Disqualified
2024,22,Las Vegas Grand Prix,russell,George Russell,mercedes,Mercedes,1,1,1,25,50,Finished
2024,22,Las Vegas Grand Prix,hamilton,Lewis Hamilton,mercedes,Mercedes,10,2,2,18,50,Finished
2024,22,Las Vegas Grand Prix,sainz,Carlos Sainz,ferrari,Ferrari,2,3,3,15,50,Finished
2024,22,Las Vegas Grand Prix,leclerc,Charles Leclerc,ferrari,Ferrari,4,4,4,12,50,Finished
2024,22,Las Vegas Grand Prix,max_verstappen,Max Verstappen,red_bull,Red Bull,5,5,5,10,50,Finished
2024,22,Las Vegas Grand Prix,norris,Lando Norris,mclaren,McLaren,6,6,6,9,50,Finished
2024,22,Las Vegas Grand Prix,piastri,Oscar Piastri,mclaren,McLaren,8,7,7,6,50,Finished
2024,22,Las Vegas Grand Prix,hulkenberg,Nico Hülkenberg,haas,Haas F1 Team,9,8,8,4,50,Finished
2024,22,Las Vegas Grand Prix,tsunoda,Yuki Tsunoda,rb,RB F1 Team,7,9,9,2,50,Finished
2024,22,Las Vegas Grand Prix,perez,Sergio Pérez,red_bull,Red Bull,15,10,10,1,50,Finished
2024,22,Las Vegas Grand Prix,alonso,Fernando Alonso,aston_martin,Aston Martin,16,11,11,0,50,Finished
2024,22,Las Vegas Grand Prix,kevin_magnussen,Kevin Magnussen,haas,Haas F1 Team,12,12,12,0,50,Finished
2024,22,Las Vegas Grand Prix,zhou,Guanyu Zhou,sauber,Sauber,13,13,13,0,50,Finished
2024,22,Las Vegas Grand Prix,colapinto,Franco Colapinto,williams,Williams,20,14,14,0,50,Finished
2024,22,Las Vegas Grand Prix,stroll,Lance Stroll,aston_martin,Aston Martin,18,15,15,0,50,Finished
2024,22,Las Vegas Grand Prix,lawson,Liam Lawson,rb,RB F1 Team,14,16,16,0,50,Finished
2024,22,Las Vegas Grand Prix,ocon,Esteban Ocon,alpine,Alpine F1 Team,11,17,17,0,49,Lapped
2024,22,Las Vegas Grand Prix,bottas,Valtteri Bottas,sauber,Sauber,19,18,18,0,49,Lapped
2024,22,Las Vegas Grand Prix,albon,Alexander Albon,williams,Williams,17,19,R,0,25,Retired
2024,22,Las Vegas Grand Prix,gasly,Pierre Gasly,alpine,Alpine F1 Team,3,20,R,0,15,Retired
2024,23,Qatar Grand Prix,max_verstappen,Max Verstappen,red_bull,Red Bull,2,1,1,25,57,Finished
2024,23,Qatar Grand Prix,leclerc,Charles Leclerc,ferrari,Ferrari,5,2,2,18,57,Finished
2024,23,Qatar Grand Prix,piastri,Oscar Piastri,mclaren,McLaren,4,3,3,15,57,Finished
2024,23,Qatar Grand Prix,russell,George Russell,mercedes,Mercedes,1,4,4,12,57,Finished
2024,23,Qatar Grand Prix,gasly,Pierre Gasly,alpine,Alpine F1 Team,11,5,5,10,57,Finished
2024,23,Qatar Grand Prix,sainz,Carlos Sainz,ferrari,Ferrari,7,6,6,8,57,Finished
2024,23,Qatar Grand Prix,alonso,Fernando Alonso,aston_martin,Aston Martin,8,7,7,6,57,Finished
2024,23,Qatar Grand Prix,zhou,Guanyu Zhou,sauber,Sauber,12,8,8,4,57,Finished
2024,23,Qatar Grand Prix,kevin_magnussen,Kevin Magnussen,haas,Haas F1 Team,10,9,9,2,57,Finished
2024,23,Qatar Grand Prix,norris,Lando Norris,mclaren,McLaren,3,10,10,2,57,Finished
2024,23,Qatar Grand Prix,bottas,Valtteri Bottas,sauber,Sauber,13,11,11,0,57,Finished
2024,23,Qatar Grand Prix,hamilton,Lewis Hamilton,mercedes,Mercedes,6,12,12,0,57,Finished
2024,23,Qatar Grand Prix,tsunoda,Yuki Tsunoda,rb,RB F1 Team,14,13,13,0,57,Finished
2024,23,Qatar Grand Prix,lawson,Liam Lawson,rb,RB F1 Team,17,14,14,0,57,Finished
2024,23,Qatar Grand Prix,albon,Alexander Albon,williams,Williams,16,15,15,0,56,Lapped
2024,23,Qatar Grand Prix,hulkenberg,Nico Hülkenberg,haas,Haas F1 Team,18,16,R,0,39,Retired
2024,23,Qatar Grand Prix,perez,Sergio Pérez,red_bull,Red Bull,9,17,R,0,38,Retired
2024,23,Qatar Grand Prix,stroll,Lance Stroll,aston_martin,Aston Martin,15,18,R,0,8,Retired
2024,23,Qatar Grand Prix,colapinto,Franco Colapinto,williams,Williams,19,19,R,0,0,Retired
2024,23,Qatar Grand Prix,ocon,Esteban Ocon,alpine,Alpine F1 Team,20,20,R,0,0,Retired
2024,24,Abu Dhabi Grand Prix,norris,Lando Norris,mclaren,McLaren,1,1,1,25,58,Finished
2024,24,Abu Dhabi Grand Prix,sainz,Carlos Sainz,ferrari,Ferrari,3,2,2,18,58,Finished
2024,24,Abu Dhabi Grand Prix,leclerc,Charles Leclerc,ferrari,Ferrari,19,3,3,15,58,Finished
2024,24,Abu Dhabi Grand Prix,hamilton,Lewis Hamilton,mercedes,Mercedes,16,4,4,12,58,Finished
2024,24,Abu Dhabi Grand Prix,russell,George Russell,mercedes,Mercedes,6,5,5,10,58,Finished
2024,24,Abu Dhabi Grand Prix,max_verstappen,Max Verstappen,red_bull,Red Bull,4,6,6,8,58,Finished
2024,24,Abu Dhabi Grand Prix,gasly,Pierre Gasly,alpine,Alpine F1 Team,5,7,7,6,58,Finished
2024,24,Abu Dhabi Grand Prix,hulkenberg,Nico Hülkenberg,haas,Haas F1 Team,7,8,8,4,58,Finished
2024,24,Abu Dhabi Grand Prix,alonso,Fernando Alonso,aston_martin,Aston Martin,8,9,9,2,58,Finished
2024,24,Abu Dhabi Grand Prix,piastri,Oscar Piastri,mclaren,McLaren,2,10,10,1,58,Finished
2024,24,Abu Dhabi Grand Prix,albon,Alexander Albon,williams,Williams,18,11,11,0,57,Lapped
2024,24,Abu Dhabi Grand Prix,tsunoda,Yuki Tsunoda,rb,RB F1 Team,11,12,12,0,57,Lapped
2024,24,Abu Dhabi Grand Prix,zhou,Guanyu Zhou,sauber,Sauber,15,13,13,0,57,Lapped
2024,24,Abu Dhabi Grand Prix,stroll,Lance Stroll,aston_martin,Aston Martin,13,14,14,0,57,Lapped
2024,24,Abu Dhabi Grand Prix,doohan,Jack Doohan,alpine,Alpine F1 Team,17,15,15,0,57,Lapped
2024,24,Abu Dhabi Grand Prix,kevin_magnussen,Kevin Magnussen,haas,Haas F1 Team,14,16,16,0,57,Lapped
2024,24,Abu Dhabi Grand Prix,lawson,Liam Lawson,rb,RB F1 Team,12,17,17,0,55,Retired
2024,24,Abu Dhabi Grand Prix,bottas,Valtteri Bottas,sauber,Sauber,9,18,R,0,30,Retired
2024,24,Abu Dhabi Grand Prix,colapinto,Franco Colapinto,williams,Williams,20,19,R,0,26,Retired
2024,24,Abu Dhabi Grand Prix,perez,Sergio Pérez,red_bull,Red Bull,10,20,R,0,0,Retired
2025,1,Australian Grand Prix,norris,Lando Norris,mclaren,McLaren,1,1,1,25,57,Finished
2025,1,Australian Grand Prix,max_verstappen,Max Verstappen,red_bull,Red Bull,3,2,2,18,57,Finished
2025,1,Australian Grand Prix,russell,George Russell,mercedes,Mercedes,4,3,3,15,57,Finished
2025,1,Australian Grand Prix,antonelli,Andrea Kimi Antonelli,mercedes,Mercedes,16,4,4,12,57,Finished
2025,1,Australian Grand Prix,albon,Alexander Albon,williams,Williams,6,5,5,10,57,Finished
2025,1,Australian Grand Prix,stroll,Lance Stroll,aston_martin,Aston Martin,13,6,6,8,57,Finished
2025,1,Australian Grand Prix,hulkenberg,Nico Hülkenberg,sauber,Sauber,17,7,7,6,57,Finished
2025,1,Australian Grand Prix,leclerc,Charles Leclerc,ferrari,Ferrari,7,8,8,4,57,Finished
2025,1,Australian Grand Prix,piastri,Oscar Piastri,mclaren,McLaren,2,9,9,2,57,Finished
2025,1,Australian Grand Prix,hamilton,Lewis Hamilton,ferrari,Ferrari,8,10,10,1,57,Finished
2025,1,Australian Grand Prix,gasly,Pierre Gasly,alpine,Alpine F1 Team,9,11,11,0,57,Finished
2025,1,Australian Grand Prix,tsunoda,Yuki Tsunoda,rb,RB F1 Team,5,12,12,0,57,Finished
2025,1,Australian Grand Prix,ocon,Esteban Ocon,haas,Haas F1 Team,19,13,13,0,57,Finished
2025,1,Australian Grand Prix,bearman,Oliver Bearman,haas,Haas F1 Team,20,14,14,0,57,Finished
2025,1,Australian Grand Prix,lawson,Liam Lawson,red_bull,Red Bull,18,15,R,0,46,Retired
2025,1,Australian Grand Prix,bortoleto,Gabriel Bortoleto,sauber,Sauber,15,16,R,0,45,Retired
2025,1,Australian Grand Prix,alonso,Fernando Alonso,aston_martin,Aston Martin,12,17,R,0,32,Retired
2025,1,Australian Grand Prix,sainz,Carlos Sainz,williams,Williams,10,18,R,0,0,Retired
2025,1,Australian Grand Prix,doohan,Jack Doohan,alpine,Alpine F1 Team,14,19,R,0,0,Retired
2025,1,Australian Grand Prix,hadjar,Isack Hadjar,rb,RB F1 Team,11,20,R,0,0,Retired
2025,2,Chinese Grand Prix,piastri,Oscar Piastri,mclaren,McLaren,1,1,1,25,56,Finished
2025,2,Chinese Grand Prix,norris,Lando Norris,mclaren,McLaren,3,2,2,18,56,Finished
2025,2,Chinese Grand Prix,russell,George Russell,mercedes,Mercedes,2,3,3,15,56,Finished
2025,2,Chinese Grand Prix,max_verstappen,Max Verstappen,red_bull,Red Bull,4,4,4,12,56,Finished
2025,2,Chinese Grand Prix,ocon,Esteban Ocon,haas,Haas F1 Team,11,5,5,10,56,Finished
2025,2,Chinese Grand Prix,antonelli,Andrea Kimi Antonelli,mercedes,Mercedes,8,6,6,8,56,Finished
2025,2,Chinese Grand Prix,albon,Alexander Albon,williams,Williams,10,7,7,6,56,Finished
2025,2,Chinese Grand Prix,bearman,Oliver Bearman,haas,Haas F1 Team,17,8,8,4,56,Finished
2025,2,Chinese Grand Prix,stroll,Lance Stroll,aston_martin,Aston Martin,14,9,9,2,56,Finished
2025,2,Chinese Grand Prix,sainz,Carlos Sainz,williams,Williams,15,10,10,1,56,Finished
2025,2,Chinese Grand Prix,hadjar,Isack Hadjar,rb,RB F1 Team,7,11,11,0,56,Finished
2025,2,Chinese Grand Prix,lawson,Liam Lawson,red_bull,Red Bull,20,12,12,0,56,Finished
2025,2,Chinese Grand Prix,doohan,Jack Doohan,alpine,Alpine F1 Team,18,13,13,0,56,Finished
2025,2,Chinese Grand Prix,bortoleto,Gabriel Bortoleto,sauber,Sauber,19,14,14,0,55,Lapped
2025,2,Chinese Grand Prix,hulkenberg,Nico Hülkenberg,sauber,Sauber,12,15,15,0,55,Lapped
2025,2,Chinese Grand Prix,tsunoda,Yuki Tsunoda,rb,RB F1 Team,9,16,16,0,55,Lapped
2025,2,Chinese Grand Prix,alonso,Fernando Alonso,aston_martin,Aston Martin,13,17,R,0,4,Retired
2025,2,Chinese Grand Prix,leclerc,Charles Leclerc,ferrari,Ferrari,6,18,D,0,0,Disqualified
2025,2,Chinese Grand Prix,hamilton,Lewis Hamilton,ferrari,Ferrari,5,19,D,0,0,Disqualified
2025,2,Chinese Grand Prix,gasly,Pierre Gasly,alpine,Alpine F1 Team,16,20,D,0,0,Disqualified
2025,3,Japanese Grand Prix,max_verstappen,Max Verstappen,red_bull,Red Bull,1,1,1,25,53,Finished
2025,3,Japanese Grand Prix,norris,Lando Norris,mclaren,McLaren,2,2,2,18,53,Finished
2025,3,Japanese Grand Prix,piastri,Oscar Piastri,mclaren,McLaren,3,3,3,15,53,Finished
2025,3,Japanese Grand Prix,leclerc,Charles Leclerc,ferrari,Ferrari,4,4,4,12,53,Finished
2025,3,Japanese Grand Prix,russell,George Russell,mercedes,Mercedes,5,5,5,10,53,Finished
2025,3,Japanese Grand Prix,antonelli,Andrea Kimi Antonelli,mercedes,Mercedes,6,6,6,8,53,Finished
2025,3,Japanese Grand Prix,hamilton,Lewis Hamilton,ferrari,Ferrari,8,7,7,6,53,Finished
2025,3,Japanese Grand Prix,hadjar,Isack Hadjar,rb,RB F1 Team,7,8,8,4,53,Finished
2025,3,Japanese Grand Prix,albon,Alexander Albon,williams,Williams,9,9,9,2,53,Finished
2025,3,Japanese Grand Prix,bearman,Oliver Bearman,haas,Haas F1 Team,10,10,10,1,53,Finished
2025,3,Japanese Grand Prix,alonso,Fernando Alonso,aston_martin,Aston Martin,12,11,11,0,53,Finished
2025,3,Japanese Grand Prix,tsunoda,Yuki Tsunoda,red_bull,Red Bull,14,12,12,0,53,Finished
2025,3,Japanese Grand Prix,gasly,Pierre Gasly,alpine,Alpine F1 Team,11,13,13,0,53,Finished
2025,3,Japanese Grand Prix,sainz,Carlos Sainz,williams,Williams,15,14,14,0,53,Finished
2025,3,Japanese Grand Prix,doohan,Jack Doohan,alpine,Alpine F1 Team,19,15,15,0,53,Finished
2025,3,Japanese Grand Prix,hulkenberg,Nico Hülkenberg,sauber,Sauber,16,16,16,0,53,Finished
2025,3,Japanese Grand Prix,lawson,Liam Lawson,rb,RB F1 Team,13,17,17,0,53,Finished
2025,3,Japanese Grand Prix,ocon,Esteban Ocon,haas,Haas F1 Team,18,18,18,0,53,Finished
2025,3,Japanese Grand Prix,bortoleto,Gabriel Bortoleto,sauber,Sauber,17,19,19,0,53,Finished
2025,3,Japanese Grand Prix,stroll,Lance Stroll,aston_martin,Aston Martin,20,20,20,0,52,Lapped
2025,4,Bahrain Grand Prix,piastri,Oscar Piastri,mclaren,McLaren,1,1,1,25,57,Finished
2025,4,Bahrain Grand Prix,russell,George Russell,mercedes,Mercedes,3,2,2,18,57,Finished
2025,4,Bahrain Grand Prix,norris,Lando Norris,mclaren,McLaren,6,3,3,15,57,Finished
2025,4,Bahrain Grand Prix,leclerc,Charles Leclerc,ferrari,Ferrari,2,4,4,12,57,Finished
2025,4,Bahrain Grand Prix,hamilton,Lewis Hamilton,ferrari,Ferrari,9,5,5,10,57,Finished
2025,4,Bahrain Grand Prix,max_verstappen,Max Verstappen,red_bull,Red Bull,7,6,6,8,57,Finished
2025,4,Bahrain Grand Prix,gasly,Pierre Gasly,alpine,Alpine F1 Team,4,7,7,6,57,Finished
2025,4,Bahrain Grand Prix,ocon,Esteban Ocon,haas,Haas F1 Team,14,8,8,4,57,Finished
2025,4,Bahrain Grand Prix,tsunoda,Yuki Tsunoda,red_bull,Red Bull,10,9,9,2,57,Finished
2025,4,Bahrain Grand Prix,bearman,Oliver Bearman,haas,Haas F1 Team,20,10,10,1,57,Finished
2025,4,Bahrain Grand Prix,antonelli,Andrea Kimi Antonelli,mercedes,Mercedes,5,11,11,0,57,Finished
2025,4,Bahrain Grand Prix,albon,Alexander Albon,williams,Williams,15,12,12,0,57,Finished
2025,4,Bahrain Grand Prix,hadjar,Isack Hadjar,rb,RB F1 Team,12,13,13,0,57,Finished
2025,4,Bahrain Grand Prix,doohan,Jack Doohan,alpine,Alpine F1 Team,11,14,14,0,57,Finished
2025,4,Bahrain Grand Prix,alonso,Fernando Alonso,aston_martin,Aston Martin,13,15,15,0,57,Finished
2025,4,Bahrain Grand Prix,lawson,Liam Lawson,rb,RB F1 Team,17,16,16,0,57,Finished
2025,4,Bahrain Grand Prix,stroll,Lance Stroll,aston_martin,Aston Martin,19,17,17,0,57,Finished
2025,4,Bahrain Grand Prix,bortoleto,Gabriel Bortoleto,sauber,Sauber,18,18,18,0,57,Finished
2025,4,Bahrain Grand Prix,sainz,Carlos Sainz,williams,Williams,8,19,R,0,45,Retired
2025,4,Bahrain Grand Prix,hulkenberg,Nico Hülkenberg,sauber,Sauber,16,20,D,0,0,Disqualified
2025,5,Saudi Arabian Grand Prix,piastri,Oscar Piastri,mclaren,McLaren,2,1,1,25,50,Finished
2025,5,Saudi Arabian Grand Prix,max_verstappen,Max Verstappen,red_bull,Red Bull,1,2,2,18,50,Finished
2025,5,Saudi Arabian Grand Prix,leclerc,Charles Leclerc,ferrari,Ferrari,4,3,3,15,50,Finished
2025,5,Saudi Arabian Grand Prix,norris,Lando Norris,mclaren,McLaren,10,4,4,12,50,Finished
2025,5,Saudi Arabian Grand Prix,russell,George Russell,mercedes,Mercedes,3,5,5,10,50,Finished
2025,5,Saudi Arabian Grand Prix,antonelli,Andrea Kimi Antonelli,mercedes,Mercedes,5,6,6,8,50,Finished
2025,5,Saudi Arabian Grand Prix,hamilton,Lewis Hamilton,ferrari,Ferrari,7,7,7,6,50,Finished
2025,5,Saudi Arabian Grand Prix,sainz,Carlos Sainz,williams,Williams,6,8,8,4,50,Finished
2025,5,Saudi Arabian Grand Prix,albon,Alexander Albon,williams,Williams,11,9,9,2,50,Finished
2025,5,Saudi Arabian Grand Prix,hadjar,Isack Hadjar,rb,RB F1 Team,14,10,10,1,50,Finished
2025,5,Saudi Arabian Grand Prix,alonso,Fernando Alonso,aston_martin,Aston Martin,13,11,11,0,50,Finished
2025,5,Saudi Arabian Grand Prix,lawson,Liam Lawson,rb,RB F1 Team,12,12,12,0,50,Finished
2025,5,Saudi Arabian Grand Prix,bearman,Oliver Bearman,haas,Haas F1 Team,15,13,13,0,50,Finished
2025,5,Saudi Arabian Grand Prix,ocon,Esteban Ocon,haas,Haas F1 Team,19,14,14,0,50,Finished
2025,5,Saudi Arabian Grand Prix,hulkenberg,Nico Hülkenberg,sauber,Sauber,18,15,15,0,49,Lapped
2025,5,Saudi Arabian Grand Prix,stroll,Lance Stroll,aston_martin,Aston Martin,16,16,16,0,49,Lapped
2025,5,Saudi Arabian Grand Prix,doohan,Jack Doohan,alpine,Alpine F1 Team,17,17,17,0,49,Lapped
2025,5,Saudi Arabian Grand Prix,bortoleto,Gabriel Bortoleto,sauber,Sauber,20,18,18,0,49,Lapped
2025,5,Saudi Arabian Grand Prix,tsunoda,Yuki Tsunoda,red_bull,Red Bull,8,19,R,0,1,Retired
2025,5,Saudi Arabian Grand Prix,gasly,Pierre Gasly,alpine,Alpine F1 Team,9,20,R,0,0,Retired
2025,6,Miami Grand Prix,piastri,Oscar Piastri,mclaren,McLaren,4,1,1,25,57,Finished
2025,6,Miami Grand Prix,norris,Lando Norris,mclaren,McLaren,2,2,2,18,57,Finished
2025,6,Miami Grand Prix,russell,George Russell,mercedes,Mercedes,5,3,3,15,57,Finished
2025,6,Miami Grand Prix,max_verstappen,Max Verstappen,red_bull,Red Bull,1,4,4,12,57,Finished
2025,6,Miami Grand Prix,albon,Alexander Albon,williams,Williams,7,5,5,10,57,Finished
2025,6,Miami Grand Prix,antonelli,Andrea Kimi Antonelli,mercedes,Mercedes,3,6,6,8,57,Finished
2025,6,Miami Grand Prix,leclerc,Charles Leclerc,ferrari,Ferrari,8,7,7,6,57,Finished
2025,6,Miami Grand Prix,hamilton,Lewis Hamilton,ferrari,Ferrari,12,8,8,4,57,Finished
2025,6,Miami Grand Prix,sainz,Carlos Sainz,williams,Williams,6,9,9,2,57,Finished
2025,6,Miami Grand Prix,tsunoda,Yuki Tsunoda,red_bull,Red Bull,10,10,10,1,57,Finished
2025,6,Miami Grand Prix,hadjar,Isack Hadjar,rb,RB F1 Team,11,11,11,0,57,Finished
2025,6,Miami Grand Prix,ocon,Esteban Ocon,haas,Haas F1 Team,9,12,12,0,57,Finished
2025,6,Miami Grand Prix,gasly,Pierre Gasly,alpine,Alpine F1 Team,20,13,13,0,57,Finished
2025,6,Miami Grand Prix,hulkenberg,Nico Hülkenberg,sauber,Sauber,16,14,14,0,56,Lapped
2025,6,Miami Grand Prix,alonso,Fernando Alonso,aston_martin,Aston Martin,17,15,15,0,56,Lapped
2025,6,Miami Grand Prix,stroll,Lance Stroll,aston_martin,Aston Martin,18,16,16,0,56,Lapped
2025,6,Miami Grand Prix,lawson,Liam Lawson,rb,RB F1 Team,15,17,R,0,36,Retired
2025,6,Miami Grand Prix,bortoleto,Gabriel Bortoleto,sauber,Sauber,13,18,R,0,30,Retired
2025,6,Miami Grand Prix,bearman,Oliver Bearman,haas,Haas F1 Team,19,19,R,0,27,Retired
2025,6,Miami Grand Prix,doohan,Jack Doohan,alpine,Alpine F1 Team,14,20,R,0,0,Retired
2025,7,Emilia Romagna Grand Prix,max_verstappen,Max Verstappen,red_bull,Red Bull,2,1,1,25,63,Finished
2025,7,Emilia Romagna Grand Prix,norris,Lando Norris,mclaren,McLaren,4,2,2,18,63,Finished
2025,7,Emilia Romagna Grand Prix,piastri,Oscar Piastri,mclaren,McLaren,1,3,3,15,63,Finished
2025,7,Emilia Romagna Grand Prix,hamilton,Lewis Hamilton,ferrari,Ferrari,12,4,4,12,63,Finished
2025,7,Emilia Romagna Grand Prix,albon,Alexander Albon,williams,Williams,7,5,5,10,63,Finished
2025,7,Emilia Romagna Grand Prix,leclerc,Charles Leclerc,ferrari,Ferrari,11,6,6,8,63,Finished
2025,7,Emilia Romagna Grand Prix,russell,George Russell,mercedes,Mercedes,3,7,7,6,63,Finished
2025,7,Emilia Romagna Grand Prix,sainz,Carlos Sainz,williams,Williams,6,8,8,4,63,Finished
2025,7,Emilia Romagna Grand Prix,hadjar,Isack Hadjar,rb,RB F1 Team,9,9,9,2,63,Finished
2025,7,Emilia Romagna Grand Prix,tsunoda,Yuki Tsunoda,red_bull,Red Bull,20,10,10,1,63,Finished
2025,7,Emilia Romagna Grand Prix,alonso,Fernando Alonso,aston_martin,Aston Martin,5,11,11,0,63,Finished
2025,7,Emilia Romagna Grand Prix,hulkenberg,Nico Hülkenberg,sauber,Sauber,17,12,12,0,63,Finished
2025,7,Emilia Romagna Grand Prix,gasly,Pierre Gasly,alpine,Alpine F1 Team,10,13,13,0,63,Finished
2025,7,Emilia Romagna Grand Prix,lawson,Liam Lawson,rb,RB F1 Team,15,14,14,0,63,Finished
2025,7,Emilia Romagna Grand Prix,stroll,Lance Stroll,aston_martin,Aston Martin,8,15,15,0,63,Finished
2025,7,Emilia Romagna Grand Prix,colapinto,Franco Colapinto,alpine,Alpine F1 Team,16,16,16,0,63,Finished
2025,7,Emilia Romagna Grand Prix,bearman,Oliver Bearman,haas,Haas F1 Team,19,17,17,0,63,Finished
2025,7,Emilia Romagna Grand Prix,bortoleto,Gabriel Bortoleto,sauber,Sauber,14,18,18,0,63,Finished
2025,7,Emilia Romagna Grand Prix,antonelli,Andrea Kimi Antonelli,mercedes,Mercedes,13,19,R,0,44,Retired
2025,7,Emilia Romagna Grand Prix,ocon,Esteban Ocon,haas,Haas F1 Team,18,20,R,0,27,Retired
2025,8,Monaco Grand Prix,norris,Lando Norris,mclaren,McLaren,1,1,1,25,78,Finished
2025,8,Monaco Grand Prix,leclerc,Charles Leclerc,ferrari,Ferrari,2,2,2,18,78,Finished
2025,8,Monaco Grand Prix,piastri,Oscar Piastri,mclaren,McLaren,3,3,3,15,78,Finished
2025,8,Monaco Grand Prix,max_verstappen,Max Verstappen,red_bull,Red Bull,4,4,4,12,78,Finished
2025,8,Monaco Grand Prix,hamilton,Lewis Hamilton,ferrari,Ferrari,7,5,5,10,78,Finished
2025,8,Monaco Grand Prix,hadjar,Isack Hadjar,rb,RB F1 Team,5,6,6,8,77,Lapped
2025,8,Monaco Grand Prix,ocon,Esteban Ocon,haas,Haas F1 Team,8,7,7,6,77,Lapped
2025,8,Monaco Grand Prix,lawson,Liam Lawson,rb,RB F1 Team,9,8,8,4,77,Lapped
2025,8,Monaco Grand Prix,albon,Alexander Albon,williams,Williams,10,9,9,2,76,Lapped
2025,8,Monaco Grand Prix,sainz,Carlos Sainz,williams,Williams,11,10,10,1,76,Lapped
2025,8,Monaco Grand Prix,russell,George Russell,mercedes,Mercedes,14,11,11,0,76,Lapped
2025,8,Monaco Grand Prix,bearman,Oliver Bearman,haas,Haas F1 Team,20,12,12,0,76,Lapped
2025,8,Monaco Grand Prix,colapinto,Franco Colapinto,alpine,Alpine F1 Team,18,13,13,0,76,Lapped
2025,8,Monaco Grand Prix,bortoleto,Gabriel Bortoleto,sauber,Sauber,16,14,14,0,76,Lapped
2025,8,Monaco Grand Prix,stroll,Lance Stroll,aston_martin,Aston Martin,19,15,15,0,76,Lapped
2025,8,Monaco Grand Prix,hulkenberg,Nico Hülkenberg,sauber,Sauber,13,16,16,0,76,Lapped
2025,8,Monaco Grand Prix,tsunoda,Yuki Tsunoda,red_bull,Red Bull,12,17,17,0,76,Lapped
2025,8,Monaco Grand Prix,antonelli,Andrea Kimi Antonelli,mercedes,Mercedes,15,18,18,0,75,Lapped
2025,8,Monaco Grand Prix,alonso,Fernando Alonso,aston_martin,Aston Martin,6,19,R,0,36,Retired
2025,8,Monaco Grand Prix,gasly,Pierre Gasly,alpine,Alpine F1 Team,17,20,R,0,7,Retired
2025,9,Spanish Grand Prix,piastri,Oscar Piastri,mclaren,McLaren,1,1,1,25,66,Finished
2025,9,Spanish Grand Prix,norris,Lando Norris,mclaren,McLaren,2,2,2,18,66,Finished
2025,9,Spanish Grand Prix,leclerc,Charles Leclerc,ferrari,Ferrari,7,3,3,15,66,Finished
2025,9,Spanish Grand Prix,russell,George Russell,mercedes,Mercedes,4,4,4,12,66,Finished
2025,9,Spanish Grand Prix,hulkenberg,Nico Hülkenberg,sauber,Sauber,15,5,5,10,66,Finished
2025,9,Spanish Grand Prix,hamilton,Lewis Hamilton,ferrari,Ferrari,5,6,6,8,66,Finished
2025,9,Spanish Grand Prix,hadjar,Isack Hadjar,rb,RB F1 Team,9,7,7,6,66,Finished
2025,9,Spanish Grand Prix,gasly,Pierre Gasly,alpine,Alpine F1 Team,8,8,8,4,66,Finished
2025,9,Spanish Grand Prix,alonso,Fernando Alonso,aston_martin,Aston Martin,10,9,9,2,66,Finished
2025,9,Spanish Grand Prix,max_verstappen,Max Verstappen,red_bull,Red Bull,3,10,10,1,66,Finished
2025,9,Spanish Grand Prix,lawson,Liam Lawson,rb,RB F1 Team,13,11,11,0,66,Finished
2025,9,Spanish Grand Prix,bortoleto,Gabriel Bortoleto,sauber,Sauber,12,12,12,0,66,Finished
2025,9,Spanish Grand Prix,tsunoda,Yuki Tsunoda,red_bull,Red Bull,19,13,13,0,66,Finished
2025,9,Spanish Grand Prix,sainz,Carlos Sainz,williams,Williams,17,14,14,0,66,Finished
2025,9,Spanish Grand Prix,colapinto,Franco Colapinto,alpine,Alpine F1 Team,18,15,15,0,66,Finished
2025,9,Spanish Grand Prix,ocon,Esteban Ocon,haas,Haas F1 Team,16,16,16,0,66,Finished
2025,9,Spanish Grand Prix,bearman,Oliver Bearman,haas,Haas F1 Team,14,17,17,0,66,Finished
2025,9,Spanish Grand Prix,antonelli,Andrea Kimi Antonelli,mercedes,Mercedes,6,18,R,0,53,Retired
2025,9,Spanish Grand Prix,albon,Alexander Albon,williams,Williams,11,19,R,0,27,Retired
2025,10,Canadian Grand Prix,russell,George Russell,mercedes,Mercedes,1,1,1,25,70,Finished
2025,10,Canadian Grand Prix,max_verstappen,Max Verstappen,red_bull,Red Bull,2,2,2,18,70,Finished
2025,10,Canadian Grand Prix,antonelli,Andrea Kimi Antonelli,mercedes,Mercedes,4,3,3,15,70,Finished
2025,10,Canadian Grand Prix,piastri,Oscar Piastri,mclaren,McLaren,3,4,4,12,70,Finished
2025,10,Canadian Grand Prix,leclerc,Charles Leclerc,ferrari,Ferrari,8,5,5,10,70,Finished
2025,10,Canadian Grand Prix,hamilton,Lewis Hamilton,ferrari,Ferrari,5,6,6,8,70,Finished
2025,10,Canadian Grand Prix,alonso,Fernando Alonso,aston_martin,Aston Martin,6,7,7,6,70,Finished
2025,10,Canadian Grand Prix,hulkenberg,Nico Hülkenberg,sauber,Sauber,11,8,8,4,70,Finished
2025,10,Canadian Grand Prix,ocon,Esteban Ocon,haas,Haas F1 Team,14,9,9,2,69,Lapped
2025,10,Canadian Grand Prix,sainz,Carlos Sainz,williams,Williams,16,10,10,1,69,Lapped
2025,10,Canadian Grand Prix,bearman,Oliver Bearman,haas,Haas F1 Team,13,11,11,0,69,Lapped
2025,10,Canadian Grand Prix,tsunoda,Yuki Tsunoda,red_bull,Red Bull,18,12,12,0,69,Lapped
2025,10,Canadian Grand Prix,colapinto,Franco Colapinto,alpine,Alpine F1 Team,10,13,13,0,69,Lapped
2025,10,Canadian Grand Prix,bortoleto,Gabriel Bortoleto,sauber,Sauber,15,14,14,0,69,Lapped
2025,10,Canadian Grand Prix,gasly,Pierre Gasly,alpine,Alpine F1 Team,20,15,15,0,69,Lapped
2025,10,Canadian Grand Prix,hadjar,Isack Hadjar,rb,RB F1 Team,12,16,16,0,69,Lapped
2025,10,Canadian Grand Prix,stroll,Lance Stroll,aston_martin,Aston Martin,17,17,17,0,69,Lapped
2025,10,Canadian Grand Prix,norris,Lando Norris,mclaren,McLaren,7,18,18,0,66,Retired
2025,10,Canadian Grand Prix,lawson,Liam Lawson,rb,RB F1 Team,19,19,R,0,53,Retired
2025,10,Canadian Grand Prix,albon,Alexander Albon,williams,Williams,9,20,R,0,46,Retired
2025,11,Austrian Grand Prix,norris,Lando Norris,mclaren,McLaren,1,1,1,25,70,Finished
2025,11,Austrian Grand Prix,piastri,Oscar Piastri,mclaren,McLaren,3,2,2,18,70,Finished
2025,11,Austrian Grand Prix,leclerc,Charles Leclerc,ferrari,Ferrari,2,3,3,15,70,Finished
2025,11,Austrian Grand Prix,hamilton,Lewis Hamilton,ferrari,Ferrari,4,4,4,12,70,Finished
2025,11,Austrian Grand Prix,russell,George Russell,mercedes,Mercedes,5,5,5,10,70,Finished
2025,11,Austrian Grand Prix,lawson,Liam Lawson,rb,RB F1 Team,6,6,6,8,70,Finished
2025,11,Austrian Grand Prix,alonso,Fernando Alonso,aston_martin,Aston Martin,11,7,7,6,69,Lapped
2025,11,Austrian Grand Prix,bortoleto,Gabriel Bortoleto,sauber,Sauber,8,8,8,4,69,Lapped
2025,11,Austrian Grand Prix,hulkenberg,Nico Hülkenberg,sauber,Sauber,20,9,9,2,69,Lapped
2025,11,Austrian Grand Prix,ocon,Esteban Ocon,haas,Haas F1 Team,17,10,10,1,69,Lapped
2025,11,Austrian Grand Prix,bearman,Oliver Bearman,haas,Haas F1 Team,15,11,11,0,69,Lapped
2025,11,Austrian Grand Prix,hadjar,Isack Hadjar,rb,RB F1 Team,13,12,12,0,69,Lapped
2025,11,Austrian Grand Prix,gasly,Pierre Gasly,alpine,Alpine F1 Team,10,13,13,0,69,Lapped
2025,11,Austrian Grand Prix,stroll,Lance Stroll,aston_martin,Aston Martin,16,14,14,0,69,Lapped
2025,11,Austrian Grand Prix,colapinto,Franco Colapinto,alpine,Alpine F1 Team,14,15,15,0,69,Lapped
2025,11,Austrian Grand Prix,tsunoda,Yuki Tsunoda,red_bull,Red Bull,18,16,16,0,68,Lapped
2025,11,Austrian Grand Prix,albon,Alexander Albon,williams,Williams,12,17,R,0,15,Retired
2025,11,Austrian Grand Prix,max_verstappen,Max Verstappen,red_bull,Red Bull,7,18,R,0,0,Retired
2025,11,Austrian Grand Prix,antonelli,Andrea Kimi Antonelli,mercedes,Mercedes,9,19,R,0,0,Retired
2025,11,Austrian Grand Prix,sainz,Carlos Sainz,williams,Williams,19,20,W,0,0,Did not start
2025,12,British Grand Prix,norris,Lando Norris,mclaren,McLaren,3,1,1,25,52,Finished
2025,12,British Grand Prix,piastri,Oscar Piastri,mclaren,McLaren,2,2,2,18,52,Finished
2025,12,British Grand Prix,hulkenberg,Nico Hülkenberg,sauber,Sauber,19,3,3,15,52,Finished
2025,12,British Grand Prix,hamilton,Lewis Hamilton,ferrari,Ferrari,5,4,4,12,52,Finished
2025,12,British Grand Prix,max_verstappen,Max Verstappen,red_bull,Red Bull,1,5,5,10,52,Finished
2025,12,British Grand Prix,gasly,Pierre Gasly,alpine,Alpine F1 Team,8,6,6,8,52,Finished
2025,12,British Grand Prix,stroll,Lance Stroll,aston_martin,Aston Martin,17,7,7,6,52,Finished
2025,12,British Grand Prix,albon,Alexander Albon,williams,Williams,13,8,8,4,52,Finished
2025,12,British Grand Prix,alonso,Fernando Alonso,aston_martin,Aston Martin,7,9,9,2,52,Finished
2025,12,British Grand Prix,russell,George Russell,mercedes,Mercedes,4,10,10,1,52,Finished
2025,12,British Grand Prix,bearman,Oliver Bearman,haas,Haas F1 Team,18,11,11,0,52,Finished
2025,12,British Grand Prix,sainz,Carlos Sainz,williams,Williams,9,12,12,0,52,Finished
2025,12,British Grand Prix,ocon,Esteban Ocon,haas,Haas F1 Team,14,13,13,0,52,Finished
2025,12,British Grand Prix,leclerc,Charles Leclerc,ferrari,Ferrari,6,14,14,0,52,Finished
2025,12,British Grand Prix,tsunoda,Yuki Tsunoda,red_bull,Red Bull,11,15,15,0,51,Lapped
2025,12,British Grand Prix,antonelli,Andrea Kimi Antonelli,mercedes,Mercedes,10,16,R,0,23,Retired
2025,12,British Grand Prix,hadjar,Isack Hadjar,rb,RB F1 Team,12,17,R,0,17,Retired
2025,12,British Grand Prix,bortoleto,Gabriel Bortoleto,sauber,Sauber,16,18,R,0,3,Retired
2025,12,British Grand Prix,lawson,Liam Lawson,rb,RB F1 Team,15,19,R,0,0,Retired
2025,12,British Grand Prix,colapinto,Franco Colapinto,alpine,Alpine F1 Team,20,20,W,0,0,Did not start
2025,13,Belgian Grand Prix,piastri,Oscar Piastri,mclaren,McLaren,2,1,1,25,44,Finished
2025,13,Belgian Grand Prix,norris,Lando Norris,mclaren,McLaren,1,2,2,18,44,Finished
2025,13,Belgian Grand Prix,leclerc,Charles Leclerc,ferrari,Ferrari,3,3,3,15,44,Finished
2025,13,Belgian Grand Prix,max_verstappen,Max Verstappen,red_bull,Red Bull,4,4,4,12,44,Finished
2025,13,Belgian Grand Prix,russell,George Russell,mercedes,Mercedes,6,5,5,10,44,Finished
2025,13,Belgian Grand Prix,albon,Alexander Albon,williams,Williams,5,6,6,8,44,Finished
2025,13,Belgian Grand Prix,hamilton,Lewis Hamilton,ferrari,Ferrari,18,7,7,6,44,Finished
2025,13,Belgian Grand Prix,lawson,Liam Lawson,rb,RB F1 Team,9,8,8,4,44,Finished
2025,13,Belgian Grand Prix,bortoleto,Gabriel Bortoleto,sauber,Sauber,10,9,9,2,44,Finished
2025,13,Belgian Grand Prix,gasly,Pierre Gasly,alpine,Alpine F1 Team,13,10,10,1,44,Finished
2025,13,Belgian Grand Prix,bearman,Oliver Bearman,haas,Haas F1 Team,12,11,11,0,44,Finished
2025,13,Belgian Grand Prix,hulkenberg,Nico Hülkenberg,sauber,Sauber,14,12,12,0,44,Finished
2025,13,Belgian Grand Prix,tsunoda,Yuki Tsunoda,red_bull,Red Bull,7,13,13,0,44,Finished
2025,13,Belgian Grand Prix,stroll,Lance Stroll,aston_martin,Aston Martin,16,14,14,0,44,Finished
2025,13,Belgian Grand Prix,ocon,Esteban Ocon,haas,Haas F1 Team,11,15,15,0,44,Finished
2025,13,Belgian Grand Prix,antonelli,Andrea Kimi Antonelli,mercedes,Mercedes,19,16,16,0,44,Finished
2025,13,Belgian Grand Prix,alonso,Fernando Alonso,aston_martin,Aston Martin,20,17,17,0,44,Finished
2025,13,Belgian Grand Prix,sainz,Carlos Sainz,williams,Williams,17,18,18,0,44,Finished
2025,13,Belgian Grand Prix,colapinto,Franco Colapinto,alpine,Alpine F1 Team,15,19,19,0,44,Finished
2025,13,Belgian Grand Prix,hadjar,Isack Hadjar,rb,RB F1 Team,8,20,20,0,43,Lapped
2025,14,Hungarian Grand Prix,norris,Lando Norris,mclaren,McLaren,3,1,1,25,70,Finished
2025,14,Hungarian Grand Prix,piastri,Oscar Piastri,mclaren,McLaren,2,2,2,18,70,Finished
2025,14,Hungarian Grand Prix,russell,George Russell,mercedes,Mercedes,4,3,3,15,70,Finished
2025,14,Hungarian Grand Prix,leclerc,Charles Leclerc,ferrari,Ferrari,1,4,4,12,70,Finished
2025,14,Hungarian Grand Prix,alonso,Fernando Alonso,aston_martin,Aston Martin,5,5,5,10,70,Finished
2025,14,Hungarian Grand Prix,bortoleto,Gabriel Bortoleto,sauber,Sauber,7,6,6,8,70,Finished
2025,14,Hungarian Grand Prix,stroll,Lance Stroll,aston_martin,Aston Martin,6,7,7,6,70,Finished
2025,14,Hungarian Grand Prix,lawson,Liam Lawson,rb,RB F1 Team,9,8,8,4,70,Finished
2025,14,Hungarian Grand Prix,max_verstappen,Max Verstappen,red_bull,Red Bull,8,9,9,2,70,Finished
2025,14,Hungarian Grand Prix,antonelli,Andrea Kimi Antonelli,mercedes,Mercedes,15,10,10,1,69,Lapped
2025,14,Hungarian Grand Prix,hadjar,Isack Hadjar,rb,RB F1 Team,10,11,11,0,69,Lapped
2025,14,Hungarian Grand Prix,hamilton,Lewis Hamilton,ferrari,Ferrari,12,12,12,0,69,Lapped
2025,14,Hungarian Grand Prix,hulkenberg,Nico Hülkenberg,sauber,Sauber,18,13,13,0,69,Lapped
2025,14,Hungarian Grand Prix,sainz,Carlos Sainz,williams,Williams,13,14,14,0,69,Lapped
2025,14,Hungarian Grand Prix,albon,Alexander Albon,williams,Williams,19,15,15,0,69,Lapped
2025,14,Hungarian Grand Prix,ocon,Esteban Ocon,haas,Haas F1 Team,17,16,16,0,69,Lapped
2025,14,Hungarian Grand Prix,tsunoda,Yuki Tsunoda,red_bull,Red Bull,20,17,17,0,69,Lapped
2025,14,Hungarian Grand Prix,colapinto,Franco Colapinto,alpine,Alpine F1 Team,14,18,18,0,69,Lapped
2025,14,Hungarian Grand Prix,gasly,Pierre Gasly,alpine,Alpine F1 Team,16,19,19,0,69,Lapped
2025,14,Hungarian Grand Prix,bearman,Oliver Bearman,haas,Haas F1 Team,11,20,R,0,48,Retired
2025,15,Dutch Grand Prix,piastri,Oscar Piastri,mclaren,McLaren,1,1,1,25,72,Finished
2025,15,Dutch Grand Prix,max_verstappen,Max Verstappen,red_bull,Red Bull,3,2,2,18,72,Finished
2025,15,Dutch Grand Prix,hadjar,Isack Hadjar,rb,RB F1 Team,4,3,3,15,72,Finished
2025,15,Dutch Grand Prix,russell,George Russell,mercedes,Mercedes,5,4,4,12,72,Finished
2025,15,Dutch Grand Prix,albon,Alexander Albon,williams,Williams,15,5,5,10,72,Finished
2025,15,Dutch Grand Prix,bearman,Oliver Bearman,haas,Haas F1 Team,20,6,6,8,72,Finished
2025,15,Dutch Grand Prix,stroll,Lance Stroll,aston_martin,Aston Martin,19,7,7,6,72,Finished
2025,15,Dutch Grand Prix,alonso,Fernando Alonso,aston_martin,Aston Martin,10,8,8,4,72,Finished
2025,15,Dutch Grand Prix,tsunoda,Yuki Tsunoda,red_bull,Red Bull,12,9,9,2,72,Finished
2025,15,Dutch Grand Prix,ocon,Esteban Ocon,haas,Haas F1 Team,18,10,10,1,72,Finished
2025,15,Dutch Grand Prix,colapinto,Franco Colapinto,alpine,Alpine F1 Team,16,11,11,0,72,Finished
2025,15,Dutch Grand Prix,lawson,Liam Lawson,rb,RB F1 Team,8,12,12,0,72,Finished
2025,15,Dutch Grand Prix,sainz,Carlos Sainz,williams,Williams,9,13,13,0,72,Finished
2025,15,Dutch Grand Prix,hulkenberg,Nico Hülkenberg,sauber,Sauber,17,14,14,0,72,Finished
2025,15,Dutch Grand Prix,bortoleto,Gabriel Bortoleto,sauber,Sauber,13,15,15,0,72,Finished
2025,15,Dutch Grand Prix,antonelli,Andrea Kimi Antonelli,mercedes,Mercedes,11,16,16,0,72,Finished
2025,15,Dutch Grand Prix,gasly,Pierre Gasly,alpine,Alpine F1 Team,14,17,17,0,72,Finished
2025,15,Dutch Grand Prix,norris,Lando Norris,mclaren,McLaren,2,18,18,0,64,Retired
2025,15,Dutch Grand Prix,leclerc,Charles Leclerc,ferrari,Ferrari,6,19,R,0,52,Retired
2025,15,Dutch Grand Prix,hamilton,Lewis Hamilton,ferrari,Ferrari,7,20,R,0,22,Retired
2025,16,Italian Grand Prix,max_verstappen,Max Verstappen,red_bull,Red Bull,1,1,1,25,53,Finished
2025,16,Italian Grand Prix,norris,Lando Norris,mclaren,McLaren,2,2,2,18,53,Finished
2025,16,Italian Grand Prix,piastri,Oscar Piastri,mclaren,McLaren,3,3,3,15,53,Finished
2025,16,Italian Grand Prix,leclerc,Charles Leclerc,ferrari,Ferrari,4,4,4,12,53,Finished
2025,16,Italian Grand Prix,russell,George Russell,mercedes,Mercedes,5,5,5,10,53,Finished
2025,16,Italian Grand Prix,hamilton,Lewis Hamilton,ferrari,Ferrari,10,6,6,8,53,Finished
2025,16,Italian Grand Prix,albon,Alexander Albon,williams,Williams,14,7,7,6,53,Finished
2025,16,Italian Grand Prix,bortoleto,Gabriel Bortoleto,sauber,Sauber,7,8,8,4,53,Finished
2025,16,Italian Grand Prix,antonelli,Andrea Kimi Antonelli,mercedes,Mercedes,6,9,9,2,53,Finished
2025,16,Italian Grand Prix,hadjar,Isack Hadjar,rb,RB F1 Team,19,10,10,1,53,Finished
2025,16,Italian Grand Prix,sainz,Carlos Sainz,williams,Williams,13,11,11,0,53,Finished
2025,16,Italian Grand Prix,bearman,Oliver Bearman,haas,Haas F1 Team,11,12,12,0,53,Finished
2025,16,Italian Grand Prix,tsunoda,Yuki Tsunoda,red_bull,Red Bull,9,13,13,0,53,Finished
2025,16,Italian Grand Prix,lawson,Liam Lawson,rb,RB F1 Team,18,14,14,0,53,Finished
2025,16,Italian Grand Prix,ocon,Esteban Ocon,haas,Haas F1 Team,15,15,15,0,52,Lapped
2025,16,Italian Grand Prix,gasly,Pierre Gasly,alpine,Alpine F1 Team,20,16,16,0,52,Lapped
2025,16,Italian Grand Prix,colapinto,Franco Colapinto,alpine,Alpine F1 Team,17,17,17,0,52,Lapped
2025,16,Italian Grand Prix,stroll,Lance Stroll,aston_martin,Aston Martin,16,18,18,0,52,Lapped
2025,16,Italian Grand Prix,alonso,Fernando Alonso,aston_martin,Aston Martin,8,19,R,0,24,Retired
2025,16,Italian Grand Prix,hulkenberg,Nico Hülkenberg,sauber,Sauber,12,20,W,0,0,Did not start
2025,17,Azerbaijan Grand Prix,max_verstappen,Max Verstappen,red_bull,Red Bull,1,1,1,25,51,Finished
2025,17,Azerbaijan Grand Prix,russell,George Russell,mercedes,Mercedes,5,2,2,18,51,Finished
2025,17,Azerbaijan Grand Prix,sainz,Carlos Sainz,williams,Williams,2,3,3,15,51,Finished
2025,17,Azerbaijan Grand Prix,antonelli,Andrea Kimi Antonelli,mercedes,Mercedes,4,4,4,12,51,Finished
2025,17,Azerbaijan Grand Prix,lawson,Liam Lawson,rb,RB F1 Team,3,5,5,10,51,Finished
2025,17,Azerbaijan Grand Prix,tsunoda,Yuki Tsunoda,red_bull,Red Bull,6,6,6,8,51,Finished
2025,17,Azerbaijan Grand Prix,norris,Lando Norris,mclaren,McLaren,7,7,7,6,51,Finished
2025,17,Azerbaijan Grand Prix,hamilton,Lewis Hamilton,ferrari,Ferrari,12,8,8,4,51,Finished
2025,17,Azerbaijan Grand Prix,leclerc,Charles Leclerc,ferrari,Ferrari,10,9,9,2,51,Finished
2025,17,Azerbaijan Grand Prix,hadjar,Isack Hadjar,rb,RB F1 Team,8,10,10,1,51,Finished
2025,17,Azerbaijan Grand Prix,bortoleto,Gabriel Bortoleto,sauber,Sauber,13,11,11,0,51,Finished
2025,17,Azerbaijan Grand Prix,bearman,Oliver Bearman,haas,Haas F1 Team,15,12,12,0,51,Finished
2025,17,Azerbaijan Grand Prix,albon,Alexander Albon,williams,Williams,19,13,13,0,51,Finished
2025,17,Azerbaijan Grand Prix,ocon,Esteban Ocon,haas,Haas F1 Team,20,14,14,0,51,Finished
2025,17,Azerbaijan Grand Prix,alonso,Fernando Alonso,aston_martin,Aston Martin,11,15,15,0,51,Finished
2025,17,Azerbaijan Grand Prix,hulkenberg,Nico Hülkenberg,sauber,Sauber,17,16,16,0,51,Finished
2025,17,Azerbaijan Grand Prix,stroll,Lance Stroll,aston_martin,Aston Martin,14,17,17,0,51,Finished
2025,17,Azerbaijan Grand Prix,gasly,Pierre Gasly,alpine,Alpine F1 Team,18,18,18,0,50,Lapped
2025,17,Azerbaijan Grand Prix,colapinto,Franco Colapinto,alpine,Alpine F1 Team,16,19,19,0,50,Lapped
2025,17,Azerbaijan Grand Prix,piastri,Oscar Piastri,mclaren,McLaren,9,20,R,0,0,Retired
2025,18,Singapore Grand Prix,russell,George Russell,mercedes,Mercedes,1,1,1,25,62,Finished
2025,18,Singapore Grand Prix,max_verstappen,Max Verstappen,red_bull,Red Bull,2,2,2,18,62,Finished
2025,18,Singapore Grand Prix,norris,Lando Norris,mclaren,McLaren,5,3,3,15,62,Finished
2025,18,Singapore Grand Prix,piastri,Oscar Piastri,mclaren,McLaren,3,4,4,12,62,Finished
2025,18,Singapore Grand Prix,antonelli,Andrea Kimi Antonelli,mercedes,Mercedes,4,5,5,10,62,Finished
2025,18,Singapore Grand Prix,leclerc,Charles Leclerc,ferrari,Ferrari,7,6,6,8,62,Finished
2025,18,Singapore Grand Prix,alonso,Fernando Alonso,aston_martin,Aston Martin,10,7,7,6,62,Finished
2025,18,Singapore Grand Prix,hamilton,Lewis Hamilton,ferrari,Ferrari,6,8,8,4,62,Finished
2025,18,Singapore Grand Prix,bearman,Oliver Bearman,haas,Haas F1 Team,9,9,9,2,62,Finished
2025,18,Singapore Grand Prix,sainz,Carlos Sainz,williams,Williams,18,10,10,1,61,Lapped
2025,18,Singapore Grand Prix,hadjar,Isack Hadjar,rb,RB F1 Team,8,11,11,0,61,Lapped
2025,18,Singapore Grand Prix,tsunoda,Yuki Tsunoda,red_bull,Red Bull,13,12,12,0,61,Lapped
2025,18,Singapore Grand Prix,stroll,Lance Stroll,aston_martin,Aston Martin,15,13,13,0,61,Lapped
2025,18,Singapore Grand Prix,albon,Alexander Albon,williams,Williams,20,14,14,0,61,Lapped
2025,18,Singapore Grand Prix,lawson,Liam Lawson,rb,RB F1 Team,12,15,15,0,61,Lapped
2025,18,Singapore Grand Prix,colapinto,Franco Colapinto,alpine,Alpine F1 Team,16,16,16,0,61,Lapped
2025,18,Singapore Grand Prix,bortoleto,Gabriel Bortoleto,sauber,Sauber,14,17,17,0,61,Lapped
2025,18,Singapore Grand Prix,ocon,Esteban Ocon,haas,Haas F1 Team,17,18,18,0,61,Lapped
2025,18,Singapore Grand Prix,gasly,Pierre Gasly,alpine,Alpine F1 Team,19,19,19,0,61,Lapped
2025,18,Singapore Grand Prix,hulkenberg,Nico Hülkenberg,sauber,Sauber,11,20,20,0,61,Lapped
2025,19,United States Grand Prix,max_verstappen,Max Verstappen,red_bull,Red Bull,1,1,1,25,56,Finished
2025,19,United States Grand Prix,norris,Lando Norris,mclaren,McLaren,2,2,2,18,56,Finished
2025,19,United States Grand Prix,leclerc,Charles Leclerc,ferrari,Ferrari,3,3,3,15,56,Finished
2025,19,United States Grand Prix,hamilton,Lewis Hamilton,ferrari,Ferrari,5,4,4,12,56,Finished
2025,19,United States Grand Prix,piastri,Oscar Piastri,mclaren,McLaren,6,5,5,10,56,Finished
2025,19,United States Grand Prix,russell,George Russell,mercedes,Mercedes,4,6,6,8,56,Finished
2025,19,United States Grand Prix,tsunoda,Yuki Tsunoda,red_bull,Red Bull,13,7,7,6,56,Finished
2025,19,United States Grand Prix,hulkenberg,Nico Hülkenberg,sauber,Sauber,11,8,8,4,56,Finished
2025,19,United States Grand Prix,bearman,Oliver Bearman,haas,Haas F1 Team,8,9,9,2,56,Finished
2025,19,United States Grand Prix,alonso,Fernando Alonso,aston_martin,Aston Martin,10,10,10,1,56,Finished
2025,19,United States Grand Prix,lawson,Liam Lawson,rb,RB F1 Team,12,11,11,0,56,Finished
2025,19,United States Grand Prix,stroll,Lance Stroll,aston_martin,Aston Martin,19,12,12,0,56,Finished
2025,19,United States Grand Prix,antonelli,Andrea Kimi Antonelli,mercedes,Mercedes,7,13,13,0,56,Finished
2025,19,United States Grand Prix,albon,Alexander Albon,williams,Williams,18,14,14,0,56,Finished
2025,19,United States Grand Prix,ocon,Esteban Ocon,haas,Haas F1 Team,17,15,15,0,56,Finished
2025,19,United States Grand Prix,hadjar,Isack Hadjar,rb,RB F1 Team,20,16,16,0,56,Finished
2025,19,United States Grand Prix,colapinto,Franco Colapinto,alpine,Alpine F1 Team,15,17,17,0,55,Lapped
2025,19,United States Grand Prix,bortoleto,Gabriel Bortoleto,sauber,Sauber,16,18,18,0,55,Lapped
2025,19,United States Grand Prix,gasly,Pierre Gasly,alpine,Alpine F1 Team,14,19,19,0,55,Lapped
2025,19,United States Grand Prix,sainz,Carlos Sainz,williams,Williams,9,20,R,0,5,Retired
2025,20,Mexico City Grand Prix,norris,Lando Norris,mclaren,McLaren,1,1,1,25,71,Finished
2025,20,Mexico City Grand Prix,leclerc,Charles Leclerc,ferrari,Ferrari,2,2,2,18,71,Finished
2025,20,Mexico City Grand Prix,max_verstappen,Max Verstappen,red_bull,Red Bull,5,3,3,15,71,Finished
2025,20,Mexico City Grand Prix,bearman,Oliver Bearman,haas,Haas F1 Team,9,4,4,12,71,Finished
2025,20,Mexico City Grand Prix,piastri,Oscar Piastri,mclaren,McLaren,7,5,5,10,71,Finished
2025,20,Mexico City Grand Prix,antonelli,Andrea Kimi Antonelli,mercedes,Mercedes,6,6,6,8,71,Finished
2025,20,Mexico City Grand Prix,russell,George Russell,mercedes,Mercedes,4,7,7,6,71,Finished
2025,20,Mexico City Grand Prix,hamilton,Lewis Hamilton,ferrari,Ferrari,3,8,8,4,71,Finished
2025,20,Mexico City Grand Prix,ocon,Esteban Ocon,haas,Haas F1 Team,11,9,9,2,71,Finished
2025,20,Mexico City Grand Prix,bortoleto,Gabriel Bortoleto,sauber,Sauber,16,10,10,1,71,Finished
2025,20,Mexico City Grand Prix,tsunoda,Yuki Tsunoda,red_bull,Red Bull,10,11,11,0,71,Finished
2025,20,Mexico City Grand Prix,albon,Alexander Albon,williams,Williams,17,12,12,0,70,Lapped
2025,20,Mexico City Grand Prix,hadjar,Isack Hadjar,rb,RB F1 Team,8,13,13,0,70,Lapped
2025,20,Mexico City Grand Prix,stroll,Lance Stroll,aston_martin,Aston Martin,19,14,14,0,70,Lapped
2025,20,Mexico City Grand Prix,gasly,Pierre Gasly,alpine,Alpine F1 Team,18,15,15,0,70,Lapped
2025,20,Mexico City Grand Prix,colapinto,Franco Colapinto,alpine,Alpine F1 Team,20,16,16,0,70,Lapped
2025,20,Mexico City Grand Prix,sainz,Carlos Sainz,williams,Williams,12,17,17,0,67,Retired
2025,20,Mexico City Grand Prix,alonso,Fernando Alonso,aston_martin,Aston Martin,14,18,R,0,34,Retired
2025,20,Mexico City Grand Prix,hulkenberg,Nico Hülkenberg,sauber,Sauber,13,19,R,0,25,Retired
2025,20,Mexico City Grand Prix,lawson,Liam Lawson,rb,RB F1 Team,15,20,R,0,5,Retired
2025,21,São Paulo Grand Prix,norris,Lando Norris,mclaren,McLaren,1,1,1,25,71,Finished
2025,21,São Paulo Grand Prix,antonelli,Andrea Kimi Antonelli,mercedes,Mercedes,2,2,2,18,71,Finished
2025,21,São Paulo Grand Prix,max_verstappen,Max Verstappen,red_bull,Red Bull,19,3,3,15,71,Finished
2025,21,São Paulo Grand Prix,russell,George Russell,mercedes,Mercedes,6,4,4,12,71,Finished
2025,21,São Paulo Grand Prix,piastri,Oscar Piastri,mclaren,McLaren,4,5,5,10,71,Finished
2025,21,São Paulo Grand Prix,bearman,Oliver Bearman,haas,Haas F1 Team,8,6,6,8,71,Finished
2025,21,São Paulo Grand Prix,lawson,Liam Lawson,rb,RB F1 Team,7,7,7,6,71,Finished
2025,21,São Paulo Grand Prix,hadjar,Isack Hadjar,rb,RB F1 Team,5,8,8,4,71,Finished
2025,21,São Paulo Grand Prix,hulkenberg,Nico Hülkenberg,sauber,Sauber,10,9,9,2,71,Finished
2025,21,São Paulo Grand Prix,gasly,Pierre Gasly,alpine,Alpine F1 Team,9,10,10,1,71,Finished
2025,21,São Paulo Grand Prix,albon,Alexander Albon,williams,Williams,12,11,11,0,71,Finished
2025,21,São Paulo Grand Prix,ocon,Esteban Ocon,haas,Haas F1 Team,20,12,12,0,71,Finished
2025,21,São Paulo Grand Prix,sainz,Carlos Sainz,williams,Williams,15,13,13,0,71,Finished
2025,21,São Paulo Grand Prix,alonso,Fernando Alonso,aston_martin,Aston Martin,11,14,14,0,71,Finished
2025,21,São Paulo Grand Prix,colapinto,Franco Colapinto,alpine,Alpine F1 Team,16,15,15,0,71,Finished
2025,21,São Paulo Grand Prix,stroll,Lance Stroll,aston_martin,Aston Martin,14,16,16,0,71,Finished
2025,21,São Paulo Grand Prix,tsunoda,Yuki Tsunoda,red_bull,Red Bull,17,17,17,0,71,Finished
2025,21,São Paulo Grand Prix,hamilton,Lewis Hamilton,ferrari,Ferrari,13,18,R,0,37,Retired
2025,21,São Paulo Grand Prix,leclerc,Charles Leclerc,ferrari,Ferrari,3,19,R,0,5,Retired
2025,21,São Paulo Grand Prix,bortoleto,Gabriel Bortoleto,sauber,Sauber,18,20,R,0,0,Retired
2025,22,Las Vegas Grand Prix,max_verstappen,Max Verstappen,red_bull,Red Bull,2,1,1,25,50,Finished
2025,22,Las Vegas Grand Prix,russell,George Russell,mercedes,Mercedes,4,2,2,18,50,Finished
2025,22,Las Vegas Grand Prix,antonelli,Andrea Kimi Antonelli,mercedes,Mercedes,17,3,3,15,50,Finished
2025,22,Las Vegas Grand Prix,leclerc,Charles Leclerc,ferrari,Ferrari,9,4,4,12,50,Finished
2025,22,Las Vegas Grand Prix,sainz,Carlos Sainz,williams,Williams,3,5,5,10,50,Finished
2025,22,Las Vegas Grand Prix,hadjar,Isack Hadjar,rb,RB F1 Team,8,6,6,8,50,Finished
2025,22,Las Vegas Grand Prix,hulkenberg,Nico Hülkenberg,sauber,Sauber,11,7,7,6,50,Finished
2025,22,Las Vegas Grand Prix,hamilton,Lewis Hamilton,ferrari,Ferrari,19,8,8,4,50,Finished
2025,22,Las Vegas Grand Prix,ocon,Esteban Ocon,haas,Haas F1 Team,13,9,9,2,50,Finished
2025,22,Las Vegas Grand Prix,bearman,Oliver Bearman,haas,Haas F1 Team,14,10,10,1,50,Finished
2025,22,Las Vegas Grand Prix,alonso,Fernando Alonso,aston_martin,Aston Martin,7,11,11,0,50,Finished
2025,22,Las Vegas Grand Prix,tsunoda,Yuki Tsunoda,red_bull,Red Bull,20,12,12,0,50,Finished
2025,22,Las Vegas Grand Prix,gasly,Pierre Gasly,alpine,Alpine F1 Team,10,13,13,0,50,Finished
2025,22,Las Vegas Grand Prix,lawson,Liam Lawson,rb,RB F1 Team,6,14,14,0,49,Lapped
2025,22,Las Vegas Grand Prix,colapinto,Franco Colapinto,alpine,Alpine F1 Team,15,15,15,0,49,Lapped
2025,22,Las Vegas Grand Prix,albon,Alexander Albon,williams,Williams,16,16,R,0,35,Retired
2025,22,Las Vegas Grand Prix,bortoleto,Gabriel Bortoleto,sauber,Sauber,18,17,R,0,2,Retired
2025,22,Las Vegas Grand Prix,stroll,Lance Stroll,aston_martin,Aston Martin,12,18,R,0,0,Retired
2025,22,Las Vegas Grand Prix,norris,Lando Norris,mclaren,McLaren,1,19,D,0,50,Disqualified
2025,22,Las Vegas Grand Prix,piastri,Oscar Piastri,mclaren,McLaren,5,20,D,0,50,Disqualified
2025,23,Qatar Grand Prix,max_verstappen,Max Verstappen,red_bull,Red Bull,3,1,1,25,57,Finished
2025,23,Qatar Grand Prix,piastri,Oscar Piastri,mclaren,McLaren,1,2,2,18,57,Finished
2025,23,Qatar Grand Prix,sainz,Carlos Sainz,williams,Williams,7,3,3,15,57,Finished
2025,23,Qatar Grand Prix,norris,Lando Norris,mclaren,McLaren,2,4,4,12,57,Finished
2025,23,Qatar Grand Prix,antonelli,Andrea Kimi Antonelli,mercedes,Mercedes,5,5,5,10,57,Finished
2025,23,Qatar Grand Prix,russell,George Russell,mercedes,Mercedes,4,6,6,8,57,Finished
2025,23,Qatar Grand Prix,alonso,Fernando Alonso,aston_martin,Aston Martin,8,7,7,6,57,Finished
2025,23,Qatar Grand Prix,leclerc,Charles Leclerc,ferrari,Ferrari,10,8,8,4,57,Finished
2025,23,Qatar Grand Prix,lawson,Liam Lawson,rb,RB F1 Team,12,9,9,2,57,Finished
2025,23,Qatar Grand Prix,tsunoda,Yuki Tsunoda,red_bull,Red Bull,15,10,10,1,57,Finished
2025,23,Qatar Grand Prix,albon,Alexander Albon,williams,Williams,14,11,11,0,57,Finished
2025,23,Qatar Grand Prix,hamilton,Lewis Hamilton,ferrari,Ferrari,17,12,12,0,57,Finished
2025,23,Qatar Grand Prix,bortoleto,Gabriel Bortoleto,sauber,Sauber,19,13,13,0,57,Finished
2025,23,Qatar Grand Prix,colapinto,Franco Colapinto,alpine,Alpine F1 Team,20,14,14,0,56,Lapped
2025,23,Qatar Grand Prix,ocon,Esteban Ocon,haas,Haas F1 Team,16,15,15,0,56,Lapped
2025,23,Qatar Grand Prix,gasly,Pierre Gasly,alpine,Alpine F1 Team,9,16,16,0,56,Lapped
2025,23,Qatar Grand Prix,stroll,Lance Stroll,aston_martin,Aston Martin,18,17,17,0,55,Retired
2025,23,Qatar Grand Prix,hadjar,Isack Hadjar,rb,RB F1 Team,6,18,18,0,55,Retired
2025,23,Qatar Grand Prix,bearman,Oliver Bearman,haas,Haas F1 Team,13,19,R,0,41,Retired
2025,23,Qatar Grand Prix,hulkenberg,Nico Hülkenberg,sauber,Sauber,11,20,R,0,6,Retired
2025,24,Abu Dhabi Grand Prix,max_verstappen,Max Verstappen,red_bull,Red Bull,1,1,1,25,58,Finished
2025,24,Abu Dhabi Grand Prix,piastri,Oscar Piastri,mclaren,McLaren,3,2,2,18,58,Finished
2025,24,Abu Dhabi Grand Prix,norris,Lando Norris,mclaren,McLaren,2,3,3,15,58,Finished
2025,24,Abu Dhabi Grand Prix,leclerc,Charles Leclerc,ferrari,Ferrari,5,4,4,12,58,Finished
2025,24,Abu Dhabi Grand Prix,russell,George Russell,mercedes,Mercedes,4,5,5,10,58,Finished
2025,24,Abu Dhabi Grand Prix,alonso,Fernando Alonso,aston_martin,Aston Martin,6,6,6,8,58,Finished
2025,24,Abu Dhabi Grand Prix,ocon,Esteban Ocon,haas,Haas F1 Team,8,7,7,6,58,Finished
2025,24,Abu Dhabi Grand Prix,hamilton,Lewis Hamilton,ferrari,Ferrari,16,8,8,4,58,Finished
2025,24,Abu Dhabi Grand Prix,hulkenberg,Nico Hülkenberg,sauber,Sauber,18,9,9,2,58,Finished
2025,24,Abu Dhabi Grand Prix,stroll,Lance Stroll,aston_martin,Aston Martin,15,10,10,1,58,Finished
2025,24,Abu Dhabi Grand Prix,bortoleto,Gabriel Bortoleto,sauber,Sauber,7,11,11,0,58,Finished
2025,24,Abu Dhabi Grand Prix,bearman,Oliver Bearman,haas,Haas F1 Team,11,12,12,0,58,Finished
2025,24,Abu Dhabi Grand Prix,sainz,Carlos Sainz,williams,Williams,12,13,13,0,58,Finished
2025,24,Abu Dhabi Grand Prix,tsunoda,Yuki Tsunoda,red_bull,Red Bull,10,14,14,0,58,Finished
2025,24,Abu Dhabi Grand Prix,antonelli,Andrea Kimi Antonelli,mercedes,Mercedes,14,15,15,0,58,Finished
2025,24,Abu Dhabi Grand Prix,albon,Alexander Albon,williams,Williams,17,16,16,0,58,Finished
2025,24,Abu Dhabi Grand Prix,hadjar,Isack Hadjar,rb,RB F1 Team,9,17,17,0,57,Lapped
2025,24,Abu Dhabi Grand Prix,lawson,Liam Lawson,rb,RB F1 Team,13,18,18,0,57,Lapped
2025,24,Abu Dhabi Grand Prix,gasly,Pierre Gasly,alpine,Alpine F1 Team,19,19,19,0,57,Lapped
2025,24,Abu Dhabi Grand Prix,colapinto,Franco Colapinto,alpine,Alpine F1 Team,20,20,20,0,57,Lapped
2026,1,Australian Grand Prix,russell,George Russell,mercedes,Mercedes,1,1,1,25,58,Finished
2026,1,Australian Grand Prix,antonelli,Andrea Kimi Antonelli,mercedes,Mercedes,2,2,2,18,58,Finished
2026,1,Australian Grand Prix,leclerc,Charles Leclerc,ferrari,Ferrari,4,3,3,15,58,Finished
2026,1,Australian Grand Prix,hamilton,Lewis Hamilton,ferrari,Ferrari,7,4,4,12,58,Finished
2026,1,Australian Grand Prix,norris,Lando Norris,mclaren,McLaren,6,5,5,10,58,Finished
2026,1,Australian Grand Prix,max_verstappen,Max Verstappen,red_bull,Red Bull,20,6,6,8,58,Finished
2026,1,Australian Grand Prix,bearman,Oliver Bearman,haas,Haas F1 Team,12,7,7,6,57,Lapped
2026,1,Australian Grand Prix,arvid_lindblad,Arvid Lindblad,rb,RB F1 Team,9,8,8,4,57,Lapped
2026,1,Australian Grand Prix,bortoleto,Gabriel Bortoleto,audi,Audi,10,9,9,2,57,Lapped
2026,1,Australian Grand Prix,gasly,Pierre Gasly,alpine,Alpine F1 Team,14,10,10,1,57,Lapped
2026,1,Australian Grand Prix,ocon,Esteban Ocon,haas,Haas F1 Team,13,11,11,0,57,Lapped
2026,1,Australian Grand Prix,albon,Alexander Albon,williams,Williams,15,12,12,0,57,Lapped
2026,1,Australian Grand Prix,lawson,Liam Lawson,rb,RB F1 Team,8,13,13,0,57,Lapped
2026,1,Australian Grand Prix,colapinto,Franco Colapinto,alpine,Alpine F1 Team,16,14,14,0,56,Lapped
2026,1,Australian Grand Prix,sainz,Carlos Sainz,williams,Williams,21,15,15,0,56,Lapped
2026,1,Australian Grand Prix,perez,Sergio Pérez,cadillac,Cadillac F1 Team,18,16,16,0,55,Lapped
2026,1,Australian Grand Prix,stroll,Lance Stroll,aston_martin,Aston Martin,22,17,R,0,43,Lapped
2026,1,Australian Grand Prix,alonso,Fernando Alonso,aston_martin,Aston Martin,17,18,R,0,21,Retired
2026,1,Australian Grand Prix,bottas,Valtteri Bottas,cadillac,Cadillac F1 Team,19,19,R,0,15,Retired
2026,1,Australian Grand Prix,hadjar,Isack Hadjar,red_bull,Red Bull,3,20,R,0,10,Retired
2026,1,Australian Grand Prix,piastri,Oscar Piastri,mclaren,McLaren,5,21,W,0,0,Did not start
2026,1,Australian Grand Prix,hulkenberg,Nico Hülkenberg,audi,Audi,11,22,W,0,0,Did not start
2026,2,Chinese Grand Prix,antonelli,Andrea Kimi Antonelli,mercedes,Mercedes,1,1,1,25,56,Finished
2026,2,Chinese Grand Prix,russell,George Russell,mercedes,Mercedes,2,2,2,18,56,Finished
2026,2,Chinese Grand Prix,hamilton,Lewis Hamilton,ferrari,Ferrari,3,3,3,15,56,Finished
2026,2,Chinese Grand Prix,leclerc,Charles Leclerc,ferrari,Ferrari,4,4,4,12,56,Finished
2026,2,Chinese Grand Prix,bearman,Oliver Bearman,haas,Haas F1 Team,10,5,5,10,56,Finished
2026,2,Chinese Grand Prix,gasly,Pierre Gasly,alpine,Alpine F1 Team,7,6,6,8,56,Finished
2026,2,Chinese Grand Prix,lawson,Liam Lawson,rb,RB F1 Team,14,7,7,6,56,Finished
2026,2,Chinese Grand Prix,hadjar,Isack Hadjar,red_bull,Red Bull,9,8,8,4,56,Finished
2026,2,Chinese Grand Prix,sainz,Carlos Sainz,williams,Williams,17,9,9,2,55,Lapped
2026,2,Chinese Grand Prix,colapinto,Franco Colapinto,alpine,Alpine F1 Team,12,10,10,1,55,Lapped
2026,2,Chinese Grand Prix,hulkenberg,Nico Hülkenberg,audi,Audi,11,11,11,0,55,Lapped
2026,2,Chinese Grand Prix,arvid_lindblad,Arvid Lindblad,rb,RB F1 Team,15,12,12,0,55,Lapped
2026,2,Chinese Grand Prix,bottas,Valtteri Bottas,cadillac,Cadillac F1 Team,19,13,13,0,55,Lapped
2026,2,Chinese Grand Prix,ocon,Esteban Ocon,haas,Haas F1 Team,13,14,14,0,55,Lapped
2026,2,Chinese Grand Prix,perez,Sergio Pérez,cadillac,Cadillac F1 Team,21,15,15,0,55,Lapped
2026,2,Chinese Grand Prix,max_verstappen,Max Verstappen,red_bull,Red Bull,8,16,R,0,45,Retired
2026,2,Chinese Grand Prix,alonso,Fernando Alonso,aston_martin,Aston Martin,18,17,R,0,32,Retired
2026,2,Chinese Grand Prix,stroll,Lance Stroll,aston_martin,Aston Martin,20,18,R,0,9,Retired
2026,2,Chinese Grand Prix,piastri,Oscar Piastri,mclaren,McLaren,5,19,W,0,0,Did not start
2026,2,Chinese Grand Prix,norris,Lando Norris,mclaren,McLaren,6,20,W,0,0,Did not start
2026,2,Chinese Grand Prix,bortoleto,Gabriel Bortoleto,audi,Audi,16,21,W,0,0,Did not start
2026,2,Chinese Grand Prix,albon,Alexander Albon,williams,Williams,22,22,W,0,0,Did not start
2026,3,Japanese Grand Prix,antonelli,Andrea Kimi Antonelli,mercedes,Mercedes,1,1,1,25,53,Finished
2026,3,Japanese Grand Prix,piastri,Oscar Piastri,mclaren,McLaren,3,2,2,18,53,Finished
2026,3,Japanese Grand Prix,leclerc,Charles Leclerc,ferrari,Ferrari,4,3,3,15,53,Finished
2026,3,Japanese Grand Prix,russell,George Russell,mercedes,Mercedes,2,4,4,12,53,Finished
2026,3,Japanese Grand Prix,norris,Lando Norris,mclaren,McLaren,5,5,5,10,53,Finished
2026,3,Japanese Grand Prix,hamilton,Lewis Hamilton,ferrari,Ferrari,6,6,6,8,53,Finished
2026,3,Japanese Grand Prix,gasly,Pierre Gasly,alpine,Alpine F1 Team,7,7,7,6,53,Finished
2026,3,Japanese Grand Prix,max_verstappen,Max Verstappen,red_bull,Red Bull,11,8,8,4,53,Finished
2026,3,Japanese Grand Prix,lawson,Liam Lawson,rb,RB F1 Team,14,9,9,2,53,Finished
2026,3,Japanese Grand Prix,ocon,Esteban Ocon,haas,Haas F1 Team,12,10,10,1,53,Finished
2026,3,Japanese Grand Prix,hulkenberg,Nico Hülkenberg,audi,Audi,13,11,11,0,53,Finished
2026,3,Japanese Grand Prix,hadjar,Isack Hadjar,red_bull,Red Bull,8,12,12,0,53,Finished
2026,3,Japanese Grand Prix,bortoleto,Gabriel Bortoleto,audi,Audi,9,13,13,0,53,Finished
2026,3,Japanese Grand Prix,arvid_lindblad,Arvid Lindblad,rb,RB F1 Team,10,14,14,0,53,Finished
2026,3,Japanese Grand Prix,sainz,Carlos Sainz,williams,Williams,16,15,15,0,53,Finished
2026,3,Japanese Grand Prix,colapinto,Franco Colapinto,alpine,Alpine F1 Team,15,16,16,0,53,Finished
2026,3,Japanese Grand Prix,perez,Sergio Pérez,cadillac,Cadillac F1 Team,19,17,17,0,53,Finished
2026,3,Japanese Grand Prix,alonso,Fernando Alonso,aston_martin,Aston Martin,21,18,18,0,52,Lapped
2026,3,Japanese Grand Prix,bottas,Valtteri Bottas,cadillac,Cadillac F1 Team,20,19,19,0,52,Lapped
2026,3,Japanese Grand Prix,albon,Alexander Albon,williams,Williams,17,20,20,0,51,Lapped
2026,3,Japanese Grand Prix,stroll,Lance Stroll,aston_martin,Aston Martin,22,21,R,0,30,Retired
2026,3,Japanese Grand Prix,bearman,Oliver Bearman,haas,Haas F1 Team,18,22,R,0,20,Retired
2026,4,Miami Grand Prix,antonelli,Andrea Kimi Antonelli,mercedes,Mercedes,1,1,1,25,57,Finished
2026,4,Miami Grand Prix,norris,Lando Norris,mclaren,McLaren,4,2,2,18,57,Finished
2026,4,Miami Grand Prix,piastri,Oscar Piastri,mclaren,McLaren,7,3,3,15,57,Finished
2026,4,Miami Grand Prix,russell,George Russell,mercedes,Mercedes,5,4,4,12,57,Finished
2026,4,Miami Grand Prix,max_verstappen,Max Verstappen,red_bull,Red Bull,2,5,5,10,57,Finished
2026,4,Miami Grand Prix,hamilton,Lewis Hamilton,ferrari,Ferrari,6,6,6,8,57,Finished
2026,4,Miami Grand Prix,colapinto,Franco Colapinto,alpine,Alpine F1 Team,8,7,7,6,57,Finished
2026,4,Miami Grand Prix,leclerc,Charles Leclerc,ferrari,Ferrari,3,8,8,4,57,Finished
2026,4,Miami Grand Prix,sainz,Carlos Sainz,williams,Williams,13,9,9,2,57,Finished
2026,4,Miami Grand Prix,albon,Alexander Albon,williams,Williams,15,10,10,1,57,Finished
2026,4,Miami Grand Prix,bearman,Oliver Bearman,haas,Haas F1 Team,12,11,11,0,56,Lapped
2026,4,Miami Grand Prix,bortoleto,Gabriel Bortoleto,audi,Audi,21,12,12,0,56,Lapped
2026,4,Miami Grand Prix,ocon,Esteban Ocon,haas,Haas F1 Team,14,13,13,0,56,Lapped
2026,4,Miami Grand Prix,arvid_lindblad,Arvid Lindblad,rb,RB F1 Team,16,14,14,0,56,Lapped
2026,4,Miami Grand Prix,alonso,Fernando Alonso,aston_martin,Aston Martin,17,15,15,0,56,Lapped
2026,4,Miami Grand Prix,perez,Sergio Pérez,cadillac,Cadillac F1 Team,20,16,16,0,56,Lapped
2026,4,Miami Grand Prix,stroll,Lance Stroll,aston_martin,Aston Martin,18,17,17,0,56,Lapped
2026,4,Miami Grand Prix,bottas,Valtteri Bottas,cadillac,Cadillac F1 Team,19,18,18,0,55,Lapped
2026,4,Miami Grand Prix,hulkenberg,Nico Hülkenberg,audi,Audi,10,19,R,0,7,Retired
2026,4,Miami Grand Prix,lawson,Liam Lawson,rb,RB F1 Team,11,20,R,0,6,Retired
2026,4,Miami Grand Prix,gasly,Pierre Gasly,alpine,Alpine F1 Team,9,21,R,0,4,Retired
2026,4,Miami Grand Prix,hadjar,Isack Hadjar,red_bull,Red Bull,22,22,R,0,4,Retired
2026,5,Canadian Grand Prix,antonelli,Andrea Kimi Antonelli,mercedes,Mercedes,2,1,1,25,68,Finished
2026,5,Canadian Grand Prix,hamilton,Lewis Hamilton,ferrari,Ferrari,5,2,2,18,68,Finished
2026,5,Canadian Grand Prix,max_verstappen,Max Verstappen,red_bull,Red Bull,6,3,3,15,68,Finished
2026,5,Canadian Grand Prix,leclerc,Charles Leclerc,ferrari,Ferrari,8,4,4,12,68,Finished
2026,5,Canadian Grand Prix,hadjar,Isack Hadjar,red_bull,Red Bull,7,5,5,10,67,Lapped
2026,5,Canadian Grand Prix,colapinto,Franco Colapinto,alpine,Alpine F1 Team,10,6,6,8,67,Lapped
2026,5,Canadian Grand Prix,lawson,Liam Lawson,rb,RB F1 Team,12,7,7,6,67,Lapped
2026,5,Canadian Grand Prix,gasly,Pierre Gasly,alpine,Alpine F1 Team,14,8,8,4,67,Lapped
2026,5,Canadian Grand Prix,sainz,Carlos Sainz,williams,Williams,15,9,9,2,67,Lapped
2026,5,Canadian Grand Prix,bearman,Oliver Bearman,haas,Haas F1 Team,16,10,10,1,67,Lapped
2026,5,Canadian Grand Prix,piastri,Oscar Piastri,mclaren,McLaren,4,11,11,0,66,Lapped
2026,5,Canadian Grand Prix,hulkenberg,Nico Hülkenberg,audi,Audi,11,12,12,0,66,Lapped
2026,5,Canadian Grand Prix,bortoleto,Gabriel Bortoleto,audi,Audi,13,13,13,0,66,Lapped
2026,5,Canadian Grand Prix,ocon,Esteban Ocon,haas,Haas F1 Team,17,14,14,0,66,Lapped
2026,5,Canadian Grand Prix,stroll,Lance Stroll,aston_martin,Aston Martin,22,15,15,0,64,Lapped
2026,5,Canadian Grand Prix,bottas,Valtteri Bottas,cadillac,Cadillac F1 Team,21,16,16,0,64,Lapped
2026,5,Canadian Grand Prix,perez,Sergio Pérez,cadillac,Cadillac F1 Team,20,17,R,0,39,Retired
2026,5,Canadian Grand Prix,norris,Lando Norris,mclaren,McLaren,3,18,R,0,38,Retired
2026,5,Canadian Grand Prix,russell,George Russell,mercedes,Mercedes,1,19,R,0,29,Retired
2026,5,Canadian Grand Prix,alonso,Fernando Alonso,aston_martin,Aston Martin,19,20,R,0,23,Retired
2026,5,Canadian Grand Prix,albon,Alexander Albon,williams,Williams,18,21,R,0,11,Retired
2026,5,Canadian Grand Prix,arvid_lindblad,Arvid Lindblad,rb,RB F1 Team,9,22,W,0,0,Did not start
2026,6,Monaco Grand Prix,antonelli,Andrea Kimi Antonelli,mercedes,Mercedes,1,1,1,25,78,Finished
2026,6,Monaco Grand Prix,hamilton,Lewis Hamilton,ferrari,Ferrari,3,2,2,18,78,Finished
2026,6,Monaco Grand Prix,gasly,Pierre Gasly,alpine,Alpine F1 Team,9,3,3,15,78,Finished
2026,6,Monaco Grand Prix,hadjar,Isack Hadjar,red_bull,Red Bull,5,4,4,12,78,Finished
2026,6,Monaco Grand Prix,piastri,Oscar Piastri,mclaren,McLaren,7,5,5,10,78,Finished
2026,6,Monaco Grand Prix,lawson,Liam Lawson,rb,RB F1 Team,10,6,6,8,78,Finished
2026,6,Monaco Grand Prix,arvid_lindblad,Arvid Lindblad,rb,RB F1 Team,15,7,7,6,78,Finished
2026,6,Monaco Grand Prix,albon,Alexander Albon,williams,Williams,11,8,8,4,78,Finished
2026,6,Monaco Grand Prix,ocon,Esteban Ocon,haas,Haas F1 Team,17,9,9,2,78,Finished
2026,6,Monaco Grand Prix,alonso,Fernando Alonso,aston_martin,Aston Martin,21,10,10,1,78,Finished
2026,6,Monaco Grand Prix,bortoleto,Gabriel Bortoleto,audi,Audi,16,11,11,0,78,Finished
2026,6,Monaco Grand Prix,russell,George Russell,mercedes,Mercedes,6,12,12,0,78,Finished
2026,6,Monaco Grand Prix,hulkenberg,Nico Hülkenberg,audi,Audi,13,13,13,0,78,Finished
2026,6,Monaco Grand Prix,colapinto,Franco Colapinto,alpine,Alpine F1 Team,14,14,14,0,78,Finished
2026,6,Monaco Grand Prix,perez,Sergio Pérez,cadillac,Cadillac F1 Team,18,15,15,0,78,Finished
2026,6,Monaco Grand Prix,sainz,Carlos Sainz,williams,Williams,12,16,16,0,70,Retired
2026,6,Monaco Grand Prix,leclerc,Charles Leclerc,ferrari,Ferrari,4,17,R,0,64,Retired
2026,6,Monaco Grand Prix,stroll,Lance Stroll,aston_martin,Aston Martin,22,18,R,0,56,Retired
2026,6,Monaco Grand Prix,norris,Lando Norris,mclaren,McLaren,8,19,R,0,43,Retired
2026,6,Monaco Grand Prix,bearman,Oliver Bearman,haas,Haas F1 Team,19,20,R,0,27,Retired
2026,6,Monaco Grand Prix,bottas,Valtteri Bottas,cadillac,Cadillac F1 Team,20,21,R,0,15,Retired
2026,6,Monaco Grand Prix,max_verstappen,Max Verstappen,red_bull,Red Bull,2,22,R,0,0,Retired
2026,7,Barcelona Grand Prix,hamilton,Lewis Hamilton,ferrari,Ferrari,2,1,1,25,66,Finished
2026,7,Barcelona Grand Prix,russell,George Russell,mercedes,Mercedes,1,2,2,18,66,Finished
2026,7,Barcelona Grand Prix,norris,Lando Norris,mclaren,McLaren,4,3,3,15,66,Finished
2026,7,Barcelona Grand Prix,max_verstappen,Max Verstappen,red_bull,Red Bull,5,4,4,12,66,Finished
2026,7,Barcelona Grand Prix,piastri,Oscar Piastri,mclaren,McLaren,7,5,5,10,66,Finished
2026,7,Barcelona Grand Prix,hadjar,Isack Hadjar,red_bull,Red Bull,6,6,6,8,65,Lapped
2026,7,Barcelona Grand Prix,gasly,Pierre Gasly,alpine,Alpine F1 Team,14,7,7,6,65,Lapped
2026,7,Barcelona Grand Prix,lawson,Liam Lawson,rb,RB F1 Team,8,8,8,4,65,Lapped
2026,7,Barcelona Grand Prix,arvid_lindblad,Arvid Lindblad,rb,RB F1 Team,11,9,9,2,65,Lapped
2026,7,Barcelona Grand Prix,colapinto,Franco Colapinto,alpine,Alpine F1 Team,13,10,10,1,65,Lapped
2026,7,Barcelona Grand Prix,bortoleto,Gabriel Bortoleto,audi,Audi,12,11,11,0,64,Lapped
2026,7,Barcelona Grand Prix,sainz,Carlos Sainz,williams,Williams,16,12,12,0,64,Lapped
2026,7,Barcelona Grand Prix,ocon,Esteban Ocon,haas,Haas F1 Team,17,13,13,0,64,Lapped
2026,7,Barcelona Grand Prix,perez,Sergio Pérez,cadillac,Cadillac F1 Team,19,14,14,0,63,Lapped
2026,7,Barcelona Grand Prix,leclerc,Charles Leclerc,ferrari,Ferrari,10,15,15,0,62,Retired
2026,7,Barcelona Grand Prix,antonelli,Andrea Kimi Antonelli,mercedes,Mercedes,3,16,16,0,61,Retired
2026,7,Barcelona Grand Prix,bearman,Oliver Bearman,haas,Haas F1 Team,15,17,17,0,60,Retired
2026,7,Barcelona Grand Prix,albon,Alexander Albon,williams,Williams,18,18,R,0,55,Lapped
2026,7,Barcelona Grand Prix,alonso,Fernando Alonso,aston_martin,Aston Martin,22,19,R,0,37,Retired
2026,7,Barcelona Grand Prix,hulkenberg,Nico Hülkenberg,audi,Audi,9,20,R,0,29,Retired
2026,7,Barcelona Grand Prix,bottas,Valtteri Bottas,cadillac,Cadillac F1 Team,20,21,R,0,15,Retired
2026,7,Barcelona Grand Prix,stroll,Lance Stroll,aston_martin,Aston Martin,21,22,R,0,5,Retired
2026,8,Austrian Grand Prix,russell,George Russell,mercedes,Mercedes,1,1,1,25,71,Finished
2026,8,Austrian Grand Prix,max_verstappen,Max Verstappen,red_bull,Red Bull,5,2,2,18,71,Finished
2026,8,Austrian Grand Prix,antonelli,Andrea Kimi Antonelli,mercedes,Mercedes,4,3,3,15,71,Finished
2026,8,Austrian Grand Prix,piastri,Oscar Piastri,mclaren,McLaren,7,4,4,12,71,Finished
2026,8,Austrian Grand Prix,hamilton,Lewis Hamilton,ferrari,Ferrari,3,5,5,10,71,Finished
2026,8,Austrian Grand Prix,hadjar,Isack Hadjar,red_bull,Red Bull,8,6,6,8,71,Finished
2026,8,Austrian Grand Prix,norris,Lando Norris,mclaren,McLaren,6,7,7,6,71,Finished
2026,8,Austrian Grand Prix,leclerc,Charles Leclerc,ferrari,Ferrari,2,8,8,4,71,Finished
2026,8,Austrian Grand Prix,lawson,Liam Lawson,rb,RB F1 Team,9,9,9,2,70,Lapped
2026,8,Austrian Grand Prix,arvid_lindblad,Arvid Lindblad,rb,RB F1 Team,10,10,10,1,70,Lapped
2026,8,Austrian Grand Prix,bortoleto,Gabriel Bortoleto,audi,Audi,12,11,11,0,70,Lapped
2026,8,Austrian Grand Prix,hulkenberg,Nico Hülkenberg,audi,Audi,14,12,12,0,70,Lapped
2026,8,Austrian Grand Prix,gasly,Pierre Gasly,alpine,Alpine F1 Team,11,13,13,0,70,Lapped
2026,8,Austrian Grand Prix,bearman,Oliver Bearman,haas,Haas F1 Team,13,14,14,0,70,Lapped
2026,8,Austrian Grand Prix,colapinto,Franco Colapinto,alpine,Alpine F1 Team,16,15,15,0,70,Lapped
2026,8,Austrian Grand Prix,ocon,Esteban Ocon,haas,Haas F1 Team,15,16,16,0,69,Lapped
2026,8,Austrian Grand Prix,albon,Alexander Albon,williams,Williams,18,17,17,0,69,Lapped
2026,8,Austrian Grand Prix,alonso,Fernando Alonso,aston_martin,Aston Martin,21,18,18,0,68,Lapped
2026,8,Austrian Grand Prix,stroll,Lance Stroll,aston_martin,Aston Martin,22,19,R,0,45,Retired
2026,8,Austrian Grand Prix,sainz,Carlos Sainz,williams,Williams,17,20,R,0,23,Retired
2026,8,Austrian Grand Prix,perez,Sergio Pérez,cadillac,Cadillac F1 Team,19,21,R,0,4,Retired
2026,8,Austrian Grand Prix,bottas,Valtteri Bottas,cadillac,Cadillac F1 Team,20,22,R,0,2,Retired
2026,9,British Grand Prix,leclerc,Charles Leclerc,ferrari,Ferrari,2,1,1,25,52,Finished
2026,9,British Grand Prix,russell,George Russell,mercedes,Mercedes,4,2,2,18,52,Finished
2026,9,British Grand Prix,hamilton,Lewis Hamilton,ferrari,Ferrari,3,3,3,15,52,Finished
2026,9,British Grand Prix,norris,Lando Norris,mclaren,McLaren,6,4,4,12,52,Finished
2026,9,British Grand Prix,hadjar,Isack Hadjar,red_bull,Red Bull,5,5,5,10,52,Finished
2026,9,British Grand Prix,lawson,Liam Lawson,rb,RB F1 Team,10,6,6,8,52,Finished
2026,9,British Grand Prix,arvid_lindblad,Arvid Lindblad,rb,RB F1 Team,9,7,7,6,52,Finished
2026,9,British Grand Prix,bortoleto,Gabriel Bortoleto,audi,Audi,11,8,8,4,52,Finished
2026,9,British Grand Prix,colapinto,Franco Colapinto,alpine,Alpine F1 Team,19,9,9,2,52,Finished
2026,9,British Grand Prix,gasly,Pierre Gasly,alpine,Alpine F1 Team,15,10,10,1,52,Finished
2026,9,British Grand Prix,piastri,Oscar Piastri,mclaren,McLaren,8,11,11,0,52,Finished
2026,9,British Grand Prix,bearman,Oliver Bearman,haas,Haas F1 Team,13,12,12,0,52,Finished
2026,9,British Grand Prix,ocon,Esteban Ocon,haas,Haas F1 Team,17,13,13,0,52,Finished
2026,9,British Grand Prix,perez,Sergio Pérez,cadillac,Cadillac F1 Team,20,14,14,0,52,Finished
2026,9,British Grand Prix,antonelli,Andrea Kimi Antonelli,mercedes,Mercedes,1,15,15,0,52,Finished
2026,9,British Grand Prix,bottas,Valtteri Bottas,cadillac,Cadillac F1 Team,18,16,16,0,52,Finished
2026,9,British Grand Prix,sainz,Carlos Sainz,williams,Williams,14,17,17,0,51,Lapped
2026,9,British Grand Prix,alonso,Fernando Alonso,aston_martin,Aston Martin,21,18,18,0,51,Lapped
2026,9,British Grand Prix,stroll,Lance Stroll,aston_martin,Aston Martin,22,19,19,0,51,Lapped
2026,9,British Grand Prix,max_verstappen,Max Verstappen,red_bull,Red Bull,7,20,20,0,46,Retired
2026,9,British Grand Prix,albon,Alexander Albon,williams,Williams,16,21,R,0,43,Retired
2026,9,British Grand Prix,hulkenberg,Nico Hülkenberg,audi,Audi,12,22,R,0,36,Retired
2026,10,Belgian Grand Prix,antonelli,Andrea Kimi Antonelli,mercedes,Mercedes,1,1,1,25,44,Finished
2026,10,Belgian Grand Prix,leclerc,Charles Leclerc,ferrari,Ferrari,4,2,2,18,44,Finished
2026,10,Belgian Grand Prix,max_verstappen,Max Verstappen,red_bull,Red Bull,2,3,3,15,44,Finished
2026,10,Belgian Grand Prix,hamilton,Lewis Hamilton,ferrari,Ferrari,5,4,4,12,44,Finished
2026,10,Belgian Grand Prix,piastri,Oscar Piastri,mclaren,McLaren,6,5,5,10,44,Finished
2026,10,Belgian Grand Prix,hadjar,Isack Hadjar,red_bull,Red Bull,21,6,6,8,44,Finished
2026,10,Belgian Grand Prix,norris,Lando Norris,mclaren,McLaren,13,7,7,6,44,Finished
2026,10,Belgian Grand Prix,bortoleto,Gabriel Bortoleto,audi,Audi,8,8,8,4,44,Finished
2026,10,Belgian Grand Prix,arvid_lindblad,Arvid Lindblad,rb,RB F1 Team,7,9,9,2,44,Finished
2026,10,Belgian Grand Prix,colapinto,Franco Colapinto,alpine,Alpine F1 Team,11,10,10,1,44,Finished
2026,10,Belgian Grand Prix,gasly,Pierre Gasly,alpine,Alpine F1 Team,10,11,11,0,44,Finished
2026,10,Belgian Grand Prix,lawson,Liam Lawson,rb,RB F1 Team,9,12,12,0,44,Finished
2026,10,Belgian Grand Prix,hulkenberg,Nico Hülkenberg,audi,Audi,12,13,13,0,44,Finished
2026,10,Belgian Grand Prix,bearman,Oliver Bearman,haas,Haas F1 Team,14,14,14,0,44,Finished
2026,10,Belgian Grand Prix,albon,Alexander Albon,williams,Williams,15,15,15,0,44,Finished
2026,10,Belgian Grand Prix,sainz,Carlos Sainz,williams,Williams,19,16,16,0,44,Finished
2026,10,Belgian Grand Prix,ocon,Esteban Ocon,haas,Haas F1 Team,16,17,17,0,44,Finished
2026,10,Belgian Grand Prix,bottas,Valtteri Bottas,cadillac,Cadillac F1 Team,17,18,18,0,43,Lapped
2026,10,Belgian Grand Prix,alonso,Fernando Alonso,aston_martin,Aston Martin,22,19,19,0,42,Lapped
2026,10,Belgian Grand Prix,stroll,Lance Stroll,aston_martin,Aston Martin,20,20,R,0,25,Retired
2026,10,Belgian Grand Prix,perez,Sergio Pérez,cadillac,Cadillac F1 Team,18,21,R,0,13,Retired
2026,10,Belgian Grand Prix,russell,George Russell,mercedes,Mercedes,3,22,R,0,0,Retired
2026,11,Hungarian Grand Prix,norris,Lando Norris,mclaren,McLaren,1,1,1,25,70,Finished
2026,11,Hungarian Grand Prix,max_verstappen,Max Verstappen,red_bull,Red Bull,4,2,2,18,70,Finished
2026,11,Hungarian Grand Prix,antonelli,Andrea Kimi Antonelli,mercedes,Mercedes,7,3,3,15,70,Finished
2026,11,Hungarian Grand Prix,leclerc,Charles Leclerc,ferrari,Ferrari,2,4,4,12,70,Finished
2026,11,Hungarian Grand Prix,hamilton,Lewis Hamilton,ferrari,Ferrari,5,5,5,10,70,Finished
2026,11,Hungarian Grand Prix,hadjar,Isack Hadjar,red_bull,Red Bull,8,6,6,8,70,Finished
2026,11,Hungarian Grand Prix,russell,George Russell,mercedes,Mercedes,6,7,7,6,70,Finished
2026,11,Hungarian Grand Prix,lawson,Liam Lawson,rb,RB F1 Team,11,8,8,4,69,Lapped
2026,11,Hungarian Grand Prix,hulkenberg,Nico Hülkenberg,audi,Audi,10,9,9,2,69,Lapped
2026,11,Hungarian Grand Prix,arvid_lindblad,Arvid Lindblad,rb,RB F1 Team,9,10,10,1,69,Lapped
2026,11,Hungarian Grand Prix,bortoleto,Gabriel Bortoleto,audi,Audi,14,11,11,0,69,Lapped
2026,11,Hungarian Grand Prix,gasly,Pierre Gasly,alpine,Alpine F1 Team,12,12,12,0,69,Lapped
2026,11,Hungarian Grand Prix,stroll,Lance Stroll,aston_martin,Aston Martin,20,13,13,0,69,Lapped
2026,11,Hungarian Grand Prix,alonso,Fernando Alonso,aston_martin,Aston Martin,16,14,14,0,69,Lapped
2026,11,Hungarian Grand Prix,colapinto,Franco Colapinto,alpine,Alpine F1 Team,13,15,15,0,68,Lapped
2026,11,Hungarian Grand Prix,ocon,Esteban Ocon,haas,Haas F1 Team,15,16,16,0,68,Lapped
2026,11,Hungarian Grand Prix,albon,Alexander Albon,williams,Williams,19,17,17,0,68,Lapped
2026,11,Hungarian Grand Prix,sainz,Carlos Sainz,williams,Williams,18,18,18,0,68,Lapped
2026,11,Hungarian Grand Prix,bearman,Oliver Bearman,haas,Haas F1 Team,17,19,19,0,68,Lapped
2026,11,Hungarian Grand Prix,piastri,Oscar Piastri,mclaren,McLaren,3,20,R,0,55,Retired
2026,11,Hungarian Grand Prix,perez,Sergio Pérez,cadillac,Cadillac F1 Team,22,21,R,0,48,Retired
2026,11,Hungarian Grand Prix,bottas,Valtteri Bottas,cadillac,Cadillac F1 Team,21,22,R,0,13,Retired
