year,round,race,driver,constructor,qpos,pred,actual,finish_pos,status,cause,verdict,pace_delta_s,pit_total_s,pit_stops,sc_laps,sc_first_lap,lap1_gain,last_gain
2018,1,Australian Grand Prix,Lewis Hamilton,Mercedes,1,1,1,2.0,Finished,correct,Correct,-0.36439655172413793,21.821,1,6,26,0.0,-1.0
2018,1,Australian Grand Prix,Fernando Alonso,McLaren,11,3,2,5.0,Finished,under_predict,Finished better than predicted — gained 6 places from grid,0.02956896551724138,22.573,1,6,26,1.0,6.0
2018,1,Australian Grand Prix,Max Verstappen,Red Bull,4,2,2,6.0,Finished,correct,Correct,0.047827586206896554,20.953,1,6,26,-1.0,-2.0
2018,1,Australian Grand Prix,Valtteri Bottas,Mercedes,10,2,2,8.0,Finished,correct,Correct,0.14082758620689653,21.664,1,6,26,-5.0,2.0
2018,1,Australian Grand Prix,Lance Stroll,Williams,14,3,3,14.0,Finished,correct,Correct,0.8985689655172414,46.900999999999996,2,6,26,0.0,0.0
2018,2,Bahrain Grand Prix,Valtteri Bottas,Mercedes,3,1,1,2.0,Finished,correct,Correct,-0.9302719298245614,26.105,1,1,3,1.0,1.0
2018,2,Bahrain Grand Prix,Lewis Hamilton,Mercedes,4,2,1,3.0,Finished,under_predict,Finished better than predicted — fast race pace (-0.83s/lap vs field median),-0.8282894736842106,24.302,1,1,3,-6.0,1.0
2018,2,Bahrain Grand Prix,Fernando Alonso,McLaren,13,3,2,7.0,+1 Lap,under_predict,Finished better than predicted — gained 6 places from grid,0.8015714285714286,49.574,2,1,3,4.0,6.0
2018,2,Bahrain Grand Prix,Lance Stroll,Williams,20,3,3,14.0,+1 Lap,correct,Correct,1.7729821428571428,58.25,2,1,3,5.0,4.0
2018,2,Bahrain Grand Prix,Max Verstappen,Red Bull,15,3,3,19.0,Puncture,correct_dnf,Correct — predicted out-of-points; the DNF delivered it,21.99533333333333,30.381,1,1,3,4.0,-4.0
2018,3,Chinese Grand Prix,Valtteri Bottas,Mercedes,3,1,1,2.0,Finished,correct,Correct,-0.2526696428571429,22.097,1,4,31,1.0,1.0
2018,3,Chinese Grand Prix,Lewis Hamilton,Mercedes,4,2,2,4.0,Finished,correct,Correct,-0.1081875,22.464,1,4,31,-1.0,-1.0
2018,3,Chinese Grand Prix,Max Verstappen,Red Bull,5,2,2,5.0,Finished,correct,Correct,-0.22513392857142858,45.311,2,4,31,2.0,1.0
2018,3,Chinese Grand Prix,Fernando Alonso,McLaren,13,3,2,7.0,Finished,under_predict,Finished better than predicted — gained 6 places from grid,0.13563392857142859,24.11,1,4,31,2.0,6.0
2018,3,Chinese Grand Prix,Lance Stroll,Williams,18,3,3,14.0,Finished,correct,Correct,0.5794017857142857,22.661,1,4,31,6.0,4.0
2018,4,Azerbaijan Grand Prix,Lewis Hamilton,Mercedes,2,1,1,1.0,Finished,correct,Correct,0.3731470588235294,41.706,2,12,1,0.0,1.0
2018,4,Azerbaijan Grand Prix,Fernando Alonso,McLaren,13,3,2,7.0,Finished,under_predict,Finished better than predicted — gained 6 places from grid,0.5874803921568628,78.081,2,12,1,-3.0,6.0
2018,4,Azerbaijan Grand Prix,Lance Stroll,Williams,11,3,2,8.0,Finished,under_predict,Finished better than predicted — gained 3 places from grid,0.6191470588235294,40.973,2,12,1,3.0,3.0
2018,4,Azerbaijan Grand Prix,Valtteri Bottas,Mercedes,3,1,3,14.0,Puncture,dnf_mech,DNF destroyed the predicted outcome,0.4554479166666667,20.192,1,12,1,0.0,2.0
2018,4,Azerbaijan Grand Prix,Max Verstappen,Red Bull,5,2,3,16.0,Collision,dnf_driver,DNF destroyed the predicted outcome,-0.36138461538461536,19.765,1,12,1,0.0,1.0
2018,5,Spanish Grand Prix,Lewis Hamilton,Mercedes,1,1,1,1.0,Finished,correct,Correct,-1.624530303030303,22.085,1,8,1,0.0,0.0
2018,5,Spanish Grand Prix,Valtteri Bottas,Mercedes,2,1,1,2.0,Finished,correct,Correct,-1.3125151515151514,23.213,1,8,1,-1.0,0.0
2018,5,Spanish Grand Prix,Max Verstappen,Red Bull,5,2,1,3.0,Finished,under_predict,Finished better than predicted — fast race pace (-1.22s/lap vs field median),-1.2173636363636362,21.74,1,8,1,0.0,2.0
2018,5,Spanish Grand Prix,Fernando Alonso,McLaren,8,2,2,8.0,+1 Lap,correct,Correct,0.4817692307692308,21.721,1,8,1,-3.0,0.0
2018,5,Spanish Grand Prix,Lance Stroll,Williams,19,3,3,11.0,+2 Laps,correct,Correct,1.0167890625,21.351,1,8,1,7.0,8.0
2018,6,Monaco Grand Prix,Lewis Hamilton,Mercedes,3,1,1,3.0,Finished,correct,Correct,-0.28560897435897437,23.739,1,1,73,0.0,0.0
2018,6,Monaco Grand Prix,Valtteri Bottas,Mercedes,5,2,2,5.0,Finished,correct,Correct,-0.2624166666666667,24.02,1,1,73,0.0,0.0
2018,6,Monaco Grand Prix,Max Verstappen,Red Bull,20,3,2,9.0,Finished,under_predict,Finished better than predicted — gained 11 places from grid,-0.1791474358974359,24.111,1,1,73,2.0,11.0
2018,6,Monaco Grand Prix,Lance Stroll,Williams,18,3,3,17.0,+2 Laps,correct,Correct,1.9866842105263158,89.843,3,1,73,2.0,1.0
2018,6,Monaco Grand Prix,Fernando Alonso,McLaren,7,2,3,20.0,Gearbox,dnf_mech,DNF destroyed the predicted outcome,0.14576923076923076,24.241,1,1,73,0.0,-1.0
2018,7,Canadian Grand Prix,Valtteri Bottas,Mercedes,2,1,1,2.0,Finished,correct,Correct,-0.9590147058823529,23.775,1,4,1,0.0,0.0
2018,7,Canadian Grand Prix,Max Verstappen,Red Bull,3,1,1,3.0,Finished,correct,Correct,-0.9445441176470588,23.137,1,4,1,0.0,0.0
2018,7,Canadian Grand Prix,Lewis Hamilton,Mercedes,4,2,2,5.0,Finished,correct,Correct,-0.7504411764705883,23.335,1,4,1,0.0,-1.0
2018,7,Canadian Grand Prix,Fernando Alonso,McLaren,14,3,3,18.0,Exhaust,correct_dnf,Correct — predicted out-of-points; the DNF delivered it,0.6363125,23.099,1,4,1,0.0,3.0
2018,7,Canadian Grand Prix,Lance Stroll,Williams,17,3,3,20.0,Collision,correct_dnf,Correct — predicted out-of-points; the DNF delivered it,,0.0,0,4,1,,
2018,8,French Grand Prix,Lewis Hamilton,Mercedes,1,1,1,1.0,Finished,correct,Correct,-1.3000943396226414,24.31,1,6,1,0.0,0.0
2018,8,French Grand Prix,Max Verstappen,Red Bull,4,2,1,2.0,Finished,under_predict,Finished better than predicted — fast race pace (-1.17s/lap vs field median),-1.1663207547169812,24.395,1,6,1,2.0,2.0
2018,8,French Grand Prix,Valtteri Bottas,Mercedes,2,1,2,7.0,Finished,over_predict,Finished worse than predicted — lost 5 places from grid,0.22126415094339624,58.620999999999995,2,6,1,-16.0,-5.0
2018,8,French Grand Prix,Fernando Alonso,McLaren,16,3,3,16.0,Wheel,correct_dnf,Correct — predicted out-of-points; the DNF delivered it,2.33079,50.577,2,6,1,0.0,0.0
2018,8,French Grand Prix,Lance Stroll,Williams,20,3,3,17.0,Puncture,correct_dnf,Correct — predicted out-of-points; the DNF delivered it,1.57875,26.576,1,6,1,6.0,6.0
2018,9,Austrian Grand Prix,Max Verstappen,Red Bull,5,2,1,1.0,Finished,under_predict,Finished better than predicted — fast race pace (-1.21s/lap vs field median) — gained 4 places from grid,-1.2085352112676058,21.214,1,2,15,2.0,4.0
2018,9,Austrian Grand Prix,Fernando Alonso,McLaren,14,3,2,8.0,+1 Lap,under_predict,Finished better than predicted — gained 6 places from grid,0.4502285714285715,21.588,1,2,15,-5.0,6.0
2018,9,Austrian Grand Prix,Lance Stroll,Williams,15,3,3,14.0,+2 Laps,correct,Correct,1.1415144927536232,44.480000000000004,2,2,15,4.0,2.0
2018,9,Austrian Grand Prix,Lewis Hamilton,Mercedes,2,1,3,16.0,Fuel pressure,dnf_mech,DNF destroyed the predicted outcome,-0.721758064516129,42.225,2,2,15,1.0,-2.0
2018,9,Austrian Grand Prix,Valtteri Bottas,Mercedes,1,1,3,19.0,Hydraulics,dnf_mech,DNF destroyed the predicted outcome,-1.6598076923076923,0.0,0,2,15,-1.0,-1.0
2018,10,British Grand Prix,Lewis Hamilton,Mercedes,1,1,1,2.0,Finished,correct,Correct,-0.4435769230769231,28.982,1,7,33,-16.0,-1.0
2018,10,British Grand Prix,Valtteri Bottas,Mercedes,4,2,2,4.0,Finished,correct,Correct,-0.3162884615384616,27.894,1,7,33,2.0,0.0
2018,10,British Grand Prix,Fernando Alonso,McLaren,13,3,2,8.0,Finished,under_predict,Finished better than predicted — gained 5 places from grid,0.11125,56.754000000000005,2,7,33,2.0,5.0
2018,10,British Grand Prix,Lance Stroll,Williams,19,3,3,12.0,Finished,correct,Correct,0.24569230769230768,27.774,1,7,33,1.0,6.0
2018,10,British Grand Prix,Max Verstappen,Red Bull,5,2,3,15.0,Brakes,dnf_mech,DNF destroyed the predicted outcome,0.17319565217391303,28.458,2,7,33,2.0,-7.0
2018,11,German Grand Prix,Lewis Hamilton,Mercedes,14,3,1,1.0,Finished,under_predict,Finished better than predicted — gained 13 places from grid,-0.1394776119402985,18.978,1,6,51,1.0,13.0
2018,11,German Grand Prix,Valtteri Bottas,Mercedes,2,1,1,2.0,Finished,correct,Correct,-0.0717910447761194,52.467,2,6,51,0.0,0.0
2018,11,German Grand Prix,Max Verstappen,Red Bull,4,2,2,4.0,Finished,correct,Correct,-0.025238805970149256,58.126000000000005,3,6,51,0.0,0.0
2018,11,German Grand Prix,Fernando Alonso,McLaren,11,3,3,16.0,Retired,correct_dnf,Correct — predicted out-of-points; the DNF delivered it,1.6841538461538461,61.002,3,6,51,0.0,-5.0
2018,11,German Grand Prix,Lance Stroll,Williams,19,3,3,17.0,Engine,correct_dnf,Correct — predicted out-of-points; the DNF delivered it,1.4224433962264151,39.001999999999995,2,6,51,3.0,6.0
2018,12,Hungarian Grand Prix,Lewis Hamilton,Mercedes,1,1,1,1.0,Finished,correct,Correct,-1.411142857142857,21.48,1,0,0,0.0,0.0
2018,12,Hungarian Grand Prix,Valtteri Bottas,Mercedes,2,1,2,5.0,Finished,over_predict,Finished worse than predicted — lost 3 places from grid,-0.6968571428571428,21.337,1,0,0,0.0,-3.0
2018,12,Hungarian Grand Prix,Fernando Alonso,McLaren,11,3,2,8.0,+1 Lap,under_predict,Finished better than predicted — gained 3 places from grid,0.36217391304347823,21.795,1,0,0,0.0,3.0
2018,12,Hungarian Grand Prix,Lance Stroll,Williams,15,3,3,17.0,+2 Laps,correct,Correct,1.7393823529411765,21.291,1,0,0,-4.0,-2.0
2018,12,Hungarian Grand Prix,Max Verstappen,Red Bull,7,2,3,19.0,Power loss,dnf_mech,DNF destroyed the predicted outcome,-2.3764000000000003,0.0,0,0,0,2.0,2.0
2018,13,Belgian Grand Prix,Lewis Hamilton,Mercedes,1,1,1,2.0,Finished,correct,Correct,-1.5623181818181817,41.747,2,4,1,-1.0,-1.0
2018,13,Belgian Grand Prix,Max Verstappen,Red Bull,7,2,1,3.0,Finished,under_predict,Finished better than predicted — fast race pace (-1.10s/lap vs field median) — gained 4 places from grid,-1.1007045454545454,42.283,2,4,1,2.0,4.0
2018,13,Belgian Grand Prix,Valtteri Bottas,Mercedes,10,2,2,4.0,Finished,correct,Correct,-0.36813636363636365,73.267,3,4,1,-5.0,6.0
2018,13,Belgian Grand Prix,Lance Stroll,Williams,19,3,3,13.0,+1 Lap,correct,Correct,1.1820232558139534,42.632999999999996,2,4,1,8.0,6.0
2018,13,Belgian Grand Prix,Fernando Alonso,McLaren,17,3,3,19.0,Accident,correct_dnf,Correct — predicted out-of-points; the DNF delivered it,,0.0,0,4,1,,
2018,14,Italian Grand Prix,Lewis Hamilton,Mercedes,3,1,1,1.0,Finished,correct,Correct,-0.911566037735849,23.728,1,3,1,1.0,2.0
2018,14,Italian Grand Prix,Valtteri Bottas,Mercedes,4,2,1,3.0,Finished,under_predict,Finished better than predicted — fast race pace (-0.65s/lap vs field median),-0.6461698113207547,23.763,1,3,1,0.0,0.0
2018,14,Italian Grand Prix,Max Verstappen,Red Bull,5,2,2,5.0,Finished,correct,Correct,-0.6623584905660378,24.003,1,3,1,2.0,2.0
2018,14,Italian Grand Prix,Lance Stroll,Williams,10,2,2,9.0,+1 Lap,correct,Correct,0.6856346153846153,26.44,1,3,1,2.0,0.0
2018,14,Italian Grand Prix,Fernando Alonso,McLaren,13,3,3,18.0,Engine,correct_dnf,Correct — predicted out-of-points; the DNF delivered it,2.2641,0.0,0,3,1,3.0,-5.0
2018,15,Singapore Grand Prix,Lewis Hamilton,Mercedes,1,1,1,1.0,Finished,correct,Correct,-1.788032786885246,28.946,1,4,1,0.0,0.0
2018,15,Singapore Grand Prix,Max Verstappen,Red Bull,2,1,1,2.0,Finished,correct,Correct,-1.6411311475409835,29.681,1,4,1,-1.0,0.0
2018,15,Singapore Grand Prix,Valtteri Bottas,Mercedes,4,2,2,4.0,Finished,correct,Correct,-0.9367213114754098,28.542,1,4,1,0.0,0.0
2018,15,Singapore Grand Prix,Fernando Alonso,McLaren,11,3,2,7.0,Finished,under_predict,Finished better than predicted — gained 4 places from grid,-0.09932786885245902,29.922,1,4,1,2.0,4.0
2018,15,Singapore Grand Prix,Lance Stroll,Williams,20,3,3,14.0,+1 Lap,correct,Correct,1.2233,28.767,1,4,1,1.0,5.0
2018,16,Russian Grand Prix,Lewis Hamilton,Mercedes,2,1,1,1.0,Finished,correct,Correct,-1.7237169811320754,29.551,1,0,0,0.0,1.0
2018,16,Russian Grand Prix,Valtteri Bottas,Mercedes,1,1,1,2.0,Finished,correct,Correct,-1.675698113207547,29.794,1,0,0,0.0,-1.0
2018,16,Russian Grand Prix,Max Verstappen,Red Bull,11,3,2,5.0,Finished,under_predict,Finished better than predicted — fast race pace (-1.14s/lap vs field median) — gained 6 places from grid,-1.1385094339622641,29.37,1,0,0,-2.0,6.0
2018,16,Russian Grand Prix,Fernando Alonso,McLaren,17,3,3,14.0,+1 Lap,correct,Correct,1.6519230769230768,30.348,1,0,0,1.0,3.0
2018,16,Russian Grand Prix,Lance Stroll,Williams,20,3,3,15.0,+1 Lap,correct,Correct,1.6699038461538462,29.266,1,0,0,6.0,5.0
2018,17,Japanese Grand Prix,Lewis Hamilton,Mercedes,1,1,1,1.0,Finished,correct,Correct,-1.3497547169811321,22.614,1,4,4,0.0,0.0
2018,17,Japanese Grand Prix,Valtteri Bottas,Mercedes,2,1,1,2.0,Finished,correct,Correct,-1.106,22.777,1,4,4,0.0,0.0
2018,17,Japanese Grand Prix,Max Verstappen,Red Bull,3,1,1,3.0,Finished,correct,Correct,-1.0800377358490567,28.789,1,4,4,0.0,0.0
2018,17,Japanese Grand Prix,Fernando Alonso,McLaren,18,3,3,14.0,+1 Lap,correct,Correct,1.290423076923077,27.454,1,4,4,3.0,4.0
2018,17,Japanese Grand Prix,Lance Stroll,Williams,14,3,3,17.0,+1 Lap,correct,Correct,1.4425192307692307,53.461,2,4,4,-3.0,-3.0
2018,18,United States Grand Prix,Max Verstappen,Red Bull,15,3,1,2.0,Finished,under_predict,Finished better than predicted — fast race pace (-1.38s/lap vs field median) — gained 13 places from grid,-1.3795267857142859,23.446,1,1,11,6.0,13.0
2018,18,United States Grand Prix,Lewis Hamilton,Mercedes,1,1,1,3.0,Finished,correct,Correct,-1.3605803571428572,47.608000000000004,2,1,11,-1.0,-2.0
2018,18,United States Grand Prix,Valtteri Bottas,Mercedes,4,2,2,5.0,Finished,correct,Correct,-0.9605446428571429,23.478,1,1,11,1.0,-1.0
2018,18,United States Grand Prix,Lance Stroll,Williams,18,3,3,14.0,+2 Laps,correct,Correct,2.6003333333333334,83.95400000000001,3,1,11,0.0,2.0
2018,18,United States Grand Prix,Fernando Alonso,McLaren,16,3,3,18.0,Collision,correct_dnf,Correct — predicted out-of-points; the DNF delivered it,10.859,0.0,0,1,11,-4.0,-4.0
2018,19,Mexican Grand Prix,Max Verstappen,Red Bull,2,1,1,1.0,Finished,correct,Correct,-2.3429859154929575,44.263000000000005,2,3,30,1.0,1.0
2018,19,Mexican Grand Prix,Lewis Hamilton,Mercedes,3,1,2,4.0,Finished,over_predict,Finished worse than predicted — SC/VSC at lap 30 shuffled strategy,-1.234,44.668,2,3,30,1.0,-1.0
2018,19,Mexican Grand Prix,Valtteri Bottas,Mercedes,5,2,2,5.0,+1 Lap,correct,Correct,-1.0135142857142858,68.504,3,3,30,0.0,0.0
2018,19,Mexican Grand Prix,Lance Stroll,Williams,19,3,3,12.0,+2 Laps,correct,Correct,1.0169565217391303,47.822,2,3,30,6.0,6.0
2018,19,Mexican Grand Prix,Fernando Alonso,McLaren,12,3,3,20.0,Engine,correct_dnf,Correct — predicted out-of-points; the DNF delivered it,0.7113333333333334,0.0,0,3,30,0.0,0.0
2018,20,Brazilian Grand Prix,Lewis Hamilton,Mercedes,1,1,1,1.0,Finished,correct,Correct,-0.6622535211267606,22.641,1,0,0,0.0,0.0
2018,20,Brazilian Grand Prix,Max Verstappen,Red Bull,5,2,1,2.0,Finished,under_predict,Finished better than predicted — fast race pace (-0.64s/lap vs field median) — gained 3 places from grid,-0.6415633802816901,23.432,1,0,0,0.0,3.0
2018,20,Brazilian Grand Prix,Valtteri Bottas,Mercedes,3,1,2,5.0,Finished,over_predict,Finished worse than predicted,-0.33911267605633805,45.682,2,0,0,1.0,-2.0
2018,20,Brazilian Grand Prix,Fernando Alonso,McLaren,18,3,3,17.0,+2 Laps,correct,Correct,1.6051884057971015,56.799,2,0,0,3.0,2.0
2018,20,Brazilian Grand Prix,Lance Stroll,Williams,19,3,3,18.0,+2 Laps,correct,Correct,1.9198985507246378,48.891000000000005,2,0,0,1.0,1.0
2018,21,Abu Dhabi Grand Prix,Lewis Hamilton,Mercedes,1,1,1,1.0,Finished,correct,Correct,-1.5365636363636364,21.283,1,6,1,0.0,0.0
2018,21,Abu Dhabi Grand Prix,Max Verstappen,Red Bull,6,2,1,3.0,Finished,under_predict,Finished better than predicted — fast race pace (-1.31s/lap vs field median) — gained 3 places from grid,-1.3055454545454546,21.057,1,6,1,-3.0,3.0
2018,21,Abu Dhabi Grand Prix,Valtteri Bottas,Mercedes,2,1,2,5.0,Finished,over_predict,Finished worse than predicted — lost 3 places from grid,-0.6646181818181818,42.889,2,6,1,0.0,-3.0
2018,21,Abu Dhabi Grand Prix,Fernando Alonso,McLaren,15,3,3,11.0,+1 Lap,correct,Correct,0.8658518518518519,21.726,1,6,1,1.0,4.0
2018,21,Abu Dhabi Grand Prix,Lance Stroll,Williams,20,3,3,13.0,+1 Lap,correct,Correct,1.2916851851851852,22.189,1,6,1,5.0,7.0
2019,1,Australian Grand Prix,Valtteri Bottas,Mercedes,2,1,1,1.0,Finished,correct,Correct,-1.3010172413793102,22.014,1,0,0,1.0,1.0
2019,1,Australian Grand Prix,Lewis Hamilton,Mercedes,1,1,1,2.0,Finished,correct,Correct,-0.9409137931034482,21.515,1,0,0,-1.0,-1.0
2019,1,Australian Grand Prix,Max Verstappen,Red Bull,4,2,1,3.0,Finished,under_predict,Finished better than predicted — fast race pace (-0.91s/lap vs field median),-0.9127413793103449,21.157,1,0,0,0.0,1.0
2019,1,Australian Grand Prix,Charles Leclerc,Ferrari,5,2,2,5.0,Finished,correct,Correct,-0.2970517241379311,22.306,1,0,0,0.0,0.0
2019,1,Australian Grand Prix,Pierre Gasly,Red Bull,17,3,3,11.0,+1 Lap,correct,Correct,0.35760526315789476,21.269,1,0,0,0.0,6.0
2019,1,Australian Grand Prix,Lando Norris,McLaren,8,2,3,12.0,+1 Lap,over_predict,Finished worse than predicted — slow race pace (+1.06s/lap vs field median) — lost 4 places from grid,1.0552192982456141,21.627,1,0,0,-2.0,-4.0
2019,1,Australian Grand Prix,George Russell,Williams,19,3,3,16.0,+2 Laps,correct,Correct,2.6945089285714285,43.232,2,0,0,1.0,3.0
2019,1,Australian Grand Prix,Carlos Sainz,McLaren,18,3,3,20.0,Engine,correct_dnf,Correct — predicted out-of-points; the DNF delivered it,0.6043333333333334,0.0,0,0,0,4.0,4.0
2019,2,Bahrain Grand Prix,Lewis Hamilton,Mercedes,3,1,1,1.0,Finished,correct,Correct,-0.28985087719298247,48.579,2,3,55,-1.0,2.0
2019,2,Bahrain Grand Prix,Valtteri Bottas,Mercedes,4,2,1,2.0,Finished,under_predict,Finished better than predicted,-0.2375701754385965,49.298,2,3,55,2.0,2.0
2019,2,Bahrain Grand Prix,Charles Leclerc,Ferrari,1,1,1,3.0,Finished,correct,Correct,-0.18228947368421053,48.876000000000005,2,3,55,-2.0,-2.0
2019,2,Bahrain Grand Prix,Max Verstappen,Red Bull,5,2,2,4.0,Finished,correct,Correct,-0.1774298245614035,50.928,2,3,55,0.0,1.0
2019,2,Bahrain Grand Prix,Lando Norris,McLaren,10,2,2,6.0,Finished,correct,Correct,0.5128508771929825,48.891999999999996,2,3,55,-4.0,4.0
2019,2,Bahrain Grand Prix,Pierre Gasly,Red Bull,13,3,2,8.0,Finished,under_predict,Finished better than predicted — gained 5 places from grid,0.7293421052631579,52.041,2,3,55,1.0,5.0
2019,2,Bahrain Grand Prix,George Russell,Williams,19,3,3,15.0,+1 Lap,correct,Correct,2.9351696428571428,49.545,2,3,55,1.0,4.0
2019,2,Bahrain Grand Prix,Carlos Sainz,McLaren,7,2,3,19.0,Collision damage,dnf_driver,DNF destroyed the predicted outcome,2.371490566037736,95.562,3,3,55,1.0,-10.0
2019,3,Chinese Grand Prix,Lewis Hamilton,Mercedes,2,1,1,1.0,Finished,correct,Correct,-1.3645178571428571,46.241,2,1,1,1.0,1.0
2019,3,Chinese Grand Prix,Valtteri Bottas,Mercedes,1,1,1,2.0,Finished,correct,Correct,-1.2475178571428571,46.278999999999996,2,1,1,-1.0,-1.0
2019,3,Chinese Grand Prix,Max Verstappen,Red Bull,5,2,2,4.0,Finished,correct,Correct,-0.8711785714285715,45.587999999999994,2,1,1,0.0,1.0
2019,3,Chinese Grand Prix,Charles Leclerc,Ferrari,4,2,2,5.0,Finished,correct,Correct,-0.8060178571428571,47.147999999999996,2,1,1,1.0,-1.0
2019,3,Chinese Grand Prix,Pierre Gasly,Red Bull,6,2,2,6.0,Finished,correct,Correct,0.23025,67.431,3,1,1,0.0,0.0
2019,3,Chinese Grand Prix,Carlos Sainz,McLaren,14,3,3,14.0,+1 Lap,correct,Correct,1.3361181818181818,68.41,2,1,1,-5.0,0.0
2019,3,Chinese Grand Prix,George Russell,Williams,17,3,3,16.0,+2 Laps,correct,Correct,2.673675925925926,48.297,2,1,1,2.0,1.0
2019,3,Chinese Grand Prix,Lando Norris,McLaren,15,3,3,18.0,Collision,correct_dnf,Correct — predicted out-of-points; the DNF delivered it,2.78393,106.9,3,1,1,-5.0,-1.0
2019,4,Azerbaijan Grand Prix,Valtteri Bottas,Mercedes,1,1,1,1.0,Finished,correct,Correct,-1.4440980392156861,20.006,1,2,39,0.0,0.0
2019,4,Azerbaijan Grand Prix,Lewis Hamilton,Mercedes,2,1,1,2.0,Finished,correct,Correct,-1.4142156862745099,19.993,1,2,39,0.0,0.0
2019,4,Azerbaijan Grand Prix,Max Verstappen,Red Bull,4,2,2,4.0,Finished,correct,Correct,-1.1010980392156862,20.973,1,2,39,-1.0,0.0
2019,4,Azerbaijan Grand Prix,Charles Leclerc,Ferrari,9,2,2,5.0,Finished,correct,Correct,-0.08905882352941177,40.239000000000004,2,2,39,-1.0,4.0
2019,4,Azerbaijan Grand Prix,Carlos Sainz,McLaren,10,2,2,7.0,Finished,correct,Correct,0.19954901960784316,19.755,1,2,39,2.0,3.0
2019,4,Azerbaijan Grand Prix,Lando Norris,McLaren,7,2,2,8.0,Finished,correct,Correct,0.5219411764705882,41.899,2,2,39,1.0,-1.0
2019,4,Azerbaijan Grand Prix,George Russell,Williams,17,3,3,15.0,+2 Laps,correct,Correct,3.1164795918367343,41.226,2,2,39,-1.0,2.0
2019,4,Azerbaijan Grand Prix,Pierre Gasly,Red Bull,20,3,3,17.0,Transmission,correct_dnf,Correct — predicted out-of-points; the DNF delivered it,-0.575592105263158,0.0,0,2,39,1.0,14.0
2019,5,Spanish Grand Prix,Lewis Hamilton,Mercedes,2,1,1,1.0,Finished,correct,Correct,-0.7133939393939394,44.775999999999996,2,7,46,1.0,1.0
2019,5,Spanish Grand Prix,Valtteri Bottas,Mercedes,1,1,1,2.0,Finished,correct,Correct,-0.6516666666666666,44.052,2,7,46,-1.0,-1.0
2019,5,Spanish Grand Prix,Max Verstappen,Red Bull,4,2,1,3.0,Finished,under_predict,Finished better than predicted — fast race pace (-0.60s/lap vs field median),-0.5970454545454545,44.957,2,7,46,1.0,1.0
2019,5,Spanish Grand Prix,Charles Leclerc,Ferrari,5,2,2,5.0,Finished,correct,Correct,-0.5109545454545454,45.284000000000006,2,7,46,0.0,0.0
2019,5,Spanish Grand Prix,Pierre Gasly,Red Bull,6,2,2,6.0,Finished,correct,Correct,-0.4167878787878788,44.658,2,7,46,0.0,0.0
2019,5,Spanish Grand Prix,Carlos Sainz,McLaren,13,3,2,8.0,Finished,under_predict,Finished better than predicted — gained 5 places from grid,-0.22336363636363638,43.013000000000005,2,7,46,2.0,5.0
2019,5,Spanish Grand Prix,George Russell,Williams,19,3,3,17.0,+1 Lap,correct,Correct,1.4423384615384616,44.288,2,7,46,0.0,2.0
2019,5,Spanish Grand Prix,Lando Norris,McLaren,11,3,3,20.0,Collision,correct_dnf,Correct — predicted out-of-points; the DNF delivered it,0.9384318181818181,21.579,1,7,46,-5.0,-4.0
2019,6,Monaco Grand Prix,Lewis Hamilton,Mercedes,1,1,1,1.0,Finished,correct,Correct,-0.4449423076923077,24.266,1,4,11,0.0,0.0
2019,6,Monaco Grand Prix,Valtteri Bottas,Mercedes,2,1,1,3.0,Finished,correct,Correct,-0.4044038461538461,49.806,2,4,11,0.0,-2.0
2019,6,Monaco Grand Prix,Max Verstappen,Red Bull,3,1,2,4.0,Finished,over_predict,Finished worse than predicted — SC/VSC at lap 11 shuffled strategy,-0.4380576923076923,24.011,1,4,11,0.0,1.0
2019,6,Monaco Grand Prix,Pierre Gasly,Red Bull,5,2,2,5.0,Finished,correct,Correct,-0.31742948717948716,48.019000000000005,2,4,11,-2.0,0.0
2019,6,Monaco Grand Prix,Carlos Sainz,McLaren,9,2,2,6.0,Finished,correct,Correct,0.24036538461538462,23.795,1,4,11,1.0,3.0
2019,6,Monaco Grand Prix,Lando Norris,McLaren,12,3,3,11.0,Finished,correct,Correct,0.4114807692307692,25.026,1,4,11,-1.0,1.0
2019,6,Monaco Grand Prix,George Russell,Williams,19,3,3,15.0,+1 Lap,correct,Correct,0.8973701298701299,26.165,1,4,11,-1.0,4.0
2019,6,Monaco Grand Prix,Charles Leclerc,Ferrari,16,3,3,20.0,Collision,correct_dnf,Correct — predicted out-of-points; the DNF delivered it,3.44853125,51.669,2,4,11,2.0,-4.0
2019,7,Canadian Grand Prix,Lewis Hamilton,Mercedes,2,1,1,1.0,Finished,correct,Correct,-1.2143714285714287,23.662,1,0,0,0.0,0.0
2019,7,Canadian Grand Prix,Charles Leclerc,Ferrari,3,1,1,3.0,Finished,correct,Correct,-1.1472857142857142,23.732,1,0,0,0.0,0.0
2019,7,Canadian Grand Prix,Valtteri Bottas,Mercedes,6,2,2,4.0,Finished,correct,Correct,-0.48518571428571433,47.45,2,0,0,-1.0,2.0
2019,7,Canadian Grand Prix,Max Verstappen,Red Bull,11,3,2,5.0,Finished,under_predict,Finished better than predicted — fast race pace (-0.39s/lap vs field median) — gained 6 places from grid,-0.3907285714285715,23.426,1,0,0,2.0,6.0
2019,7,Canadian Grand Prix,Pierre Gasly,Red Bull,5,2,2,8.0,+1 Lap,correct,Correct,0.057014492753623185,23.485,1,0,0,0.0,-3.0
2019,7,Canadian Grand Prix,Carlos Sainz,McLaren,9,2,3,11.0,+1 Lap,over_predict,Finished worse than predicted — slow race pace (+0.39s/lap vs field median),0.39240579710144924,24.727,1,0,0,-2.0,-2.0
2019,7,Canadian Grand Prix,George Russell,Williams,19,3,3,16.0,+2 Laps,correct,Correct,1.7568529411764704,23.686,1,0,0,4.0,3.0
2019,7,Canadian Grand Prix,Lando Norris,McLaren,8,2,3,20.0,Suspension,dnf_mech,DNF destroyed the predicted outcome,0.5900625,0.0,0,0,0,0.0,-2.0
2019,8,French Grand Prix,Lewis Hamilton,Mercedes,1,1,1,1.0,Finished,correct,Correct,-1.4611132075471698,30.186,1,0,0,0.0,0.0
2019,8,French Grand Prix,Valtteri Bottas,Mercedes,2,1,1,2.0,Finished,correct,Correct,-1.120433962264151,30.412,1,0,0,0.0,0.0
2019,8,French Grand Prix,Charles Leclerc,Ferrari,3,1,1,3.0,Finished,correct,Correct,-1.1029056603773586,30.203,1,0,0,0.0,0.0
2019,8,French Grand Prix,Max Verstappen,Red Bull,4,2,2,4.0,Finished,correct,Correct,-0.8025283018867924,30.118,1,0,0,0.0,0.0
2019,8,French Grand Prix,Carlos Sainz,McLaren,6,2,2,6.0,Finished,correct,Correct,0.34005660377358493,29.92,1,0,0,1.0,0.0
2019,8,French Grand Prix,Lando Norris,McLaren,5,2,2,9.0,+1 Lap,correct,Correct,0.5240288461538462,30.576,1,0,0,-1.0,-5.0
2019,8,French Grand Prix,Pierre Gasly,Red Bull,9,2,2,10.0,+1 Lap,correct,Correct,0.6303942307692307,30.228,1,0,0,1.0,-2.0
2019,8,French Grand Prix,George Russell,Williams,19,3,3,19.0,+2 Laps,correct,Correct,3.040127450980392,69.444,2,0,0,0.0,0.0
2019,9,Austrian Grand Prix,Max Verstappen,Red Bull,3,1,1,1.0,Finished,correct,Correct,-0.887669014084507,21.11,1,0,0,-4.0,2.0
2019,9,Austrian Grand Prix,Charles Leclerc,Ferrari,1,1,1,2.0,Finished,correct,Correct,-0.8493028169014085,21.878,1,0,0,0.0,-1.0
2019,9,Austrian Grand Prix,Valtteri Bottas,Mercedes,4,2,1,3.0,Finished,under_predict,Finished better than predicted — fast race pace (-0.62s/lap vs field median),-0.6206267605633802,22.552,1,0,0,2.0,1.0
2019,9,Austrian Grand Prix,Lewis Hamilton,Mercedes,2,1,2,5.0,Finished,over_predict,Finished worse than predicted — lost 3 places from grid,-0.5664718309859155,30.067,1,0,0,-1.0,-3.0
2019,9,Austrian Grand Prix,Lando Norris,McLaren,6,2,2,6.0,+1 Lap,correct,Correct,0.10842142857142857,21.547,1,0,0,1.0,0.0
2019,9,Austrian Grand Prix,Pierre Gasly,Red Bull,9,2,2,7.0,+1 Lap,correct,Correct,0.19049285714285713,22.239,1,0,0,1.0,2.0
2019,9,Austrian Grand Prix,Carlos Sainz,McLaren,15,3,2,8.0,+1 Lap,under_predict,Finished better than predicted — gained 7 places from grid,0.35006428571428566,21.266,1,0,0,-2.0,7.0
2019,9,Austrian Grand Prix,George Russell,Williams,19,3,3,18.0,+2 Laps,correct,Correct,1.3342246376811595,22.772,1,0,0,-1.0,1.0
2019,10,British Grand Prix,Lewis Hamilton,Mercedes,2,1,1,1.0,Finished,correct,Correct,-0.8709134615384615,28.905,1,4,20,0.0,1.0
2019,10,British Grand Prix,Valtteri Bottas,Mercedes,1,1,1,2.0,Finished,correct,Correct,-0.39152884615384614,56.67,2,4,20,0.0,-1.0
2019,10,British Grand Prix,Charles Leclerc,Ferrari,3,1,1,3.0,Finished,correct,Correct,-0.29174038461538465,56.906,2,4,20,0.0,0.0
2019,10,British Grand Prix,Pierre Gasly,Red Bull,5,2,2,4.0,Finished,correct,Correct,-0.2037596153846154,27.905,1,4,20,-1.0,1.0
2019,10,British Grand Prix,Max Verstappen,Red Bull,4,2,2,5.0,Finished,correct,Correct,-0.11210576923076923,55.777,2,4,20,0.0,-1.0
2019,10,British Grand Prix,Carlos Sainz,McLaren,13,3,2,6.0,Finished,under_predict,Finished better than predicted — gained 7 places from grid,0.16060576923076922,27.98,1,4,20,2.0,7.0
2019,10,British Grand Prix,Lando Norris,McLaren,8,2,3,11.0,Finished,over_predict,Finished worse than predicted — slow race pace (+0.56s/lap vs field median) — lost 3 places from grid — SC/VSC at lap 20 shuffled strategy,0.5575673076923078,56.194,2,4,20,1.0,-3.0
2019,10,British Grand Prix,George Russell,Williams,19,3,3,14.0,+1 Lap,correct,Correct,1.1795,30.245,1,4,20,2.0,5.0
2019,11,German Grand Prix,Max Verstappen,Red Bull,2,1,1,1.0,Finished,correct,Correct,0.0964765625,101.85900000000001,5,15,1,-2.0,1.0
2019,11,German Grand Prix,Carlos Sainz,McLaren,7,2,2,5.0,Finished,correct,Correct,0.2462109375,64.038,3,15,1,-2.0,2.0
2019,11,German Grand Prix,Lewis Hamilton,Mercedes,1,1,2,9.0,Finished,over_predict,Finished worse than predicted — slow race pace (+0.40s/lap vs field median) — lost 10 places from grid,0.3951015625,178.86599999999999,6,15,1,0.0,-10.0
2019,11,German Grand Prix,George Russell,Williams,18,3,3,11.0,Finished,correct,Correct,0.4806796875,104.429,5,15,1,0.0,5.0
2019,11,German Grand Prix,Pierre Gasly,Red Bull,4,2,3,14.0,Collision,dnf_driver,DNF destroyed the predicted outcome,0.28964754098360657,90.106,4,15,1,-4.0,-3.0
2019,11,German Grand Prix,Valtteri Bottas,Mercedes,3,1,3,15.0,Accident,dnf_driver,DNF destroyed the predicted outcome,0.10517857142857143,84.892,4,15,1,1.0,-1.0
2019,11,German Grand Prix,Charles Leclerc,Ferrari,10,2,3,17.0,Accident,dnf_driver,DNF destroyed the predicted outcome,-2.471740740740741,62.78,3,15,1,4.0,8.0
2019,11,German Grand Prix,Lando Norris,McLaren,16,3,3,18.0,Power loss,correct_dnf,Correct — predicted out-of-points; the DNF delivered it,0.98536,41.644000000000005,2,15,1,-3.0,2.0
2019,12,Hungarian Grand Prix,Lewis Hamilton,Mercedes,3,1,1,1.0,Finished,correct,Correct,-1.6582999999999999,44.269999999999996,2,0,0,1.0,2.0
2019,12,Hungarian Grand Prix,Max Verstappen,Red Bull,1,1,1,2.0,Finished,correct,Correct,-1.4040714285714286,42.869,2,0,0,0.0,-1.0
2019,12,Hungarian Grand Prix,Charles Leclerc,Ferrari,4,2,2,4.0,Finished,correct,Correct,-0.7261571428571428,21.575,1,0,0,1.0,0.0
2019,12,Hungarian Grand Prix,Carlos Sainz,McLaren,8,2,2,5.0,+1 Lap,correct,Correct,-0.10080434782608695,21.832,1,0,0,2.0,3.0
2019,12,Hungarian Grand Prix,Pierre Gasly,Red Bull,6,2,2,6.0,+1 Lap,correct,Correct,-0.0806159420289855,22.104,1,0,0,-3.0,0.0
2019,12,Hungarian Grand Prix,Valtteri Bottas,Mercedes,2,1,2,8.0,+1 Lap,over_predict,Finished worse than predicted — lost 6 places from grid,-0.031195652173913044,55.072,2,0,0,-2.0,-6.0
2019,12,Hungarian Grand Prix,Lando Norris,McLaren,7,2,2,9.0,+1 Lap,correct,Correct,0.04507971014492754,26.066,1,0,0,0.0,-2.0
2019,12,Hungarian Grand Prix,George Russell,Williams,16,3,3,16.0,+2 Laps,correct,Correct,1.5742720588235295,21.333,1,0,0,2.0,0.0
2019,13,Belgian Grand Prix,Charles Leclerc,Ferrari,1,1,1,1.0,Finished,correct,Correct,-1.737659090909091,22.449,1,4,1,0.0,0.0
2019,13,Belgian Grand Prix,Lewis Hamilton,Mercedes,3,1,1,2.0,Finished,correct,Correct,-1.7153636363636362,23.497,1,4,1,0.0,1.0
2019,13,Belgian Grand Prix,Valtteri Bottas,Mercedes,4,2,1,3.0,Finished,under_predict,Finished better than predicted — fast race pace (-1.45s/lap vs field median),-1.4516363636363638,22.579,1,4,1,0.0,1.0
2019,13,Belgian Grand Prix,Alexander Albon,Red Bull,14,3,2,5.0,Finished,under_predict,Finished better than predicted — gained 9 places from grid,0.11063636363636364,22.506,1,4,1,1.0,9.0
2019,13,Belgian Grand Prix,Lando Norris,McLaren,12,3,3,11.0,Engine,correct_dnf,Correct — predicted out-of-points; the DNF delivered it,-0.24219767441860465,23.182,1,4,1,7.0,7.0
2019,13,Belgian Grand Prix,George Russell,Williams,19,3,3,15.0,+1 Lap,correct,Correct,1.536988372093023,22.442,1,4,1,4.0,4.0
2019,13,Belgian Grand Prix,Carlos Sainz,McLaren,17,3,3,19.0,Power loss,correct_dnf,Correct — predicted out-of-points; the DNF delivered it,41.166,59.291,1,4,1,-2.0,-2.0
2019,13,Belgian Grand Prix,Max Verstappen,Red Bull,5,2,3,20.0,Accident,dnf_driver,DNF destroyed the predicted outcome,,0.0,0,4,1,,
2019,14,Italian Grand Prix,Charles Leclerc,Ferrari,1,1,1,1.0,Finished,correct,Correct,-1.0521698113207547,23.833,1,1,30,0.0,0.0
2019,14,Italian Grand Prix,Valtteri Bottas,Mercedes,3,1,1,2.0,Finished,correct,Correct,-1.0364150943396226,23.7,1,1,30,0.0,1.0
2019,14,Italian Grand Prix,Lewis Hamilton,Mercedes,2,1,1,3.0,Finished,correct,Correct,-0.3880377358490566,47.643,2,1,30,0.0,-1.0
2019,14,Italian Grand Prix,Alexander Albon,Red Bull,8,2,2,6.0,Finished,correct,Correct,0.0669811320754717,29.83,1,1,30,-1.0,2.0
2019,14,Italian Grand Prix,Max Verstappen,Red Bull,20,3,2,8.0,Finished,under_predict,Finished better than predicted — gained 12 places from grid,0.3533396226415094,55.513999999999996,2,1,30,0.0,12.0
2019,14,Italian Grand Prix,Lando Norris,McLaren,14,3,2,10.0,+1 Lap,under_predict,Finished better than predicted — gained 4 places from grid,0.6232307692307693,24.311,1,1,30,-4.0,4.0
2019,14,Italian Grand Prix,George Russell,Williams,18,3,3,14.0,+1 Lap,correct,Correct,1.3222692307692308,24.198,1,1,30,3.0,4.0
2019,14,Italian Grand Prix,Carlos Sainz,McLaren,7,2,3,20.0,Wheel,dnf_mech,DNF destroyed the predicted outcome,0.00725925925925926,27.01,1,1,30,-1.0,1.0
2019,15,Singapore Grand Prix,Charles Leclerc,Ferrari,1,1,1,2.0,Finished,correct,Correct,0.2827704918032787,29.168,1,10,36,0.0,-1.0
2019,15,Singapore Grand Prix,Max Verstappen,Red Bull,4,2,1,3.0,Finished,under_predict,Finished better than predicted,0.30211475409836064,28.846,1,10,36,0.0,1.0
2019,15,Singapore Grand Prix,Lewis Hamilton,Mercedes,2,1,2,4.0,Finished,over_predict,Finished worse than predicted — slow race pace (+0.32s/lap vs field median) — SC/VSC at lap 36 shuffled strategy,0.31501639344262294,28.93,1,10,36,0.0,-2.0
2019,15,Singapore Grand Prix,Valtteri Bottas,Mercedes,5,2,2,5.0,Finished,correct,Correct,0.33978688524590167,29.234,1,10,36,0.0,0.0
2019,15,Singapore Grand Prix,Alexander Albon,Red Bull,6,2,2,6.0,Finished,correct,Correct,0.430672131147541,28.606,1,10,36,0.0,0.0
2019,15,Singapore Grand Prix,Lando Norris,McLaren,9,2,2,7.0,Finished,correct,Correct,0.4815901639344262,30.397,1,10,36,2.0,2.0
2019,15,Singapore Grand Prix,Carlos Sainz,McLaren,7,2,3,12.0,Finished,over_predict,Finished worse than predicted — slow race pace (+0.83s/lap vs field median) — lost 5 places from grid — SC/VSC at lap 36 shuffled strategy,0.8292131147540983,30.623,1,10,36,-13.0,-5.0
2019,15,Singapore Grand Prix,George Russell,Williams,18,3,3,20.0,Collision,correct_dnf,Correct — predicted out-of-points; the DNF delivered it,1.6836323529411765,38.752,1,10,36,-1.0,1.0
2019,16,Russian Grand Prix,Lewis Hamilton,Mercedes,2,1,1,1.0,Finished,correct,Correct,-0.6936132075471698,29.751,1,7,1,-1.0,1.0
2019,16,Russian Grand Prix,Valtteri Bottas,Mercedes,5,2,1,2.0,Finished,under_predict,Finished better than predicted — fast race pace (-0.62s/lap vs field median) — gained 3 places from grid,-0.6213679245283018,29.436,1,7,1,0.0,3.0
2019,16,Russian Grand Prix,Charles Leclerc,Ferrari,1,1,1,3.0,Finished,correct,Correct,-0.5952735849056604,58.949,2,7,1,-1.0,-2.0
2019,16,Russian Grand Prix,Max Verstappen,Red Bull,4,2,2,4.0,Finished,correct,Correct,-0.4255,29.978,1,7,1,-4.0,0.0
2019,16,Russian Grand Prix,Alexander Albon,Red Bull,19,3,2,5.0,Finished,under_predict,Finished better than predicted — gained 14 places from grid,0.029933962264150942,29.854,1,7,1,1.0,14.0
2019,16,Russian Grand Prix,Carlos Sainz,McLaren,6,2,2,6.0,Finished,correct,Correct,0.17221698113207545,30.103,1,7,1,2.0,0.0
2019,16,Russian Grand Prix,Lando Norris,McLaren,8,2,2,8.0,Finished,correct,Correct,0.39599056603773586,29.29,1,7,1,2.0,-1.0
2019,16,Russian Grand Prix,George Russell,Williams,17,3,3,17.0,Brakes,correct_dnf,Correct — predicted out-of-points; the DNF delivered it,1.2811481481481481,29.857,1,7,1,1.0,4.0
2019,17,Japanese Grand Prix,Valtteri Bottas,Mercedes,3,1,1,1.0,Finished,correct,Correct,-1.6249423076923075,23.157,2,0,0,2.0,2.0
2019,17,Japanese Grand Prix,Lewis Hamilton,Mercedes,4,2,1,3.0,Finished,under_predict,Finished better than predicted — fast race pace (-1.36s/lap vs field median),-1.3584423076923076,47.173,2,0,0,0.0,1.0
2019,17,Japanese Grand Prix,Alexander Albon,Red Bull,6,2,2,4.0,Finished,correct,Correct,-0.48,46.655,2,0,0,-1.0,2.0
2019,17,Japanese Grand Prix,Carlos Sainz,McLaren,7,2,2,5.0,Finished,correct,Correct,-0.29607692307692307,23.476,1,0,0,2.0,2.0
2019,17,Japanese Grand Prix,Charles Leclerc,Ferrari,2,1,2,6.0,+1 Lap,over_predict,Finished worse than predicted — lost 4 places from grid,0.26794117647058824,77.362,3,0,0,-1.0,-4.0
2019,17,Japanese Grand Prix,Lando Norris,McLaren,8,2,3,11.0,+1 Lap,over_predict,Finished worse than predicted — slow race pace (+0.91s/lap vs field median) — lost 5 places from grid,0.9105490196078431,49.29600000000001,2,0,0,2.0,-5.0
2019,17,Japanese Grand Prix,George Russell,Williams,18,3,3,16.0,+2 Laps,correct,Correct,1.99834,23.792,1,0,0,-1.0,0.0
2019,17,Japanese Grand Prix,Max Verstappen,Red Bull,5,2,3,18.0,Brakes,dnf_mech,DNF destroyed the predicted outcome,1.3787142857142858,0.0,0,0,0,-13.0,-13.0
2019,18,Mexican Grand Prix,Lewis Hamilton,Mercedes,4,2,1,1.0,Finished,under_predict,Finished better than predicted — fast race pace (-0.86s/lap vs field median) — gained 3 places from grid,-0.8572394366197182,22.269,1,2,1,-1.0,3.0
2019,18,Mexican Grand Prix,Valtteri Bottas,Mercedes,6,2,1,3.0,Finished,under_predict,Finished better than predicted — fast race pace (-0.81s/lap vs field median) — gained 3 places from grid,-0.8071971830985915,22.179,1,2,1,-1.0,3.0
2019,18,Mexican Grand Prix,Charles Leclerc,Ferrari,2,1,2,4.0,Finished,over_predict,Finished worse than predicted,-0.7675492957746479,47.788,2,2,1,1.0,-2.0
2019,18,Mexican Grand Prix,Alexander Albon,Red Bull,5,2,2,5.0,Finished,correct,Correct,-0.5558450704225352,44.195,2,2,1,2.0,0.0
2019,18,Mexican Grand Prix,Max Verstappen,Red Bull,1,1,2,6.0,Finished,over_predict,Finished worse than predicted — lost 5 places from grid,0.11187323943661971,24.493,1,2,1,-7.0,-5.0
2019,18,Mexican Grand Prix,Carlos Sainz,McLaren,7,2,3,13.0,+1 Lap,over_predict,Finished worse than predicted — slow race pace (+0.78s/lap vs field median) — lost 6 places from grid,0.7824,44.42,2,2,1,3.0,-6.0
2019,18,Mexican Grand Prix,George Russell,Williams,19,3,3,16.0,+2 Laps,correct,Correct,2.1337246376811594,22.887,1,2,1,0.0,3.0
2019,18,Mexican Grand Prix,Lando Norris,McLaren,8,2,3,20.0,Withdrew,dnf_other,DNF destroyed the predicted outcome,3.3036666666666665,0.0,0,2,1,2.0,-12.0
2019,19,United States Grand Prix,Valtteri Bottas,Mercedes,1,1,1,1.0,Finished,correct,Correct,-1.3740625,47.97,2,0,0,0.0,0.0
2019,19,United States Grand Prix,Lewis Hamilton,Mercedes,5,2,1,2.0,Finished,under_predict,Finished better than predicted — fast race pace (-1.30s/lap vs field median) — gained 3 places from grid,-1.2999910714285714,23.943,1,0,0,2.0,3.0
2019,19,United States Grand Prix,Max Verstappen,Red Bull,3,1,1,3.0,Finished,correct,Correct,-1.2847410714285714,47.16,2,0,0,1.0,0.0
2019,19,United States Grand Prix,Charles Leclerc,Ferrari,4,2,2,4.0,Finished,correct,Correct,-0.44122321428571426,53.001000000000005,2,0,0,0.0,0.0
2019,19,United States Grand Prix,Alexander Albon,Red Bull,6,2,2,5.0,Finished,correct,Correct,0.019473214285714285,81.018,3,0,0,-5.0,1.0
2019,19,United States Grand Prix,Lando Norris,McLaren,8,2,2,7.0,Finished,correct,Correct,0.24672321428571428,50.454,2,0,0,3.0,1.0
2019,19,United States Grand Prix,Carlos Sainz,McLaren,7,2,2,8.0,+1 Lap,correct,Correct,0.5825909090909092,24.784,1,0,0,-2.0,-1.0
2019,19,United States Grand Prix,George Russell,Williams,18,3,3,17.0,+2 Laps,correct,Correct,2.7236388888888885,52.45,2,0,0,-2.0,1.0
2019,20,Brazilian Grand Prix,Max Verstappen,Red Bull,1,1,1,1.0,Finished,correct,Correct,0.43654929577464785,68.068,3,7,53,0.0,0.0
2019,20,Brazilian Grand Prix,Carlos Sainz,McLaren,20,3,1,3.0,Finished,under_predict,Finished better than predicted — gained 16 places from grid,0.5618450704225352,22.77,1,7,53,2.0,16.0
2019,20,Brazilian Grand Prix,Lewis Hamilton,Mercedes,3,1,2,7.0,Finished,over_predict,Finished worse than predicted — slow race pace (+0.52s/lap vs field median) — SC/VSC at lap 53 shuffled strategy,0.5230140845070423,69.03,3,7,53,1.0,0.0
2019,20,Brazilian Grand Prix,Lando Norris,McLaren,11,3,2,8.0,Finished,under_predict,Finished better than predicted — gained 3 places from grid,0.5943521126760564,46.736000000000004,2,7,53,-1.0,3.0
2019,20,Brazilian Grand Prix,George Russell,Williams,18,3,3,12.0,Finished,correct,Correct,0.6280845070422536,68.14,3,7,53,-2.0,5.0
2019,20,Brazilian Grand Prix,Alexander Albon,Red Bull,6,2,3,14.0,Finished,over_predict,Finished worse than predicted — slow race pace (+0.65s/lap vs field median) — lost 9 places from grid — SC/VSC at lap 53 shuffled strategy,0.6467887323943662,46.144000000000005,2,7,53,1.0,-9.0
2019,20,Brazilian Grand Prix,Charles Leclerc,Ferrari,4,2,3,18.0,Collision,dnf_driver,DNF destroyed the predicted outcome,0.4486076923076923,46.008,2,7,53,-7.0,-1.0
2019,20,Brazilian Grand Prix,Valtteri Bottas,Mercedes,5,2,3,20.0,Power Unit,dnf_mech,DNF destroyed the predicted outcome,-0.23648039215686273,46.358000000000004,2,7,53,1.0,0.0
2019,21,Abu Dhabi Grand Prix,Lewis Hamilton,Mercedes,1,1,1,1.0,Finished,correct,Correct,-1.9272090909090909,22.178,1,0,0,0.0,0.0
2019,21,Abu Dhabi Grand Prix,Max Verstappen,Red Bull,3,1,1,2.0,Finished,correct,Correct,-1.6222636363636362,21.023,1,0,0,0.0,1.0
2019,21,Abu Dhabi Grand Prix,Charles Leclerc,Ferrari,4,2,1,3.0,Finished,under_predict,Finished better than predicted — fast race pace (-1.14s/lap vs field median),-1.1374818181818183,42.971000000000004,2,0,0,2.0,1.0
2019,21,Abu Dhabi Grand Prix,Valtteri Bottas,Mercedes,2,1,2,4.0,Finished,over_predict,Finished worse than predicted,-1.1203181818181818,21.145,1,0,0,-13.0,-2.0
2019,21,Abu Dhabi Grand Prix,Alexander Albon,Red Bull,6,2,2,6.0,Finished,correct,Correct,-0.6689363636363636,22.028,1,0,0,1.0,0.0
2019,21,Abu Dhabi Grand Prix,Lando Norris,McLaren,7,2,2,8.0,+1 Lap,correct,Correct,0.4217037037037037,22.974,1,0,0,1.0,-1.0
2019,21,Abu Dhabi Grand Prix,Carlos Sainz,McLaren,9,2,2,10.0,+1 Lap,correct,Correct,0.5116481481481482,43.394000000000005,2,0,0,2.0,-1.0
2019,21,Abu Dhabi Grand Prix,George Russell,Williams,19,3,3,17.0,+1 Lap,correct,Correct,1.746148148148148,22.272,1,0,0,0.0,2.0
2020,1,Austrian Grand Prix,Valtteri Bottas,Mercedes,1,1,1,1.0,Finished,correct,Correct,-0.4070352112676056,38.344,2,15,26,0.0,0.0
2020,1,Austrian Grand Prix,Charles Leclerc,Ferrari,7,2,1,2.0,Finished,under_predict,Finished better than predicted — fast race pace (-0.37s/lap vs field median) — gained 4 places from grid,-0.36900704225352116,63.476,3,15,26,0.0,4.0
2020,1,Austrian Grand Prix,Lando Norris,McLaren,4,2,1,3.0,Finished,under_predict,Finished better than predicted — fast race pace (-0.33s/lap vs field median),-0.32969718309859153,63.721000000000004,3,15,26,1.0,0.0
2020,1,Austrian Grand Prix,Lewis Hamilton,Mercedes,2,1,2,4.0,Finished,over_predict,Finished worse than predicted — SC/VSC at lap 26 shuffled strategy,-0.39733098591549293,38.215,2,15,26,-3.0,0.0
2020,1,Austrian Grand Prix,Carlos Sainz,McLaren,8,2,2,5.0,Finished,correct,Correct,-0.28164084507042253,65.696,3,15,26,0.0,3.0
2020,1,Austrian Grand Prix,Alexander Albon,Red Bull,5,2,3,13.0,Electronics,dnf_mech,DNF destroyed the predicted outcome,-0.08656716417910448,60.15599999999999,3,15,26,1.0,-6.0
2020,1,Austrian Grand Prix,George Russell,Williams,17,3,3,15.0,Fuel pressure,correct_dnf,Correct — predicted out-of-points; the DNF delivered it,0.122,21.417,1,15,26,-2.0,4.0
2020,1,Austrian Grand Prix,Max Verstappen,Red Bull,3,1,3,20.0,Electronics,dnf_mech,DNF destroyed the predicted outcome,4.454227272727273,0.0,0,15,26,1.0,-17.0
2020,2,Styrian Grand Prix,Lewis Hamilton,Mercedes,1,1,1,1.0,Finished,correct,Correct,-0.7985140845070423,21.729,1,3,1,0.0,0.0
2020,2,Styrian Grand Prix,Valtteri Bottas,Mercedes,4,2,1,2.0,Finished,under_predict,Finished better than predicted — fast race pace (-0.61s/lap vs field median),-0.6052887323943662,21.376,1,3,1,0.0,2.0
2020,2,Styrian Grand Prix,Max Verstappen,Red Bull,2,1,1,3.0,Finished,correct,Correct,-0.3238943661971831,42.028000000000006,2,3,1,0.0,-1.0
2020,2,Styrian Grand Prix,Alexander Albon,Red Bull,7,2,2,4.0,Finished,correct,Correct,-0.17316197183098592,21.505,1,3,1,2.0,3.0
2020,2,Styrian Grand Prix,Lando Norris,McLaren,6,2,2,5.0,Finished,correct,Correct,0.06726056338028169,22.406,1,3,1,-4.0,1.0
2020,2,Styrian Grand Prix,Carlos Sainz,McLaren,3,1,2,9.0,+1 Lap,over_predict,Finished worse than predicted — slow race pace (+0.44s/lap vs field median) — lost 6 places from grid,0.4390928571428572,47.856,2,3,1,0.0,-6.0
2020,2,Styrian Grand Prix,George Russell,Williams,12,3,3,16.0,+2 Laps,correct,Correct,1.1949782608695652,21.697,1,3,1,0.0,-4.0
2020,2,Styrian Grand Prix,Charles Leclerc,Ferrari,11,3,3,19.0,Collision damage,correct_dnf,Correct — predicted out-of-points; the DNF delivered it,7.284,39.715,1,3,1,2.0,-8.0
2020,3,Hungarian Grand Prix,Lewis Hamilton,Mercedes,1,1,1,1.0,Finished,correct,Correct,-0.89155,67.01,3,2,1,0.0,0.0
2020,3,Hungarian Grand Prix,Max Verstappen,Red Bull,7,2,1,2.0,Finished,under_predict,Finished better than predicted — fast race pace (-0.77s/lap vs field median) — gained 5 places from grid,-0.7672357142857142,42.797,2,2,1,4.0,5.0
2020,3,Hungarian Grand Prix,Valtteri Bottas,Mercedes,2,1,1,3.0,Finished,correct,Correct,-0.7565214285714286,65.122,3,2,1,-4.0,-1.0
2020,3,Hungarian Grand Prix,Alexander Albon,Red Bull,13,3,2,5.0,Finished,under_predict,Finished better than predicted — gained 8 places from grid,0.22725,45.22,2,2,1,2.0,8.0
2020,3,Hungarian Grand Prix,Carlos Sainz,McLaren,9,2,2,9.0,+1 Lap,correct,Correct,0.5893840579710145,49.569,2,2,1,1.0,-1.0
2020,3,Hungarian Grand Prix,Charles Leclerc,Ferrari,6,2,3,11.0,+1 Lap,over_predict,Finished worse than predicted — slow race pace (+0.85s/lap vs field median) — lost 5 places from grid,0.8457463768115943,44.83,2,2,1,1.0,-5.0
2020,3,Hungarian Grand Prix,Lando Norris,McLaren,8,2,3,13.0,+1 Lap,over_predict,Finished worse than predicted — slow race pace (+0.93s/lap vs field median) — lost 5 places from grid,0.9268913043478261,45.754000000000005,2,2,1,-5.0,-5.0
2020,3,Hungarian Grand Prix,George Russell,Williams,12,3,3,18.0,+1 Lap,correct,Correct,1.3512826086956522,64.599,3,2,1,-3.0,-6.0
2020,4,British Grand Prix,Lewis Hamilton,Mercedes,1,1,1,1.0,Finished,correct,Correct,-0.5609615384615384,28.805,1,10,2,0.0,0.0
2020,4,British Grand Prix,Max Verstappen,Red Bull,3,1,1,2.0,Finished,correct,Correct,-0.4483461538461539,56.480999999999995,2,10,2,0.0,1.0
2020,4,British Grand Prix,Charles Leclerc,Ferrari,4,2,1,3.0,Finished,under_predict,Finished better than predicted,-0.20569230769230767,29.52,1,10,2,0.0,1.0
2020,4,British Grand Prix,Lando Norris,McLaren,5,2,2,5.0,Finished,correct,Correct,-0.13255769230769232,30.289,1,10,2,-2.0,0.0
2020,4,British Grand Prix,Alexander Albon,Red Bull,12,3,2,8.0,Finished,under_predict,Finished better than predicted — gained 4 places from grid,0.0673076923076923,62.141999999999996,2,10,2,0.0,4.0
2020,4,British Grand Prix,Valtteri Bottas,Mercedes,2,1,3,11.0,Finished,over_predict,Finished worse than predicted — lost 9 places from grid — SC/VSC at lap 2 shuffled strategy,0.24994230769230769,64.173,2,10,2,0.0,-9.0
2020,4,British Grand Prix,George Russell,Williams,15,3,3,12.0,Finished,correct,Correct,0.43911538461538463,29.302,1,10,2,-3.0,2.0
2020,4,British Grand Prix,Carlos Sainz,McLaren,7,2,3,13.0,Finished,over_predict,Finished worse than predicted — slow race pace (+0.47s/lap vs field median) — lost 7 places from grid — SC/VSC at lap 2 shuffled strategy,0.46538461538461534,64.765,2,10,2,2.0,-7.0
2020,5,70th Anniversary Grand Prix,Max Verstappen,Red Bull,4,2,1,1.0,Finished,under_predict,Finished better than predicted — fast race pace (-0.57s/lap vs field median) — gained 3 places from grid,-0.5736057692307693,58.101,2,0,0,1.0,3.0
2020,5,70th Anniversary Grand Prix,Lewis Hamilton,Mercedes,2,1,1,2.0,Finished,correct,Correct,-0.3557980769230769,57.808,2,0,0,0.0,0.0
2020,5,70th Anniversary Grand Prix,Valtteri Bottas,Mercedes,1,1,1,3.0,Finished,correct,Correct,-0.20377884615384617,56.596000000000004,2,0,0,0.0,-2.0
2020,5,70th Anniversary Grand Prix,Charles Leclerc,Ferrari,8,2,2,4.0,Finished,correct,Correct,-0.01035576923076923,29.419,1,0,0,-2.0,4.0
2020,5,70th Anniversary Grand Prix,Alexander Albon,Red Bull,9,2,2,5.0,Finished,correct,Correct,0.17920192307692306,56.275000000000006,2,0,0,0.0,4.0
2020,5,70th Anniversary Grand Prix,Lando Norris,McLaren,10,2,2,9.0,Finished,correct,Correct,0.6868557692307693,56.823,2,0,0,2.0,1.0
2020,5,70th Anniversary Grand Prix,Carlos Sainz,McLaren,13,3,3,13.0,Finished,correct,Correct,0.8508173076923078,64.636,2,0,0,2.0,0.0
2020,5,70th Anniversary Grand Prix,George Russell,Williams,15,3,3,18.0,+1 Lap,correct,Correct,1.8224411764705883,85.41399999999999,3,0,0,-2.0,-3.0
2020,6,Spanish Grand Prix,Lewis Hamilton,Mercedes,1,1,1,1.0,Finished,correct,Correct,-1.262840909090909,45.230000000000004,2,0,0,0.0,0.0
2020,6,Spanish Grand Prix,Max Verstappen,Red Bull,3,1,1,2.0,Finished,correct,Correct,-0.8965227272727273,43.132999999999996,2,0,0,1.0,1.0
2020,6,Spanish Grand Prix,Valtteri Bottas,Mercedes,2,1,1,3.0,Finished,correct,Correct,-0.584780303030303,67.06,3,0,0,-2.0,-1.0
2020,6,Spanish Grand Prix,Carlos Sainz,McLaren,7,2,2,6.0,+1 Lap,correct,Correct,0.3766846153846154,44.244,2,0,0,0.0,1.0
2020,6,Spanish Grand Prix,Alexander Albon,Red Bull,6,2,2,8.0,+1 Lap,correct,Correct,0.5915,43.467,2,0,0,0.0,-2.0
2020,6,Spanish Grand Prix,Lando Norris,McLaren,8,2,2,10.0,+1 Lap,correct,Correct,0.6091307692307693,43.86,2,0,0,-2.0,-2.0
2020,6,Spanish Grand Prix,George Russell,Williams,18,3,3,17.0,+1 Lap,correct,Correct,1.2014692307692307,44.596999999999994,2,0,0,0.0,1.0
2020,6,Spanish Grand Prix,Charles Leclerc,Ferrari,9,2,3,20.0,Electronics,dnf_mech,DNF destroyed the predicted outcome,2.1099868421052634,22.274,1,0,0,0.0,-11.0
2020,7,Belgian Grand Prix,Lewis Hamilton,Mercedes,1,1,1,1.0,Finished,correct,Correct,-1.077590909090909,23.298,1,4,11,0.0,0.0
2020,7,Belgian Grand Prix,Valtteri Bottas,Mercedes,2,1,1,2.0,Finished,correct,Correct,-0.8855909090909091,25.548,1,4,11,0.0,0.0
2020,7,Belgian Grand Prix,Max Verstappen,Red Bull,3,1,1,3.0,Finished,correct,Correct,-0.7263409090909091,23.314,1,4,11,0.0,0.0
2020,7,Belgian Grand Prix,Alexander Albon,Red Bull,5,2,2,6.0,Finished,correct,Correct,-0.10686363636363636,22.738,1,4,11,-1.0,-1.0
2020,7,Belgian Grand Prix,Lando Norris,McLaren,10,2,2,7.0,Finished,correct,Correct,-0.08272727272727273,23.046,1,4,11,-1.0,3.0
2020,7,Belgian Grand Prix,Charles Leclerc,Ferrari,13,3,3,14.0,Finished,correct,Correct,0.6251363636363636,55.778000000000006,2,4,11,5.0,-1.0
2020,7,Belgian Grand Prix,George Russell,Williams,15,3,3,19.0,Debris,correct_dnf,Correct — predicted out-of-points; the DNF delivered it,1.083222222222222,0.0,0,4,11,-2.0,-1.0
2020,7,Belgian Grand Prix,Carlos Sainz,McLaren,7,2,3,20.0,Exhaust,dnf_mech,DNF destroyed the predicted outcome,,0.0,0,4,11,,
2020,8,Italian Grand Prix,Carlos Sainz,McLaren,3,1,1,2.0,Finished,correct,Correct,-0.3549433962264151,1546.7669999999998,2,8,20,1.0,1.0
2020,8,Italian Grand Prix,Lando Norris,McLaren,6,2,2,4.0,Finished,correct,Correct,-0.24956603773584904,1546.621,2,8,20,3.0,2.0
2020,8,Italian Grand Prix,Valtteri Bottas,Mercedes,2,1,2,5.0,Finished,over_predict,Finished worse than predicted — lost 3 places from grid — SC/VSC at lap 20 shuffled strategy,-0.22866037735849057,1546.674,2,8,20,-4.0,-3.0
2020,8,Italian Grand Prix,Lewis Hamilton,Mercedes,1,1,2,7.0,Finished,over_predict,Finished worse than predicted — lost 6 places from grid — SC/VSC at lap 20 shuffled strategy,-0.03739622641509434,1573.178,3,8,20,0.0,-6.0
2020,8,Italian Grand Prix,George Russell,Williams,19,3,3,14.0,Finished,correct,Correct,0.3276603773584906,1553.1870000000001,2,8,20,2.0,5.0
2020,8,Italian Grand Prix,Alexander Albon,Red Bull,9,2,3,15.0,Finished,over_predict,Finished worse than predicted — slow race pace (+0.35s/lap vs field median) — lost 6 places from grid — SC/VSC at lap 20 shuffled strategy,0.3453962264150944,1557.9080000000001,2,8,20,-6.0,-6.0
2020,8,Italian Grand Prix,Max Verstappen,Red Bull,5,2,3,17.0,Power Unit,dnf_mech,DNF destroyed the predicted outcome,0.24243333333333333,1548.9450000000002,2,8,20,-2.0,-11.0
2020,8,Italian Grand Prix,Charles Leclerc,Ferrari,13,3,3,18.0,Accident,correct_dnf,Correct — predicted out-of-points; the DNF delivered it,-0.13456521739130434,24.344,1,8,20,0.0,7.0
2020,9,Tuscan Grand Prix,Lewis Hamilton,Mercedes,1,1,1,1.0,Finished,correct,Correct,0.3571186440677966,2800.388,5,13,1,-1.0,0.0
2020,9,Tuscan Grand Prix,Valtteri Bottas,Mercedes,2,1,1,2.0,Finished,correct,Correct,0.4398305084745763,2802.282,5,13,1,1.0,0.0
2020,9,Tuscan Grand Prix,Alexander Albon,Red Bull,4,2,1,3.0,Finished,under_predict,Finished better than predicted,0.49379661016949156,2803.9539999999997,5,13,1,0.0,1.0
2020,9,Tuscan Grand Prix,Lando Norris,McLaren,11,3,2,6.0,Finished,under_predict,Finished better than predicted — gained 5 places from grid,0.6771694915254237,2805.2870000000003,5,13,1,3.0,5.0
2020,9,Tuscan Grand Prix,Charles Leclerc,Ferrari,5,2,2,8.0,Finished,correct,Correct,0.8375423728813559,2786.3680000000004,5,13,1,2.0,-4.0
2020,9,Tuscan Grand Prix,George Russell,Williams,18,3,3,11.0,Finished,correct,Correct,0.9063389830508475,2781.685,5,13,1,7.0,7.0
2020,9,Tuscan Grand Prix,Carlos Sainz,McLaren,9,2,3,18.0,Collision,dnf_driver,DNF destroyed the predicted outcome,1.4058,0.0,0,13,1,-6.0,-6.0
2020,9,Tuscan Grand Prix,Max Verstappen,Red Bull,3,1,3,19.0,Collision,dnf_driver,DNF destroyed the predicted outcome,,0.0,0,13,1,,
2020,10,Russian Grand Prix,Valtteri Bottas,Mercedes,3,1,1,1.0,Finished,correct,Correct,-1.120933962264151,29.75,1,5,1,1.0,2.0
2020,10,Russian Grand Prix,Max Verstappen,Red Bull,2,1,1,2.0,Finished,correct,Correct,-0.9751037735849056,28.748,1,5,1,-1.0,0.0
2020,10,Russian Grand Prix,Lewis Hamilton,Mercedes,1,1,1,3.0,Finished,correct,Correct,-0.6920849056603773,41.352,1,5,1,0.0,-2.0
2020,10,Russian Grand Prix,Charles Leclerc,Ferrari,11,3,2,6.0,Finished,under_predict,Finished better than predicted — gained 5 places from grid,0.052386792452830185,30.261,1,5,1,3.0,5.0
2020,10,Russian Grand Prix,Alexander Albon,Red Bull,10,2,2,10.0,Finished,correct,Correct,0.6311415094339623,60.322,2,5,1,-7.0,0.0
2020,10,Russian Grand Prix,Lando Norris,McLaren,8,2,3,15.0,+1 Lap,over_predict,Finished worse than predicted — slow race pace (+1.26s/lap vs field median) — lost 7 places from grid,1.2620288461538463,68.476,2,5,1,-10.0,-7.0
2020,10,Russian Grand Prix,George Russell,Williams,14,3,3,18.0,+1 Lap,correct,Correct,2.3393173076923075,89.273,3,5,1,-2.0,-4.0
2020,10,Russian Grand Prix,Carlos Sainz,McLaren,6,2,3,19.0,Accident,dnf_driver,DNF destroyed the predicted outcome,,0.0,0,5,1,,
2020,11,Eifel Grand Prix,Lewis Hamilton,Mercedes,2,1,1,1.0,Finished,correct,Correct,0.34739166666666665,47.163,2,5,16,0.0,1.0
2020,11,Eifel Grand Prix,Max Verstappen,Red Bull,3,1,1,2.0,Finished,correct,Correct,0.42189166666666666,44.67400000000001,2,5,16,0.0,1.0
2020,11,Eifel Grand Prix,Carlos Sainz,McLaren,10,2,2,5.0,Finished,correct,Correct,0.712475,45.144,2,5,16,0.0,5.0
2020,11,Eifel Grand Prix,Charles Leclerc,Ferrari,4,2,2,7.0,Finished,correct,Correct,0.8609583333333334,45.671,2,5,16,0.0,-3.0
2020,11,Eifel Grand Prix,Lando Norris,McLaren,8,2,3,16.0,Power Unit,dnf_mech,DNF destroyed the predicted outcome,0.66675,21.991,1,5,16,1.0,2.0
2020,11,Eifel Grand Prix,Alexander Albon,Red Bull,5,2,3,17.0,Radiator,dnf_mech,DNF destroyed the predicted outcome,0.689695652173913,23.562,1,5,16,-1.0,-4.0
2020,11,Eifel Grand Prix,Valtteri Bottas,Mercedes,1,1,3,19.0,Power Unit,dnf_mech,DNF destroyed the predicted outcome,0.7995277777777778,22.625,1,5,16,0.0,-11.0
2020,11,Eifel Grand Prix,George Russell,Williams,17,3,3,20.0,Collision,correct_dnf,Correct — predicted out-of-points; the DNF delivered it,2.8459583333333334,22.496,1,5,16,1.0,-1.0
2020,12,Portuguese Grand Prix,Lewis Hamilton,Mercedes,1,1,1,1.0,Finished,correct,Correct,-1.1255984848484848,27.162,1,1,1,-2.0,0.0
2020,12,Portuguese Grand Prix,Valtteri Bottas,Mercedes,2,1,1,2.0,Finished,correct,Correct,-0.7378409090909092,26.512,1,1,1,1.0,0.0
2020,12,Portuguese Grand Prix,Max Verstappen,Red Bull,3,1,1,3.0,Finished,correct,Correct,-0.60275,26.394,1,1,1,-2.0,0.0
2020,12,Portuguese Grand Prix,Charles Leclerc,Ferrari,4,2,2,4.0,Finished,correct,Correct,-0.13602272727272727,26.94,1,1,1,-2.0,0.0
2020,12,Portuguese Grand Prix,Carlos Sainz,McLaren,7,2,2,6.0,+1 Lap,correct,Correct,0.36983076923076924,27.299,1,1,1,5.0,1.0
2020,12,Portuguese Grand Prix,Alexander Albon,Red Bull,6,2,3,12.0,+1 Lap,over_predict,Finished worse than predicted — slow race pace (+0.64s/lap vs field median) — lost 6 places from grid,0.6432,52.169,2,1,1,-3.0,-6.0
2020,12,Portuguese Grand Prix,Lando Norris,McLaren,8,2,3,13.0,+1 Lap,over_predict,Finished worse than predicted — slow race pace (+0.86s/lap vs field median) — lost 5 places from grid,0.8645692307692308,62.557,2,1,1,4.0,-5.0
2020,12,Portuguese Grand Prix,George Russell,Williams,14,3,3,14.0,+1 Lap,correct,Correct,0.9815384615384616,32.991,1,1,1,1.0,0.0
2020,13,Emilia Romagna Grand Prix,Lewis Hamilton,Mercedes,2,1,1,1.0,Finished,correct,Correct,-0.36307142857142854,61.307,2,7,51,-1.0,1.0
2020,13,Emilia Romagna Grand Prix,Valtteri Bottas,Mercedes,1,1,1,2.0,Finished,correct,Correct,-0.2712777777777778,59.729,2,7,51,0.0,-1.0
2020,13,Emilia Romagna Grand Prix,Charles Leclerc,Ferrari,7,2,2,5.0,Finished,correct,Correct,-0.05972222222222222,30.243,1,7,51,1.0,2.0
2020,13,Emilia Romagna Grand Prix,Carlos Sainz,McLaren,10,2,2,7.0,Finished,correct,Correct,-0.04196031746031746,60.564,2,7,51,0.0,3.0
2020,13,Emilia Romagna Grand Prix,Lando Norris,McLaren,9,2,2,8.0,Finished,correct,Correct,-0.027658730158730157,59.885999999999996,2,7,51,0.0,1.0
2020,13,Emilia Romagna Grand Prix,Alexander Albon,Red Bull,6,2,3,15.0,Finished,over_predict,Finished worse than predicted — slow race pace (+0.55s/lap vs field median) — lost 9 places from grid — SC/VSC at lap 51 shuffled strategy,0.5461984126984126,59.322,2,7,51,-1.0,-9.0
2020,13,Emilia Romagna Grand Prix,George Russell,Williams,13,3,3,16.0,Accident,correct_dnf,Correct — predicted out-of-points; the DNF delivered it,1.396186274509804,29.707,1,7,51,0.0,3.0
2020,13,Emilia Romagna Grand Prix,Max Verstappen,Red Bull,3,1,3,17.0,Puncture,dnf_mech,DNF destroyed the predicted outcome,-0.5002,29.427,1,7,51,1.0,1.0
2020,14,Turkish Grand Prix,Lewis Hamilton,Mercedes,6,2,1,1.0,Finished,under_predict,Finished better than predicted — fast race pace (-1.07s/lap vs field median) — gained 5 places from grid,-1.0675517241379309,23.86,1,2,1,0.0,5.0
2020,14,Turkish Grand Prix,Charles Leclerc,Ferrari,14,3,2,4.0,Finished,under_predict,Finished better than predicted — fast race pace (-0.48s/lap vs field median) — gained 10 places from grid,-0.48379310344827586,47.962,2,2,1,0.0,10.0
2020,14,Turkish Grand Prix,Carlos Sainz,McLaren,13,3,2,5.0,Finished,under_predict,Finished better than predicted — fast race pace (-0.48s/lap vs field median) — gained 8 places from grid,-0.47508620689655173,47.447,2,2,1,4.0,8.0
2020,14,Turkish Grand Prix,Max Verstappen,Red Bull,2,1,2,6.0,Finished,over_predict,Finished worse than predicted — lost 4 places from grid,-0.29387931034482756,69.561,3,2,1,-2.0,-4.0
2020,14,Turkish Grand Prix,Alexander Albon,Red Bull,4,2,2,7.0,Finished,correct,Correct,-0.2661034482758621,45.092,2,2,1,-1.0,-3.0
2020,14,Turkish Grand Prix,Lando Norris,McLaren,11,3,2,8.0,Finished,under_predict,Finished better than predicted — gained 3 places from grid,-0.011362068965517242,46.370000000000005,2,2,1,-4.0,3.0
2020,14,Turkish Grand Prix,Valtteri Bottas,Mercedes,9,2,3,14.0,+1 Lap,over_predict,Finished worse than predicted — slow race pace (+1.59s/lap vs field median) — lost 5 places from grid,1.5926315789473684,46.251000000000005,2,2,1,-9.0,-5.0
2020,14,Turkish Grand Prix,George Russell,Williams,18,3,3,16.0,+1 Lap,correct,Correct,2.401719298245614,45.58,2,2,1,1.0,2.0
2020,15,Bahrain Grand Prix,Lewis Hamilton,Mercedes,1,1,1,1.0,Finished,correct,Correct,-0.7497105263157895,1212.385,3,12,1,0.0,0.0
2020,15,Bahrain Grand Prix,Max Verstappen,Red Bull,3,1,1,2.0,Finished,correct,Correct,-0.7277105263157895,1240.007,4,12,1,1.0,1.0
2020,15,Bahrain Grand Prix,Alexander Albon,Red Bull,4,2,1,3.0,Finished,under_predict,Finished better than predicted — fast race pace (-0.61s/lap vs field median),-0.6092719298245615,1209.627,3,12,1,0.0,1.0
2020,15,Bahrain Grand Prix,Lando Norris,McLaren,9,2,2,4.0,Finished,correct,Correct,-0.5508157894736841,1203.243,3,12,1,0.0,5.0
2020,15,Bahrain Grand Prix,Carlos Sainz,McLaren,15,3,2,5.0,Finished,under_predict,Finished better than predicted — fast race pace (-0.54s/lap vs field median) — gained 10 places from grid,-0.542921052631579,1207.3039999999999,3,12,1,2.0,10.0
2020,15,Bahrain Grand Prix,Valtteri Bottas,Mercedes,2,1,2,8.0,Finished,over_predict,Finished worse than predicted — lost 6 places from grid,-0.40444736842105267,1233.5499999999997,4,12,1,-4.0,-6.0
2020,15,Bahrain Grand Prix,Charles Leclerc,Ferrari,12,3,2,10.0,+1 Lap,under_predict,Finished better than predicted,1.4317410714285714,1204.3090000000002,3,12,1,2.0,2.0
2020,15,Bahrain Grand Prix,George Russell,Williams,14,3,3,12.0,+1 Lap,correct,Correct,1.4601517857142858,1214.472,3,12,1,-4.0,2.0
2020,16,Sakhir Grand Prix,Carlos Sainz,McLaren,8,2,2,4.0,Finished,correct,Correct,0.21884482758620688,49.015,2,15,1,5.0,4.0
2020,16,Sakhir Grand Prix,Alexander Albon,Red Bull,12,3,2,6.0,Finished,under_predict,Finished better than predicted — gained 6 places from grid,0.2333505747126437,47.519,2,15,1,0.0,6.0
2020,16,Sakhir Grand Prix,Valtteri Bottas,Mercedes,1,1,2,8.0,Finished,over_predict,Finished worse than predicted — lost 7 places from grid,0.251132183908046,77.426,2,15,1,-1.0,-7.0
2020,16,Sakhir Grand Prix,George Russell,Mercedes,2,1,2,9.0,Finished,over_predict,Finished worse than predicted — lost 7 places from grid,0.2875344827586207,102.432,4,15,1,1.0,-7.0
2020,16,Sakhir Grand Prix,Lando Norris,McLaren,15,3,2,10.0,Finished,under_predict,Finished better than predicted — gained 5 places from grid,0.29885632183908045,49.13,2,15,1,5.0,5.0
2020,16,Sakhir Grand Prix,Max Verstappen,Red Bull,3,1,3,19.0,Accident,dnf_driver,DNF destroyed the predicted outcome,,0.0,0,15,1,,
2020,16,Sakhir Grand Prix,Charles Leclerc,Ferrari,4,2,3,20.0,Collision,dnf_driver,DNF destroyed the predicted outcome,,0.0,0,15,1,,
2020,17,Abu Dhabi Grand Prix,Max Verstappen,Red Bull,1,1,1,1.0,Finished,correct,Correct,-1.6409363636363636,21.289,1,4,10,0.0,0.0
2020,17,Abu Dhabi Grand Prix,Valtteri Bottas,Mercedes,2,1,1,2.0,Finished,correct,Correct,-1.3504636363636364,21.587,1,4,10,0.0,0.0
2020,17,Abu Dhabi Grand Prix,Lewis Hamilton,Mercedes,3,1,1,3.0,Finished,correct,Correct,-1.3061181818181817,22.406,1,4,10,0.0,0.0
2020,17,Abu Dhabi Grand Prix,Alexander Albon,Red Bull,5,2,2,4.0,Finished,correct,Correct,-1.2775363636363637,21.508,1,4,10,0.0,1.0
2020,17,Abu Dhabi Grand Prix,Lando Norris,McLaren,4,2,2,5.0,Finished,correct,Correct,-0.5367727272727273,21.84,1,4,10,0.0,-1.0
2020,17,Abu Dhabi Grand Prix,Carlos Sainz,McLaren,6,2,2,6.0,Finished,correct,Correct,-0.4470818181818182,22.14,1,4,10,0.0,0.0
2020,17,Abu Dhabi Grand Prix,Charles Leclerc,Ferrari,9,2,3,13.0,+1 Lap,over_predict,Finished worse than predicted — slow race pace (+0.49s/lap vs field median) — lost 4 places from grid — SC/VSC at lap 10 shuffled strategy,0.488462962962963,22.178,1,4,10,-4.0,-4.0
2020,17,Abu Dhabi Grand Prix,George Russell,Williams,18,3,3,15.0,+1 Lap,correct,Correct,0.8275185185185184,22.085,1,4,10,2.0,3.0
2021,1,Bahrain Grand Prix,Lewis Hamilton,Mercedes,2,1,1,1.0,Finished,correct,Correct,-0.6491071428571429,48.915,2,3,1,0.0,1.0
2021,1,Bahrain Grand Prix,Max Verstappen,Red Bull,1,1,1,2.0,Finished,correct,Correct,-0.6358035714285715,48.614999999999995,2,3,1,0.0,-1.0
2021,1,Bahrain Grand Prix,Valtteri Bottas,Mercedes,3,1,1,3.0,Finished,correct,Correct,0.018446428571428572,81.725,3,3,1,-1.0,0.0
2021,1,Bahrain Grand Prix,Lando Norris,McLaren,7,2,2,4.0,Finished,correct,Correct,0.18064285714285713,50.539,2,3,1,1.0,3.0
2021,1,Bahrain Grand Prix,Sergio Pérez,Red Bull,11,3,2,5.0,Finished,under_predict,Finished better than predicted — gained 6 places from grid,0.28030357142857143,72.289,3,3,1,-8.0,6.0
2021,1,Bahrain Grand Prix,Charles Leclerc,Ferrari,4,2,2,6.0,Finished,correct,Correct,0.4060714285714285,49.101,2,3,1,1.0,-2.0
2021,1,Bahrain Grand Prix,Carlos Sainz,Ferrari,8,2,2,8.0,Finished,correct,Correct,0.5491071428571429,48.694,2,3,1,-2.0,0.0
2021,1,Bahrain Grand Prix,Lance Stroll,Aston Martin,10,2,2,10.0,Finished,correct,Correct,0.8993392857142857,50.409,2,3,1,1.0,0.0
2021,1,Bahrain Grand Prix,Esteban Ocon,Alpine F1 Team,16,3,3,13.0,+1 Lap,correct,Correct,1.3728727272727272,49.697,2,3,1,3.0,3.0
2021,1,Bahrain Grand Prix,George Russell,Williams,15,3,3,14.0,+1 Lap,correct,Correct,1.4066727272727273,48.869,2,3,1,-1.0,1.0
2021,1,Bahrain Grand Prix,Fernando Alonso,Alpine F1 Team,9,2,3,19.0,Brakes,dnf_mech,DNF destroyed the predicted outcome,1.84771875,49.147999999999996,2,3,1,1.0,-7.0
2021,2,Emilia Romagna Grand Prix,Max Verstappen,Red Bull,3,1,1,1.0,Finished,correct,Correct,0.32217460317460317,1651.17,2,10,1,2.0,2.0
2021,2,Emilia Romagna Grand Prix,Lewis Hamilton,Mercedes,1,1,1,2.0,Finished,correct,Correct,0.6713809523809524,1630.911,4,10,1,-1.0,-1.0
2021,2,Emilia Romagna Grand Prix,Lando Norris,McLaren,7,2,1,3.0,Finished,under_predict,Finished better than predicted — gained 4 places from grid,0.6983968253968255,1615.607,2,10,1,-2.0,4.0
2021,2,Emilia Romagna Grand Prix,Charles Leclerc,Ferrari,4,2,2,4.0,Finished,correct,Correct,0.7281904761904762,1640.4859999999999,2,10,1,1.0,0.0
2021,2,Emilia Romagna Grand Prix,Carlos Sainz,Ferrari,11,3,2,5.0,Finished,under_predict,Finished better than predicted — gained 6 places from grid,0.7513174603174604,1613.067,2,10,1,3.0,6.0
2021,2,Emilia Romagna Grand Prix,Lance Stroll,Aston Martin,10,2,2,8.0,Finished,correct,Correct,1.1274761904761903,1588.618,3,10,1,3.0,3.0
2021,2,Emilia Romagna Grand Prix,Esteban Ocon,Alpine F1 Team,9,2,2,9.0,Finished,correct,Correct,1.365174603174603,1627.926,5,10,1,-5.0,-1.0
2021,2,Emilia Romagna Grand Prix,Fernando Alonso,Alpine F1 Team,15,3,2,10.0,Finished,under_predict,Finished better than predicted — gained 4 places from grid,1.379031746031746,1576.837,3,10,1,-2.0,4.0
2021,2,Emilia Romagna Grand Prix,Sergio Pérez,Red Bull,2,1,3,11.0,Finished,over_predict,Finished worse than predicted — slow race pace (+1.39s/lap vs field median) — lost 10 places from grid,1.3876984126984129,1625.7659999999998,2,10,1,-2.0,-10.0
2021,2,Emilia Romagna Grand Prix,Valtteri Bottas,Mercedes,8,2,3,18.0,Collision,dnf_driver,DNF destroyed the predicted outcome,0.9788333333333333,30.167,1,10,1,-2.0,-1.0
2021,2,Emilia Romagna Grand Prix,George Russell,Williams,12,3,3,19.0,Collision,correct_dnf,Correct — predicted out-of-points; the DNF delivered it,0.9955666666666667,29.983,1,10,1,1.0,2.0
2021,3,Portuguese Grand Prix,Lewis Hamilton,Mercedes,2,1,1,1.0,Finished,correct,Correct,-0.7601666666666667,71.497,3,5,2,0.0,1.0
2021,3,Portuguese Grand Prix,Max Verstappen,Red Bull,3,1,1,2.0,Finished,correct,Correct,-0.318530303030303,97.884,4,5,2,0.0,1.0
2021,3,Portuguese Grand Prix,Valtteri Bottas,Mercedes,1,1,1,3.0,Finished,correct,Correct,-0.2521363636363636,96.96000000000001,4,5,2,0.0,-2.0
2021,3,Portuguese Grand Prix,Sergio Pérez,Red Bull,4,2,2,4.0,Finished,correct,Correct,-0.15812121212121213,70.59700000000001,3,5,2,-1.0,0.0
2021,3,Portuguese Grand Prix,Lando Norris,McLaren,7,2,2,5.0,Finished,correct,Correct,0.01815151515151515,70.91,3,5,2,1.0,2.0
2021,3,Portuguese Grand Prix,Charles Leclerc,Ferrari,8,2,2,6.0,Finished,correct,Correct,0.085,70.99199999999999,3,5,2,0.0,2.0
2021,3,Portuguese Grand Prix,Esteban Ocon,Alpine F1 Team,6,2,2,7.0,Finished,correct,Correct,0.20572727272727273,70.548,3,5,2,-1.0,-1.0
2021,3,Portuguese Grand Prix,Fernando Alonso,Alpine F1 Team,13,3,2,8.0,Finished,under_predict,Finished better than predicted — gained 5 places from grid,0.2217727272727273,69.515,3,5,2,-2.0,5.0
2021,3,Portuguese Grand Prix,Carlos Sainz,Ferrari,5,2,3,11.0,Finished,over_predict,Finished worse than predicted — slow race pace (+0.44s/lap vs field median) — lost 6 places from grid — SC/VSC at lap 2 shuffled strategy,0.43612121212121213,70.16499999999999,3,5,2,1.0,-6.0
2021,3,Portuguese Grand Prix,Lance Stroll,Aston Martin,17,3,3,14.0,+1 Lap,correct,Correct,0.6312153846153846,70.467,3,5,2,0.0,3.0
2021,3,Portuguese Grand Prix,George Russell,Williams,11,3,3,16.0,+1 Lap,correct,Correct,1.5393538461538463,73.13,3,5,2,0.0,-5.0
2021,4,Spanish Grand Prix,Lewis Hamilton,Mercedes,1,1,1,1.0,Finished,correct,Correct,-1.0849848484848486,44.298,2,2,9,-1.0,0.0
2021,4,Spanish Grand Prix,Max Verstappen,Red Bull,2,1,1,2.0,Finished,correct,Correct,-0.844969696969697,45.157,2,2,9,1.0,0.0
2021,4,Spanish Grand Prix,Valtteri Bottas,Mercedes,3,1,1,3.0,Finished,correct,Correct,-0.6818030303030302,43.949,2,2,9,-1.0,0.0
2021,4,Spanish Grand Prix,Charles Leclerc,Ferrari,4,2,2,4.0,Finished,correct,Correct,-0.257469696969697,43.905,2,2,9,1.0,0.0
2021,4,Spanish Grand Prix,Sergio Pérez,Red Bull,8,2,2,5.0,Finished,correct,Correct,-0.12027272727272727,43.727000000000004,2,2,9,2.0,3.0
2021,4,Spanish Grand Prix,Carlos Sainz,Ferrari,6,2,2,7.0,Finished,correct,Correct,0.046378787878787874,43.635000000000005,2,2,9,-2.0,-1.0
2021,4,Spanish Grand Prix,Lando Norris,McLaren,9,2,2,8.0,+1 Lap,correct,Correct,0.5387692307692307,44.331,2,2,9,0.0,1.0
2021,4,Spanish Grand Prix,Esteban Ocon,Alpine F1 Team,5,2,2,9.0,+1 Lap,correct,Correct,0.7537846153846154,22.798,1,2,9,-2.0,-4.0
2021,4,Spanish Grand Prix,Lance Stroll,Aston Martin,11,3,3,11.0,+1 Lap,correct,Correct,0.8372615384615384,43.188,2,2,9,0.0,0.0
2021,4,Spanish Grand Prix,George Russell,Williams,15,3,3,14.0,+1 Lap,correct,Correct,1.0647230769230769,45.733000000000004,2,2,9,-2.0,1.0
2021,4,Spanish Grand Prix,Fernando Alonso,Alpine F1 Team,10,2,3,17.0,+1 Lap,over_predict,Finished worse than predicted — slow race pace (+1.25s/lap vs field median) — lost 7 places from grid,1.2453692307692308,45.522,2,2,9,0.0,-7.0
2021,5,Monaco Grand Prix,Max Verstappen,Red Bull,2,1,1,1.0,Finished,correct,Correct,-0.8725833333333334,23.746,1,0,0,1.0,1.0
2021,5,Monaco Grand Prix,Carlos Sainz,Ferrari,4,2,1,2.0,Finished,under_predict,Finished better than predicted — fast race pace (-0.76s/lap vs field median),-0.7576089743589743,24.15,1,0,0,1.0,2.0
2021,5,Monaco Grand Prix,Lando Norris,McLaren,5,2,1,3.0,Finished,under_predict,Finished better than predicted — fast race pace (-0.62s/lap vs field median),-0.6235192307692308,23.874,1,0,0,1.0,2.0
2021,5,Monaco Grand Prix,Sergio Pérez,Red Bull,9,2,2,4.0,Finished,correct,Correct,-0.6098910256410256,24.548,1,0,0,1.0,5.0
2021,5,Monaco Grand Prix,Lewis Hamilton,Mercedes,7,2,2,7.0,Finished,correct,Correct,0.002173076923076923,48.027,2,0,0,1.0,0.0
2021,5,Monaco Grand Prix,Lance Stroll,Aston Martin,13,3,2,8.0,+1 Lap,under_predict,Finished better than predicted — gained 5 places from grid,0.1748116883116883,23.474,1,0,0,2.0,5.0
2021,5,Monaco Grand Prix,Esteban Ocon,Alpine F1 Team,11,3,2,9.0,+1 Lap,under_predict,Finished better than predicted,0.6541493506493506,23.935,1,0,0,1.0,2.0
2021,5,Monaco Grand Prix,Fernando Alonso,Alpine F1 Team,17,3,3,13.0,+1 Lap,correct,Correct,0.7113701298701298,23.803,1,0,0,3.0,4.0
2021,5,Monaco Grand Prix,George Russell,Williams,15,3,3,14.0,+1 Lap,correct,Correct,1.0400584415584415,23.928,1,0,0,0.0,1.0
2021,5,Monaco Grand Prix,Valtteri Bottas,Mercedes,3,1,3,19.0,Wheel nut,dnf_mech,DNF destroyed the predicted outcome,-1.2248620689655172,0.0,0,0,0,1.0,1.0
2021,5,Monaco Grand Prix,Charles Leclerc,Ferrari,1,1,3,20.0,Driveshaft,dnf_mech,DNF destroyed the predicted outcome,,0.0,0,0,0,,
2021,6,Azerbaijan Grand Prix,Sergio Pérez,Red Bull,7,2,1,1.0,Finished,under_predict,Finished better than predicted — gained 6 places from grid,0.19915686274509803,2035.617,3,9,31,3.0,6.0
2021,6,Azerbaijan Grand Prix,Charles Leclerc,Ferrari,1,1,2,4.0,Finished,over_predict,Finished worse than predicted — lost 3 places from grid — SC/VSC at lap 31 shuffled strategy,0.27421568627450976,2037.4720000000002,3,9,31,0.0,-3.0
2021,6,Azerbaijan Grand Prix,Lando Norris,McLaren,6,2,2,5.0,Finished,correct,Correct,0.29237254901960785,2046.808,3,9,31,-6.0,1.0
2021,6,Azerbaijan Grand Prix,Fernando Alonso,Alpine F1 Team,9,2,2,6.0,Finished,correct,Correct,0.32429411764705884,2070.109,4,9,31,2.0,3.0
2021,6,Azerbaijan Grand Prix,Carlos Sainz,Ferrari,5,2,2,8.0,Finished,correct,Correct,0.35031372549019607,2047.907,3,9,31,-1.0,-3.0
2021,6,Azerbaijan Grand Prix,Valtteri Bottas,Mercedes,10,2,3,12.0,Finished,over_predict,Finished worse than predicted — slow race pace (+0.42s/lap vs field median) — SC/VSC at lap 31 shuffled strategy,0.42001960784313724,2076.931,3,9,31,0.0,-2.0
2021,6,Azerbaijan Grand Prix,Lewis Hamilton,Mercedes,2,1,3,15.0,Finished,over_predict,Finished worse than predicted — slow race pace (+0.55s/lap vs field median) — lost 14 places from grid — SC/VSC at lap 31 shuffled strategy,0.5455882352941177,2038.825,3,9,31,0.0,-14.0
2021,6,Azerbaijan Grand Prix,George Russell,Williams,15,3,3,17.0,Gearbox,correct_dnf,Correct — predicted out-of-points; the DNF delivered it,0.7844166666666667,2097.609,4,9,31,-5.0,0.0
2021,6,Azerbaijan Grand Prix,Max Verstappen,Red Bull,3,1,3,18.0,Accident,dnf_driver,DNF destroyed the predicted outcome,-0.02022222222222222,19.769,1,9,31,0.0,2.0
2021,6,Azerbaijan Grand Prix,Lance Stroll,Aston Martin,19,3,3,19.0,Accident,correct_dnf,Correct — predicted out-of-points; the DNF delivered it,-0.08036206896551724,0.0,0,9,31,3.0,15.0
2021,6,Azerbaijan Grand Prix,Esteban Ocon,Alpine F1 Team,12,3,3,20.0,Turbo,correct_dnf,Correct — predicted out-of-points; the DNF delivered it,7.2965,0.0,0,9,31,1.0,-6.0
2021,7,French Grand Prix,Max Verstappen,Red Bull,1,1,1,1.0,Finished,correct,Correct,-1.2416037735849057,59.926,2,0,0,-1.0,0.0
2021,7,French Grand Prix,Lewis Hamilton,Mercedes,2,1,1,2.0,Finished,correct,Correct,-1.1868113207547168,30.263,1,0,0,1.0,0.0
2021,7,French Grand Prix,Sergio Pérez,Red Bull,4,2,1,3.0,Finished,under_predict,Finished better than predicted — fast race pace (-1.08s/lap vs field median),-1.0753584905660378,29.682,1,0,0,0.0,1.0
2021,7,French Grand Prix,Valtteri Bottas,Mercedes,3,1,2,4.0,Finished,over_predict,Finished worse than predicted,-0.9657924528301888,30.572,1,0,0,0.0,-1.0
2021,7,French Grand Prix,Lando Norris,McLaren,8,2,2,5.0,Finished,correct,Correct,-0.03345283018867924,30.531,1,0,0,-2.0,3.0
2021,7,French Grand Prix,Fernando Alonso,Alpine F1 Team,9,2,2,8.0,Finished,correct,Correct,0.22433962264150945,31.288,1,0,0,1.0,1.0
2021,7,French Grand Prix,Lance Stroll,Aston Martin,19,3,2,10.0,Finished,under_predict,Finished better than predicted — gained 9 places from grid,0.4932264150943396,30.996,1,0,0,3.0,9.0
2021,7,French Grand Prix,Carlos Sainz,Ferrari,5,2,3,11.0,Finished,over_predict,Finished worse than predicted — slow race pace (+0.63s/lap vs field median) — lost 6 places from grid,0.6326792452830189,30.534,1,0,0,0.0,-6.0
2021,7,French Grand Prix,George Russell,Williams,14,3,3,12.0,+1 Lap,correct,Correct,0.7939423076923078,30.092,1,0,0,-3.0,2.0
2021,7,French Grand Prix,Esteban Ocon,Alpine F1 Team,11,3,3,14.0,+1 Lap,correct,Correct,0.8914038461538462,30.207,1,0,0,0.0,-3.0
2021,7,French Grand Prix,Charles Leclerc,Ferrari,7,2,3,16.0,+1 Lap,over_predict,Finished worse than predicted — slow race pace (+1.04s/lap vs field median) — lost 9 places from grid,1.040576923076923,62.166,2,0,0,0.0,-9.0
2021,8,Styrian Grand Prix,Max Verstappen,Red Bull,1,1,1,1.0,Finished,correct,Correct,-1.1843028169014085,20.936,1,0,0,0.0,0.0
2021,8,Styrian Grand Prix,Lewis Hamilton,Mercedes,3,1,1,2.0,Finished,correct,Correct,-0.6808802816901408,42.859,2,0,0,1.0,1.0
2021,8,Styrian Grand Prix,Valtteri Bottas,Mercedes,2,1,1,3.0,Finished,correct,Correct,-0.5236408450704225,21.752,1,0,0,-3.0,-1.0
2021,8,Styrian Grand Prix,Sergio Pérez,Red Bull,5,2,2,4.0,Finished,correct,Correct,-0.516218309859155,44.438,2,0,0,1.0,1.0
2021,8,Styrian Grand Prix,Lando Norris,McLaren,4,2,2,5.0,+1 Lap,correct,Correct,-0.13495714285714286,21.692,1,0,0,1.0,-1.0
2021,8,Styrian Grand Prix,Carlos Sainz,Ferrari,12,3,2,6.0,+1 Lap,under_predict,Finished better than predicted — gained 6 places from grid,-0.0355,21.226,1,0,0,1.0,6.0
2021,8,Styrian Grand Prix,Charles Leclerc,Ferrari,7,2,2,7.0,+1 Lap,correct,Correct,0.14327142857142858,50.31,2,0,0,-7.0,0.0
2021,8,Styrian Grand Prix,Lance Stroll,Aston Martin,10,2,2,8.0,+1 Lap,correct,Correct,0.3627571428571429,20.936,1,0,0,4.0,2.0
2021,8,Styrian Grand Prix,Fernando Alonso,Alpine F1 Team,9,2,2,9.0,+1 Lap,correct,Correct,0.37672857142857147,21.131,1,0,0,2.0,0.0
2021,8,Styrian Grand Prix,Esteban Ocon,Alpine F1 Team,17,3,3,14.0,+1 Lap,correct,Correct,0.5318714285714287,21.238,1,0,0,2.0,3.0
2021,8,Styrian Grand Prix,George Russell,Williams,11,3,3,19.0,Engine,correct_dnf,Correct — predicted out-of-points; the DNF delivered it,2.531861111111111,83.624,2,0,0,3.0,-7.0
2021,9,Austrian Grand Prix,Max Verstappen,Red Bull,1,1,1,1.0,Finished,correct,Correct,-0.6587816901408451,42.326,2,3,1,0.0,0.0
2021,9,Austrian Grand Prix,Valtteri Bottas,Mercedes,5,2,1,2.0,Finished,under_predict,Finished better than predicted — fast race pace (-0.41s/lap vs field median) — gained 3 places from grid,-0.40564084507042253,21.071,1,3,1,0.0,3.0
2021,9,Austrian Grand Prix,Lando Norris,McLaren,2,1,1,3.0,Finished,correct,Correct,-0.37682394366197186,26.474,1,3,1,0.0,-1.0
2021,9,Austrian Grand Prix,Lewis Hamilton,Mercedes,4,2,2,4.0,Finished,correct,Correct,-0.004528169014084507,42.426,2,3,1,0.0,0.0
2021,9,Austrian Grand Prix,Carlos Sainz,Ferrari,11,3,2,5.0,Finished,under_predict,Finished better than predicted — gained 5 places from grid,0.14606338028169014,21.431,1,3,1,-3.0,5.0
2021,9,Austrian Grand Prix,Sergio Pérez,Red Bull,3,1,2,6.0,Finished,over_predict,Finished worse than predicted,0.016077464788732395,21.735,1,3,1,0.0,-2.0
2021,9,Austrian Grand Prix,Charles Leclerc,Ferrari,12,3,2,8.0,Finished,under_predict,Finished better than predicted — gained 4 places from grid,0.20311971830985917,21.143,1,3,1,2.0,4.0
2021,9,Austrian Grand Prix,Fernando Alonso,Alpine F1 Team,14,3,2,10.0,+1 Lap,under_predict,Finished better than predicted — gained 4 places from grid,0.48469285714285715,22.663,1,3,1,-2.0,4.0
2021,9,Austrian Grand Prix,George Russell,Williams,9,2,3,11.0,+1 Lap,over_predict,Finished worse than predicted — slow race pace (+0.57s/lap vs field median),0.5651499999999999,21.606,1,3,1,-4.0,-2.0
2021,9,Austrian Grand Prix,Lance Stroll,Aston Martin,10,2,3,13.0,+1 Lap,over_predict,Finished worse than predicted — slow race pace (+0.74s/lap vs field median) — lost 3 places from grid,0.7423071428571428,42.863,2,3,1,2.0,-3.0
2021,9,Austrian Grand Prix,Esteban Ocon,Alpine F1 Team,17,3,3,20.0,Collision,correct_dnf,Correct — predicted out-of-points; the DNF delivered it,,0.0,0,3,1,,
2021,10,British Grand Prix,Lewis Hamilton,Mercedes,1,1,1,1.0,Finished,correct,Correct,-1.0742596153846156,2088.6420000000003,2,4,1,-1.0,0.0
2021,10,British Grand Prix,Charles Leclerc,Ferrari,4,2,1,2.0,Finished,under_predict,Finished better than predicted — fast race pace (-1.00s/lap vs field median),-0.9998173076923077,2076.164,2,4,1,3.0,2.0
2021,10,British Grand Prix,Valtteri Bottas,Mercedes,3,1,1,3.0,Finished,correct,Correct,-0.8603173076923077,2077.3579999999997,2,4,1,0.0,0.0
2021,10,British Grand Prix,Lando Norris,McLaren,6,2,2,4.0,Finished,correct,Correct,-0.5247788461538462,2083.924,2,4,1,2.0,2.0
2021,10,British Grand Prix,Carlos Sainz,Ferrari,9,2,2,6.0,Finished,correct,Correct,-0.23860576923076923,2096.631,2,4,1,1.0,3.0
2021,10,British Grand Prix,Fernando Alonso,Alpine F1 Team,11,3,2,7.0,Finished,under_predict,Finished better than predicted — gained 4 places from grid,0.31214423076923076,2088.323,2,4,1,4.0,4.0
2021,10,British Grand Prix,Lance Stroll,Aston Martin,15,3,2,8.0,Finished,under_predict,Finished better than predicted — gained 7 places from grid,0.354375,2096.074,2,4,1,4.0,7.0
2021,10,British Grand Prix,Esteban Ocon,Alpine F1 Team,13,3,2,9.0,Finished,under_predict,Finished better than predicted — gained 4 places from grid,0.3903942307692308,2095.766,2,4,1,3.0,4.0
2021,10,British Grand Prix,George Russell,Williams,8,2,3,12.0,+1 Lap,over_predict,Finished worse than predicted — slow race pace (+0.72s/lap vs field median) — lost 4 places from grid,0.720421568627451,2100.355,2,4,1,-6.0,-4.0
2021,10,British Grand Prix,Sergio Pérez,Red Bull,5,2,3,16.0,+1 Lap,over_predict,Finished worse than predicted — slow race pace (+0.96s/lap vs field median) — lost 11 places from grid,0.9563627450980392,2161.227,4,4,1,-14.0,-11.0
2021,10,British Grand Prix,Max Verstappen,Red Bull,2,1,3,20.0,Collision,dnf_driver,DNF destroyed the predicted outcome,,0.0,0,4,1,,
2021,11,Hungarian Grand Prix,Esteban Ocon,Alpine F1 Team,8,2,1,1.0,Finished,under_predict,Finished better than predicted — fast race pace (-0.52s/lap vs field median) — gained 7 places from grid,-0.5175214285714286,1511.354,3,4,1,6.0,7.0
2021,11,Hungarian Grand Prix,Lewis Hamilton,Mercedes,1,1,1,2.0,Finished,correct,Correct,-0.4784357142857143,1513.7140000000002,4,4,1,0.0,-2.0
2021,11,Hungarian Grand Prix,Carlos Sainz,Ferrari,15,3,1,3.0,Finished,under_predict,Finished better than predicted — fast race pace (-0.30s/lap vs field median) — gained 11 places from grid,-0.30297857142857143,1517.2640000000001,3,4,1,11.0,11.0
2021,11,Hungarian Grand Prix,Fernando Alonso,Alpine F1 Team,9,2,2,4.0,Finished,correct,Correct,-0.2939357142857143,1513.624,3,4,1,2.0,4.0
2021,11,Hungarian Grand Prix,George Russell,Williams,17,3,2,8.0,Finished,under_predict,Finished better than predicted — gained 8 places from grid,0.6123928571428571,1509.047,3,4,1,9.0,8.0
2021,11,Hungarian Grand Prix,Max Verstappen,Red Bull,3,1,2,9.0,Finished,over_predict,Finished worse than predicted — slow race pace (+0.63s/lap vs field median) — lost 7 places from grid,0.6288214285714285,1556.0579999999998,5,4,1,-6.0,-7.0
2021,11,Hungarian Grand Prix,Lando Norris,McLaren,6,2,3,15.0,Collision,dnf_driver,DNF destroyed the predicted outcome,10.8235,38.267,1,4,1,-9.0,-9.0
2021,11,Hungarian Grand Prix,Valtteri Bottas,Mercedes,2,1,3,16.0,Collision,dnf_driver,DNF destroyed the predicted outcome,,0.0,0,4,1,,
2021,11,Hungarian Grand Prix,Sergio Pérez,Red Bull,4,2,3,17.0,Collision,dnf_driver,DNF destroyed the predicted outcome,,0.0,0,4,1,,
2021,11,Hungarian Grand Prix,Charles Leclerc,Ferrari,7,2,3,18.0,Collision,dnf_driver,DNF destroyed the predicted outcome,,0.0,0,4,1,,
2021,11,Hungarian Grand Prix,Lance Stroll,Aston Martin,12,3,3,19.0,Collision,correct_dnf,Correct — predicted out-of-points; the DNF delivered it,,0.0,0,4,1,,
2021,12,Belgian Grand Prix,Max Verstappen,Red Bull,1,1,1,1.0,Finished,correct,Correct,-18.378,0.0,0,0,0,0.0,0.0
2021,12,Belgian Grand Prix,George Russell,Williams,2,1,1,2.0,Finished,correct,Correct,-16.383,0.0,0,0,0,0.0,0.0
2021,12,Belgian Grand Prix,Lewis Hamilton,Mercedes,3,1,1,3.0,Finished,correct,Correct,-15.777,0.0,0,0,0,0.0,0.0
2021,12,Belgian Grand Prix,Esteban Ocon,Alpine F1 Team,9,2,2,7.0,Finished,correct,Correct,-6.799,0.0,0,0,0,2.0,2.0
2021,12,Belgian Grand Prix,Charles Leclerc,Ferrari,11,3,2,8.0,Finished,under_predict,Finished better than predicted — fast race pace (-5.77s/lap vs field median) — gained 3 places from grid,-5.77,0.0,0,0,0,3.0,3.0
2021,12,Belgian Grand Prix,Carlos Sainz,Ferrari,13,3,2,10.0,Finished,under_predict,Finished better than predicted — fast race pace (-2.21s/lap vs field median) — gained 3 places from grid,-2.212,0.0,0,0,0,3.0,3.0
2021,12,Belgian Grand Prix,Fernando Alonso,Alpine F1 Team,14,3,3,11.0,Finished,correct,Correct,2.212,0.0,0,0,0,3.0,3.0
2021,12,Belgian Grand Prix,Valtteri Bottas,Mercedes,8,2,3,12.0,Finished,over_predict,Finished worse than predicted — slow race pace (+4.04s/lap vs field median) — lost 4 places from grid,4.036,0.0,0,0,0,-4.0,-4.0
2021,12,Belgian Grand Prix,Lando Norris,McLaren,10,2,3,14.0,Finished,over_predict,Finished worse than predicted — slow race pace (+8.73s/lap vs field median) — lost 4 places from grid,8.732,0.0,0,0,0,-4.0,-4.0
2021,12,Belgian Grand Prix,Sergio Pérez,Red Bull,7,2,3,19.0,Finished,over_predict,Finished worse than predicted — slow race pace (+19.83s/lap vs field median) — lost 13 places from grid,19.827,0.0,0,0,0,-13.0,-13.0
2021,12,Belgian Grand Prix,Lance Stroll,Aston Martin,15,3,3,20.0,Finished,correct,Correct,15.73,0.0,0,0,0,-3.0,-3.0
2021,13,Dutch Grand Prix,Max Verstappen,Red Bull,1,1,1,1.0,Finished,correct,Correct,-1.543375,37.72,2,0,0,0.0,0.0
2021,13,Dutch Grand Prix,Lewis Hamilton,Mercedes,2,1,1,2.0,Finished,correct,Correct,-1.2526527777777778,57.84,3,0,0,0.0,0.0
2021,13,Dutch Grand Prix,Valtteri Bottas,Mercedes,3,1,1,3.0,Finished,correct,Correct,-0.7592083333333334,40.603,2,0,0,0.0,0.0
2021,13,Dutch Grand Prix,Charles Leclerc,Ferrari,5,2,2,5.0,+1 Lap,correct,Correct,-0.27587323943661973,19.49,1,0,0,0.0,0.0
2021,13,Dutch Grand Prix,Fernando Alonso,Alpine F1 Team,9,2,2,6.0,+1 Lap,correct,Correct,0.12819718309859154,19.018,1,0,0,2.0,3.0
2021,13,Dutch Grand Prix,Carlos Sainz,Ferrari,6,2,2,7.0,+1 Lap,correct,Correct,0.15681690140845073,20.327,1,0,0,0.0,-1.0
2021,13,Dutch Grand Prix,Sergio Pérez,Red Bull,16,3,2,8.0,+1 Lap,under_predict,Finished better than predicted — gained 8 places from grid,0.1650281690140845,37.842,2,0,0,-3.0,8.0
2021,13,Dutch Grand Prix,Esteban Ocon,Alpine F1 Team,8,2,2,9.0,+1 Lap,correct,Correct,0.17891549295774647,19.24,1,0,0,0.0,-1.0
2021,13,Dutch Grand Prix,Lando Norris,McLaren,13,3,2,10.0,+1 Lap,under_predict,Finished better than predicted — gained 3 places from grid,0.22483098591549297,20.443,1,0,0,0.0,3.0
2021,13,Dutch Grand Prix,Lance Stroll,Aston Martin,12,3,3,12.0,+2 Laps,correct,Correct,0.8203428571428572,19.389,1,0,0,0.0,0.0
2021,13,Dutch Grand Prix,George Russell,Williams,11,3,3,17.0,Gearbox,correct_dnf,Correct — predicted out-of-points; the DNF delivered it,1.5380797101449275,44.167,2,0,0,0.0,-6.0
2021,14,Italian Grand Prix,Lando Norris,McLaren,4,2,1,2.0,Finished,under_predict,Finished better than predicted,-0.08100943396226415,24.168,1,6,1,1.0,2.0
2021,14,Italian Grand Prix,Valtteri Bottas,Mercedes,1,1,1,3.0,Finished,correct,Correct,-0.02112264150943396,24.308,1,6,1,-15.0,-3.0
2021,14,Italian Grand Prix,Charles Leclerc,Ferrari,8,2,2,4.0,Finished,correct,Correct,0.023933962264150944,24.557,1,6,1,3.0,3.0
2021,14,Italian Grand Prix,Sergio Pérez,Red Bull,9,2,2,5.0,Finished,correct,Correct,-0.043726415094339624,23.906,1,6,1,2.0,6.0
2021,14,Italian Grand Prix,Carlos Sainz,Ferrari,7,2,2,6.0,Finished,correct,Correct,0.08480188679245283,24.283,1,6,1,1.0,1.0
2021,14,Italian Grand Prix,Lance Stroll,Aston Martin,12,3,2,7.0,Finished,under_predict,Finished better than predicted — gained 5 places from grid,0.18421698113207546,24.846,1,6,1,4.0,5.0
2021,14,Italian Grand Prix,Fernando Alonso,Alpine F1 Team,13,3,2,8.0,Finished,under_predict,Finished better than predicted — gained 5 places from grid,0.2105754716981132,24.797,1,6,1,4.0,5.0
2021,14,Italian Grand Prix,George Russell,Williams,15,3,2,9.0,Finished,under_predict,Finished better than predicted — gained 6 places from grid,0.25851886792452833,24.156,1,6,1,2.0,6.0
2021,14,Italian Grand Prix,Esteban Ocon,Alpine F1 Team,14,3,2,10.0,Finished,under_predict,Finished better than predicted — gained 4 places from grid,0.2797641509433962,30.333,1,6,1,4.0,4.0
2021,14,Italian Grand Prix,Lewis Hamilton,Mercedes,2,1,3,17.0,Collision,dnf_driver,DNF destroyed the predicted outcome,-0.82666,25.619,1,6,1,-2.0,1.0
2021,14,Italian Grand Prix,Max Verstappen,Red Bull,3,1,3,18.0,Collision,dnf_driver,DNF destroyed the predicted outcome,0.03386,32.456,1,6,1,1.0,-5.0
2021,15,Russian Grand Prix,Lewis Hamilton,Mercedes,4,2,1,1.0,Finished,under_predict,Finished better than predicted — fast race pace (-1.03s/lap vs field median) — gained 3 places from grid,-1.02638679245283,59.923,2,2,48,-3.0,3.0
2021,15,Russian Grand Prix,Max Verstappen,Red Bull,20,3,1,2.0,Finished,under_predict,Finished better than predicted — gained 18 places from grid,-0.021273584905660378,60.595,2,2,48,3.0,18.0
2021,15,Russian Grand Prix,Carlos Sainz,Ferrari,2,1,1,3.0,Finished,correct,Correct,0.15238679245283018,61.391999999999996,2,2,48,1.0,-1.0
2021,15,Russian Grand Prix,Valtteri Bottas,Mercedes,7,2,2,5.0,Finished,correct,Correct,0.24782075471698112,59.504999999999995,2,2,48,-8.0,2.0
2021,15,Russian Grand Prix,Fernando Alonso,Alpine F1 Team,6,2,2,6.0,Finished,correct,Correct,0.5079716981132075,60.859,2,2,48,0.0,0.0
2021,15,Russian Grand Prix,Lando Norris,McLaren,1,1,2,7.0,Finished,over_predict,Finished worse than predicted — slow race pace (+0.62s/lap vs field median) — lost 6 places from grid,0.6193490566037735,62.494,2,2,48,-1.0,-6.0
2021,15,Russian Grand Prix,Sergio Pérez,Red Bull,9,2,2,9.0,Finished,correct,Correct,0.6731603773584905,68.339,2,2,48,1.0,0.0
2021,15,Russian Grand Prix,George Russell,Williams,3,1,2,10.0,Finished,over_predict,Finished worse than predicted — slow race pace (+0.87s/lap vs field median) — lost 7 places from grid,0.8708018867924529,62.746,2,2,48,0.0,-7.0
2021,15,Russian Grand Prix,Lance Stroll,Aston Martin,8,2,3,11.0,Finished,over_predict,Finished worse than predicted — slow race pace (+0.98s/lap vs field median) — lost 3 places from grid,0.9773490566037736,73.36500000000001,2,2,48,4.0,-3.0
2021,15,Russian Grand Prix,Esteban Ocon,Alpine F1 Team,10,2,3,14.0,+1 Lap,over_predict,Finished worse than predicted — slow race pace (+2.07s/lap vs field median) — lost 4 places from grid,2.0727596153846153,63.165000000000006,2,2,48,1.0,-4.0
2021,15,Russian Grand Prix,Charles Leclerc,Ferrari,15,3,3,15.0,+1 Lap,correct,Correct,2.224990384615385,64.497,2,2,48,3.0,0.0
2021,16,Turkish Grand Prix,Valtteri Bottas,Mercedes,2,1,1,1.0,Finished,correct,Correct,-1.0980862068965516,22.962,1,0,0,1.0,1.0
2021,16,Turkish Grand Prix,Max Verstappen,Red Bull,3,1,1,2.0,Finished,correct,Correct,-0.8466379310344828,22.442,1,0,0,1.0,1.0
2021,16,Turkish Grand Prix,Sergio Pérez,Red Bull,7,2,1,3.0,Finished,under_predict,Finished better than predicted — fast race pace (-0.52s/lap vs field median) — gained 4 places from grid,-0.521,22.463,1,0,0,3.0,4.0
2021,16,Turkish Grand Prix,Charles Leclerc,Ferrari,4,2,2,4.0,Finished,correct,Correct,-0.44612068965517243,23.646,1,0,0,1.0,0.0
2021,16,Turkish Grand Prix,Lewis Hamilton,Mercedes,1,1,2,5.0,Finished,over_predict,Finished worse than predicted — lost 4 places from grid,-0.37718965517241376,22.684,1,0,0,-8.0,-4.0
2021,16,Turkish Grand Prix,Lando Norris,McLaren,8,2,2,7.0,Finished,correct,Correct,-0.28406896551724137,23.239,1,0,0,2.0,1.0
2021,16,Turkish Grand Prix,Carlos Sainz,Ferrari,15,3,2,8.0,Finished,under_predict,Finished better than predicted — gained 7 places from grid,-0.20970689655172411,28.353,1,0,0,-2.0,7.0
2021,16,Turkish Grand Prix,Lance Stroll,Aston Martin,9,2,2,9.0,Finished,correct,Correct,0.31601724137931037,35.509,1,0,0,2.0,0.0
2021,16,Turkish Grand Prix,Esteban Ocon,Alpine F1 Team,12,3,2,10.0,+1 Lap,under_predict,Finished better than predicted,0.7060877192982455,0.0,0,0,0,1.0,2.0
2021,16,Turkish Grand Prix,George Russell,Williams,13,3,3,15.0,+1 Lap,correct,Correct,1.0110350877192982,23.551,1,0,0,-1.0,-2.0
2021,16,Turkish Grand Prix,Fernando Alonso,Alpine F1 Team,6,2,3,16.0,+1 Lap,over_predict,Finished worse than predicted — slow race pace (+1.05s/lap vs field median) — lost 10 places from grid,1.0529473684210526,29.116,1,0,0,-10.0,-10.0
2021,17,United States Grand Prix,Max Verstappen,Red Bull,1,1,1,1.0,Finished,correct,Correct,-1.4805089285714286,47.778999999999996,2,0,0,-1.0,0.0
2021,17,United States Grand Prix,Lewis Hamilton,Mercedes,2,1,1,2.0,Finished,correct,Correct,-1.4567053571428572,48.157,2,0,0,1.0,0.0
2021,17,United States Grand Prix,Sergio Pérez,Red Bull,3,1,1,3.0,Finished,correct,Correct,-0.7265267857142856,48.622,2,0,0,0.0,0.0
2021,17,United States Grand Prix,Charles Leclerc,Ferrari,5,2,2,4.0,Finished,correct,Correct,-0.5475446428571429,47.816,2,0,0,1.0,1.0
2021,17,United States Grand Prix,Valtteri Bottas,Mercedes,4,2,2,6.0,Finished,correct,Correct,-0.04965178571428572,48.063,2,0,0,-5.0,-2.0
2021,17,United States Grand Prix,Carlos Sainz,Ferrari,6,2,2,7.0,Finished,correct,Correct,0.011366071428571429,50.28,2,0,0,0.0,-1.0
2021,17,United States Grand Prix,Lando Norris,McLaren,8,2,2,8.0,Finished,correct,Correct,0.026544642857142857,49.933,2,0,0,1.0,0.0
2021,17,United States Grand Prix,Lance Stroll,Aston Martin,16,3,3,12.0,+1 Lap,correct,Correct,1.4182181818181818,47.282,2,0,0,-2.0,4.0
2021,17,United States Grand Prix,George Russell,Williams,15,3,3,14.0,+1 Lap,correct,Correct,1.5265454545454544,48.552,2,0,0,1.0,1.0
2021,17,United States Grand Prix,Fernando Alonso,Alpine F1 Team,14,3,3,18.0,Rear wing,correct_dnf,Correct — predicted out-of-points; the DNF delivered it,1.2770816326530612,70.73400000000001,3,0,0,-2.0,1.0
2021,17,United States Grand Prix,Esteban Ocon,Alpine F1 Team,11,3,3,19.0,Mechanical,correct_dnf,Correct — predicted out-of-points; the DNF delivered it,2.762975,64.719,2,0,0,-2.0,-7.0
2021,18,Mexico City Grand Prix,Max Verstappen,Red Bull,3,1,1,1.0,Finished,correct,Correct,-1.1672887323943661,21.908,1,4,1,2.0,2.0
2021,18,Mexico City Grand Prix,Lewis Hamilton,Mercedes,2,1,1,2.0,Finished,correct,Correct,-0.9341197183098592,22.373,1,4,1,0.0,0.0
2021,18,Mexico City Grand Prix,Sergio Pérez,Red Bull,4,2,1,3.0,Finished,under_predict,Finished better than predicted — fast race pace (-0.92s/lap vs field median),-0.9172605633802817,22.114,1,4,1,1.0,1.0
2021,18,Mexico City Grand Prix,Charles Leclerc,Ferrari,8,2,2,5.0,Finished,correct,Correct,-0.025922535211267604,22.085,1,4,1,3.0,3.0
2021,18,Mexico City Grand Prix,Carlos Sainz,Ferrari,6,2,2,6.0,+1 Lap,correct,Correct,0.010035714285714287,22.031,1,4,1,-1.0,0.0
2021,18,Mexico City Grand Prix,Fernando Alonso,Alpine F1 Team,16,3,2,9.0,+1 Lap,under_predict,Finished better than predicted — gained 7 places from grid,0.3137357142857143,23.985,1,4,1,4.0,7.0
2021,18,Mexico City Grand Prix,Lando Norris,McLaren,10,2,2,10.0,+1 Lap,correct,Correct,0.34997857142857147,22.534,1,4,1,-5.0,0.0
2021,18,Mexico City Grand Prix,Esteban Ocon,Alpine F1 Team,15,3,3,13.0,+1 Lap,correct,Correct,1.023507142857143,23.1,1,4,1,1.0,2.0
2021,18,Mexico City Grand Prix,Lance Stroll,Aston Martin,20,3,3,14.0,+2 Laps,correct,Correct,1.2639057971014493,49.641999999999996,2,4,1,3.0,6.0
2021,18,Mexico City Grand Prix,Valtteri Bottas,Mercedes,1,1,3,15.0,+2 Laps,over_predict,Finished worse than predicted — slow race pace (+1.63s/lap vs field median) — lost 14 places from grid,1.625963768115942,103.25,4,4,1,-17.0,-14.0
2021,18,Mexico City Grand Prix,George Russell,Williams,13,3,3,16.0,+2 Laps,correct,Correct,1.7110217391304348,21.984,1,4,1,4.0,-3.0
2021,19,São Paulo Grand Prix,Lewis Hamilton,Mercedes,1,1,1,1.0,Finished,correct,Correct,-0.838387323943662,81.924,4,7,6,-5.0,0.0
2021,19,São Paulo Grand Prix,Max Verstappen,Red Bull,2,1,1,2.0,Finished,correct,Correct,-0.690556338028169,81.211,4,7,6,1.0,0.0
2021,19,São Paulo Grand Prix,Valtteri Bottas,Mercedes,3,1,1,3.0,Finished,correct,Correct,-0.6471760563380282,81.85500000000002,4,7,6,0.0,0.0
2021,19,São Paulo Grand Prix,Sergio Pérez,Red Bull,4,2,2,4.0,Finished,correct,Correct,-0.2758521126760563,105.181,5,7,6,2.0,0.0
2021,19,São Paulo Grand Prix,Charles Leclerc,Ferrari,7,2,2,5.0,Finished,correct,Correct,-0.14096478873239437,81.445,4,7,6,3.0,2.0
2021,19,São Paulo Grand Prix,Carlos Sainz,Ferrari,6,2,2,6.0,Finished,correct,Correct,-0.1085281690140845,82.899,4,7,6,1.0,0.0
2021,19,São Paulo Grand Prix,Esteban Ocon,Alpine F1 Team,11,3,2,8.0,+1 Lap,under_predict,Finished better than predicted — gained 3 places from grid,0.4949928571428571,60.607,3,7,6,1.0,3.0
2021,19,São Paulo Grand Prix,Fernando Alonso,Alpine F1 Team,10,2,2,9.0,+1 Lap,correct,Correct,0.5020071428571429,59.831,3,7,6,-1.0,1.0
2021,19,São Paulo Grand Prix,Lando Norris,McLaren,8,2,2,10.0,+1 Lap,correct,Correct,0.5448214285714286,106.092,5,7,6,-12.0,-2.0
2021,19,São Paulo Grand Prix,George Russell,Williams,18,3,3,13.0,+1 Lap,correct,Correct,1.0317071428571427,85.13300000000001,4,7,6,1.0,5.0
2021,19,São Paulo Grand Prix,Lance Stroll,Aston Martin,16,3,3,20.0,Collision damage,correct_dnf,Correct — predicted out-of-points; the DNF delivered it,0.985031914893617,60.879999999999995,3,7,6,4.0,2.0
2021,20,Qatar Grand Prix,Lewis Hamilton,Mercedes,1,1,1,1.0,Finished,correct,Correct,-1.1154473684210526,50.616,2,1,55,0.0,0.0
2021,20,Qatar Grand Prix,Max Verstappen,Red Bull,2,1,1,2.0,Finished,correct,Correct,-0.6638157894736841,75.94,3,1,55,-2.0,0.0
2021,20,Qatar Grand Prix,Fernando Alonso,Alpine F1 Team,5,2,1,3.0,Finished,under_predict,Finished better than predicted,-0.07234210526315789,25.991,1,1,55,3.0,2.0
2021,20,Qatar Grand Prix,Sergio Pérez,Red Bull,11,3,2,4.0,Finished,under_predict,Finished better than predicted — gained 7 places from grid,-0.022359649122807017,50.839,2,1,55,2.0,7.0
2021,20,Qatar Grand Prix,Esteban Ocon,Alpine F1 Team,9,2,2,5.0,Finished,correct,Correct,0.29806140350877197,25.517,1,1,55,3.0,4.0
2021,20,Qatar Grand Prix,Lance Stroll,Aston Martin,12,3,2,6.0,Finished,under_predict,Finished better than predicted — gained 6 places from grid,0.3104122807017544,26.157,1,1,55,2.0,6.0
2021,20,Qatar Grand Prix,Carlos Sainz,Ferrari,7,2,2,7.0,Finished,correct,Correct,0.3215877192982456,25.639,1,1,55,0.0,0.0
2021,20,Qatar Grand Prix,Charles Leclerc,Ferrari,13,3,2,8.0,Finished,under_predict,Finished better than predicted — gained 5 places from grid,0.3429035087719298,25.799,1,1,55,0.0,5.0
2021,20,Qatar Grand Prix,Lando Norris,McLaren,6,2,2,9.0,+1 Lap,correct,Correct,0.4461071428571428,51.870999999999995,2,1,55,1.0,-3.0
2021,20,Qatar Grand Prix,George Russell,Williams,15,3,3,17.0,+2 Laps,correct,Correct,2.4181090909090908,61.126999999999995,2,1,55,0.0,-2.0
2021,20,Qatar Grand Prix,Valtteri Bottas,Mercedes,3,1,3,20.0,Damage,dnf_other,DNF destroyed the predicted outcome,1.0958229166666666,36.341,1,1,55,-8.0,-9.0
2021,21,Saudi Arabian Grand Prix,Lewis Hamilton,Mercedes,1,1,1,1.0,Finished,correct,Correct,-1.09479,2103.11,3,12,10,0.0,0.0
2021,21,Saudi Arabian Grand Prix,Max Verstappen,Red Bull,3,1,1,2.0,Finished,correct,Correct,-0.95829,2083.966,2,12,10,0.0,1.0
2021,21,Saudi Arabian Grand Prix,Valtteri Bottas,Mercedes,2,1,1,3.0,Finished,correct,Correct,-0.5441699999999999,2107.083,3,12,10,0.0,-1.0
2021,21,Saudi Arabian Grand Prix,Esteban Ocon,Alpine F1 Team,9,2,2,4.0,Finished,correct,Correct,-0.54213,2085.416,2,12,10,2.0,5.0
2021,21,Saudi Arabian Grand Prix,Charles Leclerc,Ferrari,4,2,2,7.0,Finished,correct,Correct,-0.20529,2115.208,3,12,10,0.0,-3.0
2021,21,Saudi Arabian Grand Prix,Carlos Sainz,Ferrari,15,3,2,8.0,Finished,under_predict,Finished better than predicted — gained 7 places from grid,-0.16266999999999998,2101.812,2,12,10,2.0,7.0
2021,21,Saudi Arabian Grand Prix,Lando Norris,McLaren,7,2,2,10.0,Finished,correct,Correct,0.13237000000000002,2154.852,3,12,10,1.0,-3.0
2021,21,Saudi Arabian Grand Prix,Lance Stroll,Aston Martin,18,3,3,11.0,Finished,correct,Correct,0.44945,2151.083,3,12,10,2.0,7.0
2021,21,Saudi Arabian Grand Prix,Fernando Alonso,Alpine F1 Team,13,3,3,13.0,+1 Lap,correct,Correct,1.272234693877551,2163.1780000000003,4,12,10,2.0,-1.0
2021,21,Saudi Arabian Grand Prix,Sergio Pérez,Red Bull,5,2,3,17.0,Collision,dnf_driver,DNF destroyed the predicted outcome,0.01025,1023.3290000000001,2,12,10,0.0,-3.0
2021,21,Saudi Arabian Grand Prix,George Russell,Williams,14,3,3,19.0,Collision,correct_dnf,Correct — predicted out-of-points; the DNF delivered it,1.883892857142857,1042.134,2,12,10,-3.0,-3.0
2021,22,Abu Dhabi Grand Prix,Max Verstappen,Red Bull,1,1,1,1.0,Finished,correct,Correct,-0.5237758620689654,64.476,3,5,36,-1.0,0.0
2021,22,Abu Dhabi Grand Prix,Lewis Hamilton,Mercedes,2,1,1,2.0,Finished,correct,Correct,-0.48487931034482756,21.595,1,5,36,1.0,0.0
2021,22,Abu Dhabi Grand Prix,Carlos Sainz,Ferrari,5,2,1,3.0,Finished,under_predict,Finished better than predicted — fast race pace (-0.43s/lap vs field median),-0.43458620689655175,22.213,1,5,36,1.0,2.0
2021,22,Abu Dhabi Grand Prix,Valtteri Bottas,Mercedes,6,2,2,6.0,Finished,correct,Correct,-0.3951034482758621,21.669,1,5,36,-2.0,0.0
2021,22,Abu Dhabi Grand Prix,Lando Norris,McLaren,3,1,2,7.0,Finished,over_predict,Finished worse than predicted — slow race pace (+0.50s/lap vs field median) — lost 4 places from grid — SC/VSC at lap 36 shuffled strategy,0.49691379310344824,43.553,2,5,36,-2.0,-4.0
2021,22,Abu Dhabi Grand Prix,Fernando Alonso,Alpine F1 Team,11,3,2,8.0,Finished,under_predict,Finished better than predicted — gained 3 places from grid,0.5401551724137932,21.304,1,5,36,0.0,3.0
2021,22,Abu Dhabi Grand Prix,Esteban Ocon,Alpine F1 Team,9,2,2,9.0,Finished,correct,Correct,0.5801206896551725,21.677,1,5,36,0.0,0.0
2021,22,Abu Dhabi Grand Prix,Charles Leclerc,Ferrari,7,2,2,10.0,Finished,correct,Correct,0.6151379310344828,43.634,2,5,36,1.0,-3.0
2021,22,Abu Dhabi Grand Prix,Lance Stroll,Aston Martin,13,3,3,13.0,+1 Lap,correct,Correct,1.1562456140350879,44.949,2,5,36,-1.0,0.0
2021,22,Abu Dhabi Grand Prix,Sergio Pérez,Red Bull,4,2,3,15.0,Engine,dnf_mech,DNF destroyed the predicted outcome,-1.3947363636363637,64.269,3,5,36,1.0,1.0
2021,22,Abu Dhabi Grand Prix,George Russell,Williams,17,3,3,18.0,Gearbox,correct_dnf,Correct — predicted out-of-points; the DNF delivered it,4.220923076923077,0.0,0,5,36,-2.0,-1.0
2022,1,Bahrain Grand Prix,Charles Leclerc,Ferrari,1,1,1,1.0,Finished,correct,Correct,0.3021140350877193,74.152,3,5,45,0.0,0.0
2022,1,Bahrain Grand Prix,Carlos Sainz,Ferrari,3,1,1,2.0,Finished,correct,Correct,0.40032456140350875,73.39099999999999,3,5,45,0.0,1.0
2022,1,Bahrain Grand Prix,Lewis Hamilton,Mercedes,5,2,1,3.0,Finished,under_predict,Finished better than predicted,0.47185087719298247,76.576,3,5,45,1.0,2.0
2022,1,Bahrain Grand Prix,George Russell,Mercedes,9,2,2,4.0,Finished,correct,Correct,0.4987982456140351,76.796,3,5,45,2.0,5.0
2022,1,Bahrain Grand Prix,Esteban Ocon,Alpine F1 Team,11,3,2,7.0,Finished,under_predict,Finished better than predicted — gained 4 places from grid,0.6428684210526315,80.11,3,5,45,1.0,4.0
2022,1,Bahrain Grand Prix,Fernando Alonso,Alpine F1 Team,8,2,2,9.0,Finished,correct,Correct,0.694921052631579,74.782,3,5,45,-1.0,-1.0
2022,1,Bahrain Grand Prix,Lance Stroll,Aston Martin,19,3,3,12.0,Finished,correct,Correct,1.10690350877193,77.735,3,5,45,2.0,7.0
2022,1,Bahrain Grand Prix,Alexander Albon,Williams,14,3,3,13.0,Finished,correct,Correct,1.2482894736842107,75.499,3,5,45,3.0,1.0
2022,1,Bahrain Grand Prix,Lando Norris,McLaren,13,3,3,15.0,Finished,correct,Correct,1.2904473684210527,76.91,3,5,45,-3.0,-2.0
2022,1,Bahrain Grand Prix,Nico Hülkenberg,Aston Martin,17,3,3,17.0,Finished,correct,Correct,1.4219210526315789,79.825,3,5,45,2.0,0.0
2022,1,Bahrain Grand Prix,Sergio Pérez,Red Bull,4,2,3,18.0,Fuel pressure,dnf_mech,DNF destroyed the predicted outcome,0.5018303571428572,74.166,3,5,45,-2.0,1.0
2022,1,Bahrain Grand Prix,Max Verstappen,Red Bull,2,1,3,19.0,Fuel pressure,dnf_mech,DNF destroyed the predicted outcome,1.0210092592592592,74.236,3,5,45,0.0,-11.0
2022,2,Saudi Arabian Grand Prix,Max Verstappen,Red Bull,4,2,1,1.0,Finished,under_predict,Finished better than predicted — fast race pace (-1.07s/lap vs field median) — gained 3 places from grid,-1.0748199999999999,20.731,1,7,16,1.0,3.0
2022,2,Saudi Arabian Grand Prix,Charles Leclerc,Ferrari,2,1,1,2.0,Finished,correct,Correct,-1.06384,21.038,1,7,16,0.0,0.0
2022,2,Saudi Arabian Grand Prix,Carlos Sainz,Ferrari,3,1,1,3.0,Finished,correct,Correct,-0.91288,21.521,1,7,16,-1.0,0.0
2022,2,Saudi Arabian Grand Prix,Sergio Pérez,Red Bull,1,1,2,4.0,Finished,over_predict,Finished worse than predicted — lost 3 places from grid — SC/VSC at lap 16 shuffled strategy,-0.85882,20.481,1,7,16,0.0,-3.0
2022,2,Saudi Arabian Grand Prix,George Russell,Mercedes,6,2,2,5.0,Finished,correct,Correct,-0.42018,21.415,1,7,16,0.0,1.0
2022,2,Saudi Arabian Grand Prix,Esteban Ocon,Alpine F1 Team,5,2,2,6.0,Finished,correct,Correct,0.045520000000000005,21.141,1,7,16,0.0,-1.0
2022,2,Saudi Arabian Grand Prix,Lando Norris,McLaren,11,3,2,7.0,Finished,under_predict,Finished better than predicted — gained 4 places from grid,0.047659999999999994,20.383,1,7,16,0.0,4.0
2022,2,Saudi Arabian Grand Prix,Lewis Hamilton,Mercedes,16,3,2,10.0,Finished,under_predict,Finished better than predicted — gained 6 places from grid,0.40414,21.788,1,7,16,2.0,6.0
2022,2,Saudi Arabian Grand Prix,Nico Hülkenberg,Aston Martin,18,3,3,12.0,Finished,correct,Correct,0.76002,21.425,1,7,16,2.0,6.0
2022,2,Saudi Arabian Grand Prix,Lance Stroll,Aston Martin,15,3,3,13.0,+1 Lap,correct,Correct,1.125357142857143,22.339,1,7,16,3.0,2.0
2022,2,Saudi Arabian Grand Prix,Alexander Albon,Williams,17,3,3,14.0,Collision damage,correct_dnf,Correct — predicted out-of-points; the DNF delivered it,0.48171276595744683,20.683,1,7,16,2.0,5.0
2022,2,Saudi Arabian Grand Prix,Fernando Alonso,Alpine F1 Team,7,2,3,16.0,Water pump,dnf_mech,DNF destroyed the predicted outcome,-0.1335142857142857,21.543,1,7,16,0.0,0.0
2022,3,Australian Grand Prix,Charles Leclerc,Ferrari,1,1,1,1.0,Finished,correct,Correct,-0.8464913793103449,17.973,1,8,3,0.0,0.0
2022,3,Australian Grand Prix,Sergio Pérez,Red Bull,3,1,1,2.0,Finished,correct,Correct,-0.49262931034482754,17.434,1,8,3,-1.0,1.0
2022,3,Australian Grand Prix,George Russell,Mercedes,6,2,1,3.0,Finished,under_predict,Finished better than predicted — fast race pace (-0.41s/lap vs field median) — gained 3 places from grid,-0.40523275862068964,18.479,1,8,3,1.0,3.0
2022,3,Australian Grand Prix,Lewis Hamilton,Mercedes,5,2,2,4.0,Finished,correct,Correct,-0.35437068965517243,17.877,1,8,3,2.0,1.0
2022,3,Australian Grand Prix,Lando Norris,McLaren,4,2,2,5.0,Finished,correct,Correct,0.07252586206896552,17.556,1,8,3,-2.0,-1.0
2022,3,Australian Grand Prix,Esteban Ocon,Alpine F1 Team,8,2,2,7.0,Finished,correct,Correct,0.21700862068965518,19.128,1,8,3,0.0,1.0
2022,3,Australian Grand Prix,Alexander Albon,Williams,16,3,2,10.0,Finished,under_predict,Finished better than predicted — gained 6 places from grid,0.5221637931034483,19.845,1,8,3,-4.0,6.0
2022,3,Australian Grand Prix,Lance Stroll,Aston Martin,20,3,3,12.0,Finished,correct,Correct,0.5948534482758621,57.204,3,8,3,1.0,8.0
2022,3,Australian Grand Prix,Fernando Alonso,Alpine F1 Team,10,2,3,17.0,+1 Lap,over_predict,Finished worse than predicted — slow race pace (+1.13s/lap vs field median) — lost 7 places from grid — SC/VSC at lap 3 shuffled strategy,1.1310438596491228,37.19,2,8,3,0.0,-7.0
2022,3,Australian Grand Prix,Max Verstappen,Red Bull,2,1,3,18.0,Fuel leak,dnf_mech,DNF destroyed the predicted outcome,-0.2229078947368421,18.281,1,8,3,0.0,0.0
2022,3,Australian Grand Prix,Carlos Sainz,Ferrari,9,2,3,20.0,Spun off,dnf_driver,DNF destroyed the predicted outcome,1.666,0.0,0,8,3,-5.0,-5.0
2022,4,Emilia Romagna Grand Prix,Max Verstappen,Red Bull,1,1,1,1.0,Finished,correct,Correct,-1.1548650793650792,59.943,2,6,1,0.0,0.0
2022,4,Emilia Romagna Grand Prix,Sergio Pérez,Red Bull,7,2,1,2.0,Finished,under_predict,Finished better than predicted — fast race pace (-0.89s/lap vs field median) — gained 5 places from grid,-0.892531746031746,59.992999999999995,2,6,1,5.0,5.0
2022,4,Emilia Romagna Grand Prix,Lando Norris,McLaren,3,1,1,3.0,Finished,correct,Correct,-0.6019444444444445,30.07,1,6,1,0.0,0.0
2022,4,Emilia Romagna Grand Prix,George Russell,Mercedes,11,3,2,4.0,Finished,under_predict,Finished better than predicted — fast race pace (-0.48s/lap vs field median) — gained 7 places from grid,-0.4801666666666667,31.079,1,6,1,5.0,7.0
2022,4,Emilia Romagna Grand Prix,Charles Leclerc,Ferrari,2,1,2,6.0,Finished,over_predict,Finished worse than predicted — lost 4 places from grid,-0.2648333333333333,98.396,3,6,1,-2.0,-4.0
2022,4,Emilia Romagna Grand Prix,Lance Stroll,Aston Martin,15,3,2,10.0,+1 Lap,under_predict,Finished better than predicted — gained 5 places from grid,0.2871370967741935,32.667,1,6,1,4.0,5.0
2022,4,Emilia Romagna Grand Prix,Alexander Albon,Williams,20,3,3,11.0,+1 Lap,correct,Correct,0.3627016129032258,30.793,1,6,1,5.0,8.0
2022,4,Emilia Romagna Grand Prix,Lewis Hamilton,Mercedes,13,3,3,13.0,+1 Lap,correct,Correct,0.3837016129032258,32.74,1,6,1,1.0,-1.0
2022,4,Emilia Romagna Grand Prix,Esteban Ocon,Alpine F1 Team,19,3,3,14.0,+1 Lap,correct,Correct,0.3365403225806452,31.409,1,6,1,6.0,8.0
2022,4,Emilia Romagna Grand Prix,Fernando Alonso,Alpine F1 Team,5,2,3,19.0,Collision damage,dnf_driver,DNF destroyed the predicted outcome,1.5271666666666668,0.0,0,6,1,-3.0,-14.0
2022,4,Emilia Romagna Grand Prix,Carlos Sainz,Ferrari,10,2,3,20.0,Collision,dnf_driver,DNF destroyed the predicted outcome,,0.0,0,6,1,,
2022,5,Miami Grand Prix,Max Verstappen,Red Bull,3,1,1,1.0,Finished,correct,Correct,-0.5860877192982455,18.798,1,6,41,1.0,2.0
2022,5,Miami Grand Prix,Charles Leclerc,Ferrari,1,1,1,2.0,Finished,correct,Correct,-0.5196666666666666,19.697,1,6,41,0.0,-1.0
2022,5,Miami Grand Prix,Carlos Sainz,Ferrari,2,1,1,3.0,Finished,correct,Correct,-0.441719298245614,22.063,1,6,41,-1.0,-1.0
2022,5,Miami Grand Prix,Sergio Pérez,Red Bull,4,2,2,4.0,Finished,correct,Correct,-0.39945614035087723,36.952,2,6,41,0.0,0.0
2022,5,Miami Grand Prix,George Russell,Mercedes,12,3,2,5.0,Finished,under_predict,Finished better than predicted — gained 7 places from grid,-0.2600877192982456,19.035,1,6,41,-3.0,7.0
2022,5,Miami Grand Prix,Lewis Hamilton,Mercedes,6,2,2,6.0,Finished,correct,Correct,-0.2112105263157895,18.82,1,6,41,-2.0,0.0
2022,5,Miami Grand Prix,Esteban Ocon,Alpine F1 Team,20,3,2,8.0,Finished,under_predict,Finished better than predicted — gained 11 places from grid,-0.08808771929824562,19.019,1,6,41,2.0,11.0
2022,5,Miami Grand Prix,Alexander Albon,Williams,18,3,2,9.0,Finished,under_predict,Finished better than predicted — gained 8 places from grid,-0.018280701754385967,20.059,1,6,41,2.0,8.0
2022,5,Miami Grand Prix,Lance Stroll,Aston Martin,10,2,2,10.0,Finished,correct,Correct,0.06349122807017543,19.074,1,6,41,-9.0,-2.0
2022,5,Miami Grand Prix,Fernando Alonso,Alpine F1 Team,11,3,3,11.0,Finished,correct,Correct,-0.11015789473684211,21.638,1,6,41,4.0,3.0
2022,5,Miami Grand Prix,Lando Norris,McLaren,8,2,3,19.0,Collision,dnf_driver,DNF destroyed the predicted outcome,0.6698974358974359,19.986,1,6,41,-1.0,-6.0
2022,6,Spanish Grand Prix,Max Verstappen,Red Bull,2,1,1,1.0,Finished,correct,Correct,-0.6147348484848485,66.08,3,0,0,0.0,1.0
2022,6,Spanish Grand Prix,Sergio Pérez,Red Bull,5,2,1,2.0,Finished,under_predict,Finished better than predicted — fast race pace (-0.42s/lap vs field median) — gained 3 places from grid,-0.41667424242424245,65.345,3,0,0,1.0,3.0
2022,6,Spanish Grand Prix,George Russell,Mercedes,4,2,1,3.0,Finished,under_predict,Finished better than predicted,-0.11584090909090909,67.008,3,0,0,1.0,1.0
2022,6,Spanish Grand Prix,Carlos Sainz,Ferrari,3,1,2,4.0,Finished,over_predict,Finished worse than predicted,0.07023484848484848,66.50999999999999,3,0,0,-2.0,-1.0
2022,6,Spanish Grand Prix,Lewis Hamilton,Mercedes,6,2,2,5.0,Finished,correct,Correct,0.21153787878787877,75.4,3,0,0,-13.0,1.0
2022,6,Spanish Grand Prix,Esteban Ocon,Alpine F1 Team,12,3,2,7.0,Finished,under_predict,Finished better than predicted — gained 5 places from grid,0.5276439393939394,67.123,3,0,0,3.0,5.0
2022,6,Spanish Grand Prix,Lando Norris,McLaren,11,3,2,8.0,Finished,under_predict,Finished better than predicted — gained 3 places from grid,0.6464015151515151,67.422,3,0,0,1.0,3.0
2022,6,Spanish Grand Prix,Fernando Alonso,Alpine F1 Team,17,3,2,9.0,+1 Lap,under_predict,Finished better than predicted — gained 8 places from grid,0.8457615384615385,69.696,3,0,0,2.0,8.0
2022,6,Spanish Grand Prix,Lance Stroll,Aston Martin,18,3,3,15.0,+1 Lap,correct,Correct,1.6993615384615384,70.039,3,0,0,4.0,3.0
2022,6,Spanish Grand Prix,Alexander Albon,Williams,19,3,3,18.0,+2 Laps,correct,Correct,2.9188671875,92.80799999999999,4,0,0,3.0,1.0
2022,6,Spanish Grand Prix,Charles Leclerc,Ferrari,1,1,3,20.0,Turbo,dnf_mech,DNF destroyed the predicted outcome,-0.44875925925925925,21.794,1,0,0,0.0,-3.0
2022,7,Monaco Grand Prix,Sergio Pérez,Red Bull,3,1,1,1.0,Finished,correct,Correct,-0.703359375,1221.0069999999998,3,13,1,0.0,2.0
2022,7,Monaco Grand Prix,Carlos Sainz,Ferrari,2,1,1,2.0,Finished,correct,Correct,-0.685328125,1199.4589999999998,2,13,1,0.0,0.0
2022,7,Monaco Grand Prix,Max Verstappen,Red Bull,4,2,1,3.0,Finished,under_predict,Finished better than predicted — fast race pace (-0.68s/lap vs field median),-0.6800625,1229.5140000000001,3,13,1,0.0,1.0
2022,7,Monaco Grand Prix,Charles Leclerc,Ferrari,1,1,2,4.0,Finished,over_predict,Finished worse than predicted — lost 3 places from grid,-0.657703125,1230.566,3,13,1,0.0,-3.0
2022,7,Monaco Grand Prix,George Russell,Mercedes,6,2,2,5.0,Finished,correct,Correct,-0.516359375,1202.8970000000002,2,13,1,0.0,1.0
2022,7,Monaco Grand Prix,Lando Norris,McLaren,5,2,2,6.0,Finished,correct,Correct,-0.51225,1257.268,4,13,1,0.0,-1.0
2022,7,Monaco Grand Prix,Fernando Alonso,Alpine F1 Team,7,2,2,7.0,Finished,correct,Correct,0.020984375,1206.584,2,13,1,0.0,0.0
2022,7,Monaco Grand Prix,Lewis Hamilton,Mercedes,8,2,2,8.0,Finished,correct,Correct,0.083953125,1235.5839999999998,3,13,1,0.0,0.0
2022,7,Monaco Grand Prix,Esteban Ocon,Alpine F1 Team,10,2,3,12.0,Finished,over_predict,Finished worse than predicted,0.087953125,1211.36,2,13,1,0.0,1.0
2022,7,Monaco Grand Prix,Lance Stroll,Aston Martin,18,3,3,14.0,Finished,correct,Correct,0.246671875,1260.096,4,13,1,-1.0,4.0
2022,7,Monaco Grand Prix,Alexander Albon,Williams,16,3,3,18.0,Mechanical,correct_dnf,Correct — predicted out-of-points; the DNF delivered it,0.41059375,1244.425,3,13,1,0.0,-2.0
2022,8,Azerbaijan Grand Prix,Max Verstappen,Red Bull,3,1,1,1.0,Finished,correct,Correct,-1.6142058823529413,42.19,2,3,10,0.0,2.0
2022,8,Azerbaijan Grand Prix,Sergio Pérez,Red Bull,2,1,1,2.0,Finished,correct,Correct,-1.2059117647058823,45.728,2,3,10,1.0,0.0
2022,8,Azerbaijan Grand Prix,George Russell,Mercedes,5,2,1,3.0,Finished,under_predict,Finished better than predicted — fast race pace (-0.71s/lap vs field median),-0.712343137254902,41.065,2,3,10,0.0,2.0
2022,8,Azerbaijan Grand Prix,Lewis Hamilton,Mercedes,7,2,2,4.0,Finished,correct,Correct,-0.20873529411764707,42.301,2,3,10,0.0,3.0
2022,8,Azerbaijan Grand Prix,Fernando Alonso,Alpine F1 Team,10,2,2,7.0,Finished,correct,Correct,0.12297058823529411,20.571,1,3,10,0.0,3.0
2022,8,Azerbaijan Grand Prix,Lando Norris,McLaren,11,3,2,9.0,Finished,under_predict,Finished better than predicted,0.20061764705882354,21.443,1,3,10,0.0,2.0
2022,8,Azerbaijan Grand Prix,Esteban Ocon,Alpine F1 Team,13,3,2,10.0,Finished,under_predict,Finished better than predicted — gained 3 places from grid,0.5070490196078431,22.638,1,3,10,0.0,3.0
2022,8,Azerbaijan Grand Prix,Alexander Albon,Williams,17,3,3,12.0,+1 Lap,correct,Correct,0.67628,47.117000000000004,2,3,10,2.0,5.0
2022,8,Azerbaijan Grand Prix,Lance Stroll,Aston Martin,19,3,3,16.0,Vibrations,correct_dnf,Correct — predicted out-of-points; the DNF delivered it,1.568891304347826,22.059,1,3,10,2.0,4.0
2022,8,Azerbaijan Grand Prix,Charles Leclerc,Ferrari,1,1,3,19.0,Power Unit,dnf_mech,DNF destroyed the predicted outcome,0.9233333333333333,23.212,1,3,10,-1.0,-16.0
2022,8,Azerbaijan Grand Prix,Carlos Sainz,Ferrari,4,2,3,20.0,Hydraulics,dnf_mech,DNF destroyed the predicted outcome,-2.1495,0.0,0,3,10,0.0,0.0
2022,9,Canadian Grand Prix,Max Verstappen,Red Bull,1,1,1,1.0,Finished,correct,Correct,-0.3522,47.921,2,9,9,0.0,0.0
2022,9,Canadian Grand Prix,Carlos Sainz,Ferrari,3,1,1,2.0,Finished,correct,Correct,-0.3380142857142857,49.096000000000004,2,9,9,0.0,1.0
2022,9,Canadian Grand Prix,Lewis Hamilton,Mercedes,4,2,1,3.0,Finished,under_predict,Finished better than predicted,-0.25211428571428574,47.686,2,9,9,0.0,1.0
2022,9,Canadian Grand Prix,George Russell,Mercedes,8,2,2,4.0,Finished,correct,Correct,-0.1763,48.019999999999996,2,9,9,1.0,4.0
2022,9,Canadian Grand Prix,Charles Leclerc,Ferrari,15,3,2,5.0,Finished,under_predict,Finished better than predicted — gained 10 places from grid,-0.1355142857142857,26.199,1,9,9,-3.0,10.0
2022,9,Canadian Grand Prix,Esteban Ocon,Alpine F1 Team,7,2,2,6.0,Finished,correct,Correct,-0.010914285714285715,49.629000000000005,2,9,9,1.0,1.0
2022,9,Canadian Grand Prix,Fernando Alonso,Alpine F1 Team,2,1,2,9.0,Finished,over_predict,Finished worse than predicted — lost 5 places from grid — SC/VSC at lap 9 shuffled strategy,-0.0040999999999999995,48.918,2,9,9,0.0,-5.0
2022,9,Canadian Grand Prix,Lance Stroll,Aston Martin,18,3,2,10.0,Finished,under_predict,Finished better than predicted — gained 8 places from grid,0.19382857142857143,25.252,1,9,9,2.0,8.0
2022,9,Canadian Grand Prix,Alexander Albon,Williams,12,3,3,13.0,Finished,correct,Correct,0.28912857142857146,47.334,2,9,9,0.0,-1.0
2022,9,Canadian Grand Prix,Lando Norris,McLaren,14,3,3,15.0,Finished,correct,Correct,0.32130000000000003,67.166,2,9,9,0.0,-1.0
2022,9,Canadian Grand Prix,Sergio Pérez,Red Bull,13,3,3,20.0,Gearbox,correct_dnf,Correct — predicted out-of-points; the DNF delivered it,0.007214285714285715,0.0,0,9,9,2.0,3.0
2022,10,British Grand Prix,Carlos Sainz,Ferrari,1,1,1,1.0,Finished,correct,Correct,0.005538461538461538,3088.761,3,7,1,-1.0,0.0
2022,10,British Grand Prix,Sergio Pérez,Red Bull,4,2,1,2.0,Finished,under_predict,Finished better than predicted,0.07821153846153847,3100.2290000000003,3,7,1,-2.0,2.0
2022,10,British Grand Prix,Lewis Hamilton,Mercedes,5,2,1,3.0,Finished,under_predict,Finished better than predicted,0.12525,3105.721,3,7,1,2.0,2.0
2022,10,British Grand Prix,Charles Leclerc,Ferrari,3,1,2,4.0,Finished,over_predict,Finished worse than predicted,0.16988461538461538,3065.165,2,7,1,-1.0,-1.0
2022,10,British Grand Prix,Fernando Alonso,Alpine F1 Team,7,2,2,5.0,Finished,correct,Correct,0.18959615384615383,3113.274,3,7,1,2.0,2.0
2022,10,British Grand Prix,Lando Norris,McLaren,6,2,2,6.0,Finished,correct,Correct,0.23521153846153844,3100.8210000000004,3,7,1,-1.0,0.0
2022,10,British Grand Prix,Max Verstappen,Red Bull,2,1,2,7.0,Finished,over_predict,Finished worse than predicted — slow race pace (+0.37s/lap vs field median) — lost 5 places from grid,0.36663461538461534,3124.7229999999995,4,7,1,1.0,-5.0
2022,10,British Grand Prix,Lance Stroll,Aston Martin,20,3,3,11.0,Finished,correct,Correct,0.5083653846153846,3127.429,3,7,1,6.0,9.0
2022,10,British Grand Prix,Esteban Ocon,Alpine F1 Team,15,3,3,15.0,Fuel pump,correct_dnf,Correct — predicted out-of-points; the DNF delivered it,0.8134054054054054,2981.1020000000003,2,7,1,-2.0,7.0
2022,10,British Grand Prix,George Russell,Mercedes,8,2,3,18.0,Collision,dnf_driver,DNF destroyed the predicted outcome,,0.0,0,7,1,,
2022,10,British Grand Prix,Alexander Albon,Williams,16,3,3,20.0,Collision,correct_dnf,Correct — predicted out-of-points; the DNF delivered it,,0.0,0,7,1,,
2022,11,Austrian Grand Prix,Charles Leclerc,Ferrari,2,1,1,1.0,Finished,correct,Correct,-0.49276760563380284,64.501,3,1,58,0.0,1.0
2022,11,Austrian Grand Prix,Max Verstappen,Red Bull,1,1,1,2.0,Finished,correct,Correct,-0.4711901408450704,64.785,3,1,58,0.0,-1.0
2022,11,Austrian Grand Prix,Lewis Hamilton,Mercedes,9,2,1,3.0,Finished,under_predict,Finished better than predicted — gained 6 places from grid,0.08775352112676056,45.723,2,1,58,2.0,6.0
2022,11,Austrian Grand Prix,George Russell,Mercedes,4,2,2,4.0,Finished,correct,Correct,0.3378239436619718,59.932,2,1,58,0.0,0.0
2022,11,Austrian Grand Prix,Esteban Ocon,Alpine F1 Team,5,2,2,5.0,Finished,correct,Correct,0.47111971830985916,43.864000000000004,2,1,58,0.0,0.0
2022,11,Austrian Grand Prix,Lando Norris,McLaren,15,3,2,7.0,+1 Lap,under_predict,Finished better than predicted — gained 8 places from grid,0.6115071428571429,50.008,2,1,58,5.0,8.0
2022,11,Austrian Grand Prix,Fernando Alonso,Alpine F1 Team,8,2,2,10.0,+1 Lap,correct,Correct,0.7574785714285714,67.631,3,1,58,-10.0,-2.0
2022,11,Austrian Grand Prix,Alexander Albon,Williams,11,3,3,12.0,+1 Lap,correct,Correct,0.8453642857142858,44.423,2,1,58,-2.0,-1.0
2022,11,Austrian Grand Prix,Lance Stroll,Aston Martin,17,3,3,13.0,+1 Lap,correct,Correct,0.9153642857142857,43.383,2,1,58,6.0,4.0
2022,11,Austrian Grand Prix,Carlos Sainz,Ferrari,3,1,3,18.0,Power Unit,dnf_mech,DNF destroyed the predicted outcome,-0.37641964285714286,42.704,2,1,58,0.0,0.0
2022,11,Austrian Grand Prix,Sergio Pérez,Red Bull,13,3,3,20.0,Collision damage,correct_dnf,Correct — predicted out-of-points; the DNF delivered it,3.6338541666666666,23.681,1,1,58,-7.0,-7.0
2022,12,French Grand Prix,Max Verstappen,Red Bull,2,1,1,1.0,Finished,correct,Correct,-0.9648301886792453,35.266,1,3,18,0.0,1.0
2022,12,French Grand Prix,Lewis Hamilton,Mercedes,4,2,1,2.0,Finished,under_predict,Finished better than predicted — fast race pace (-0.77s/lap vs field median),-0.7650754716981132,37.189,1,3,18,1.0,2.0
2022,12,French Grand Prix,George Russell,Mercedes,6,2,1,3.0,Finished,under_predict,Finished better than predicted — fast race pace (-0.65s/lap vs field median) — gained 3 places from grid,-0.6536037735849056,38.277,1,3,18,0.0,3.0
2022,12,French Grand Prix,Sergio Pérez,Red Bull,3,1,2,4.0,Finished,over_predict,Finished worse than predicted — SC/VSC at lap 18 shuffled strategy,-0.6382264150943396,38.061,1,3,18,-1.0,-1.0
2022,12,French Grand Prix,Carlos Sainz,Ferrari,9,2,2,5.0,Finished,correct,Correct,-0.4200754716981132,83.75,2,3,18,-9.0,4.0
2022,12,French Grand Prix,Fernando Alonso,Alpine F1 Team,7,2,2,6.0,Finished,correct,Correct,-0.15579245283018867,36.524,1,3,18,2.0,1.0
2022,12,French Grand Prix,Lando Norris,McLaren,5,2,2,7.0,Finished,correct,Correct,0.01679245283018868,37.539,1,3,18,-2.0,-2.0
2022,12,French Grand Prix,Esteban Ocon,Alpine F1 Team,12,3,2,8.0,Finished,under_predict,Finished better than predicted — gained 4 places from grid,0.10986792452830188,44.747,1,3,18,3.0,4.0
2022,12,French Grand Prix,Lance Stroll,Aston Martin,17,3,2,10.0,Finished,under_predict,Finished better than predicted — gained 7 places from grid,0.21533962264150944,39.844,1,3,18,7.0,7.0
2022,12,French Grand Prix,Alexander Albon,Williams,15,3,3,13.0,Finished,correct,Correct,0.3288490566037736,37.38,1,3,18,3.0,2.0
2022,12,French Grand Prix,Charles Leclerc,Ferrari,1,1,3,19.0,Accident,dnf_driver,DNF destroyed the predicted outcome,-2.0589411764705883,0.0,0,3,18,0.0,0.0
2022,13,Hungarian Grand Prix,Max Verstappen,Red Bull,10,2,1,1.0,Finished,under_predict,Finished better than predicted — fast race pace (-0.70s/lap vs field median) — gained 9 places from grid,-0.6973571428571429,42.579,2,1,2,2.0,9.0
2022,13,Hungarian Grand Prix,Lewis Hamilton,Mercedes,7,2,1,2.0,Finished,under_predict,Finished better than predicted — fast race pace (-0.59s/lap vs field median) — gained 5 places from grid,-0.5854428571428572,43.794,2,1,2,2.0,5.0
2022,13,Hungarian Grand Prix,George Russell,Mercedes,1,1,1,3.0,Finished,correct,Correct,-0.5211142857142858,44.506,2,1,2,0.0,-2.0
2022,13,Hungarian Grand Prix,Carlos Sainz,Ferrari,2,1,2,4.0,Finished,over_predict,Finished worse than predicted,-0.4890857142857143,46.275999999999996,2,1,2,0.0,-2.0
2022,13,Hungarian Grand Prix,Sergio Pérez,Red Bull,11,3,2,5.0,Finished,under_predict,Finished better than predicted — fast race pace (-0.47s/lap vs field median) — gained 6 places from grid,-0.47324285714285713,42.285,2,1,2,2.0,6.0
2022,13,Hungarian Grand Prix,Charles Leclerc,Ferrari,3,1,2,6.0,Finished,over_predict,Finished worse than predicted — lost 3 places from grid,-0.4681142857142857,65.291,3,1,2,0.0,-3.0
2022,13,Hungarian Grand Prix,Lando Norris,McLaren,4,2,2,7.0,Finished,correct,Correct,0.4212142857142857,45.422,2,1,2,0.0,-3.0
2022,13,Hungarian Grand Prix,Fernando Alonso,Alpine F1 Team,6,2,2,8.0,+1 Lap,correct,Correct,0.6704492753623189,22.083,1,1,2,-1.0,-2.0
2022,13,Hungarian Grand Prix,Esteban Ocon,Alpine F1 Team,5,2,2,9.0,+1 Lap,correct,Correct,0.7121014492753623,23.581,1,1,2,-1.0,-4.0
2022,13,Hungarian Grand Prix,Lance Stroll,Aston Martin,14,3,3,11.0,+1 Lap,correct,Correct,0.8244782608695652,43.394,2,1,2,0.0,3.0
2022,13,Hungarian Grand Prix,Alexander Albon,Williams,17,3,3,17.0,+1 Lap,correct,Correct,1.5205942028985509,77.338,3,1,2,2.0,0.0
2022,14,Belgian Grand Prix,Max Verstappen,Red Bull,1,1,1,1.0,Finished,correct,Correct,-1.254375,45.204,2,3,2,-7.0,0.0
2022,14,Belgian Grand Prix,Sergio Pérez,Red Bull,3,1,1,2.0,Finished,correct,Correct,-0.8488977272727273,44.998999999999995,2,3,2,1.0,1.0
2022,14,Belgian Grand Prix,Carlos Sainz,Ferrari,2,1,1,3.0,Finished,correct,Correct,-0.6433295454545455,45.293,2,3,2,1.0,-1.0
2022,14,Belgian Grand Prix,George Russell,Mercedes,8,2,2,4.0,Finished,correct,Correct,-0.5921022727272728,45.802,2,3,2,5.0,4.0
2022,14,Belgian Grand Prix,Fernando Alonso,Alpine F1 Team,6,2,2,5.0,Finished,correct,Correct,0.41053409090909093,46.595,2,3,2,2.0,0.0
2022,14,Belgian Grand Prix,Charles Leclerc,Ferrari,4,2,2,6.0,Finished,correct,Correct,0.33507954545454544,70.721,3,3,2,-6.0,-1.0
2022,14,Belgian Grand Prix,Esteban Ocon,Alpine F1 Team,5,2,2,7.0,Finished,correct,Correct,0.46471590909090904,47.001999999999995,2,3,2,-8.0,-2.0
2022,14,Belgian Grand Prix,Alexander Albon,Williams,9,2,2,10.0,Finished,correct,Correct,1.061534090909091,47.748999999999995,2,3,2,2.0,-1.0
2022,14,Belgian Grand Prix,Lance Stroll,Aston Martin,14,3,3,11.0,Finished,correct,Correct,1.0883068181818183,46.903999999999996,2,3,2,5.0,3.0
2022,14,Belgian Grand Prix,Lando Norris,McLaren,10,2,3,12.0,Finished,over_predict,Finished worse than predicted — slow race pace (+1.13s/lap vs field median) — SC/VSC at lap 2 shuffled strategy,1.1260568181818182,46.596000000000004,2,3,2,-5.0,-2.0
2022,14,Belgian Grand Prix,Lewis Hamilton,Mercedes,7,2,3,20.0,Collision damage,dnf_driver,DNF destroyed the predicted outcome,,0.0,0,3,2,,
2022,15,Dutch Grand Prix,Max Verstappen,Red Bull,1,1,1,1.0,Finished,correct,Correct,0.012375,73.012,4,7,47,0.0,0.0
2022,15,Dutch Grand Prix,George Russell,Mercedes,6,2,1,2.0,Finished,under_predict,Finished better than predicted — gained 4 places from grid,0.06891666666666667,61.464,3,7,47,-1.0,4.0
2022,15,Dutch Grand Prix,Charles Leclerc,Ferrari,2,1,1,3.0,Finished,correct,Correct,0.16416666666666666,71.748,4,7,47,0.0,-1.0
2022,15,Dutch Grand Prix,Lewis Hamilton,Mercedes,4,2,2,4.0,Finished,correct,Correct,0.19315277777777778,52.365,3,7,47,0.0,0.0
2022,15,Dutch Grand Prix,Sergio Pérez,Red Bull,5,2,2,5.0,Finished,correct,Correct,0.2647083333333333,70.936,4,7,47,0.0,-1.0
2022,15,Dutch Grand Prix,Fernando Alonso,Alpine F1 Team,13,3,2,6.0,Finished,under_predict,Finished better than predicted — gained 6 places from grid,0.27284722222222224,56.841,3,7,47,0.0,6.0
2022,15,Dutch Grand Prix,Lando Norris,McLaren,7,2,2,7.0,Finished,correct,Correct,0.2805138888888889,61.684,3,7,47,1.0,-1.0
2022,15,Dutch Grand Prix,Carlos Sainz,Ferrari,3,1,2,8.0,Finished,over_predict,Finished worse than predicted — SC/VSC at lap 47 shuffled strategy,0.23343055555555553,70.362,3,7,47,0.0,-2.0
2022,15,Dutch Grand Prix,Esteban Ocon,Alpine F1 Team,12,3,2,9.0,Finished,under_predict,Finished better than predicted — gained 3 places from grid,0.3056666666666667,55.098,3,7,47,3.0,3.0
2022,15,Dutch Grand Prix,Lance Stroll,Aston Martin,10,2,2,10.0,Finished,correct,Correct,0.32430555555555557,73.678,4,7,47,2.0,0.0
2022,15,Dutch Grand Prix,Alexander Albon,Williams,15,3,3,12.0,Finished,correct,Correct,0.43445833333333334,73.858,4,7,47,-1.0,3.0
2022,16,Italian Grand Prix,Max Verstappen,Red Bull,2,1,1,1.0,Finished,correct,Correct,0.2980471698113208,47.882000000000005,2,6,12,-2.0,1.0
2022,16,Italian Grand Prix,Charles Leclerc,Ferrari,1,1,1,2.0,Finished,correct,Correct,0.3441981132075472,71.154,3,6,12,0.0,-1.0
2022,16,Italian Grand Prix,George Russell,Mercedes,6,2,1,3.0,Finished,under_predict,Finished better than predicted — gained 3 places from grid,0.3622924528301887,49.189,2,6,12,4.0,3.0
2022,16,Italian Grand Prix,Carlos Sainz,Ferrari,3,1,2,4.0,Finished,over_predict,Finished worse than predicted — slow race pace (+0.39s/lap vs field median) — SC/VSC at lap 12 shuffled strategy,0.3935377358490566,48.253,2,6,12,-13.0,-1.0
2022,16,Italian Grand Prix,Lewis Hamilton,Mercedes,5,2,2,5.0,Finished,correct,Correct,0.39955660377358493,24.282,1,6,12,-14.0,0.0
2022,16,Italian Grand Prix,Sergio Pérez,Red Bull,4,2,2,6.0,Finished,correct,Correct,0.41297169811320755,46.997,2,6,12,-11.0,-2.0
2022,16,Italian Grand Prix,Lando Norris,McLaren,7,2,2,7.0,Finished,correct,Correct,0.41516037735849054,51.498,2,6,12,1.0,0.0
2022,16,Italian Grand Prix,Esteban Ocon,Alpine F1 Team,11,3,3,11.0,Finished,correct,Correct,0.45508490566037735,24.336,1,6,12,-2.0,0.0
2022,16,Italian Grand Prix,Lance Stroll,Aston Martin,18,3,3,18.0,Engine,correct_dnf,Correct — predicted out-of-points; the DNF delivered it,1.3896666666666668,24.254,1,6,12,7.0,1.0
2022,16,Italian Grand Prix,Fernando Alonso,Alpine F1 Team,10,2,3,19.0,Water pressure,dnf_mech,DNF destroyed the predicted outcome,0.36751612903225805,0.0,0,6,12,3.0,2.0
2022,17,Singapore Grand Prix,Sergio Pérez,Red Bull,2,1,1,1.0,Finished,correct,Correct,-0.8726016949152543,29.55,1,7,9,1.0,1.0
2022,17,Singapore Grand Prix,Charles Leclerc,Ferrari,1,1,1,2.0,Finished,correct,Correct,-0.7438728813559322,32.058,1,7,9,-1.0,-1.0
2022,17,Singapore Grand Prix,Carlos Sainz,Ferrari,4,2,1,3.0,Finished,under_predict,Finished better than predicted — fast race pace (-0.61s/lap vs field median),-0.6131949152542373,30.603,1,7,9,1.0,1.0
2022,17,Singapore Grand Prix,Lando Norris,McLaren,6,2,2,4.0,Finished,correct,Correct,-0.4296694915254237,30.528,1,7,9,1.0,2.0
2022,17,Singapore Grand Prix,Lance Stroll,Aston Martin,12,3,2,6.0,Finished,under_predict,Finished better than predicted — gained 6 places from grid,0.16688983050847458,29.863,1,7,9,2.0,6.0
2022,17,Singapore Grand Prix,Max Verstappen,Red Bull,8,2,2,7.0,Finished,correct,Correct,0.20917796610169492,59.182,2,7,9,-4.0,1.0
2022,17,Singapore Grand Prix,Lewis Hamilton,Mercedes,3,1,2,9.0,Finished,over_predict,Finished worse than predicted — lost 6 places from grid — SC/VSC at lap 9 shuffled strategy,0.254771186440678,41.019,1,7,9,-1.0,-6.0
2022,17,Singapore Grand Prix,George Russell,Mercedes,11,3,3,14.0,+2 Laps,correct,Correct,3.0202280701754383,123.195,4,7,9,-8.0,-3.0
2022,17,Singapore Grand Prix,Esteban Ocon,Alpine F1 Team,18,3,3,16.0,Engine,correct_dnf,Correct — predicted out-of-points; the DNF delivered it,0.5938653846153846,0.0,0,7,9,3.0,5.0
2022,17,Singapore Grand Prix,Alexander Albon,Williams,19,3,3,17.0,Collision damage,correct_dnf,Correct — predicted out-of-points; the DNF delivered it,3.04694,0.0,0,7,9,-1.0,2.0
2022,17,Singapore Grand Prix,Fernando Alonso,Alpine F1 Team,5,2,3,18.0,Engine,dnf_mech,DNF destroyed the predicted outcome,-0.836075,0.0,0,7,9,-1.0,-1.0
2022,18,Japanese Grand Prix,Max Verstappen,Red Bull,1,1,1,1.0,Finished,correct,Correct,-1.9712142857142858,411.707,2,5,1,0.0,0.0
2022,18,Japanese Grand Prix,Sergio Pérez,Red Bull,4,2,1,2.0,Finished,under_predict,Finished better than predicted — fast race pace (-1.00s/lap vs field median),-1.0045714285714284,417.839,2,5,1,1.0,1.0
2022,18,Japanese Grand Prix,Charles Leclerc,Ferrari,2,1,1,3.0,Finished,correct,Correct,-1.0153928571428572,415.872,2,5,1,0.0,0.0
2022,18,Japanese Grand Prix,Esteban Ocon,Alpine F1 Team,5,2,2,4.0,Finished,correct,Correct,-0.5538928571428571,418.773,2,5,1,1.0,1.0
2022,18,Japanese Grand Prix,Lewis Hamilton,Mercedes,6,2,2,5.0,Finished,correct,Correct,-0.531,421.56300000000005,2,5,1,1.0,1.0
2022,18,Japanese Grand Prix,Fernando Alonso,Alpine F1 Team,7,2,2,7.0,Finished,correct,Correct,-0.3151785714285714,445.066,3,5,1,1.0,0.0
2022,18,Japanese Grand Prix,George Russell,Mercedes,8,2,2,8.0,Finished,correct,Correct,-0.26903571428571427,429.785,2,5,1,1.0,0.0
2022,18,Japanese Grand Prix,Lando Norris,McLaren,10,2,2,10.0,Finished,correct,Correct,0.5567142857142857,430.851,2,5,1,-3.0,0.0
2022,18,Japanese Grand Prix,Lance Stroll,Aston Martin,19,3,3,12.0,Finished,correct,Correct,0.6682142857142856,448.338,3,5,1,8.0,7.0
2022,18,Japanese Grand Prix,Carlos Sainz,Ferrari,3,1,3,19.0,Accident,dnf_driver,DNF destroyed the predicted outcome,,0.0,0,5,1,,
2022,18,Japanese Grand Prix,Alexander Albon,Williams,16,3,3,20.0,Hydraulics,correct_dnf,Correct — predicted out-of-points; the DNF delivered it,,0.0,0,5,1,,
2022,19,United States Grand Prix,Max Verstappen,Red Bull,3,1,1,1.0,Finished,correct,Correct,-0.6718571428571429,56.12,2,8,18,2.0,2.0
2022,19,United States Grand Prix,Lewis Hamilton,Mercedes,5,2,1,2.0,Finished,under_predict,Finished better than predicted — fast race pace (-0.58s/lap vs field median) — gained 3 places from grid,-0.5821607142857144,48.497,2,8,18,3.0,3.0
2022,19,United States Grand Prix,Charles Leclerc,Ferrari,2,1,1,3.0,Finished,correct,Correct,-0.5379107142857144,48.069,2,8,18,-8.0,-1.0
2022,19,United States Grand Prix,Sergio Pérez,Red Bull,4,2,2,4.0,Finished,correct,Correct,-0.5237678571428571,48.20399999999999,2,8,18,-3.0,0.0
2022,19,United States Grand Prix,George Russell,Mercedes,6,2,2,5.0,Finished,correct,Correct,0.12841071428571427,78.494,3,8,18,2.0,1.0
2022,19,United States Grand Prix,Lando Norris,McLaren,8,2,2,6.0,Finished,correct,Correct,0.2885892857142857,47.728,2,8,18,2.0,2.0
2022,19,United States Grand Prix,Fernando Alonso,Alpine F1 Team,9,2,2,7.0,Finished,correct,Correct,0.28348214285714285,63.577,2,8,18,-3.0,2.0
2022,19,United States Grand Prix,Esteban Ocon,Alpine F1 Team,18,3,3,11.0,Finished,correct,Correct,0.6159464285714286,49.527,2,8,18,-2.0,6.0
2022,19,United States Grand Prix,Alexander Albon,Williams,11,3,3,13.0,Finished,correct,Correct,0.6334107142857144,48.935,2,8,18,2.0,-2.0
2022,19,United States Grand Prix,Lance Stroll,Aston Martin,7,2,3,18.0,Collision,dnf_driver,DNF destroyed the predicted outcome,0.2534285714285714,25.417,1,8,18,4.0,0.0
2022,19,United States Grand Prix,Carlos Sainz,Ferrari,1,1,3,20.0,Collision damage,dnf_driver,DNF destroyed the predicted outcome,5.2635,0.0,0,8,18,-18.0,-18.0
2022,20,Mexico City Grand Prix,Max Verstappen,Red Bull,1,1,1,1.0,Finished,correct,Correct,-1.1990985915492958,22.487,1,0,0,0.0,0.0
2022,20,Mexico City Grand Prix,Lewis Hamilton,Mercedes,3,1,1,2.0,Finished,correct,Correct,-0.9852112676056338,23.194,1,0,0,1.0,1.0
2022,20,Mexico City Grand Prix,Sergio Pérez,Red Bull,4,2,1,3.0,Finished,under_predict,Finished better than predicted — fast race pace (-0.94s/lap vs field median),-0.9442112676056338,24.892,1,0,0,1.0,1.0
2022,20,Mexico City Grand Prix,George Russell,Mercedes,2,1,2,4.0,Finished,over_predict,Finished worse than predicted,-0.502887323943662,45.913,2,0,0,-2.0,-2.0
2022,20,Mexico City Grand Prix,Carlos Sainz,Ferrari,5,2,2,5.0,Finished,correct,Correct,-0.38046478873239437,23.469,1,0,0,0.0,0.0
2022,20,Mexico City Grand Prix,Charles Leclerc,Ferrari,7,2,2,6.0,Finished,correct,Correct,-0.23045070422535213,22.193,1,0,0,1.0,1.0
2022,20,Mexico City Grand Prix,Esteban Ocon,Alpine F1 Team,10,2,2,8.0,+1 Lap,correct,Correct,0.46775,22.343,1,0,0,1.0,2.0
2022,20,Mexico City Grand Prix,Lando Norris,McLaren,8,2,2,9.0,+1 Lap,correct,Correct,0.5286785714285714,22.585,1,0,0,-2.0,-1.0
2022,20,Mexico City Grand Prix,Alexander Albon,Williams,19,3,3,12.0,+1 Lap,correct,Correct,0.6130928571428571,23.182,1,0,0,0.0,7.0
2022,20,Mexico City Grand Prix,Lance Stroll,Aston Martin,18,3,3,15.0,+1 Lap,correct,Correct,0.9709500000000001,46.628,2,0,0,3.0,3.0
2022,20,Mexico City Grand Prix,Fernando Alonso,Alpine F1 Team,9,2,3,19.0,Engine,dnf_mech,DNF destroyed the predicted outcome,0.5540952380952381,23.159,1,0,0,2.0,0.0
2022,21,São Paulo Grand Prix,George Russell,Mercedes,3,1,1,1.0,Finished,correct,Correct,0.3356478873239437,47.001000000000005,2,12,1,2.0,2.0
2022,21,São Paulo Grand Prix,Lewis Hamilton,Mercedes,8,2,1,2.0,Finished,under_predict,Finished better than predicted — gained 6 places from grid,0.3571830985915493,47.495999999999995,2,12,1,6.0,6.0
2022,21,São Paulo Grand Prix,Carlos Sainz,Ferrari,5,2,1,3.0,Finished,under_predict,Finished better than predicted,0.3927042253521127,72.505,3,12,1,-2.0,2.0
2022,21,São Paulo Grand Prix,Charles Leclerc,Ferrari,10,2,2,4.0,Finished,correct,Correct,0.45453521126760565,76.37599999999999,3,12,1,4.0,6.0
2022,21,São Paulo Grand Prix,Fernando Alonso,Alpine F1 Team,7,2,2,5.0,Finished,correct,Correct,0.4703098591549296,76.12299999999999,3,12,1,-8.0,2.0
2022,21,São Paulo Grand Prix,Max Verstappen,Red Bull,2,1,2,6.0,Finished,over_predict,Finished worse than predicted — slow race pace (+0.48s/lap vs field median) — lost 4 places from grid,0.47728169014084504,86.726,3,12,1,-1.0,-4.0
2022,21,São Paulo Grand Prix,Sergio Pérez,Red Bull,9,2,2,7.0,Finished,correct,Correct,0.5339577464788732,46.021,2,12,1,5.0,2.0
2022,21,São Paulo Grand Prix,Esteban Ocon,Alpine F1 Team,6,2,2,8.0,Finished,correct,Correct,0.598887323943662,48.313,2,12,1,-8.0,-2.0
2022,21,São Paulo Grand Prix,Lance Stroll,Aston Martin,15,3,2,10.0,Finished,under_predict,Finished better than predicted — gained 5 places from grid,0.6673661971830986,47.233000000000004,2,12,1,3.0,5.0
2022,21,São Paulo Grand Prix,Alexander Albon,Williams,11,3,3,15.0,Finished,correct,Correct,0.8429154929577465,71.035,3,12,1,-6.0,-4.0
2022,21,São Paulo Grand Prix,Lando Norris,McLaren,4,2,3,18.0,Gearbox,dnf_mech,DNF destroyed the predicted outcome,1.0751,54.007000000000005,2,12,1,-1.0,-8.0
2022,22,Abu Dhabi Grand Prix,Max Verstappen,Red Bull,1,1,1,1.0,Finished,correct,Correct,-0.6801982758620689,22.735,1,0,0,0.0,0.0
2022,22,Abu Dhabi Grand Prix,Charles Leclerc,Ferrari,3,1,1,2.0,Finished,correct,Correct,-0.5289741379310345,22.21,1,0,0,0.0,1.0
2022,22,Abu Dhabi Grand Prix,Sergio Pérez,Red Bull,2,1,1,3.0,Finished,correct,Correct,-0.5061810344827586,42.727000000000004,2,0,0,0.0,-1.0
2022,22,Abu Dhabi Grand Prix,Carlos Sainz,Ferrari,4,2,2,4.0,Finished,correct,Correct,-0.25102586206896554,43.504999999999995,2,0,0,-1.0,0.0
2022,22,Abu Dhabi Grand Prix,George Russell,Mercedes,6,2,2,5.0,Finished,correct,Correct,-0.061439655172413794,52.174,2,0,0,-1.0,1.0
2022,22,Abu Dhabi Grand Prix,Lando Norris,McLaren,7,2,2,6.0,Finished,correct,Correct,0.28935344827586207,43.793000000000006,2,0,0,1.0,1.0
2022,22,Abu Dhabi Grand Prix,Esteban Ocon,Alpine F1 Team,8,2,2,7.0,Finished,correct,Correct,0.30669827586206894,43.629000000000005,2,0,0,0.0,1.0
2022,22,Abu Dhabi Grand Prix,Lance Stroll,Aston Martin,14,3,2,8.0,Finished,under_predict,Finished better than predicted — gained 6 places from grid,0.6461982758620689,43.616,2,0,0,2.0,6.0
2022,22,Abu Dhabi Grand Prix,Alexander Albon,Williams,19,3,3,13.0,+1 Lap,correct,Correct,1.245236842105263,43.590999999999994,2,0,0,2.0,6.0
2022,22,Abu Dhabi Grand Prix,Lewis Hamilton,Mercedes,5,2,3,18.0,Hydraulics,dnf_mech,DNF destroyed the predicted outcome,0.4455181818181818,21.27,1,0,0,1.0,-3.0
2022,22,Abu Dhabi Grand Prix,Fernando Alonso,Alpine F1 Team,11,3,3,20.0,Water leak,correct_dnf,Correct — predicted out-of-points; the DNF delivered it,0.8940555555555555,21.74,1,0,0,1.0,1.0
2023,1,Bahrain Grand Prix,Max Verstappen,Red Bull,1,1,1,1.0,Finished,correct,Correct,-0.622859649122807,49.199,2,1,41,0.0,0.0
2023,1,Bahrain Grand Prix,Sergio Pérez,Red Bull,2,1,1,2.0,Finished,correct,Correct,-0.41256140350877196,49.355000000000004,2,1,41,-1.0,0.0
2023,1,Bahrain Grand Prix,Fernando Alonso,Aston Martin,5,2,1,3.0,Finished,under_predict,Finished better than predicted,0.054982456140350876,50.669,2,1,41,-2.0,2.0
2023,1,Bahrain Grand Prix,Carlos Sainz,Ferrari,4,2,2,4.0,Finished,correct,Correct,0.2201578947368421,48.727000000000004,2,1,41,0.0,0.0
2023,1,Bahrain Grand Prix,Lewis Hamilton,Mercedes,7,2,2,5.0,Finished,correct,Correct,0.2714736842105263,49.372,2,1,41,2.0,2.0
2023,1,Bahrain Grand Prix,Lance Stroll,Aston Martin,8,2,2,6.0,Finished,correct,Correct,0.33331578947368423,50.088,2,1,41,-1.0,2.0
2023,1,Bahrain Grand Prix,George Russell,Mercedes,6,2,2,7.0,Finished,correct,Correct,0.35736842105263156,51.468,2,1,41,0.0,-1.0
2023,1,Bahrain Grand Prix,Pierre Gasly,Alpine F1 Team,20,3,2,9.0,Finished,under_predict,Finished better than predicted — gained 11 places from grid,0.6710526315789473,75.5,3,1,41,1.0,11.0
2023,1,Bahrain Grand Prix,Alexander Albon,Williams,15,3,2,10.0,Finished,under_predict,Finished better than predicted — gained 5 places from grid,0.9521228070175439,74.432,3,1,41,3.0,5.0
2023,1,Bahrain Grand Prix,Nico Hülkenberg,Haas F1 Team,10,2,3,15.0,Lapped,over_predict,Finished worse than predicted — slow race pace (+1.54s/lap vs field median) — lost 5 places from grid,1.543375,90.92399999999999,3,1,41,-4.0,-5.0
2023,1,Bahrain Grand Prix,Lando Norris,McLaren,11,3,3,17.0,Lapped,correct,Correct,3.041172727272727,195.334,6,1,41,1.0,-6.0
2023,1,Bahrain Grand Prix,Esteban Ocon,Alpine F1 Team,9,2,3,18.0,Retired,dnf_other,DNF destroyed the predicted outcome,2.6497439024390244,110.946,3,1,41,-2.0,-8.0
2023,1,Bahrain Grand Prix,Charles Leclerc,Ferrari,3,1,3,19.0,Retired,dnf_other,DNF destroyed the predicted outcome,0.27947435897435896,48.989,2,1,41,1.0,0.0
2023,1,Bahrain Grand Prix,Oscar Piastri,McLaren,18,3,3,20.0,Retired,correct_dnf,Correct — predicted out-of-points; the DNF delivered it,2.265730769230769,0.0,0,1,41,2.0,2.0
2023,2,Saudi Arabian Grand Prix,Sergio Pérez,Red Bull,1,1,1,1.0,Finished,correct,Correct,-0.85864,20.715,1,3,18,-1.0,0.0
2023,2,Saudi Arabian Grand Prix,Max Verstappen,Red Bull,15,3,1,2.0,Finished,under_predict,Finished better than predicted — fast race pace (-0.75s/lap vs field median) — gained 13 places from grid,-0.75154,20.824,1,3,18,2.0,13.0
2023,2,Saudi Arabian Grand Prix,Fernando Alonso,Aston Martin,3,1,1,3.0,Finished,correct,Correct,-0.44408,26.879,1,3,18,2.0,0.0
2023,2,Saudi Arabian Grand Prix,George Russell,Mercedes,4,2,2,4.0,Finished,correct,Correct,-0.34132,20.828,1,3,18,1.0,0.0
2023,2,Saudi Arabian Grand Prix,Lewis Hamilton,Mercedes,8,2,2,5.0,Finished,correct,Correct,-0.23734,21.102,1,3,18,1.0,3.0
2023,2,Saudi Arabian Grand Prix,Carlos Sainz,Ferrari,5,2,2,6.0,Finished,correct,Correct,-0.14112,20.76,1,3,18,0.0,-1.0
2023,2,Saudi Arabian Grand Prix,Charles Leclerc,Ferrari,2,1,2,7.0,Finished,over_predict,Finished worse than predicted — lost 5 places from grid — SC/VSC at lap 18 shuffled strategy,0.0046,20.026,1,3,18,-7.0,-5.0
2023,2,Saudi Arabian Grand Prix,Esteban Ocon,Alpine F1 Team,7,2,2,8.0,Finished,correct,Correct,0.198,20.762,1,3,18,1.0,-1.0
2023,2,Saudi Arabian Grand Prix,Pierre Gasly,Alpine F1 Team,10,2,2,9.0,Finished,correct,Correct,0.2363,20.719,1,3,18,2.0,1.0
2023,2,Saudi Arabian Grand Prix,Nico Hülkenberg,Haas F1 Team,11,3,3,12.0,Finished,correct,Correct,0.5531200000000001,21.567,1,3,18,-1.0,-1.0
2023,2,Saudi Arabian Grand Prix,Oscar Piastri,McLaren,9,2,3,15.0,Finished,over_predict,Finished worse than predicted — slow race pace (+0.84s/lap vs field median) — lost 6 places from grid — SC/VSC at lap 18 shuffled strategy,0.84178,31.534,1,3,18,-10.0,-6.0
2023,2,Saudi Arabian Grand Prix,Lando Norris,McLaren,19,3,3,17.0,Finished,correct,Correct,0.87026,50.796,2,3,18,2.0,2.0
2023,2,Saudi Arabian Grand Prix,Alexander Albon,Williams,17,3,3,19.0,Retired,correct_dnf,Correct — predicted out-of-points; the DNF delivered it,2.866925925925926,21.397,1,3,18,1.0,-2.0
2023,2,Saudi Arabian Grand Prix,Lance Stroll,Aston Martin,6,2,3,20.0,Retired,dnf_other,DNF destroyed the predicted outcome,0.63175,21.15,1,3,18,2.0,-4.0
2023,3,Australian Grand Prix,Max Verstappen,Red Bull,1,1,1,1.0,Finished,correct,Correct,0.20106034482758622,3649.37,3,12,1,-2.0,0.0
2023,3,Australian Grand Prix,Lewis Hamilton,Mercedes,3,1,1,2.0,Finished,correct,Correct,0.20414655172413793,3656.286,3,12,1,1.0,1.0
2023,3,Australian Grand Prix,Fernando Alonso,Aston Martin,4,2,1,3.0,Finished,under_predict,Finished better than predicted,0.21431896551724136,3646.3190000000004,3,12,1,-1.0,1.0
2023,3,Australian Grand Prix,Lance Stroll,Aston Martin,6,2,2,4.0,Finished,correct,Correct,0.25419827586206895,3648.2,3,12,1,-1.0,1.0
2023,3,Australian Grand Prix,Sergio Pérez,Red Bull,20,3,2,5.0,Finished,under_predict,Finished better than predicted — gained 14 places from grid,0.25830172413793107,3703.013,5,12,1,2.0,14.0
2023,3,Australian Grand Prix,Lando Norris,McLaren,13,3,2,6.0,Finished,under_predict,Finished better than predicted — gained 6 places from grid,0.26487068965517246,3679.9139999999998,3,12,1,2.0,6.0
2023,3,Australian Grand Prix,Nico Hülkenberg,Haas F1 Team,10,2,2,7.0,Finished,correct,Correct,0.2862155172413793,3676.093,3,12,1,1.0,2.0
2023,3,Australian Grand Prix,Oscar Piastri,McLaren,16,3,2,8.0,Finished,under_predict,Finished better than predicted — gained 7 places from grid,0.2938534482758621,3684.862,4,12,1,3.0,7.0
2023,3,Australian Grand Prix,Carlos Sainz,Ferrari,5,2,3,12.0,Finished,over_predict,Finished worse than predicted,0.22854310344827586,3691.821,4,12,1,1.0,1.0
2023,3,Australian Grand Prix,Pierre Gasly,Alpine F1 Team,9,2,3,13.0,Retired,dnf_other,DNF destroyed the predicted outcome,0.2566428571428572,1802.2060000000001,2,12,1,1.0,4.0
2023,3,Australian Grand Prix,Esteban Ocon,Alpine F1 Team,11,3,3,14.0,Retired,correct_dnf,Correct — predicted out-of-points; the DNF delivered it,0.28116071428571426,1835.789,3,12,1,-4.0,1.0
2023,3,Australian Grand Prix,George Russell,Mercedes,2,1,3,18.0,Retired,dnf_other,DNF destroyed the predicted outcome,0.4380588235294118,949.9699999999999,2,12,1,1.0,-13.0
2023,3,Australian Grand Prix,Alexander Albon,Williams,8,2,3,19.0,Retired,dnf_other,DNF destroyed the predicted outcome,-0.7871666666666667,0.0,0,12,1,2.0,2.0
2023,3,Australian Grand Prix,Charles Leclerc,Ferrari,7,2,3,20.0,Retired,dnf_other,DNF destroyed the predicted outcome,,0.0,0,12,1,,
2023,4,Azerbaijan Grand Prix,Sergio Pérez,Red Bull,3,1,1,1.0,Finished,correct,Correct,-1.14971568627451,20.389,1,3,11,0.0,2.0
2023,4,Azerbaijan Grand Prix,Max Verstappen,Red Bull,2,1,1,2.0,Finished,correct,Correct,-1.107813725490196,20.707,1,3,11,0.0,0.0
2023,4,Azerbaijan Grand Prix,Charles Leclerc,Ferrari,1,1,1,3.0,Finished,correct,Correct,-0.7336960784313726,21.126,1,3,11,0.0,-2.0
2023,4,Azerbaijan Grand Prix,Fernando Alonso,Aston Martin,6,2,2,4.0,Finished,correct,Correct,-0.7178725490196078,23.148,1,3,11,0.0,2.0
2023,4,Azerbaijan Grand Prix,Carlos Sainz,Ferrari,4,2,2,5.0,Finished,correct,Correct,-0.25773529411764706,21.97,1,3,11,0.0,-1.0
2023,4,Azerbaijan Grand Prix,Lewis Hamilton,Mercedes,5,2,2,6.0,Finished,correct,Correct,-0.24491176470588236,20.324,1,3,11,0.0,-1.0
2023,4,Azerbaijan Grand Prix,Lance Stroll,Aston Martin,9,2,2,7.0,Finished,correct,Correct,-0.13761764705882354,23.161,1,3,11,2.0,2.0
2023,4,Azerbaijan Grand Prix,George Russell,Mercedes,11,3,2,8.0,Finished,under_predict,Finished better than predicted — gained 3 places from grid,0.30597058823529416,41.848,2,3,11,2.0,3.0
2023,4,Azerbaijan Grand Prix,Lando Norris,McLaren,7,2,2,9.0,Finished,correct,Correct,0.42628431372549025,20.346,1,3,11,-1.0,-2.0
2023,4,Azerbaijan Grand Prix,Oscar Piastri,McLaren,10,2,3,11.0,Finished,over_predict,Finished worse than predicted — slow race pace (+0.55s/lap vs field median) — SC/VSC at lap 11 shuffled strategy,0.5463823529411764,20.902,1,3,11,-1.0,-1.0
2023,4,Azerbaijan Grand Prix,Alexander Albon,Williams,13,3,3,12.0,Finished,correct,Correct,0.5879901960784314,21.103,1,3,11,1.0,1.0
2023,4,Azerbaijan Grand Prix,Pierre Gasly,Alpine F1 Team,19,3,3,14.0,Finished,correct,Correct,0.6411078431372549,41.403999999999996,2,3,11,4.0,5.0
2023,4,Azerbaijan Grand Prix,Esteban Ocon,Alpine F1 Team,12,3,3,15.0,Finished,correct,Correct,0.7678137254901961,20.367,1,3,11,-7.0,-3.0
2023,4,Azerbaijan Grand Prix,Nico Hülkenberg,Haas F1 Team,17,3,3,17.0,Lapped,correct,Correct,1.14083,24.748,1,3,11,-3.0,0.0
2023,5,Miami Grand Prix,Max Verstappen,Red Bull,9,2,1,1.0,Finished,under_predict,Finished better than predicted — fast race pace (-0.72s/lap vs field median) — gained 8 places from grid,-0.7228508771929825,22.688,1,0,0,0.0,8.0
2023,5,Miami Grand Prix,Sergio Pérez,Red Bull,1,1,1,2.0,Finished,correct,Correct,-0.6283947368421053,21.884,1,0,0,0.0,-1.0
2023,5,Miami Grand Prix,Fernando Alonso,Aston Martin,2,1,1,3.0,Finished,correct,Correct,-0.261359649122807,22.631,1,0,0,0.0,-1.0
2023,5,Miami Grand Prix,George Russell,Mercedes,6,2,2,4.0,Finished,correct,Correct,-0.13988596491228072,22.335,1,0,0,1.0,2.0
2023,5,Miami Grand Prix,Carlos Sainz,Ferrari,3,1,2,5.0,Finished,over_predict,Finished worse than predicted,-0.06476315789473684,22.278,1,0,0,0.0,-2.0
2023,5,Miami Grand Prix,Lewis Hamilton,Mercedes,13,3,2,6.0,Finished,under_predict,Finished better than predicted — gained 7 places from grid,0.17625438596491227,22.15,1,0,0,0.0,7.0
2023,5,Miami Grand Prix,Charles Leclerc,Ferrari,7,2,2,7.0,Finished,correct,Correct,0.20676315789473684,22.068,1,0,0,1.0,0.0
2023,5,Miami Grand Prix,Pierre Gasly,Alpine F1 Team,5,2,2,8.0,Finished,correct,Correct,0.2538157894736842,22.417,1,0,0,1.0,-3.0
2023,5,Miami Grand Prix,Esteban Ocon,Alpine F1 Team,8,2,2,9.0,Finished,correct,Correct,0.2968508771929825,21.942,1,0,0,-2.0,-1.0
2023,5,Miami Grand Prix,Lance Stroll,Aston Martin,18,3,3,12.0,Finished,correct,Correct,0.41318421052631576,22.651,1,0,0,1.0,6.0
2023,5,Miami Grand Prix,Alexander Albon,Williams,11,3,3,14.0,Finished,correct,Correct,0.5554122807017544,22.482,1,0,0,-1.0,-3.0
2023,5,Miami Grand Prix,Nico Hülkenberg,Haas F1 Team,12,3,3,15.0,Finished,correct,Correct,0.5920614035087719,23.12,1,0,0,1.0,-3.0
2023,5,Miami Grand Prix,Lando Norris,McLaren,16,3,3,17.0,Finished,correct,Correct,0.8160438596491228,24.09,1,0,0,-3.0,-1.0
2023,5,Miami Grand Prix,Oscar Piastri,McLaren,19,3,3,19.0,Lapped,correct,Correct,1.2635,22.205,1,0,0,5.0,0.0
2023,6,Monaco Grand Prix,Max Verstappen,Red Bull,1,1,1,1.0,Finished,correct,Correct,-0.9491217948717949,24.798,1,14,53,0.0,0.0
2023,6,Monaco Grand Prix,Fernando Alonso,Aston Martin,2,1,1,2.0,Finished,correct,Correct,-0.5911602564102565,50.33,2,14,53,0.0,0.0
2023,6,Monaco Grand Prix,Esteban Ocon,Alpine F1 Team,4,2,1,3.0,Finished,under_predict,Finished better than predicted — fast race pace (-0.47s/lap vs field median),-0.47489102564102564,50.54,2,14,53,1.0,1.0
2023,6,Monaco Grand Prix,Lewis Hamilton,Mercedes,6,2,2,4.0,Finished,correct,Correct,-0.44832692307692307,51.278999999999996,2,14,53,1.0,2.0
2023,6,Monaco Grand Prix,George Russell,Mercedes,8,2,2,5.0,Finished,correct,Correct,-0.2916346153846154,30.98,1,14,53,0.0,3.0
2023,6,Monaco Grand Prix,Charles Leclerc,Ferrari,3,1,2,6.0,Finished,over_predict,Finished worse than predicted — lost 3 places from grid — SC/VSC at lap 53 shuffled strategy,-0.1556602564102564,49.905,2,14,53,-3.0,-3.0
2023,6,Monaco Grand Prix,Pierre Gasly,Alpine F1 Team,7,2,2,7.0,Finished,correct,Correct,-0.14960897435897436,53.851,2,14,53,0.0,0.0
2023,6,Monaco Grand Prix,Carlos Sainz,Ferrari,5,2,2,8.0,Finished,correct,Correct,-0.13641666666666666,53.552,2,14,53,1.0,-3.0
2023,6,Monaco Grand Prix,Lando Norris,McLaren,10,2,2,9.0,Lapped,correct,Correct,0.20785714285714285,58.090999999999994,2,14,53,0.0,1.0
2023,6,Monaco Grand Prix,Oscar Piastri,McLaren,11,3,2,10.0,Lapped,under_predict,Finished better than predicted,0.33640259740259737,25.851,1,14,53,0.0,1.0
2023,6,Monaco Grand Prix,Alexander Albon,Williams,13,3,3,14.0,Lapped,correct,Correct,1.1838181818181817,51.28,2,14,53,0.0,-1.0
2023,6,Monaco Grand Prix,Sergio Pérez,Red Bull,20,3,3,16.0,Lapped,correct,Correct,1.934940789473684,136.656,5,14,53,2.0,3.0
2023,6,Monaco Grand Prix,Nico Hülkenberg,Haas F1 Team,18,3,3,17.0,Lapped,correct,Correct,1.928125,92.89099999999999,3,14,53,-2.0,2.0
2023,6,Monaco Grand Prix,Lance Stroll,Aston Martin,14,3,3,20.0,Retired,correct_dnf,Correct — predicted out-of-points; the DNF delivered it,1.3471037735849056,24.656,1,14,53,-3.0,-2.0
2023,7,Spanish Grand Prix,Max Verstappen,Red Bull,1,1,1,1.0,Finished,correct,Correct,-0.38725757575757574,44.598,2,0,0,0.0,0.0
2023,7,Spanish Grand Prix,Lewis Hamilton,Mercedes,5,2,1,2.0,Finished,under_predict,Finished better than predicted — gained 3 places from grid,-0.022257575757575757,45.306,2,0,0,1.0,3.0
2023,7,Spanish Grand Prix,George Russell,Mercedes,12,3,1,3.0,Finished,under_predict,Finished better than predicted — gained 9 places from grid,0.10348484848484849,44.32899999999999,2,0,0,5.0,9.0
2023,7,Spanish Grand Prix,Sergio Pérez,Red Bull,11,3,2,4.0,Finished,under_predict,Finished better than predicted — gained 7 places from grid,0.15534848484848485,43.312,2,0,0,0.0,7.0
2023,7,Spanish Grand Prix,Carlos Sainz,Ferrari,2,1,2,5.0,Finished,over_predict,Finished worse than predicted — slow race pace (+0.31s/lap vs field median) — lost 3 places from grid,0.30513636363636365,44.696,2,0,0,0.0,-3.0
2023,7,Spanish Grand Prix,Lance Stroll,Aston Martin,6,2,2,6.0,Finished,correct,Correct,0.5721363636363637,45.726,2,0,0,3.0,0.0
2023,7,Spanish Grand Prix,Fernando Alonso,Aston Martin,9,2,2,7.0,Finished,correct,Correct,0.5843636363636364,45.454,2,0,0,3.0,2.0
2023,7,Spanish Grand Prix,Esteban Ocon,Alpine F1 Team,7,2,2,8.0,Finished,correct,Correct,0.6618636363636363,46.221999999999994,2,0,0,2.0,-1.0
2023,7,Spanish Grand Prix,Pierre Gasly,Alpine F1 Team,4,2,2,10.0,Finished,correct,Correct,0.7268333333333333,46.998000000000005,2,0,0,-11.0,-7.0
2023,7,Spanish Grand Prix,Charles Leclerc,Ferrari,19,3,3,11.0,Finished,correct,Correct,0.7403030303030302,44.781,2,0,0,-1.0,7.0
2023,7,Spanish Grand Prix,Oscar Piastri,McLaren,10,2,3,13.0,Lapped,over_predict,Finished worse than predicted — slow race pace (+0.89s/lap vs field median) — lost 3 places from grid,0.8901461538461539,45.232,2,0,0,0.0,-3.0
2023,7,Spanish Grand Prix,Nico Hülkenberg,Haas F1 Team,8,2,3,15.0,Lapped,over_predict,Finished worse than predicted — slow race pace (+1.09s/lap vs field median) — lost 7 places from grid,1.0904846153846153,70.039,3,0,0,0.0,-7.0
2023,7,Spanish Grand Prix,Alexander Albon,Williams,18,3,3,16.0,Lapped,correct,Correct,1.2506538461538461,46.768,2,0,0,1.0,2.0
2023,7,Spanish Grand Prix,Lando Norris,McLaren,3,1,3,17.0,Lapped,over_predict,Finished worse than predicted — slow race pace (+1.29s/lap vs field median) — lost 14 places from grid,1.2919153846153848,82.648,3,0,0,-11.0,-14.0
2023,8,Canadian Grand Prix,Max Verstappen,Red Bull,1,1,1,1.0,Finished,correct,Correct,-0.5744142857142858,47.554,2,5,12,0.0,0.0
2023,8,Canadian Grand Prix,Fernando Alonso,Aston Martin,3,1,1,2.0,Finished,correct,Correct,-0.4377,47.959,2,5,12,0.0,1.0
2023,8,Canadian Grand Prix,Lewis Hamilton,Mercedes,4,2,1,3.0,Finished,under_predict,Finished better than predicted — fast race pace (-0.37s/lap vs field median),-0.37201428571428574,48.087999999999994,2,5,12,2.0,1.0
2023,8,Canadian Grand Prix,Charles Leclerc,Ferrari,11,3,2,4.0,Finished,under_predict,Finished better than predicted — fast race pace (-0.31s/lap vs field median) — gained 7 places from grid,-0.30801428571428574,24.343,1,5,12,2.0,7.0
2023,8,Canadian Grand Prix,Carlos Sainz,Ferrari,8,2,2,5.0,Finished,correct,Correct,-0.2667,24.133,1,5,12,-3.0,3.0
2023,8,Canadian Grand Prix,Sergio Pérez,Red Bull,12,3,2,6.0,Finished,under_predict,Finished better than predicted — gained 6 places from grid,0.15455714285714284,46.498999999999995,2,5,12,0.0,6.0
2023,8,Canadian Grand Prix,Alexander Albon,Williams,10,2,2,7.0,Finished,correct,Correct,0.29434285714285713,25.064,1,5,12,0.0,3.0
2023,8,Canadian Grand Prix,Esteban Ocon,Alpine F1 Team,6,2,2,8.0,Finished,correct,Correct,0.30689999999999995,48.1,2,5,12,1.0,-2.0
2023,8,Canadian Grand Prix,Lance Stroll,Aston Martin,13,3,2,9.0,Finished,under_predict,Finished better than predicted — gained 3 places from grid,0.3456142857142857,47.55,2,5,12,-1.0,3.0
2023,8,Canadian Grand Prix,Oscar Piastri,McLaren,9,2,3,11.0,Finished,over_predict,Finished worse than predicted — slow race pace (+0.36s/lap vs field median) — lost 3 places from grid — SC/VSC at lap 12 shuffled strategy,0.3556,48.263999999999996,2,5,12,2.0,-3.0
2023,8,Canadian Grand Prix,Pierre Gasly,Alpine F1 Team,17,3,3,12.0,Finished,correct,Correct,0.3577142857142857,51.632000000000005,2,5,12,4.0,4.0
2023,8,Canadian Grand Prix,Lando Norris,McLaren,7,2,3,13.0,Finished,over_predict,Finished worse than predicted — slow race pace (+0.33s/lap vs field median) — SC/VSC at lap 12 shuffled strategy,0.33077142857142855,49.432,2,5,12,-1.0,-2.0
2023,8,Canadian Grand Prix,Nico Hülkenberg,Haas F1 Team,2,1,3,15.0,Lapped,over_predict,Finished worse than predicted — slow race pace (+0.78s/lap vs field median) — lost 13 places from grid — SC/VSC at lap 12 shuffled strategy,0.7814057971014493,49.08,2,5,12,-4.0,-13.0
2023,8,Canadian Grand Prix,George Russell,Mercedes,5,2,3,19.0,Retired,dnf_other,DNF destroyed the predicted outcome,0.31539622641509435,88.943,1,5,12,1.0,-3.0
2023,9,Austrian Grand Prix,Max Verstappen,Red Bull,1,1,1,1.0,Finished,correct,Correct,-0.3182535211267606,80.70299999999999,4,4,1,0.0,0.0
2023,9,Austrian Grand Prix,Charles Leclerc,Ferrari,2,1,1,2.0,Finished,correct,Correct,-0.24564788732394366,61.288,3,4,1,0.0,0.0
2023,9,Austrian Grand Prix,Sergio Pérez,Red Bull,15,3,1,3.0,Finished,under_predict,Finished better than predicted — gained 12 places from grid,-0.07616901408450703,60.349999999999994,3,4,1,1.0,12.0
2023,9,Austrian Grand Prix,Lando Norris,McLaren,4,2,2,4.0,Finished,correct,Correct,0.05254929577464789,61.454,3,4,1,-1.0,-1.0
2023,9,Austrian Grand Prix,Fernando Alonso,Aston Martin,7,2,2,5.0,Finished,correct,Correct,0.10874647887323943,60.964,3,4,1,1.0,1.0
2023,9,Austrian Grand Prix,Carlos Sainz,Ferrari,3,1,2,6.0,Finished,over_predict,Finished worse than predicted,-0.017169014084507044,71.246,3,4,1,0.0,-1.0
2023,9,Austrian Grand Prix,George Russell,Mercedes,11,3,2,7.0,Finished,under_predict,Finished better than predicted — gained 3 places from grid,0.3634788732394366,61.91,3,4,1,-1.0,3.0
2023,9,Austrian Grand Prix,Lewis Hamilton,Mercedes,5,2,2,8.0,Finished,correct,Correct,0.23380281690140844,66.132,3,4,1,1.0,-2.0
2023,9,Austrian Grand Prix,Lance Stroll,Aston Martin,6,2,2,9.0,Finished,correct,Correct,0.5133380281690141,84.86500000000001,4,4,1,-3.0,-4.0
2023,9,Austrian Grand Prix,Pierre Gasly,Alpine F1 Team,9,2,2,10.0,Finished,correct,Correct,0.4939577464788732,65.998,3,4,1,-1.0,0.0
2023,9,Austrian Grand Prix,Alexander Albon,Williams,10,2,3,11.0,Finished,over_predict,Finished worse than predicted — slow race pace (+0.66s/lap vs field median),0.6643802816901409,65.982,3,4,1,-1.0,-1.0
2023,9,Austrian Grand Prix,Esteban Ocon,Alpine F1 Team,12,3,3,14.0,Lapped,correct,Correct,0.8488714285714286,70.598,3,4,1,-1.0,0.0
2023,9,Austrian Grand Prix,Oscar Piastri,McLaren,13,3,3,16.0,Lapped,correct,Correct,1.3407142857142857,92.016,4,4,1,-3.0,-5.0
2023,9,Austrian Grand Prix,Nico Hülkenberg,Haas F1 Team,8,2,3,20.0,Retired,dnf_other,DNF destroyed the predicted outcome,1.7086666666666668,38.669,2,4,1,1.0,-11.0
2023,10,British Grand Prix,Max Verstappen,Red Bull,1,1,1,1.0,Finished,correct,Correct,-0.08808653846153847,29.056,1,6,33,-1.0,0.0
2023,10,British Grand Prix,Lando Norris,McLaren,2,1,1,2.0,Finished,correct,Correct,-0.015048076923076923,28.438,1,6,33,1.0,0.0
2023,10,British Grand Prix,Lewis Hamilton,Mercedes,7,2,1,3.0,Finished,under_predict,Finished better than predicted — gained 4 places from grid,0.04235576923076923,29.169,1,6,33,-1.0,4.0
2023,10,British Grand Prix,Oscar Piastri,McLaren,3,1,2,4.0,Finished,over_predict,Finished worse than predicted — SC/VSC at lap 33 shuffled strategy,0.06145192307692308,28.655,1,6,33,0.0,-1.0
2023,10,British Grand Prix,George Russell,Mercedes,6,2,2,5.0,Finished,correct,Correct,0.12741346153846153,29.455,1,6,33,1.0,1.0
2023,10,British Grand Prix,Sergio Pérez,Red Bull,15,3,2,6.0,Finished,under_predict,Finished better than predicted — gained 9 places from grid,0.15964423076923076,28.06,1,6,33,-1.0,9.0
2023,10,British Grand Prix,Fernando Alonso,Aston Martin,9,2,2,7.0,Finished,correct,Correct,0.24254807692307692,28.679,1,6,33,2.0,2.0
2023,10,British Grand Prix,Alexander Albon,Williams,8,2,2,8.0,Finished,correct,Correct,0.25572115384615385,29.634,1,6,33,-2.0,0.0
2023,10,British Grand Prix,Charles Leclerc,Ferrari,4,2,2,9.0,Finished,correct,Correct,0.27131730769230766,57.049,2,6,33,0.0,-5.0
2023,10,British Grand Prix,Carlos Sainz,Ferrari,5,2,2,10.0,Finished,correct,Correct,0.28591346153846153,28.869,1,6,33,-1.0,-5.0
2023,10,British Grand Prix,Nico Hülkenberg,Haas F1 Team,11,3,3,13.0,Finished,correct,Correct,0.4246634615384616,71.975,2,6,33,-3.0,-3.0
2023,10,British Grand Prix,Lance Stroll,Aston Martin,12,3,3,14.0,Finished,correct,Correct,0.34427884615384613,28.561,1,6,33,1.0,1.0
2023,10,British Grand Prix,Pierre Gasly,Alpine F1 Team,10,2,3,18.0,Retired,dnf_other,DNF destroyed the predicted outcome,1.8352282608695651,28.458,1,6,33,1.0,-8.0
2023,10,British Grand Prix,Esteban Ocon,Alpine F1 Team,13,3,3,20.0,Retired,correct_dnf,Correct — predicted out-of-points; the DNF delivered it,0.18377777777777776,0.0,0,6,33,1.0,1.0
2023,11,Hungarian Grand Prix,Max Verstappen,Red Bull,2,1,1,1.0,Finished,correct,Correct,-0.7655571428571428,43.087,2,0,0,1.0,1.0
2023,11,Hungarian Grand Prix,Lando Norris,McLaren,3,1,1,2.0,Finished,correct,Correct,-0.2836857142857143,42.971000000000004,2,0,0,0.0,1.0
2023,11,Hungarian Grand Prix,Sergio Pérez,Red Bull,9,2,1,3.0,Finished,under_predict,Finished better than predicted — gained 6 places from grid,-0.22837142857142856,42.742,2,0,0,1.0,6.0
2023,11,Hungarian Grand Prix,Lewis Hamilton,Mercedes,1,1,2,4.0,Finished,over_predict,Finished worse than predicted — lost 3 places from grid,-0.2065,43.702,2,0,0,-3.0,-3.0
2023,11,Hungarian Grand Prix,Oscar Piastri,McLaren,4,2,2,5.0,Finished,correct,Correct,0.12832857142857143,43.201,2,0,0,2.0,-1.0
2023,11,Hungarian Grand Prix,George Russell,Mercedes,18,3,2,6.0,Finished,under_predict,Finished better than predicted — gained 11 places from grid,0.1748,43.561,2,0,0,4.0,11.0
2023,11,Hungarian Grand Prix,Charles Leclerc,Ferrari,6,2,2,7.0,Finished,correct,Correct,0.16754285714285713,49.856,2,0,0,1.0,0.0
2023,11,Hungarian Grand Prix,Carlos Sainz,Ferrari,11,3,2,8.0,Finished,under_predict,Finished better than predicted — gained 3 places from grid,0.24977142857142856,43.453,2,0,0,5.0,3.0
2023,11,Hungarian Grand Prix,Fernando Alonso,Aston Martin,8,2,2,9.0,Finished,correct,Correct,0.316,47.068,2,0,0,1.0,-1.0
2023,11,Hungarian Grand Prix,Lance Stroll,Aston Martin,14,3,2,10.0,Lapped,under_predict,Finished better than predicted — gained 4 places from grid,0.6551159420289855,44.313,2,0,0,4.0,4.0
2023,11,Hungarian Grand Prix,Alexander Albon,Williams,16,3,3,11.0,Lapped,correct,Correct,0.8648550724637681,43.838,2,0,0,1.0,5.0
2023,11,Hungarian Grand Prix,Nico Hülkenberg,Haas F1 Team,10,2,3,14.0,Lapped,over_predict,Finished worse than predicted — slow race pace (+1.19s/lap vs field median) — lost 4 places from grid,1.1867536231884057,44.876999999999995,2,0,0,1.0,-4.0
2023,11,Hungarian Grand Prix,Esteban Ocon,Alpine F1 Team,12,3,3,19.0,Retired,correct_dnf,Correct — predicted out-of-points; the DNF delivered it,13.38825,0.0,0,0,0,-7.0,-7.0
2023,11,Hungarian Grand Prix,Pierre Gasly,Alpine F1 Team,15,3,3,20.0,Retired,correct_dnf,Correct — predicted out-of-points; the DNF delivered it,30.5135,0.0,0,0,0,-5.0,-5.0
2023,12,Belgian Grand Prix,Max Verstappen,Red Bull,1,1,1,1.0,Finished,correct,Correct,-1.0939204545454546,45.899,2,0,0,-3.0,0.0
2023,12,Belgian Grand Prix,Sergio Pérez,Red Bull,3,1,1,2.0,Finished,correct,Correct,-0.5869886363636364,46.394000000000005,2,0,0,2.0,1.0
2023,12,Belgian Grand Prix,Charles Leclerc,Ferrari,2,1,1,3.0,Finished,correct,Correct,-0.36076136363636363,46.372,2,0,0,0.0,-1.0
2023,12,Belgian Grand Prix,Lewis Hamilton,Mercedes,4,2,2,4.0,Finished,correct,Correct,0.034965909090909096,69.269,3,0,0,1.0,0.0
2023,12,Belgian Grand Prix,Fernando Alonso,Aston Martin,9,2,2,5.0,Finished,correct,Correct,0.18298863636363638,46.882999999999996,2,0,0,3.0,4.0
2023,12,Belgian Grand Prix,George Russell,Mercedes,8,2,2,6.0,Finished,correct,Correct,0.3401931818181818,23.837,1,0,0,-3.0,2.0
2023,12,Belgian Grand Prix,Lando Norris,McLaren,7,2,2,7.0,Finished,correct,Correct,0.5815113636363636,48.756,2,0,0,0.0,0.0
2023,12,Belgian Grand Prix,Esteban Ocon,Alpine F1 Team,15,3,2,8.0,Finished,under_predict,Finished better than predicted — gained 7 places from grid,0.6042386363636364,46.424,2,0,0,2.0,7.0
2023,12,Belgian Grand Prix,Lance Stroll,Aston Martin,10,2,2,9.0,Finished,correct,Correct,0.7092613636363636,25.397,1,0,0,1.0,1.0
2023,12,Belgian Grand Prix,Pierre Gasly,Alpine F1 Team,12,3,3,11.0,Finished,correct,Correct,0.7943522727272727,25.664,1,0,0,-4.0,1.0
2023,12,Belgian Grand Prix,Alexander Albon,Williams,16,3,3,14.0,Finished,correct,Correct,1.0920795454545456,72.14,3,0,0,6.0,2.0
2023,12,Belgian Grand Prix,Nico Hülkenberg,Haas F1 Team,20,3,3,18.0,Finished,correct,Correct,1.4163068181818181,49.809,2,0,0,3.0,2.0
2023,12,Belgian Grand Prix,Carlos Sainz,Ferrari,5,2,3,19.0,Retired,dnf_other,DNF destroyed the predicted outcome,2.200913043478261,23.303,1,0,0,0.0,-14.0
2023,12,Belgian Grand Prix,Oscar Piastri,McLaren,6,2,3,20.0,Retired,dnf_other,DNF destroyed the predicted outcome,,0.0,0,0,0,,
2023,13,Dutch Grand Prix,Max Verstappen,Red Bull,1,1,1,1.0,Finished,correct,Correct,0.608111111111111,2581.587,6,14,1,0.0,0.0
2023,13,Dutch Grand Prix,Fernando Alonso,Aston Martin,5,2,1,2.0,Finished,under_predict,Finished better than predicted — gained 3 places from grid,0.6601111111111111,2541.86,5,14,1,2.0,3.0
2023,13,Dutch Grand Prix,Pierre Gasly,Alpine F1 Team,12,3,1,3.0,Finished,under_predict,Finished better than predicted — gained 8 places from grid,0.7061388888888889,2536.977,5,14,1,-4.0,8.0
2023,13,Dutch Grand Prix,Sergio Pérez,Red Bull,7,2,2,4.0,Finished,correct,Correct,0.6785,2585.715,6,14,1,-6.0,4.0
2023,13,Dutch Grand Prix,Carlos Sainz,Ferrari,6,2,2,5.0,Finished,correct,Correct,0.7822916666666666,2522.8669999999997,5,14,1,0.0,1.0
2023,13,Dutch Grand Prix,Lewis Hamilton,Mercedes,13,3,2,6.0,Finished,under_predict,Finished better than predicted — gained 7 places from grid,0.7915694444444444,2511.4500000000003,5,14,1,2.0,7.0
2023,13,Dutch Grand Prix,Lando Norris,McLaren,2,1,2,7.0,Finished,over_predict,Finished worse than predicted — slow race pace (+0.79s/lap vs field median) — lost 5 places from grid,0.7918888888888889,2566.798,6,14,1,0.0,-5.0
2023,13,Dutch Grand Prix,Alexander Albon,Williams,4,2,2,8.0,Finished,correct,Correct,0.8185972222222222,2523.676,4,14,1,-1.0,-4.0
2023,13,Dutch Grand Prix,Oscar Piastri,McLaren,8,2,2,9.0,Finished,correct,Correct,0.838388888888889,2533.5809999999997,5,14,1,1.0,-1.0
2023,13,Dutch Grand Prix,Esteban Ocon,Alpine F1 Team,17,3,2,10.0,Finished,under_predict,Finished better than predicted — gained 7 places from grid,0.8629166666666667,2552.687,6,14,1,5.0,7.0
2023,13,Dutch Grand Prix,Lance Stroll,Aston Martin,11,3,3,11.0,Finished,correct,Correct,0.8870972222222222,2545.6389999999997,7,14,1,3.0,0.0
2023,13,Dutch Grand Prix,Nico Hülkenberg,Haas F1 Team,15,3,3,12.0,Finished,correct,Correct,0.8975555555555556,2507.3210000000004,5,14,1,5.0,3.0
2023,13,Dutch Grand Prix,George Russell,Mercedes,3,1,3,17.0,Finished,over_predict,Finished worse than predicted — slow race pace (+1.38s/lap vs field median) — lost 14 places from grid,1.382472222222222,2593.45,7,14,1,-1.0,-14.0
2023,13,Dutch Grand Prix,Charles Leclerc,Ferrari,9,2,3,19.0,Undertray,dnf_mech,DNF destroyed the predicted outcome,1.0014756097560975,59.888000000000005,2,14,1,-6.0,-8.0
2023,14,Italian Grand Prix,Max Verstappen,Red Bull,2,1,1,1.0,Finished,correct,Correct,-0.4191078431372549,24.228,1,0,0,0.0,1.0
2023,14,Italian Grand Prix,Sergio Pérez,Red Bull,5,2,1,2.0,Finished,under_predict,Finished better than predicted — fast race pace (-0.30s/lap vs field median) — gained 3 places from grid,-0.30020588235294116,23.819,1,0,0,0.0,3.0
2023,14,Italian Grand Prix,Carlos Sainz,Ferrari,1,1,1,3.0,Finished,correct,Correct,-0.19963725490196077,25.183,1,0,0,0.0,-2.0
2023,14,Italian Grand Prix,Charles Leclerc,Ferrari,3,1,2,4.0,Finished,over_predict,Finished worse than predicted,-0.1960294117647059,23.931,1,0,0,0.0,-1.0
2023,14,Italian Grand Prix,George Russell,Mercedes,4,2,2,5.0,Finished,correct,Correct,-0.06561764705882353,24.215,1,0,0,0.0,-1.0
2023,14,Italian Grand Prix,Lewis Hamilton,Mercedes,8,2,2,6.0,Finished,correct,Correct,0.31969607843137254,24.255,1,0,0,-1.0,2.0
2023,14,Italian Grand Prix,Alexander Albon,Williams,6,2,2,7.0,Finished,correct,Correct,0.4653235294117647,24.538,1,0,0,-1.0,-1.0
2023,14,Italian Grand Prix,Lando Norris,McLaren,9,2,2,8.0,Finished,correct,Correct,0.4720490196078431,23.727,1,0,0,1.0,1.0
2023,14,Italian Grand Prix,Fernando Alonso,Aston Martin,10,2,2,9.0,Finished,correct,Correct,0.48861764705882355,24.798,1,0,0,-1.0,1.0
2023,14,Italian Grand Prix,Oscar Piastri,McLaren,7,2,3,12.0,Finished,over_predict,Finished worse than predicted — slow race pace (+0.92s/lap vs field median) — lost 4 places from grid,0.9156764705882352,55.932,2,0,0,1.0,-4.0
2023,14,Italian Grand Prix,Pierre Gasly,Alpine F1 Team,17,3,3,15.0,Finished,correct,Correct,1.198735294117647,52.062,2,0,0,0.0,2.0
2023,14,Italian Grand Prix,Lance Stroll,Aston Martin,20,3,3,16.0,Finished,correct,Correct,1.2919901960784315,25.667,1,0,0,1.0,4.0
2023,14,Italian Grand Prix,Nico Hülkenberg,Haas F1 Team,13,3,3,17.0,Lapped,correct,Correct,1.35431,50.423,2,0,0,3.0,-4.0
2023,14,Italian Grand Prix,Esteban Ocon,Alpine F1 Team,18,3,3,19.0,Retired,correct_dnf,Correct — predicted out-of-points; the DNF delivered it,1.8665128205128205,24.249,1,0,0,2.0,0.0
2023,15,Singapore Grand Prix,Carlos Sainz,Ferrari,1,1,1,1.0,Finished,correct,Correct,-0.475258064516129,29.499,1,4,20,0.0,0.0
2023,15,Singapore Grand Prix,Lando Norris,McLaren,4,2,1,2.0,Finished,under_predict,Finished better than predicted — fast race pace (-0.46s/lap vs field median),-0.4621612903225807,29.485,1,4,20,-1.0,2.0
2023,15,Singapore Grand Prix,Lewis Hamilton,Mercedes,5,2,1,3.0,Finished,under_predict,Finished better than predicted — fast race pace (-0.45s/lap vs field median),-0.45479032258064517,66.212,2,4,20,2.0,2.0
2023,15,Singapore Grand Prix,Charles Leclerc,Ferrari,3,1,2,4.0,Finished,over_predict,Finished worse than predicted — SC/VSC at lap 20 shuffled strategy,-0.13369354838709677,32.888,1,4,20,1.0,-1.0
2023,15,Singapore Grand Prix,Max Verstappen,Red Bull,11,3,2,5.0,Finished,under_predict,Finished better than predicted — gained 6 places from grid,-0.12943548387096773,29.698,1,4,20,1.0,6.0
2023,15,Singapore Grand Prix,Pierre Gasly,Alpine F1 Team,12,3,2,6.0,Finished,under_predict,Finished better than predicted — gained 6 places from grid,0.14475806451612902,31.802,1,4,20,1.0,6.0
2023,15,Singapore Grand Prix,Oscar Piastri,McLaren,17,3,2,7.0,Finished,under_predict,Finished better than predicted — gained 10 places from grid,0.19375806451612904,29.369,1,4,20,3.0,10.0
2023,15,Singapore Grand Prix,Sergio Pérez,Red Bull,13,3,2,8.0,Finished,under_predict,Finished better than predicted — gained 5 places from grid,0.4043225806451613,28.977,1,4,20,0.0,5.0
2023,15,Singapore Grand Prix,Alexander Albon,Williams,14,3,3,11.0,Finished,correct,Correct,0.7088870967741936,59.925,2,4,20,-1.0,3.0
2023,15,Singapore Grand Prix,Nico Hülkenberg,Haas F1 Team,9,2,3,13.0,Finished,over_predict,Finished worse than predicted — slow race pace (+0.92s/lap vs field median) — lost 4 places from grid — SC/VSC at lap 20 shuffled strategy,0.9150806451612904,35.497,1,4,20,0.0,-4.0
2023,15,Singapore Grand Prix,Fernando Alonso,Aston Martin,7,2,3,15.0,Finished,over_predict,Finished worse than predicted — slow race pace (+0.94s/lap vs field median) — lost 8 places from grid — SC/VSC at lap 20 shuffled strategy,0.9376935483870968,83.378,2,4,20,1.0,-8.0
2023,15,Singapore Grand Prix,George Russell,Mercedes,2,1,3,16.0,Retired,dnf_other,DNF destroyed the predicted outcome,-0.44272131147540983,60.015,2,4,20,-2.0,-1.0
2023,15,Singapore Grand Prix,Esteban Ocon,Alpine F1 Team,8,2,3,18.0,Retired,dnf_other,DNF destroyed the predicted outcome,0.08389285714285714,29.755,1,4,20,1.0,2.0
2023,15,Singapore Grand Prix,Lance Stroll,Aston Martin,20,3,3,20.0,Withdrew,correct_dnf,Correct — predicted out-of-points; the DNF delivered it,,0.0,0,4,20,,
2023,16,Japanese Grand Prix,Max Verstappen,Red Bull,1,1,1,1.0,Finished,correct,Correct,-0.7546226415094339,48.078,2,5,1,0.0,0.0
2023,16,Japanese Grand Prix,Lando Norris,McLaren,3,1,1,2.0,Finished,correct,Correct,-0.3888301886792453,46.705,2,5,1,1.0,1.0
2023,16,Japanese Grand Prix,Oscar Piastri,McLaren,2,1,1,3.0,Finished,correct,Correct,-0.06605660377358491,47.653,2,5,1,-1.0,-1.0
2023,16,Japanese Grand Prix,Charles Leclerc,Ferrari,4,2,2,4.0,Finished,correct,Correct,0.07552830188679245,46.123,2,5,1,0.0,0.0
2023,16,Japanese Grand Prix,Lewis Hamilton,Mercedes,7,2,2,5.0,Finished,correct,Correct,0.177,48.472,2,5,1,-1.0,2.0
2023,16,Japanese Grand Prix,Carlos Sainz,Ferrari,6,2,2,6.0,Finished,correct,Correct,0.1929433962264151,46.449,2,5,1,1.0,0.0
2023,16,Japanese Grand Prix,George Russell,Mercedes,8,2,2,7.0,Finished,correct,Correct,0.3332830188679245,24.034,1,5,1,-1.0,1.0
2023,16,Japanese Grand Prix,Fernando Alonso,Aston Martin,10,2,2,8.0,Finished,correct,Correct,0.6552830188679245,48.379999999999995,2,5,1,4.0,2.0
2023,16,Japanese Grand Prix,Esteban Ocon,Alpine F1 Team,14,3,2,9.0,Finished,under_predict,Finished better than predicted — gained 5 places from grid,0.7487358490566038,50.845,2,5,1,-5.0,5.0
2023,16,Japanese Grand Prix,Pierre Gasly,Alpine F1 Team,12,3,2,10.0,Finished,under_predict,Finished better than predicted,0.8143396226415094,49.138999999999996,2,5,1,-2.0,2.0
2023,16,Japanese Grand Prix,Nico Hülkenberg,Haas F1 Team,18,3,3,14.0,Lapped,correct,Correct,1.2943076923076924,70.518,3,5,1,5.0,4.0
2023,16,Japanese Grand Prix,Alexander Albon,Williams,13,3,3,16.0,Retired,correct_dnf,Correct — predicted out-of-points; the DNF delivered it,2.4323076923076923,102.30799999999999,2,5,1,-4.0,-3.0
2023,16,Japanese Grand Prix,Lance Stroll,Aston Martin,17,3,3,18.0,Retired,correct_dnf,Correct — predicted out-of-points; the DNF delivered it,1.112775,23.441,1,5,1,5.0,5.0
2023,16,Japanese Grand Prix,Sergio Pérez,Red Bull,5,2,3,19.0,Retired,dnf_other,DNF destroyed the predicted outcome,175.76646666666667,2590.513,4,5,1,-2.0,-14.0
2023,17,Qatar Grand Prix,Max Verstappen,Red Bull,1,1,1,1.0,Finished,correct,Correct,0.15151754385964913,86.062,3,4,1,0.0,0.0
2023,17,Qatar Grand Prix,Oscar Piastri,McLaren,6,2,1,2.0,Finished,under_predict,Finished better than predicted — gained 4 places from grid,0.23630701754385963,84.232,3,4,1,4.0,4.0
2023,17,Qatar Grand Prix,Lando Norris,McLaren,10,2,1,3.0,Finished,under_predict,Finished better than predicted — gained 7 places from grid,0.25623684210526315,83.422,3,4,1,4.0,7.0
2023,17,Qatar Grand Prix,George Russell,Mercedes,2,1,2,4.0,Finished,over_predict,Finished worse than predicted — slow race pace (+0.75s/lap vs field median),0.7500964912280701,124.733,4,4,1,-16.0,-2.0
2023,17,Qatar Grand Prix,Charles Leclerc,Ferrari,5,2,2,5.0,Finished,correct,Correct,0.8353070175438596,83.614,3,4,1,1.0,0.0
2023,17,Qatar Grand Prix,Fernando Alonso,Aston Martin,4,2,2,6.0,Finished,correct,Correct,1.0117280701754385,85.19800000000001,3,4,1,1.0,-2.0
2023,17,Qatar Grand Prix,Esteban Ocon,Alpine F1 Team,8,2,2,7.0,Finished,correct,Correct,1.246078947368421,87.099,3,4,1,3.0,1.0
2023,17,Qatar Grand Prix,Sergio Pérez,Red Bull,13,3,2,10.0,Finished,under_predict,Finished better than predicted,1.470482456140351,94.219,3,4,1,-4.0,2.0
2023,17,Qatar Grand Prix,Lance Stroll,Aston Martin,17,3,3,11.0,Finished,correct,Correct,1.4085701754385964,86.441,3,4,1,4.0,8.0
2023,17,Qatar Grand Prix,Pierre Gasly,Alpine F1 Team,7,2,3,12.0,Finished,over_predict,Finished worse than predicted — slow race pace (+1.42s/lap vs field median) — lost 3 places from grid,1.4199385964912281,93.477,3,4,1,0.0,-3.0
2023,17,Qatar Grand Prix,Alexander Albon,Williams,14,3,3,13.0,Finished,correct,Correct,1.572815789473684,86.981,3,4,1,3.0,1.0
2023,17,Qatar Grand Prix,Nico Hülkenberg,Haas F1 Team,15,3,3,16.0,Lapped,correct,Correct,1.9695089285714287,96.744,3,4,1,5.0,-1.0
2023,17,Qatar Grand Prix,Lewis Hamilton,Mercedes,3,1,3,19.0,Retired,dnf_other,DNF destroyed the predicted outcome,,0.0,0,4,1,,
2023,17,Qatar Grand Prix,Carlos Sainz,Ferrari,12,3,3,20.0,Did not start,correct_dnf,Correct — predicted out-of-points; the DNF delivered it,,0.0,0,4,1,,
2023,18,United States Grand Prix,Max Verstappen,Red Bull,6,2,1,1.0,Finished,under_predict,Finished better than predicted — gained 5 places from grid,-0.26557142857142857,48.730000000000004,2,0,0,1.0,5.0
2023,18,United States Grand Prix,Lando Norris,McLaren,2,1,1,2.0,Finished,correct,Correct,-0.0739642857142857,47.516000000000005,2,0,0,1.0,-1.0
2023,18,United States Grand Prix,Carlos Sainz,Ferrari,4,2,1,3.0,Finished,under_predict,Finished better than predicted,0.004678571428571429,47.340999999999994,2,0,0,1.0,0.0
2023,18,United States Grand Prix,Sergio Pérez,Red Bull,9,2,2,4.0,Finished,correct,Correct,0.06407142857142857,47.992000000000004,2,0,0,0.0,4.0
2023,18,United States Grand Prix,George Russell,Mercedes,5,2,2,5.0,Finished,correct,Correct,0.18083928571428573,48.326,2,0,0,-3.0,-2.0
2023,18,United States Grand Prix,Pierre Gasly,Alpine F1 Team,7,2,2,6.0,Finished,correct,Correct,0.5915,48.78,2,0,0,-3.0,-1.0
2023,18,United States Grand Prix,Lance Stroll,Aston Martin,19,3,2,7.0,Finished,under_predict,Finished better than predicted — gained 10 places from grid,0.604,48.412,2,0,0,-1.0,10.0
2023,18,United States Grand Prix,Alexander Albon,Williams,18,3,2,9.0,Finished,under_predict,Finished better than predicted — gained 7 places from grid,1.1936071428571429,48.917,2,0,0,4.0,7.0
2023,18,United States Grand Prix,Nico Hülkenberg,Haas F1 Team,16,3,3,11.0,Finished,correct,Correct,1.3398571428571429,50.881,2,0,0,-3.0,3.0
2023,18,United States Grand Prix,Fernando Alonso,Aston Martin,17,3,3,16.0,Retired,correct_dnf,Correct — predicted out-of-points; the DNF delivered it,1.0339183673469388,49.878,2,0,0,-1.0,6.0
2023,18,United States Grand Prix,Oscar Piastri,McLaren,10,2,3,17.0,Retired,dnf_other,DNF destroyed the predicted outcome,1.70335,0.0,0,0,0,4.0,-8.0
2023,18,United States Grand Prix,Esteban Ocon,Alpine F1 Team,8,2,3,18.0,Retired,dnf_other,DNF destroyed the predicted outcome,3.2634166666666666,0.0,0,0,0,1.0,-12.0
2023,18,United States Grand Prix,Lewis Hamilton,Mercedes,3,1,3,19.0,Disqualified,dnf_other,DNF destroyed the predicted outcome,-0.22583928571428571,49.564,2,0,0,-1.0,1.0
2023,18,United States Grand Prix,Charles Leclerc,Ferrari,1,1,3,20.0,Disqualified,dnf_other,DNF destroyed the predicted outcome,0.17482142857142857,23.963,1,0,0,-1.0,-5.0
2023,19,Mexico City Grand Prix,Max Verstappen,Red Bull,3,1,1,1.0,Finished,correct,Correct,-0.46301408450704223,1253.935,3,5,5,2.0,2.0
2023,19,Mexico City Grand Prix,Lewis Hamilton,Mercedes,6,2,1,2.0,Finished,under_predict,Finished better than predicted — gained 4 places from grid,-0.26759154929577467,1235.118,2,5,5,1.0,4.0
2023,19,Mexico City Grand Prix,Charles Leclerc,Ferrari,1,1,1,3.0,Finished,correct,Correct,-0.13732394366197184,1232.76,2,5,5,-1.0,-2.0
2023,19,Mexico City Grand Prix,Carlos Sainz,Ferrari,2,1,2,4.0,Finished,over_predict,Finished worse than predicted — SC/VSC at lap 5 shuffled strategy,-0.08056338028169015,1237.499,2,5,5,-1.0,-2.0
2023,19,Mexico City Grand Prix,Lando Norris,McLaren,19,3,2,5.0,Finished,under_predict,Finished better than predicted — gained 14 places from grid,0.00552112676056338,1272.357,3,5,5,3.0,14.0
2023,19,Mexico City Grand Prix,George Russell,Mercedes,8,2,2,6.0,Finished,correct,Correct,0.11473239436619719,1240.511,2,5,5,1.0,2.0
2023,19,Mexico City Grand Prix,Oscar Piastri,McLaren,7,2,2,8.0,Finished,correct,Correct,0.14408450704225353,1242.798,2,5,5,1.0,-1.0
2023,19,Mexico City Grand Prix,Alexander Albon,Williams,14,3,2,9.0,Finished,under_predict,Finished better than predicted — gained 5 places from grid,0.22111267605633803,1251.66,2,5,5,3.0,5.0
2023,19,Mexico City Grand Prix,Esteban Ocon,Alpine F1 Team,16,3,2,10.0,Finished,under_predict,Finished better than predicted — gained 6 places from grid,0.4226056338028169,1226.296,1,5,5,-2.0,6.0
2023,19,Mexico City Grand Prix,Pierre Gasly,Alpine F1 Team,11,3,3,11.0,Finished,correct,Correct,0.46949295774647887,1248.325,2,5,5,2.0,0.0
2023,19,Mexico City Grand Prix,Nico Hülkenberg,Haas F1 Team,12,3,3,13.0,Finished,correct,Correct,0.6680985915492957,1242.97,2,5,5,4.0,-1.0
2023,19,Mexico City Grand Prix,Lance Stroll,Aston Martin,18,3,3,17.0,Collision damage,correct_dnf,Correct — predicted out-of-points; the DNF delivered it,0.8627575757575757,1252.268,2,5,5,-1.0,1.0
2023,19,Mexico City Grand Prix,Fernando Alonso,Aston Martin,13,3,3,18.0,Withdrew,correct_dnf,Correct — predicted out-of-points; the DNF delivered it,0.8032978723404256,1252.681,2,5,5,-1.0,-5.0
2023,19,Mexico City Grand Prix,Sergio Pérez,Red Bull,5,2,3,20.0,Collision damage,dnf_driver,DNF destroyed the predicted outcome,10.637,0.0,0,5,5,-15.0,-15.0
2023,20,São Paulo Grand Prix,Max Verstappen,Red Bull,1,1,1,1.0,Finished,correct,Correct,0.22526760563380283,1467.558,4,3,1,0.0,0.0
2023,20,São Paulo Grand Prix,Lando Norris,McLaren,7,2,1,2.0,Finished,under_predict,Finished better than predicted — gained 5 places from grid,0.3418450704225352,1471.467,4,3,1,5.0,5.0
2023,20,São Paulo Grand Prix,Fernando Alonso,Aston Martin,4,2,1,3.0,Finished,under_predict,Finished better than predicted,0.7063239436619718,1474.675,4,3,1,0.0,1.0
2023,20,São Paulo Grand Prix,Sergio Pérez,Red Bull,9,2,2,4.0,Finished,correct,Correct,0.7070704225352112,1479.2089999999998,4,3,1,2.0,5.0
2023,20,São Paulo Grand Prix,Lance Stroll,Aston Martin,3,1,2,5.0,Finished,over_predict,Finished worse than predicted — slow race pace (+0.80s/lap vs field median),0.800549295774648,1477.34,4,3,1,-2.0,-2.0
2023,20,São Paulo Grand Prix,Carlos Sainz,Ferrari,8,2,2,6.0,Finished,correct,Correct,0.9321408450704225,1483.995,4,3,1,0.0,2.0
2023,20,São Paulo Grand Prix,Pierre Gasly,Alpine F1 Team,13,3,2,7.0,Finished,under_predict,Finished better than predicted — gained 6 places from grid,1.0153098591549294,1486.107,4,3,1,1.0,6.0
2023,20,São Paulo Grand Prix,Lewis Hamilton,Mercedes,5,2,2,8.0,Finished,correct,Correct,1.110605633802817,1472.541,4,3,1,2.0,-3.0
2023,20,São Paulo Grand Prix,Esteban Ocon,Alpine F1 Team,12,3,2,10.0,Lapped,under_predict,Finished better than predicted,1.4454857142857143,1508.9759999999999,5,3,1,3.0,2.0
2023,20,São Paulo Grand Prix,Nico Hülkenberg,Haas F1 Team,11,3,3,12.0,Lapped,correct,Correct,1.7329,1503.572,4,3,1,-6.0,-1.0
2023,20,São Paulo Grand Prix,Oscar Piastri,McLaren,10,2,3,14.0,Lapped,over_predict,Finished worse than predicted — slow race pace (+2.47s/lap vs field median) — lost 4 places from grid,2.4651884057971016,1669.3700000000001,4,3,1,0.0,-4.0
2023,20,São Paulo Grand Prix,George Russell,Mercedes,6,2,3,15.0,Retired,dnf_other,DNF destroyed the predicted outcome,1.9166842105263158,1479.125,4,3,1,0.0,-6.0
2023,20,São Paulo Grand Prix,Alexander Albon,Williams,15,3,3,19.0,Retired,correct_dnf,Correct — predicted out-of-points; the DNF delivered it,,0.0,0,3,1,,
2023,20,São Paulo Grand Prix,Charles Leclerc,Ferrari,2,1,3,20.0,Did not start,dnf_other,DNF destroyed the predicted outcome,,0.0,0,3,1,,
2023,21,Las Vegas Grand Prix,Max Verstappen,Red Bull,3,1,1,1.0,Finished,correct,Correct,-0.31754000000000004,48.009,2,7,1,2.0,2.0
2023,21,Las Vegas Grand Prix,Charles Leclerc,Ferrari,1,1,1,2.0,Finished,correct,Correct,-0.27614,22.559,1,7,1,-1.0,-1.0
2023,21,Las Vegas Grand Prix,Sergio Pérez,Red Bull,12,3,1,3.0,Finished,under_predict,Finished better than predicted — gained 9 places from grid,-0.27272,55.167,2,7,1,1.0,9.0
2023,21,Las Vegas Grand Prix,Esteban Ocon,Alpine F1 Team,17,3,2,4.0,Finished,under_predict,Finished better than predicted — gained 12 places from grid,0.05576,21.763,1,7,1,9.0,12.0
2023,21,Las Vegas Grand Prix,Lance Stroll,Aston Martin,14,3,2,5.0,Finished,under_predict,Finished better than predicted — gained 8 places from grid,0.0838,44.792,2,7,1,5.0,8.0
2023,21,Las Vegas Grand Prix,Carlos Sainz,Ferrari,2,1,2,6.0,Finished,over_predict,Finished worse than predicted — lost 5 places from grid,0.09914,43.891,2,7,1,-16.0,-5.0
2023,21,Las Vegas Grand Prix,Lewis Hamilton,Mercedes,11,3,2,7.0,Finished,under_predict,Finished better than predicted — gained 3 places from grid,0.11756,47.555,2,7,1,-4.0,3.0
2023,21,Las Vegas Grand Prix,George Russell,Mercedes,4,2,2,8.0,Finished,correct,Correct,0.04428,43.209,2,7,1,1.0,0.0
2023,21,Las Vegas Grand Prix,Fernando Alonso,Aston Martin,10,2,2,9.0,Finished,correct,Correct,0.20174,52.518,2,7,1,-9.0,1.0
2023,21,Las Vegas Grand Prix,Oscar Piastri,McLaren,19,3,2,10.0,Finished,under_predict,Finished better than predicted — gained 9 places from grid,0.27238,43.804,2,7,1,6.0,9.0
2023,21,Las Vegas Grand Prix,Pierre Gasly,Alpine F1 Team,5,2,3,11.0,Finished,over_predict,Finished worse than predicted — slow race pace (+0.37s/lap vs field median) — lost 6 places from grid,0.36786,22.262,1,7,1,1.0,-6.0
2023,21,Las Vegas Grand Prix,Alexander Albon,Williams,6,2,3,12.0,Finished,over_predict,Finished worse than predicted — slow race pace (+0.55s/lap vs field median) — lost 6 places from grid,0.5504199999999999,21.242,1,7,1,1.0,-6.0
2023,21,Las Vegas Grand Prix,Nico Hülkenberg,Haas F1 Team,13,3,3,19.0,Retired,correct_dnf,Correct — predicted out-of-points; the DNF delivered it,0.5496777777777778,47.607,2,7,1,3.0,-2.0
2023,21,Las Vegas Grand Prix,Lando Norris,McLaren,16,3,3,20.0,Retired,correct_dnf,Correct — predicted out-of-points; the DNF delivered it,-0.75475,0.0,0,7,1,2.0,3.0
2023,22,Abu Dhabi Grand Prix,Max Verstappen,Red Bull,1,1,1,1.0,Finished,correct,Correct,-0.23318965517241377,42.937,2,0,0,0.0,0.0
2023,22,Abu Dhabi Grand Prix,Charles Leclerc,Ferrari,2,1,1,2.0,Finished,correct,Correct,0.07703448275862068,43.165,2,0,0,0.0,-1.0
2023,22,Abu Dhabi Grand Prix,George Russell,Mercedes,4,2,1,3.0,Finished,under_predict,Finished better than predicted,0.11729310344827586,43.733999999999995,2,0,0,-1.0,0.0
2023,22,Abu Dhabi Grand Prix,Sergio Pérez,Red Bull,9,2,2,4.0,Finished,correct,Correct,0.050482758620689655,42.72,2,0,0,-1.0,7.0
2023,22,Abu Dhabi Grand Prix,Lando Norris,McLaren,5,2,2,5.0,Finished,correct,Correct,0.1855,45.492999999999995,2,0,0,1.0,0.0
2023,22,Abu Dhabi Grand Prix,Oscar Piastri,McLaren,3,1,2,6.0,Finished,over_predict,Finished worse than predicted — slow race pace (+0.31s/lap vs field median) — lost 3 places from grid,0.30968965517241376,42.852999999999994,2,0,0,0.0,-3.0
2023,22,Abu Dhabi Grand Prix,Fernando Alonso,Aston Martin,7,2,2,7.0,Finished,correct,Correct,0.44805172413793104,44.303,2,0,0,0.0,0.0
2023,22,Abu Dhabi Grand Prix,Lewis Hamilton,Mercedes,11,3,2,9.0,Finished,under_predict,Finished better than predicted,0.5327413793103449,44.24,2,0,0,2.0,2.0
2023,22,Abu Dhabi Grand Prix,Lance Stroll,Aston Martin,13,3,2,10.0,Finished,under_predict,Finished better than predicted — gained 3 places from grid,0.7259827586206896,43.533,2,0,0,1.0,3.0
2023,22,Abu Dhabi Grand Prix,Esteban Ocon,Alpine F1 Team,12,3,3,12.0,Finished,correct,Correct,0.9111724137931035,22.16,1,0,0,1.0,0.0
2023,22,Abu Dhabi Grand Prix,Pierre Gasly,Alpine F1 Team,10,2,3,13.0,Finished,over_predict,Finished worse than predicted — slow race pace (+0.98s/lap vs field median) — lost 3 places from grid,0.9799137931034483,46.569,2,0,0,2.0,-3.0
2023,22,Abu Dhabi Grand Prix,Alexander Albon,Williams,14,3,3,14.0,Finished,correct,Correct,1.0286034482758621,44.089,2,0,0,-3.0,0.0
2023,22,Abu Dhabi Grand Prix,Nico Hülkenberg,Haas F1 Team,8,2,3,15.0,Finished,over_predict,Finished worse than predicted — slow race pace (+1.21s/lap vs field median) — lost 7 places from grid,1.209844827586207,43.942,2,0,0,-5.0,-7.0
2023,22,Abu Dhabi Grand Prix,Carlos Sainz,Ferrari,16,3,3,18.0,Retired,correct_dnf,Correct — predicted out-of-points; the DNF delivered it,1.1226491228070177,42.793,2,0,0,2.0,1.0
2024,1,Bahrain Grand Prix,Max Verstappen,Red Bull,1,1,1,1.0,Finished,correct,Correct,-0.5717017543859649,49.272999999999996,2,0,0,0.0,0.0
2024,1,Bahrain Grand Prix,Sergio Pérez,Red Bull,5,2,1,2.0,Finished,under_predict,Finished better than predicted — gained 3 places from grid,-0.17771929824561403,49.07899999999999,2,0,0,1.0,3.0
2024,1,Bahrain Grand Prix,Carlos Sainz,Ferrari,4,2,1,3.0,Finished,under_predict,Finished better than predicted,-0.13117543859649122,48.34,2,0,0,-1.0,1.0
2024,1,Bahrain Grand Prix,Charles Leclerc,Ferrari,2,1,2,4.0,Finished,over_predict,Finished worse than predicted,0.12424561403508773,48.205,2,0,0,0.0,-2.0
2024,1,Bahrain Grand Prix,George Russell,Mercedes,3,1,2,5.0,Finished,over_predict,Finished worse than predicted,0.249140350877193,49.644,2,0,0,0.0,-2.0
2024,1,Bahrain Grand Prix,Lando Norris,McLaren,7,2,2,6.0,Finished,correct,Correct,0.27843859649122804,48.91,2,0,0,0.0,1.0
2024,1,Bahrain Grand Prix,Lewis Hamilton,Mercedes,9,2,2,7.0,Finished,correct,Correct,0.3111754385964912,49.181,2,0,0,0.0,2.0
2024,1,Bahrain Grand Prix,Oscar Piastri,McLaren,8,2,2,8.0,Finished,correct,Correct,0.41219298245614033,50.302,2,0,0,0.0,0.0
2024,1,Bahrain Grand Prix,Fernando Alonso,Aston Martin,6,2,2,9.0,Finished,correct,Correct,0.7421052631578947,49.895,2,0,0,0.0,-3.0
2024,1,Bahrain Grand Prix,Lance Stroll,Aston Martin,12,3,2,10.0,Finished,under_predict,Finished better than predicted,1.0636666666666668,48.963,2,0,0,-7.0,2.0
2024,1,Bahrain Grand Prix,Alexander Albon,Williams,13,3,3,15.0,Lapped,correct,Correct,1.3451428571428572,49.291,2,0,0,2.0,-2.0
2024,1,Bahrain Grand Prix,Nico Hülkenberg,Haas F1 Team,10,2,3,16.0,Lapped,over_predict,Finished worse than predicted — slow race pace (+1.45s/lap vs field median) — lost 6 places from grid,1.44775,85.759,3,0,0,-10.0,-6.0
2024,1,Bahrain Grand Prix,Esteban Ocon,Alpine F1 Team,19,3,3,17.0,Lapped,correct,Correct,1.6945,50.022,2,0,0,3.0,2.0
2024,1,Bahrain Grand Prix,Pierre Gasly,Alpine F1 Team,20,3,3,18.0,Lapped,correct,Correct,1.7117678571428572,81.682,3,0,0,3.0,2.0
2024,2,Saudi Arabian Grand Prix,Max Verstappen,Red Bull,1,1,1,1.0,Finished,correct,Correct,-1.11339,20.607,1,3,7,0.0,0.0
2024,2,Saudi Arabian Grand Prix,Sergio Pérez,Red Bull,3,1,1,2.0,Finished,correct,Correct,-0.94053,22.196,1,3,7,0.0,1.0
2024,2,Saudi Arabian Grand Prix,Charles Leclerc,Ferrari,2,1,1,3.0,Finished,correct,Correct,-0.74061,23.419,1,3,7,0.0,-1.0
2024,2,Saudi Arabian Grand Prix,Oscar Piastri,McLaren,5,2,2,4.0,Finished,correct,Correct,-0.47325,21.427,1,3,7,0.0,1.0
2024,2,Saudi Arabian Grand Prix,Fernando Alonso,Aston Martin,4,2,2,5.0,Finished,correct,Correct,-0.39820999999999995,22.129,1,3,7,0.0,-1.0
2024,2,Saudi Arabian Grand Prix,George Russell,Mercedes,7,2,2,6.0,Finished,correct,Correct,-0.31467,21.013,1,3,7,0.0,1.0
2024,2,Saudi Arabian Grand Prix,Oliver Bearman,Ferrari,11,3,2,7.0,Finished,under_predict,Finished better than predicted — gained 4 places from grid,-0.25981,22.457,1,3,7,0.0,4.0
2024,2,Saudi Arabian Grand Prix,Lando Norris,McLaren,6,2,2,8.0,Finished,correct,Correct,-0.19923,22.211,1,3,7,0.0,-2.0
2024,2,Saudi Arabian Grand Prix,Lewis Hamilton,Mercedes,8,2,2,9.0,Finished,correct,Correct,-0.16557,20.17,1,3,7,0.0,-1.0
2024,2,Saudi Arabian Grand Prix,Nico Hülkenberg,Haas F1 Team,15,3,2,10.0,Finished,under_predict,Finished better than predicted — gained 5 places from grid,0.42652999999999996,21.035,1,3,7,1.0,5.0
2024,2,Saudi Arabian Grand Prix,Alexander Albon,Williams,12,3,3,11.0,Finished,correct,Correct,0.6536900000000001,21.723,1,3,7,-1.0,0.0
2024,2,Saudi Arabian Grand Prix,Esteban Ocon,Alpine F1 Team,17,3,3,13.0,Lapped,correct,Correct,0.8395204081632653,22.502,1,3,7,1.0,4.0
2024,2,Saudi Arabian Grand Prix,Lance Stroll,Aston Martin,10,2,3,19.0,Retired,dnf_other,DNF destroyed the predicted outcome,-0.1372,0.0,0,3,7,1.0,1.0
2024,2,Saudi Arabian Grand Prix,Pierre Gasly,Alpine F1 Team,18,3,3,20.0,Retired,correct_dnf,Correct — predicted out-of-points; the DNF delivered it,18.877,0.0,0,3,7,-2.0,-2.0
2024,3,Australian Grand Prix,Carlos Sainz,Ferrari,2,1,1,1.0,Finished,correct,Correct,-0.9406120689655172,35.339,2,3,17,0.0,1.0
2024,3,Australian Grand Prix,Charles Leclerc,Ferrari,5,2,1,2.0,Finished,under_predict,Finished better than predicted — fast race pace (-0.90s/lap vs field median) — gained 3 places from grid,-0.8998189655172414,34.717,2,3,17,1.0,3.0
2024,3,Australian Grand Prix,Lando Norris,McLaren,4,2,1,3.0,Finished,under_predict,Finished better than predicted — fast race pace (-0.84s/lap vs field median),-0.8388189655172414,35.429,2,3,17,1.0,1.0
2024,3,Australian Grand Prix,Oscar Piastri,McLaren,6,2,2,4.0,Finished,correct,Correct,-0.3238879310344827,36.106,2,3,17,1.0,2.0
2024,3,Australian Grand Prix,Sergio Pérez,Red Bull,3,1,2,5.0,Finished,over_predict,Finished worse than predicted — SC/VSC at lap 17 shuffled strategy,0.030232758620689654,35.334,2,3,17,-4.0,-2.0
2024,3,Australian Grand Prix,Lance Stroll,Aston Martin,9,2,2,6.0,Finished,correct,Correct,0.6666637931034483,35.878,2,3,17,1.0,2.0
2024,3,Australian Grand Prix,Fernando Alonso,Aston Martin,10,2,2,8.0,Finished,correct,Correct,0.455801724137931,36.155,2,3,17,-1.0,4.0
2024,3,Australian Grand Prix,Nico Hülkenberg,Haas F1 Team,16,3,2,9.0,Finished,under_predict,Finished better than predicted — gained 7 places from grid,0.8620258620689655,36.465,2,3,17,0.0,7.0
2024,3,Australian Grand Prix,Alexander Albon,Williams,12,3,3,11.0,Lapped,correct,Correct,1.1315,35.5,2,3,17,-2.0,1.0
2024,3,Australian Grand Prix,Pierre Gasly,Alpine F1 Team,17,3,3,13.0,Lapped,correct,Correct,1.674377192982456,37.998,2,3,17,0.0,4.0
2024,3,Australian Grand Prix,Esteban Ocon,Alpine F1 Team,15,3,3,16.0,Lapped,correct,Correct,1.9906228070175438,66.92,3,3,17,0.0,-1.0
2024,3,Australian Grand Prix,George Russell,Mercedes,7,2,3,17.0,Retired,dnf_other,DNF destroyed the predicted outcome,0.44226785714285716,36.01,2,3,17,1.0,0.0
2024,3,Australian Grand Prix,Lewis Hamilton,Mercedes,11,3,3,18.0,Retired,correct_dnf,Correct — predicted out-of-points; the DNF delivered it,1.1716666666666666,17.596,1,3,17,1.0,0.0
2024,3,Australian Grand Prix,Max Verstappen,Red Bull,1,1,3,19.0,Retired,dnf_other,DNF destroyed the predicted outcome,-2.1036666666666664,0.0,0,3,17,0.0,-1.0
2024,4,Japanese Grand Prix,Max Verstappen,Red Bull,1,1,1,1.0,Finished,correct,Correct,-0.6422924528301888,1622.014,3,3,1,0.0,0.0
2024,4,Japanese Grand Prix,Sergio Pérez,Red Bull,2,1,1,2.0,Finished,correct,Correct,-0.4057830188679245,1623.607,3,3,1,0.0,0.0
2024,4,Japanese Grand Prix,Carlos Sainz,Ferrari,4,2,1,3.0,Finished,under_predict,Finished better than predicted,-0.24859433962264152,1626.8239999999998,3,3,1,0.0,1.0
2024,4,Japanese Grand Prix,Charles Leclerc,Ferrari,8,2,2,4.0,Finished,correct,Correct,-0.141877358490566,1606.6180000000002,2,3,1,0.0,4.0
2024,4,Japanese Grand Prix,Lando Norris,McLaren,3,1,2,5.0,Finished,over_predict,Finished worse than predicted,-0.08191509433962264,1626.397,3,3,1,0.0,-2.0
2024,4,Japanese Grand Prix,Fernando Alonso,Aston Martin,5,2,2,6.0,Finished,correct,Correct,0.19302830188679246,1627.079,3,3,1,0.0,-1.0
2024,4,Japanese Grand Prix,George Russell,Mercedes,9,2,2,7.0,Finished,correct,Correct,0.22470754716981134,1627.806,3,3,1,0.0,2.0
2024,4,Japanese Grand Prix,Oscar Piastri,McLaren,6,2,2,8.0,Finished,correct,Correct,0.2544056603773585,1626.472,3,3,1,0.0,-2.0
2024,4,Japanese Grand Prix,Lewis Hamilton,Mercedes,7,2,2,9.0,Finished,correct,Correct,0.27517924528301885,1627.985,3,3,1,0.0,-2.0
2024,4,Japanese Grand Prix,Nico Hülkenberg,Haas F1 Team,12,3,3,11.0,Lapped,correct,Correct,1.3144326923076923,1628.501,3,3,1,2.0,1.0
2024,4,Japanese Grand Prix,Lance Stroll,Aston Martin,16,3,3,12.0,Lapped,correct,Correct,1.3926057692307692,1655.4180000000001,4,3,1,1.0,4.0
2024,4,Japanese Grand Prix,Esteban Ocon,Alpine F1 Team,15,3,3,15.0,Lapped,correct,Correct,1.9679711538461537,1633.67,3,3,1,2.0,0.0
2024,4,Japanese Grand Prix,Pierre Gasly,Alpine F1 Team,17,3,3,16.0,Lapped,correct,Correct,2.2355480769230773,1633.739,3,3,1,3.0,1.0
2024,4,Japanese Grand Prix,Alexander Albon,Williams,14,3,3,20.0,Retired,correct_dnf,Correct — predicted out-of-points; the DNF delivered it,,0.0,0,3,1,,
2024,5,Chinese Grand Prix,Max Verstappen,Red Bull,1,1,1,1.0,Finished,correct,Correct,-0.638,44.726,2,9,22,0.0,0.0
2024,5,Chinese Grand Prix,Lando Norris,McLaren,4,2,1,2.0,Finished,under_predict,Finished better than predicted — fast race pace (-0.39s/lap vs field median),-0.39205357142857145,22.161,1,9,22,0.0,2.0
2024,5,Chinese Grand Prix,Sergio Pérez,Red Bull,2,1,1,3.0,Finished,correct,Correct,-0.2958571428571428,44.397999999999996,2,9,22,-1.0,-1.0
2024,5,Chinese Grand Prix,Charles Leclerc,Ferrari,6,2,2,4.0,Finished,correct,Correct,-0.2161607142857143,22.36,1,9,22,-1.0,2.0
2024,5,Chinese Grand Prix,Carlos Sainz,Ferrari,7,2,2,5.0,Finished,correct,Correct,-0.031160714285714285,22.629,1,9,22,-2.0,2.0
2024,5,Chinese Grand Prix,George Russell,Mercedes,8,2,2,6.0,Finished,correct,Correct,0.0535,45.122,2,9,22,2.0,2.0
2024,5,Chinese Grand Prix,Fernando Alonso,Aston Martin,3,1,2,7.0,Finished,over_predict,Finished worse than predicted — lost 4 places from grid — SC/VSC at lap 22 shuffled strategy,0.13725,68.915,3,9,22,1.0,-4.0
2024,5,Chinese Grand Prix,Oscar Piastri,McLaren,5,2,2,8.0,Finished,correct,Correct,0.3655357142857143,44.935,2,9,22,0.0,-3.0
2024,5,Chinese Grand Prix,Lewis Hamilton,Mercedes,18,3,2,9.0,Finished,under_predict,Finished better than predicted — gained 9 places from grid,0.3974642857142857,45.18,2,9,22,-1.0,9.0
2024,5,Chinese Grand Prix,Nico Hülkenberg,Haas F1 Team,9,2,2,10.0,Finished,correct,Correct,0.44192857142857145,46.34,2,9,22,1.0,-1.0
2024,5,Chinese Grand Prix,Esteban Ocon,Alpine F1 Team,13,3,3,11.0,Finished,correct,Correct,0.48364285714285715,46.364,2,9,22,1.0,2.0
2024,5,Chinese Grand Prix,Alexander Albon,Williams,14,3,3,12.0,Finished,correct,Correct,0.53175,46.873000000000005,2,9,22,1.0,2.0
2024,5,Chinese Grand Prix,Pierre Gasly,Alpine F1 Team,15,3,3,13.0,Finished,correct,Correct,0.598125,86.535,3,9,22,1.0,2.0
2024,5,Chinese Grand Prix,Lance Stroll,Aston Martin,11,3,3,15.0,Finished,correct,Correct,0.8403214285714286,174.78500000000003,4,9,22,1.0,-5.0
2024,6,Miami Grand Prix,Lando Norris,McLaren,5,2,1,1.0,Finished,under_predict,Finished better than predicted — fast race pace (-0.54s/lap vs field median) — gained 4 places from grid,-0.5362543859649124,22.041,1,3,29,-1.0,4.0
2024,6,Miami Grand Prix,Max Verstappen,Red Bull,1,1,1,2.0,Finished,correct,Correct,-0.40271052631578946,22.187,1,3,29,0.0,-1.0
2024,6,Miami Grand Prix,Charles Leclerc,Ferrari,2,1,1,3.0,Finished,correct,Correct,-0.36221929824561405,21.825,1,3,29,0.0,-1.0
2024,6,Miami Grand Prix,Sergio Pérez,Red Bull,4,2,2,4.0,Finished,correct,Correct,-0.27923684210526317,44.091,2,3,29,-1.0,-1.0
2024,6,Miami Grand Prix,Carlos Sainz,Ferrari,3,1,2,5.0,Finished,over_predict,Finished worse than predicted — SC/VSC at lap 29 shuffled strategy,-0.33613157894736845,22.805,1,3,29,-1.0,-1.0
2024,6,Miami Grand Prix,Lewis Hamilton,Mercedes,8,2,2,6.0,Finished,correct,Correct,-0.24528947368421053,22.107,1,3,29,1.0,2.0
2024,6,Miami Grand Prix,George Russell,Mercedes,7,2,2,8.0,Finished,correct,Correct,0.07407894736842105,22.8,1,3,29,-3.0,-1.0
2024,6,Miami Grand Prix,Fernando Alonso,Aston Martin,15,3,2,9.0,Finished,under_predict,Finished better than predicted — gained 6 places from grid,0.11474561403508772,22.374,1,3,29,3.0,6.0
2024,6,Miami Grand Prix,Esteban Ocon,Alpine F1 Team,13,3,2,10.0,Finished,under_predict,Finished better than predicted — gained 3 places from grid,0.1610438596491228,22.663,1,3,29,-1.0,3.0
2024,6,Miami Grand Prix,Nico Hülkenberg,Haas F1 Team,9,2,3,11.0,Finished,over_predict,Finished worse than predicted — SC/VSC at lap 29 shuffled strategy,0.17934210526315789,45.542,2,3,29,1.0,-2.0
2024,6,Miami Grand Prix,Pierre Gasly,Alpine F1 Team,12,3,3,12.0,Finished,correct,Correct,0.25248245614035086,22.466,1,3,29,-1.0,0.0
2024,6,Miami Grand Prix,Oscar Piastri,McLaren,6,2,3,13.0,Finished,over_predict,Finished worse than predicted — slow race pace (+0.34s/lap vs field median) — lost 8 places from grid — SC/VSC at lap 29 shuffled strategy,0.3366578947368421,52.625,2,3,29,3.0,-8.0
2024,6,Miami Grand Prix,Lance Stroll,Aston Martin,11,3,3,17.0,Finished,correct,Correct,0.2562543859649123,45.669,2,3,29,0.0,-2.0
2024,6,Miami Grand Prix,Alexander Albon,Williams,14,3,3,18.0,Finished,correct,Correct,0.7986754385964911,45.394999999999996,2,3,29,-1.0,-5.0
2024,7,Emilia Romagna Grand Prix,Max Verstappen,Red Bull,1,1,1,1.0,Finished,correct,Correct,-0.6922222222222222,30.416,1,0,0,0.0,0.0
2024,7,Emilia Romagna Grand Prix,Lando Norris,McLaren,3,1,1,2.0,Finished,correct,Correct,-0.6807142857142857,29.956,1,0,0,1.0,1.0
2024,7,Emilia Romagna Grand Prix,Charles Leclerc,Ferrari,4,2,1,3.0,Finished,under_predict,Finished better than predicted — fast race pace (-0.57s/lap vs field median),-0.5665714285714285,30.149,1,0,0,1.0,1.0
2024,7,Emilia Romagna Grand Prix,Oscar Piastri,McLaren,2,1,2,4.0,Finished,over_predict,Finished worse than predicted,-0.46790476190476193,29.77,1,0,0,-3.0,-2.0
2024,7,Emilia Romagna Grand Prix,Carlos Sainz,Ferrari,5,2,2,5.0,Finished,correct,Correct,-0.33785714285714286,30.508,1,0,0,1.0,0.0
2024,7,Emilia Romagna Grand Prix,Lewis Hamilton,Mercedes,8,2,2,6.0,Finished,correct,Correct,-0.135015873015873,29.547,1,0,0,1.0,2.0
2024,7,Emilia Romagna Grand Prix,George Russell,Mercedes,6,2,2,7.0,Finished,correct,Correct,0.05625396825396825,59.269000000000005,2,0,0,0.0,-1.0
2024,7,Emilia Romagna Grand Prix,Sergio Pérez,Red Bull,11,3,2,8.0,Finished,under_predict,Finished better than predicted — gained 3 places from grid,0.17723809523809525,29.669,1,0,0,1.0,3.0
2024,7,Emilia Romagna Grand Prix,Lance Stroll,Aston Martin,13,3,2,9.0,Finished,under_predict,Finished better than predicted — gained 4 places from grid,0.5705714285714285,29.971,1,0,0,0.0,4.0
2024,7,Emilia Romagna Grand Prix,Nico Hülkenberg,Haas F1 Team,10,2,3,11.0,Lapped,over_predict,Finished worse than predicted — slow race pace (+1.01s/lap vs field median),1.007532258064516,29.749,1,0,0,2.0,-1.0
2024,7,Emilia Romagna Grand Prix,Esteban Ocon,Alpine F1 Team,12,3,3,14.0,Lapped,correct,Correct,1.308016129032258,30.659,1,0,0,0.0,-2.0
2024,7,Emilia Romagna Grand Prix,Pierre Gasly,Alpine F1 Team,15,3,3,16.0,Lapped,correct,Correct,1.401693548387097,60.735,2,0,0,0.0,-1.0
2024,7,Emilia Romagna Grand Prix,Fernando Alonso,Aston Martin,19,3,3,19.0,Lapped,correct,Correct,1.8115161290322581,91.782,3,0,0,-1.0,0.0
2024,7,Emilia Romagna Grand Prix,Alexander Albon,Williams,14,3,3,20.0,Retired,correct_dnf,Correct — predicted out-of-points; the DNF delivered it,3.834549019607843,132.773,4,0,0,0.0,-6.0
2024,8,Monaco Grand Prix,Charles Leclerc,Ferrari,1,1,1,1.0,Finished,correct,Correct,-1.0645641025641026,2358.026,1,2,1,0.0,0.0
2024,8,Monaco Grand Prix,Oscar Piastri,McLaren,2,1,1,2.0,Finished,correct,Correct,-0.9728717948717949,2357.645,1,2,1,0.0,0.0
2024,8,Monaco Grand Prix,Carlos Sainz,Ferrari,3,1,1,3.0,Finished,correct,Correct,-0.9673205128205128,2327.072,1,2,1,0.0,0.0
2024,8,Monaco Grand Prix,Lando Norris,McLaren,4,2,2,4.0,Finished,correct,Correct,-0.9536666666666667,2365.538,1,2,1,0.0,0.0
2024,8,Monaco Grand Prix,George Russell,Mercedes,5,2,2,5.0,Finished,correct,Correct,-0.8939358974358974,2369.363,1,2,1,0.0,0.0
2024,8,Monaco Grand Prix,Max Verstappen,Red Bull,6,2,2,6.0,Finished,correct,Correct,-0.8869615384615385,2396.483,2,2,1,0.0,0.0
2024,8,Monaco Grand Prix,Lewis Hamilton,Mercedes,7,2,2,7.0,Finished,correct,Correct,-0.8734358974358974,2399.601,2,2,1,0.0,0.0
2024,8,Monaco Grand Prix,Alexander Albon,Williams,9,2,2,9.0,Lapped,correct,Correct,0.6245194805194806,2381.39,1,2,1,0.0,0.0
2024,8,Monaco Grand Prix,Pierre Gasly,Alpine F1 Team,10,2,2,10.0,Lapped,correct,Correct,0.7048961038961039,2381.893,1,2,1,0.0,0.0
2024,8,Monaco Grand Prix,Fernando Alonso,Aston Martin,14,3,3,11.0,Lapped,correct,Correct,0.9736118421052631,2389.467,1,2,1,1.0,3.0
2024,8,Monaco Grand Prix,Lance Stroll,Aston Martin,13,3,3,14.0,Lapped,correct,Correct,1.0014144736842105,2435.931,3,2,1,2.0,-1.0
2024,8,Monaco Grand Prix,Esteban Ocon,Alpine F1 Team,11,3,3,17.0,Retired,correct_dnf,Correct — predicted out-of-points; the DNF delivered it,,0.0,0,2,1,,
2024,8,Monaco Grand Prix,Sergio Pérez,Red Bull,16,3,3,18.0,Retired,correct_dnf,Correct — predicted out-of-points; the DNF delivered it,,0.0,0,2,1,,
2024,8,Monaco Grand Prix,Nico Hülkenberg,Haas F1 Team,14,3,3,19.0,Retired,correct_dnf,Correct — predicted out-of-points; the DNF delivered it,,0.0,0,2,1,,
2024,9,Canadian Grand Prix,Max Verstappen,Red Bull,2,1,1,1.0,Finished,correct,Correct,-0.09268571428571429,48.552,2,8,1,0.0,1.0
2024,9,Canadian Grand Prix,Lando Norris,McLaren,3,1,1,2.0,Finished,correct,Correct,-0.03727142857142857,47.406,2,8,1,0.0,1.0
2024,9,Canadian Grand Prix,George Russell,Mercedes,1,1,1,3.0,Finished,correct,Correct,-0.031014285714285716,77.632,3,8,1,0.0,-2.0
2024,9,Canadian Grand Prix,Lewis Hamilton,Mercedes,7,2,2,4.0,Finished,correct,Correct,-0.022471428571428573,76.805,3,8,1,1.0,3.0
2024,9,Canadian Grand Prix,Oscar Piastri,McLaren,4,2,2,5.0,Finished,correct,Correct,0.053014285714285715,47.453,2,8,1,0.0,-1.0
2024,9,Canadian Grand Prix,Fernando Alonso,Aston Martin,6,2,2,6.0,Finished,correct,Correct,0.15745714285714285,50.134,2,8,1,1.0,0.0
2024,9,Canadian Grand Prix,Lance Stroll,Aston Martin,9,2,2,7.0,Finished,correct,Correct,0.2448142857142857,49.309,2,8,1,0.0,2.0
2024,9,Canadian Grand Prix,Pierre Gasly,Alpine F1 Team,15,3,2,9.0,Finished,under_predict,Finished better than predicted — gained 6 places from grid,0.3361857142857143,49.319,2,8,1,-3.0,6.0
2024,9,Canadian Grand Prix,Esteban Ocon,Alpine F1 Team,18,3,2,10.0,Finished,under_predict,Finished better than predicted — gained 8 places from grid,0.34035714285714286,24.495,1,8,1,2.0,8.0
2024,9,Canadian Grand Prix,Nico Hülkenberg,Haas F1 Team,19,3,3,11.0,Finished,correct,Correct,0.34765714285714283,73.652,3,8,1,6.0,8.0
2024,9,Canadian Grand Prix,Carlos Sainz,Ferrari,12,3,3,16.0,Retired,correct_dnf,Correct — predicted out-of-points; the DNF delivered it,0.3796730769230769,51.751000000000005,2,8,1,-2.0,2.0
2024,9,Canadian Grand Prix,Alexander Albon,Williams,10,2,3,17.0,Retired,dnf_other,DNF destroyed the predicted outcome,0.39059615384615387,49.557,2,8,1,-2.0,-1.0
2024,9,Canadian Grand Prix,Sergio Pérez,Red Bull,16,3,3,18.0,Retired,correct_dnf,Correct — predicted out-of-points; the DNF delivered it,0.4444901960784314,58.185,2,8,1,-1.0,3.0
2024,9,Canadian Grand Prix,Charles Leclerc,Ferrari,11,3,3,19.0,Retired,correct_dnf,Correct — predicted out-of-points; the DNF delivered it,2.1517625,95.846,3,8,1,1.0,-8.0
2024,10,Spanish Grand Prix,Max Verstappen,Red Bull,2,1,1,1.0,Finished,correct,Correct,-0.42117424242424245,43.884,2,0,0,0.0,1.0
2024,10,Spanish Grand Prix,Lando Norris,McLaren,1,1,1,2.0,Finished,correct,Correct,-0.3875530303030303,44.248999999999995,2,0,0,-2.0,-1.0
2024,10,Spanish Grand Prix,Lewis Hamilton,Mercedes,3,1,1,3.0,Finished,correct,Correct,-0.15162878787878786,43.443,2,0,0,-1.0,0.0
2024,10,Spanish Grand Prix,George Russell,Mercedes,4,2,2,4.0,Finished,correct,Correct,-0.08299242424242424,47.723,2,0,0,3.0,0.0
2024,10,Spanish Grand Prix,Charles Leclerc,Ferrari,5,2,2,5.0,Finished,correct,Correct,-0.07709848484848485,43.884,2,0,0,0.0,0.0
2024,10,Spanish Grand Prix,Carlos Sainz,Ferrari,6,2,2,6.0,Finished,correct,Correct,0.0489469696969697,44.443,2,0,0,0.0,0.0
2024,10,Spanish Grand Prix,Oscar Piastri,McLaren,10,2,2,7.0,Finished,correct,Correct,0.0903409090909091,44.644000000000005,2,0,0,2.0,3.0
2024,10,Spanish Grand Prix,Sergio Pérez,Red Bull,8,2,2,8.0,Finished,correct,Correct,0.48070454545454544,65.11699999999999,3,0,0,-3.0,0.0
2024,10,Spanish Grand Prix,Pierre Gasly,Alpine F1 Team,7,2,2,9.0,Finished,correct,Correct,0.5185984848484849,47.784000000000006,2,0,0,0.0,-2.0
2024,10,Spanish Grand Prix,Esteban Ocon,Alpine F1 Team,9,2,2,10.0,Finished,correct,Correct,0.6680530303030302,43.754999999999995,2,0,0,0.0,-1.0
2024,10,Spanish Grand Prix,Nico Hülkenberg,Haas F1 Team,13,3,3,11.0,Finished,correct,Correct,0.7032954545454545,45.24,2,0,0,3.0,2.0
2024,10,Spanish Grand Prix,Fernando Alonso,Aston Martin,11,3,3,12.0,Lapped,correct,Correct,0.9453923076923076,44.528000000000006,2,0,0,-1.0,-1.0
2024,10,Spanish Grand Prix,Lance Stroll,Aston Martin,14,3,3,14.0,Lapped,correct,Correct,1.187776923076923,45.260999999999996,2,0,0,1.0,0.0
2024,10,Spanish Grand Prix,Alexander Albon,Williams,19,3,3,18.0,Lapped,correct,Correct,1.6938846153846154,45.14,2,0,0,-1.0,1.0
2024,11,Austrian Grand Prix,George Russell,Mercedes,3,1,1,1.0,Finished,correct,Correct,-0.2281619718309859,42.902,2,1,65,0.0,2.0
2024,11,Austrian Grand Prix,Oscar Piastri,McLaren,7,2,1,2.0,Finished,under_predict,Finished better than predicted — gained 5 places from grid,-0.2013169014084507,41.753,2,1,65,0.0,5.0
2024,11,Austrian Grand Prix,Carlos Sainz,Ferrari,4,2,1,3.0,Finished,under_predict,Finished better than predicted,-0.1643169014084507,42.509,2,1,65,-1.0,1.0
2024,11,Austrian Grand Prix,Lewis Hamilton,Mercedes,5,2,2,4.0,Finished,correct,Correct,0.09778169014084508,48.843999999999994,2,1,65,1.0,1.0
2024,11,Austrian Grand Prix,Max Verstappen,Red Bull,1,1,2,5.0,Finished,over_predict,Finished worse than predicted — lost 4 places from grid,0.15568309859154927,70.469,3,1,65,0.0,-4.0
2024,11,Austrian Grand Prix,Nico Hülkenberg,Haas F1 Team,9,2,2,6.0,Finished,correct,Correct,0.5336408450704225,44.169,2,1,65,0.0,3.0
2024,11,Austrian Grand Prix,Sergio Pérez,Red Bull,8,2,2,7.0,Finished,correct,Correct,0.5418661971830986,48.791,2,1,65,2.0,1.0
2024,11,Austrian Grand Prix,Pierre Gasly,Alpine F1 Team,13,3,2,10.0,Finished,under_predict,Finished better than predicted — gained 3 places from grid,0.6417816901408451,43.474000000000004,2,1,65,2.0,3.0
2024,11,Austrian Grand Prix,Charles Leclerc,Ferrari,6,2,3,11.0,Finished,over_predict,Finished worse than predicted — slow race pace (+0.72s/lap vs field median) — lost 5 places from grid,0.7162887323943662,96.74799999999999,4,1,65,-12.0,-5.0
2024,11,Austrian Grand Prix,Esteban Ocon,Alpine F1 Team,10,2,3,12.0,Finished,over_predict,Finished worse than predicted — slow race pace (+0.73s/lap vs field median),0.7341619718309859,43.522000000000006,2,1,65,2.0,-2.0
2024,11,Austrian Grand Prix,Lance Stroll,Aston Martin,17,3,3,13.0,Lapped,correct,Correct,0.9225,42.701,2,1,65,0.0,4.0
2024,11,Austrian Grand Prix,Alexander Albon,Williams,16,3,3,15.0,Lapped,correct,Correct,0.9315285714285715,43.57,2,1,65,1.0,2.0
2024,11,Austrian Grand Prix,Fernando Alonso,Aston Martin,15,3,3,18.0,Lapped,correct,Correct,1.4571571428571428,77.917,3,1,65,2.0,-3.0
2024,11,Austrian Grand Prix,Lando Norris,McLaren,2,1,3,20.0,Lapped,over_predict,Finished worse than predicted — slow race pace (+0.39s/lap vs field median) — lost 4 places from grid,0.387,43.028000000000006,2,1,65,0.0,-4.0
2024,12,British Grand Prix,Lewis Hamilton,Mercedes,2,1,1,1.0,Finished,correct,Correct,-0.7001153846153847,58.967,2,2,27,0.0,1.0
2024,12,British Grand Prix,Max Verstappen,Red Bull,4,2,1,2.0,Finished,under_predict,Finished better than predicted — fast race pace (-0.67s/lap vs field median),-0.6719423076923078,57.441,2,2,27,1.0,2.0
2024,12,British Grand Prix,Lando Norris,McLaren,3,1,1,3.0,Finished,correct,Correct,-0.5549807692307693,59.048,2,2,27,-1.0,0.0
2024,12,British Grand Prix,Oscar Piastri,McLaren,5,2,2,4.0,Finished,correct,Correct,-0.4610961538461539,58.741,2,2,27,0.0,1.0
2024,12,British Grand Prix,Carlos Sainz,Ferrari,7,2,2,5.0,Finished,correct,Correct,0.20984615384615385,87.00200000000001,3,2,27,1.0,2.0
2024,12,British Grand Prix,Nico Hülkenberg,Haas F1 Team,6,2,2,6.0,Finished,correct,Correct,0.37146153846153845,59.677,2,2,27,-3.0,0.0
2024,12,British Grand Prix,Lance Stroll,Aston Martin,8,2,2,7.0,Finished,correct,Correct,0.38775,58.492000000000004,2,2,27,1.0,1.0
2024,12,British Grand Prix,Fernando Alonso,Aston Martin,10,2,2,8.0,Finished,correct,Correct,0.5225192307692307,59.027,2,2,27,0.0,2.0
2024,12,British Grand Prix,Alexander Albon,Williams,9,2,2,9.0,Finished,correct,Correct,0.6150192307692307,64.152,2,2,27,-3.0,0.0
2024,12,British Grand Prix,Charles Leclerc,Ferrari,11,3,3,14.0,Lapped,correct,Correct,1.8541862745098039,86.88,3,2,27,3.0,-3.0
2024,12,British Grand Prix,Esteban Ocon,Alpine F1 Team,18,3,3,16.0,Lapped,correct,Correct,3.11083,115.146,4,2,27,2.0,2.0
2024,12,British Grand Prix,Sergio Pérez,Red Bull,19,3,3,17.0,Lapped,correct,Correct,3.25729,118.875,4,2,27,0.0,2.0
2024,12,British Grand Prix,George Russell,Mercedes,1,1,3,19.0,Retired,dnf_other,DNF destroyed the predicted outcome,-0.8076666666666666,32.045,1,2,27,0.0,-3.0
2024,12,British Grand Prix,Pierre Gasly,Alpine F1 Team,20,3,3,20.0,Did not start,correct_dnf,Correct — predicted out-of-points; the DNF delivered it,,0.0,0,2,27,,
2024,13,Hungarian Grand Prix,Oscar Piastri,McLaren,2,1,1,1.0,Finished,correct,Correct,-0.6024785714285714,43.464,2,0,0,1.0,1.0
2024,13,Hungarian Grand Prix,Lando Norris,McLaren,1,1,1,2.0,Finished,correct,Correct,-0.5718928571428571,43.11,2,0,0,-2.0,-1.0
2024,13,Hungarian Grand Prix,Lewis Hamilton,Mercedes,5,2,1,3.0,Finished,under_predict,Finished better than predicted — fast race pace (-0.39s/lap vs field median),-0.38990714285714284,43.216,2,0,0,1.0,2.0
2024,13,Hungarian Grand Prix,Charles Leclerc,Ferrari,6,2,2,4.0,Finished,correct,Correct,-0.32125,43.617,2,0,0,1.0,2.0
2024,13,Hungarian Grand Prix,Max Verstappen,Red Bull,3,1,2,5.0,Finished,over_predict,Finished worse than predicted,-0.2974928571428571,43.445,2,0,0,1.0,-2.0
2024,13,Hungarian Grand Prix,Carlos Sainz,Ferrari,4,2,2,6.0,Finished,correct,Correct,-0.2728642857142857,43.094,2,0,0,-3.0,-2.0
2024,13,Hungarian Grand Prix,Sergio Pérez,Red Bull,16,3,2,7.0,Finished,under_predict,Finished better than predicted — gained 9 places from grid,-0.03402142857142857,42.451,2,0,0,-1.0,9.0
2024,13,Hungarian Grand Prix,George Russell,Mercedes,17,3,2,8.0,Finished,under_predict,Finished better than predicted — gained 9 places from grid,0.0027785714285714284,42.697,2,0,0,1.0,9.0
2024,13,Hungarian Grand Prix,Lance Stroll,Aston Martin,8,2,2,10.0,Finished,correct,Correct,0.5114642857142857,45.513,2,0,0,0.0,-2.0
2024,13,Hungarian Grand Prix,Fernando Alonso,Aston Martin,7,2,3,11.0,Finished,over_predict,Finished worse than predicted — slow race pace (+0.58s/lap vs field median) — lost 4 places from grid,0.5755214285714286,44.342,2,0,0,1.0,-4.0
2024,13,Hungarian Grand Prix,Nico Hülkenberg,Haas F1 Team,11,3,3,13.0,Lapped,correct,Correct,1.0790942028985508,44.759,2,0,0,-3.0,-2.0
2024,13,Hungarian Grand Prix,Alexander Albon,Williams,13,3,3,14.0,Lapped,correct,Correct,1.1310507246376813,45.501000000000005,2,0,0,4.0,-1.0
2024,13,Hungarian Grand Prix,Esteban Ocon,Alpine F1 Team,19,3,3,18.0,Lapped,correct,Correct,1.481195652173913,64.603,3,0,0,4.0,1.0
2024,13,Hungarian Grand Prix,Pierre Gasly,Alpine F1 Team,20,3,3,20.0,Retired,correct_dnf,Correct — predicted out-of-points; the DNF delivered it,1.092590909090909,21.405,1,0,0,0.0,5.0
2024,14,Belgian Grand Prix,Lewis Hamilton,Mercedes,4,2,1,1.0,Finished,under_predict,Finished better than predicted — fast race pace (-0.42s/lap vs field median),-0.42284090909090905,45.891999999999996,2,0,0,2.0,2.0
2024,14,Belgian Grand Prix,Oscar Piastri,McLaren,6,2,1,2.0,Finished,under_predict,Finished better than predicted — fast race pace (-0.41s/lap vs field median) — gained 3 places from grid,-0.40813636363636363,46.748000000000005,2,0,0,2.0,3.0
2024,14,Belgian Grand Prix,Charles Leclerc,Ferrari,2,1,1,3.0,Finished,correct,Correct,-0.2405,46.272,2,0,0,1.0,-2.0
2024,14,Belgian Grand Prix,Max Verstappen,Red Bull,1,1,2,4.0,Finished,over_predict,Finished worse than predicted — lost 4 places from grid,-0.22511363636363638,46.157,2,0,0,-8.0,-4.0
2024,14,Belgian Grand Prix,Lando Norris,McLaren,5,2,2,5.0,Finished,correct,Correct,-0.2109318181818182,45.292,2,0,0,-2.0,-1.0
2024,14,Belgian Grand Prix,Carlos Sainz,Ferrari,8,2,2,6.0,Finished,correct,Correct,0.015090909090909092,46.169,2,0,0,2.0,1.0
2024,14,Belgian Grand Prix,Sergio Pérez,Red Bull,3,1,2,7.0,Finished,over_predict,Finished worse than predicted — slow race pace (+0.55s/lap vs field median) — lost 5 places from grid,0.5469090909090909,67.97200000000001,3,0,0,0.0,-5.0
2024,14,Belgian Grand Prix,Fernando Alonso,Aston Martin,9,2,2,8.0,Finished,correct,Correct,0.7007272727272728,23.075,1,0,0,1.0,0.0
2024,14,Belgian Grand Prix,Esteban Ocon,Alpine F1 Team,10,2,2,9.0,Finished,correct,Correct,0.7595681818181819,46.912,2,0,0,-1.0,0.0
2024,14,Belgian Grand Prix,Lance Stroll,Aston Martin,15,3,3,11.0,Finished,correct,Correct,0.9972727272727272,23.01,1,0,0,0.0,3.0
2024,14,Belgian Grand Prix,Alexander Albon,Williams,11,3,3,12.0,Finished,correct,Correct,1.011818181818182,46.752,2,0,0,1.0,-2.0
2024,14,Belgian Grand Prix,Pierre Gasly,Alpine F1 Team,12,3,3,13.0,Finished,correct,Correct,1.0280454545454545,45.744,2,0,0,0.0,-2.0
2024,14,Belgian Grand Prix,Nico Hülkenberg,Haas F1 Team,16,3,3,18.0,Finished,correct,Correct,1.5841363636363637,46.83,2,0,0,0.0,-3.0
2024,14,Belgian Grand Prix,George Russell,Mercedes,7,2,3,20.0,Disqualified,dnf_other,DNF destroyed the predicted outcome,-0.43479545454545454,22.686,1,0,0,2.0,6.0
2024,15,Dutch Grand Prix,Lando Norris,McLaren,1,1,1,1.0,Finished,correct,Correct,-0.7093819444444445,21.536,1,0,0,-1.0,0.0
2024,15,Dutch Grand Prix,Max Verstappen,Red Bull,2,1,1,2.0,Finished,correct,Correct,-0.39138194444444446,20.785,1,0,0,1.0,0.0
2024,15,Dutch Grand Prix,Charles Leclerc,Ferrari,6,2,1,3.0,Finished,under_predict,Finished better than predicted — fast race pace (-0.36s/lap vs field median) — gained 3 places from grid,-0.3560625,20.841,1,0,0,1.0,3.0
2024,15,Dutch Grand Prix,Oscar Piastri,McLaren,3,1,2,4.0,Finished,over_predict,Finished worse than predicted,-0.3297013888888889,20.969,1,0,0,-1.0,-1.0
2024,15,Dutch Grand Prix,Carlos Sainz,Ferrari,10,2,2,5.0,Finished,correct,Correct,-0.26303472222222224,20.84,1,0,0,1.0,5.0
2024,15,Dutch Grand Prix,Sergio Pérez,Red Bull,5,2,2,6.0,Finished,correct,Correct,-0.1601875,22.934,1,0,0,-1.0,-1.0
2024,15,Dutch Grand Prix,George Russell,Mercedes,4,2,2,7.0,Finished,correct,Correct,-0.08970138888888889,43.004999999999995,2,0,0,1.0,-3.0
2024,15,Dutch Grand Prix,Lewis Hamilton,Mercedes,11,3,2,8.0,Finished,under_predict,Finished better than predicted — gained 3 places from grid,-0.020506944444444442,42.194,2,0,0,-2.0,3.0
2024,15,Dutch Grand Prix,Pierre Gasly,Alpine F1 Team,9,2,2,9.0,Lapped,correct,Correct,0.4561830985915493,22.646,1,0,0,2.0,0.0
2024,15,Dutch Grand Prix,Fernando Alonso,Aston Martin,7,2,2,10.0,Lapped,correct,Correct,0.5256056338028169,21.348,1,0,0,-1.0,-3.0
2024,15,Dutch Grand Prix,Nico Hülkenberg,Haas F1 Team,13,3,3,11.0,Lapped,correct,Correct,0.6056197183098592,21.619,1,0,0,2.0,2.0
2024,15,Dutch Grand Prix,Lance Stroll,Aston Martin,8,2,3,13.0,Lapped,over_predict,Finished worse than predicted — slow race pace (+0.63s/lap vs field median) — lost 4 places from grid,0.6267183098591549,21.385,1,0,0,-2.0,-4.0
2024,15,Dutch Grand Prix,Alexander Albon,Williams,10,2,3,14.0,Lapped,over_predict,Finished worse than predicted — slow race pace (+0.91s/lap vs field median) — lost 4 places from grid,0.9083943661971831,42.274,2,0,0,-7.0,-4.0
2024,15,Dutch Grand Prix,Esteban Ocon,Alpine F1 Team,16,3,3,15.0,Lapped,correct,Correct,0.9952535211267606,21.015,1,0,0,0.0,1.0
2024,16,Italian Grand Prix,Charles Leclerc,Ferrari,4,2,1,1.0,Finished,under_predict,Finished better than predicted — fast race pace (-0.51s/lap vs field median) — gained 3 places from grid,-0.5127264150943396,24.551,1,0,0,2.0,3.0
2024,16,Italian Grand Prix,Oscar Piastri,McLaren,2,1,1,2.0,Finished,correct,Correct,-0.4624622641509434,48.463,2,0,0,1.0,0.0
2024,16,Italian Grand Prix,Lando Norris,McLaren,1,1,1,3.0,Finished,correct,Correct,-0.3966320754716981,49.039,2,0,0,-2.0,-2.0
2024,16,Italian Grand Prix,Carlos Sainz,Ferrari,5,2,2,4.0,Finished,correct,Correct,-0.21799056603773584,24.313,1,0,0,1.0,1.0
2024,16,Italian Grand Prix,Lewis Hamilton,Mercedes,6,2,2,5.0,Finished,correct,Correct,-0.08216037735849056,48.624,2,0,0,1.0,1.0
2024,16,Italian Grand Prix,Max Verstappen,Red Bull,7,2,2,6.0,Finished,correct,Correct,0.20297169811320753,52.348,2,0,0,1.0,1.0
2024,16,Italian Grand Prix,George Russell,Mercedes,3,1,2,7.0,Finished,over_predict,Finished worse than predicted — lost 4 places from grid,0.23661320754716983,58.992999999999995,2,0,0,-4.0,-4.0
2024,16,Italian Grand Prix,Sergio Pérez,Red Bull,8,2,2,8.0,Finished,correct,Correct,0.5089339622641509,48.758,2,0,0,0.0,0.0
2024,16,Italian Grand Prix,Alexander Albon,Williams,9,2,2,9.0,Finished,correct,Correct,0.7600283018867924,24.801,1,0,0,0.0,-1.0
2024,16,Italian Grand Prix,Fernando Alonso,Aston Martin,11,3,3,11.0,Finished,correct,Correct,0.7796320754716981,49.367000000000004,2,0,0,1.0,0.0
2024,16,Italian Grand Prix,Franco Colapinto,Williams,18,3,3,12.0,Finished,correct,Correct,1.0213867924528302,25.147,1,0,0,0.0,5.0
2024,16,Italian Grand Prix,Esteban Ocon,Alpine F1 Team,15,3,3,14.0,Lapped,correct,Correct,1.330201923076923,24.146,1,0,0,0.0,1.0
2024,16,Italian Grand Prix,Pierre Gasly,Alpine F1 Team,14,3,3,15.0,Lapped,correct,Correct,1.4395288461538462,48.538,2,0,0,1.0,-1.0
2024,16,Italian Grand Prix,Nico Hülkenberg,Haas F1 Team,10,2,3,17.0,Lapped,over_predict,Finished worse than predicted — slow race pace (+1.68s/lap vs field median) — lost 7 places from grid,1.6804134615384614,75.451,2,0,0,-6.0,-7.0
2024,16,Italian Grand Prix,Lance Stroll,Aston Martin,17,3,3,19.0,Lapped,correct,Correct,1.9234519230769231,74.458,3,0,0,0.0,-2.0
2024,17,Azerbaijan Grand Prix,Oscar Piastri,McLaren,2,1,1,1.0,Finished,correct,Correct,-1.4280980392156861,20.181,1,2,50,0.0,1.0
2024,17,Azerbaijan Grand Prix,Charles Leclerc,Ferrari,1,1,1,2.0,Finished,correct,Correct,-1.2141764705882354,20.671,1,2,50,0.0,-1.0
2024,17,Azerbaijan Grand Prix,George Russell,Mercedes,5,2,1,3.0,Finished,under_predict,Finished better than predicted — fast race pace (-0.81s/lap vs field median),-0.8138235294117647,19.954,1,2,50,-1.0,2.0
2024,17,Azerbaijan Grand Prix,Lando Norris,McLaren,16,3,2,4.0,Finished,under_predict,Finished better than predicted — fast race pace (-0.72s/lap vs field median) — gained 12 places from grid,-0.7194117647058823,19.712,1,2,50,4.0,12.0
2024,17,Azerbaijan Grand Prix,Max Verstappen,Red Bull,6,2,2,5.0,Finished,correct,Correct,0.08362745098039215,41.870000000000005,2,2,50,1.0,1.0
2024,17,Azerbaijan Grand Prix,Fernando Alonso,Aston Martin,8,2,2,6.0,Finished,correct,Correct,0.24774509803921568,20.073,1,2,50,1.0,2.0
2024,17,Azerbaijan Grand Prix,Alexander Albon,Williams,10,2,2,7.0,Finished,correct,Correct,0.2855490196078431,20.287,1,2,50,1.0,3.0
2024,17,Azerbaijan Grand Prix,Franco Colapinto,Williams,9,2,2,8.0,Finished,correct,Correct,0.32760784313725494,20.596,1,2,50,1.0,1.0
2024,17,Azerbaijan Grand Prix,Lewis Hamilton,Mercedes,7,2,2,9.0,Finished,correct,Correct,0.3836862745098039,21.289,1,2,50,-10.0,-2.0
2024,17,Azerbaijan Grand Prix,Oliver Bearman,Haas F1 Team,11,3,2,10.0,Finished,under_predict,Finished better than predicted,0.397921568627451,21.276,1,2,50,1.0,1.0
2024,17,Azerbaijan Grand Prix,Nico Hülkenberg,Haas F1 Team,13,3,3,11.0,Finished,correct,Correct,0.4045490196078432,21.617,1,2,50,0.0,2.0
2024,17,Azerbaijan Grand Prix,Pierre Gasly,Alpine F1 Team,15,3,3,12.0,Finished,correct,Correct,0.8697254901960785,20.257,1,2,50,0.0,3.0
2024,17,Azerbaijan Grand Prix,Esteban Ocon,Alpine F1 Team,19,3,3,15.0,Lapped,correct,Correct,2.03282,20.634,1,2,50,0.0,4.0
2024,17,Azerbaijan Grand Prix,Sergio Pérez,Red Bull,4,2,3,17.0,Retired,dnf_other,DNF destroyed the predicted outcome,-0.6298979591836735,20.63,1,2,50,1.0,1.0
2024,17,Azerbaijan Grand Prix,Carlos Sainz,Ferrari,3,1,3,18.0,Retired,dnf_other,DNF destroyed the predicted outcome,-0.618265306122449,21.483,1,2,50,-1.0,-1.0
2024,17,Azerbaijan Grand Prix,Lance Stroll,Aston Martin,14,3,3,19.0,Retired,correct_dnf,Correct — predicted out-of-points; the DNF delivered it,1.7895666666666665,41.337,2,2,50,-6.0,-5.0
2024,18,Singapore Grand Prix,Lando Norris,McLaren,1,1,1,1.0,Finished,correct,Correct,-1.227217741935484,29.091,1,0,0,0.0,0.0
2024,18,Singapore Grand Prix,Max Verstappen,Red Bull,2,1,1,2.0,Finished,correct,Correct,-0.8893951612903226,29.655,1,0,0,0.0,0.0
2024,18,Singapore Grand Prix,Oscar Piastri,McLaren,5,2,1,3.0,Finished,under_predict,Finished better than predicted — fast race pace (-0.55s/lap vs field median),-0.5526532258064516,29.152,1,0,0,0.0,2.0
2024,18,Singapore Grand Prix,George Russell,Mercedes,4,2,2,4.0,Finished,correct,Correct,-0.24270161290322578,28.739,1,0,0,0.0,0.0
2024,18,Singapore Grand Prix,Charles Leclerc,Ferrari,9,2,2,5.0,Finished,correct,Correct,-0.22028225806451612,29.042,1,0,0,1.0,4.0
2024,18,Singapore Grand Prix,Lewis Hamilton,Mercedes,3,1,2,6.0,Finished,over_predict,Finished worse than predicted — lost 3 places from grid,0.14775,29.272,1,0,0,0.0,-3.0
2024,18,Singapore Grand Prix,Carlos Sainz,Ferrari,10,2,2,7.0,Finished,correct,Correct,0.3217983870967742,29.385,1,0,0,-2.0,3.0
2024,18,Singapore Grand Prix,Fernando Alonso,Aston Martin,7,2,2,8.0,Lapped,correct,Correct,0.37607377049180324,29.251,1,0,0,0.0,-1.0
2024,18,Singapore Grand Prix,Nico Hülkenberg,Haas F1 Team,6,2,2,9.0,Lapped,correct,Correct,0.41323770491803274,29.808,1,0,0,0.0,-3.0
2024,18,Singapore Grand Prix,Sergio Pérez,Red Bull,13,3,2,10.0,Lapped,under_predict,Finished better than predicted — gained 3 places from grid,0.4375655737704918,28.99,1,0,0,3.0,3.0
2024,18,Singapore Grand Prix,Franco Colapinto,Williams,12,3,3,11.0,Lapped,correct,Correct,0.46477868852459014,29.772,1,0,0,3.0,1.0
2024,18,Singapore Grand Prix,Esteban Ocon,Alpine F1 Team,15,3,3,13.0,Lapped,correct,Correct,1.083155737704918,29.601,1,0,0,2.0,2.0
2024,18,Singapore Grand Prix,Lance Stroll,Aston Martin,17,3,3,14.0,Lapped,correct,Correct,1.1416147540983608,29.816,1,0,0,-1.0,3.0
2024,18,Singapore Grand Prix,Pierre Gasly,Alpine F1 Team,18,3,3,17.0,Lapped,correct,Correct,1.3299426229508198,31.509,1,0,0,1.0,1.0
2024,18,Singapore Grand Prix,Alexander Albon,Williams,11,3,3,20.0,Retired,correct_dnf,Correct — predicted out-of-points; the DNF delivered it,4.333600000000001,29.126,1,0,0,-4.0,-9.0
2024,19,United States Grand Prix,Charles Leclerc,Ferrari,4,2,1,1.0,Finished,under_predict,Finished better than predicted — fast race pace (-0.94s/lap vs field median) — gained 3 places from grid,-0.9431696428571429,23.817,1,3,3,3.0,3.0
2024,19,United States Grand Prix,Carlos Sainz,Ferrari,3,1,1,2.0,Finished,correct,Correct,-0.7902767857142856,23.963,1,3,3,0.0,1.0
2024,19,United States Grand Prix,Max Verstappen,Red Bull,2,1,1,3.0,Finished,correct,Correct,-0.5965267857142856,24.228,1,3,3,0.0,-2.0
2024,19,United States Grand Prix,Lando Norris,McLaren,1,1,2,4.0,Finished,over_predict,Finished worse than predicted — SC/VSC at lap 3 shuffled strategy,-0.6689910714285714,23.731,1,3,3,-3.0,-2.0
2024,19,United States Grand Prix,Oscar Piastri,McLaren,5,2,2,5.0,Finished,correct,Correct,-0.5517232142857144,24.107,1,3,3,0.0,0.0
2024,19,United States Grand Prix,George Russell,Mercedes,6,2,2,6.0,Finished,correct,Correct,0.062098214285714284,29.327,1,3,3,-13.0,0.0
2024,19,United States Grand Prix,Sergio Pérez,Red Bull,10,2,2,7.0,Finished,correct,Correct,0.1116875,23.58,1,3,3,1.0,3.0
2024,19,United States Grand Prix,Nico Hülkenberg,Haas F1 Team,12,3,2,8.0,Finished,under_predict,Finished better than predicted — gained 4 places from grid,0.1810625,24.5,1,3,3,1.0,4.0
2024,19,United States Grand Prix,Liam Lawson,RB F1 Team,15,3,2,9.0,Finished,under_predict,Finished better than predicted — gained 6 places from grid,0.31688392857142855,23.839,1,3,3,1.0,6.0
2024,19,United States Grand Prix,Franco Colapinto,Williams,17,3,2,10.0,Finished,under_predict,Finished better than predicted — gained 7 places from grid,0.34216964285714285,23.971,1,3,3,1.0,7.0
2024,19,United States Grand Prix,Pierre Gasly,Alpine F1 Team,7,2,3,12.0,Finished,over_predict,Finished worse than predicted — slow race pace (+0.58s/lap vs field median) — lost 5 places from grid — SC/VSC at lap 3 shuffled strategy,0.5846517857142857,28.228,1,3,3,1.0,-5.0
2024,19,United States Grand Prix,Fernando Alonso,Aston Martin,8,2,3,13.0,Lapped,over_predict,Finished worse than predicted — slow race pace (+0.87s/lap vs field median) — lost 5 places from grid — SC/VSC at lap 3 shuffled strategy,0.8712272727272727,24.247,1,3,3,-2.0,-5.0
2024,19,United States Grand Prix,Lance Stroll,Aston Martin,14,3,3,15.0,Lapped,correct,Correct,1.1486272727272728,26.399,1,3,3,1.0,-1.0
2024,19,United States Grand Prix,Alexander Albon,Williams,16,3,3,16.0,Lapped,correct,Correct,1.168790909090909,59.373999999999995,2,3,3,-2.0,0.0
2024,19,United States Grand Prix,Esteban Ocon,Alpine F1 Team,13,3,3,18.0,Lapped,correct,Correct,1.6055181818181818,50.331,2,3,3,-7.0,-5.0
2024,19,United States Grand Prix,Lewis Hamilton,Mercedes,19,3,3,20.0,Retired,correct_dnf,Correct — predicted out-of-points; the DNF delivered it,1.3115,0.0,0,3,3,7.0,7.0
2024,20,Mexico City Grand Prix,Carlos Sainz,Ferrari,1,1,1,1.0,Finished,correct,Correct,-0.7988591549295775,22.249,1,6,1,-1.0,0.0
2024,20,Mexico City Grand Prix,Lando Norris,McLaren,3,1,1,2.0,Finished,correct,Correct,-0.7325915492957746,22.111,1,6,1,0.0,1.0
2024,20,Mexico City Grand Prix,Charles Leclerc,Ferrari,4,2,1,3.0,Finished,under_predict,Finished better than predicted — fast race pace (-0.31s/lap vs field median),-0.31453521126760564,45.55,2,6,1,0.0,1.0
2024,20,Mexico City Grand Prix,Lewis Hamilton,Mercedes,6,2,2,4.0,Finished,correct,Correct,-0.1681549295774648,22.538,1,6,1,1.0,2.0
2024,20,Mexico City Grand Prix,George Russell,Mercedes,5,2,2,5.0,Finished,correct,Correct,-0.11525352112676056,22.462,1,6,1,-1.0,0.0
2024,20,Mexico City Grand Prix,Max Verstappen,Red Bull,2,1,2,6.0,Finished,over_predict,Finished worse than predicted — lost 4 places from grid,0.03998591549295774,43.73,1,6,1,1.0,-4.0
2024,20,Mexico City Grand Prix,Oscar Piastri,McLaren,17,3,2,8.0,Finished,under_predict,Finished better than predicted — gained 9 places from grid,0.11561971830985915,21.825,1,6,1,0.0,9.0
2024,20,Mexico City Grand Prix,Nico Hülkenberg,Haas F1 Team,10,2,2,9.0,Lapped,correct,Correct,0.3878785714285714,23.077,1,6,1,2.0,1.0
2024,20,Mexico City Grand Prix,Pierre Gasly,Alpine F1 Team,8,2,2,10.0,Lapped,correct,Correct,0.6145499999999999,23.204,1,6,1,-1.0,-2.0
2024,20,Mexico City Grand Prix,Lance Stroll,Aston Martin,14,3,3,11.0,Lapped,correct,Correct,0.7071928571428572,22.592,1,6,1,3.0,3.0
2024,20,Mexico City Grand Prix,Franco Colapinto,Williams,16,3,3,12.0,Lapped,correct,Correct,0.7418357142857143,23.895,1,6,1,2.0,4.0
2024,20,Mexico City Grand Prix,Esteban Ocon,Alpine F1 Team,19,3,3,13.0,Lapped,correct,Correct,0.9156357142857142,23.245,1,6,1,1.0,6.0
2024,20,Mexico City Grand Prix,Liam Lawson,RB F1 Team,12,3,3,16.0,Lapped,correct,Correct,1.2699642857142859,52.885,2,6,1,2.0,-4.0
2024,20,Mexico City Grand Prix,Sergio Pérez,Red Bull,18,3,3,17.0,Lapped,correct,Correct,1.3959357142857143,71.824,3,6,1,5.0,1.0
2024,20,Mexico City Grand Prix,Fernando Alonso,Aston Martin,13,3,3,18.0,Retired,correct_dnf,Correct — predicted out-of-points; the DNF delivered it,0.7927666666666666,0.0,0,6,1,1.0,-4.0
2024,20,Mexico City Grand Prix,Alexander Albon,Williams,9,2,3,19.0,Retired,dnf_other,DNF destroyed the predicted outcome,,0.0,0,6,1,,
2024,21,São Paulo Grand Prix,Max Verstappen,Red Bull,12,3,1,1.0,Finished,under_predict,Finished better than predicted — fast race pace (-0.50s/lap vs field median) — gained 11 places from grid,-0.5010797101449276,1409.303,1,9,28,1.0,11.0
2024,21,São Paulo Grand Prix,Esteban Ocon,Alpine F1 Team,4,2,1,2.0,Finished,under_predict,Finished better than predicted,-0.21880434782608696,1408.695,1,9,28,0.0,2.0
2024,21,São Paulo Grand Prix,Pierre Gasly,Alpine F1 Team,15,3,1,3.0,Finished,under_predict,Finished better than predicted — gained 12 places from grid,-0.17452898550724638,1407.586,1,9,28,6.0,12.0
2024,21,São Paulo Grand Prix,George Russell,Mercedes,2,1,2,4.0,Finished,over_predict,Finished worse than predicted — SC/VSC at lap 28 shuffled strategy,-0.16390579710144929,1441.536,2,9,28,1.0,-2.0
2024,21,São Paulo Grand Prix,Charles Leclerc,Ferrari,6,2,2,5.0,Finished,correct,Correct,-0.06373188405797102,1444.833,2,9,28,1.0,1.0
2024,21,São Paulo Grand Prix,Lando Norris,McLaren,1,1,2,6.0,Finished,over_predict,Finished worse than predicted — lost 5 places from grid — SC/VSC at lap 28 shuffled strategy,-0.04641304347826087,1440.127,2,9,28,-1.0,-5.0
2024,21,São Paulo Grand Prix,Oscar Piastri,McLaren,8,2,2,8.0,Finished,correct,Correct,0.005340579710144928,1446.32,2,9,28,1.0,1.0
2024,21,São Paulo Grand Prix,Liam Lawson,RB F1 Team,5,2,2,9.0,Finished,correct,Correct,0.2301086956521739,1450.889,2,9,28,-1.0,-4.0
2024,21,São Paulo Grand Prix,Lewis Hamilton,Mercedes,16,3,2,10.0,Finished,under_predict,Finished better than predicted — gained 6 places from grid,0.23447101449275362,1450.908,2,9,28,6.0,6.0
2024,21,São Paulo Grand Prix,Sergio Pérez,Red Bull,13,3,3,11.0,Finished,correct,Correct,0.2457463768115942,1451.907,2,9,28,-5.0,2.0
2024,21,São Paulo Grand Prix,Oliver Bearman,Haas F1 Team,17,3,3,12.0,Finished,correct,Correct,0.32623913043478264,1460.4920000000002,2,9,28,4.0,5.0
2024,21,São Paulo Grand Prix,Fernando Alonso,Aston Martin,9,2,3,14.0,Finished,over_predict,Finished worse than predicted — slow race pace (+0.63s/lap vs field median) — lost 5 places from grid — SC/VSC at lap 28 shuffled strategy,0.6300652173913044,1447.979,2,9,28,1.0,-5.0
2024,21,São Paulo Grand Prix,Carlos Sainz,Ferrari,14,3,3,16.0,Retired,correct_dnf,Correct — predicted out-of-points; the DNF delivered it,0.2827763157894737,1450.5790000000002,2,9,28,-3.0,1.0
2024,21,São Paulo Grand Prix,Franco Colapinto,Williams,18,3,3,17.0,Retired,correct_dnf,Correct — predicted out-of-points; the DNF delivered it,1.4487833333333333,50.525999999999996,2,9,28,6.0,2.0
2024,21,São Paulo Grand Prix,Alexander Albon,Williams,7,2,3,18.0,Did not start,dnf_other,DNF destroyed the predicted outcome,,0.0,0,9,28,,
2024,21,São Paulo Grand Prix,Lance Stroll,Aston Martin,10,2,3,19.0,Did not start,dnf_other,DNF destroyed the predicted outcome,,0.0,0,9,28,,
2024,21,São Paulo Grand Prix,Nico Hülkenberg,Haas F1 Team,19,3,3,20.0,Disqualified,correct_dnf,Correct — predicted out-of-points; the DNF delivered it,9.76905,112.94300000000001,3,9,28,5.0,1.0
2024,22,Las Vegas Grand Prix,George Russell,Mercedes,1,1,1,1.0,Finished,correct,Correct,-0.21636000000000002,42.047,2,0,0,0.0,0.0
2024,22,Las Vegas Grand Prix,Lewis Hamilton,Mercedes,10,2,1,2.0,Finished,under_predict,Finished better than predicted — gained 8 places from grid,-0.0701,42.422,2,0,0,0.0,8.0
2024,22,Las Vegas Grand Prix,Carlos Sainz,Ferrari,2,1,1,3.0,Finished,correct,Correct,0.02176,41.927,2,0,0,-1.0,-1.0
2024,22,Las Vegas Grand Prix,Charles Leclerc,Ferrari,4,2,2,4.0,Finished,correct,Correct,0.0693,42.914,2,0,0,2.0,0.0
2024,22,Las Vegas Grand Prix,Max Verstappen,Red Bull,5,2,2,5.0,Finished,correct,Correct,0.11528000000000001,42.951,2,0,0,0.0,0.0
2024,22,Las Vegas Grand Prix,Lando Norris,McLaren,6,2,2,6.0,Finished,correct,Correct,0.65134,62.92099999999999,3,0,0,0.0,0.0
2024,22,Las Vegas Grand Prix,Oscar Piastri,McLaren,8,2,2,7.0,Finished,correct,Correct,0.8109400000000001,48.814,2,0,0,0.0,1.0
2024,22,Las Vegas Grand Prix,Nico Hülkenberg,Haas F1 Team,9,2,2,8.0,Finished,correct,Correct,0.9798,43.213,2,0,0,0.0,1.0
2024,22,Las Vegas Grand Prix,Sergio Pérez,Red Bull,16,3,2,10.0,Finished,under_predict,Finished better than predicted — gained 6 places from grid,1.0459200000000002,42.328,2,0,0,-1.0,6.0
2024,22,Las Vegas Grand Prix,Fernando Alonso,Aston Martin,17,3,3,11.0,Finished,correct,Correct,1.16754,42.814,2,0,0,2.0,6.0
2024,22,Las Vegas Grand Prix,Franco Colapinto,Williams,14,3,3,14.0,Finished,correct,Correct,1.28708,42.391000000000005,2,0,0,-6.0,0.0
2024,22,Las Vegas Grand Prix,Lance Stroll,Aston Martin,20,3,3,15.0,Finished,correct,Correct,1.46568,56.451,2,0,0,2.0,5.0
2024,22,Las Vegas Grand Prix,Liam Lawson,RB F1 Team,15,3,3,16.0,Finished,correct,Correct,1.60374,41.691,2,0,0,2.0,-1.0
2024,22,Las Vegas Grand Prix,Esteban Ocon,Alpine F1 Team,11,3,3,17.0,Lapped,correct,Correct,1.8192857142857142,58.790000000000006,3,0,0,0.0,-6.0
2024,22,Las Vegas Grand Prix,Alexander Albon,Williams,18,3,3,19.0,Retired,correct_dnf,Correct — predicted out-of-points; the DNF delivered it,1.50594,22.012,1,0,0,2.0,4.0
2024,22,Las Vegas Grand Prix,Pierre Gasly,Alpine F1 Team,3,1,3,20.0,Retired,dnf_other,DNF destroyed the predicted outcome,1.9129666666666667,22.179,1,0,0,-1.0,-15.0
2024,23,Qatar Grand Prix,Max Verstappen,Red Bull,1,1,1,1.0,Finished,correct,Correct,-0.25462280701754386,74.89,3,12,1,0.0,0.0
2024,23,Qatar Grand Prix,Charles Leclerc,Ferrari,5,2,1,2.0,Finished,under_predict,Finished better than predicted — gained 3 places from grid,-0.1488157894736842,83.11800000000001,3,12,1,1.0,3.0
2024,23,Qatar Grand Prix,Oscar Piastri,McLaren,4,2,1,3.0,Finished,under_predict,Finished better than predicted,-0.13499122807017544,80.011,3,12,1,-1.0,1.0
2024,23,Qatar Grand Prix,George Russell,Mercedes,2,1,2,4.0,Finished,over_predict,Finished worse than predicted,-0.09490350877192982,116.97900000000001,4,12,1,-1.0,-2.0
2024,23,Qatar Grand Prix,Pierre Gasly,Alpine F1 Team,11,3,2,5.0,Finished,under_predict,Finished better than predicted — gained 6 places from grid,0.03979824561403509,81.997,3,12,1,-1.0,6.0
2024,23,Qatar Grand Prix,Carlos Sainz,Ferrari,7,2,2,6.0,Finished,correct,Correct,0.05197368421052632,93.275,3,12,1,1.0,1.0
2024,23,Qatar Grand Prix,Fernando Alonso,Aston Martin,8,2,2,7.0,Finished,correct,Correct,0.09392105263157895,90.031,3,12,1,0.0,1.0
2024,23,Qatar Grand Prix,Lando Norris,McLaren,3,1,2,10.0,Finished,over_predict,Finished worse than predicted — slow race pace (+0.37s/lap vs field median) — lost 7 places from grid,0.372780701754386,118.431,4,12,1,1.0,-7.0
2024,23,Qatar Grand Prix,Lewis Hamilton,Mercedes,6,2,3,12.0,Finished,over_predict,Finished worse than predicted — slow race pace (+0.73s/lap vs field median) — lost 6 places from grid,0.7299736842105263,110.847,4,12,1,-3.0,-6.0
2024,23,Qatar Grand Prix,Liam Lawson,RB F1 Team,17,3,3,14.0,Finished,correct,Correct,0.8446052631578946,129.231,4,12,1,3.0,3.0
2024,23,Qatar Grand Prix,Alexander Albon,Williams,16,3,3,15.0,Lapped,correct,Correct,1.470580357142857,128.124,4,12,1,0.0,1.0
2024,23,Qatar Grand Prix,Nico Hülkenberg,Haas F1 Team,18,3,3,16.0,Retired,correct_dnf,Correct — predicted out-of-points; the DNF delivered it,0.26496153846153847,122.80199999999999,4,12,1,0.0,5.0
2024,23,Qatar Grand Prix,Sergio Pérez,Red Bull,9,2,3,17.0,Retired,dnf_other,DNF destroyed the predicted outcome,0.01994736842105263,80.252,3,12,1,2.0,4.0
2024,23,Qatar Grand Prix,Lance Stroll,Aston Martin,15,3,3,18.0,Retired,correct_dnf,Correct — predicted out-of-points; the DNF delivered it,8.957875,71.457,2,12,1,-2.0,-3.0
2024,23,Qatar Grand Prix,Franco Colapinto,Williams,19,3,3,19.0,Retired,correct_dnf,Correct — predicted out-of-points; the DNF delivered it,,0.0,0,12,1,,
2024,23,Qatar Grand Prix,Esteban Ocon,Alpine F1 Team,20,3,3,20.0,Retired,correct_dnf,Correct — predicted out-of-points; the DNF delivered it,,0.0,0,12,1,,
2024,24,Abu Dhabi Grand Prix,Lando Norris,McLaren,1,1,1,1.0,Finished,correct,Correct,-0.6940172413793103,21.276,1,1,2,0.0,0.0
2024,24,Abu Dhabi Grand Prix,Carlos Sainz,Ferrari,3,1,1,2.0,Finished,correct,Correct,-0.5934655172413793,21.28,1,1,2,1.0,1.0
2024,24,Abu Dhabi Grand Prix,Charles Leclerc,Ferrari,14,3,1,3.0,Finished,under_predict,Finished better than predicted — gained 11 places from grid,-0.14353448275862069,21.869,1,1,2,6.0,11.0
2024,24,Abu Dhabi Grand Prix,Lewis Hamilton,Mercedes,18,3,2,4.0,Finished,under_predict,Finished better than predicted — gained 14 places from grid,-0.065,21.694,1,1,2,6.0,14.0
2024,24,Abu Dhabi Grand Prix,George Russell,Mercedes,7,2,2,5.0,Finished,correct,Correct,-0.046810344827586205,21.656,1,1,2,3.0,2.0
2024,24,Abu Dhabi Grand Prix,Max Verstappen,Red Bull,5,2,2,6.0,Finished,correct,Correct,0.16541379310344828,32.652,1,1,2,-6.0,-1.0
2024,24,Abu Dhabi Grand Prix,Pierre Gasly,Alpine F1 Team,6,2,2,7.0,Finished,correct,Correct,0.5570172413793103,22.059,1,1,2,3.0,-1.0
2024,24,Abu Dhabi Grand Prix,Nico Hülkenberg,Haas F1 Team,4,2,2,8.0,Finished,correct,Correct,0.6086379310344828,21.53,1,1,2,-1.0,-4.0
2024,24,Abu Dhabi Grand Prix,Fernando Alonso,Aston Martin,8,2,2,9.0,Finished,correct,Correct,0.7262068965517242,45.763000000000005,2,1,2,2.0,-1.0
2024,24,Abu Dhabi Grand Prix,Oscar Piastri,McLaren,2,1,2,10.0,Finished,over_predict,Finished worse than predicted — slow race pace (+0.75s/lap vs field median) — lost 8 places from grid,0.7511724137931035,56.356,2,1,2,-17.0,-8.0
2024,24,Abu Dhabi Grand Prix,Alexander Albon,Williams,16,3,3,11.0,Lapped,correct,Correct,1.055859649122807,22.065,1,1,2,1.0,5.0
2024,24,Abu Dhabi Grand Prix,Lance Stroll,Aston Martin,13,3,3,14.0,Lapped,correct,Correct,1.0948421052631578,45.319,2,1,2,4.0,1.0
2024,24,Abu Dhabi Grand Prix,Liam Lawson,RB F1 Team,12,3,3,17.0,Retired,correct_dnf,Correct — predicted out-of-points; the DNF delivered it,1.9873272727272726,78.297,3,1,2,2.0,-5.0
2024,24,Abu Dhabi Grand Prix,Franco Colapinto,Williams,19,3,3,19.0,Retired,correct_dnf,Correct — predicted out-of-points; the DNF delivered it,3.305730769230769,24.941,1,1,2,1.0,0.0
2024,24,Abu Dhabi Grand Prix,Sergio Pérez,Red Bull,10,2,3,20.0,Retired,dnf_other,DNF destroyed the predicted outcome,,0.0,0,1,2,,
2025,1,Australian Grand Prix,Lando Norris,McLaren,1,1,1,1.0,Finished,correct,Correct,-0.535578947368421,75.55,5,19,1,0.0,0.0
2025,1,Australian Grand Prix,Max Verstappen,Red Bull,3,1,1,2.0,Finished,correct,Correct,-0.5198771929824562,77.515,5,19,1,1.0,1.0
2025,1,Australian Grand Prix,George Russell,Mercedes,4,2,1,3.0,Finished,under_predict,Finished better than predicted — fast race pace (-0.39s/lap vs field median),-0.3867894736842105,79.975,5,19,1,0.0,1.0
2025,1,Australian Grand Prix,Andrea Kimi Antonelli,Mercedes,16,3,2,4.0,Finished,under_predict,Finished better than predicted — fast race pace (-0.36s/lap vs field median) — gained 12 places from grid,-0.3577719298245614,85.865,5,19,1,3.0,12.0
2025,1,Australian Grand Prix,Alexander Albon,Williams,6,2,2,5.0,Finished,correct,Correct,-0.31149122807017543,83.82300000000001,5,19,1,-1.0,1.0
2025,1,Australian Grand Prix,Lance Stroll,Aston Martin,13,3,2,6.0,Finished,under_predict,Finished better than predicted — gained 7 places from grid,-0.23008771929824562,83.67299999999999,5,19,1,2.0,7.0
2025,1,Australian Grand Prix,Charles Leclerc,Ferrari,7,2,2,8.0,Finished,correct,Correct,-0.18775438596491228,85.614,5,19,1,2.0,-1.0
2025,1,Australian Grand Prix,Oscar Piastri,McLaren,2,1,2,9.0,Finished,over_predict,Finished worse than predicted — lost 7 places from grid,-0.17684210526315788,79.301,5,19,1,-1.0,-7.0
2025,1,Australian Grand Prix,Lewis Hamilton,Ferrari,8,2,2,10.0,Finished,correct,Correct,-0.14131578947368423,85.31,5,19,1,0.0,-2.0
2025,1,Australian Grand Prix,Pierre Gasly,Alpine F1 Team,9,2,3,11.0,Finished,over_predict,Finished worse than predicted,-0.07063157894736842,84.62899999999999,5,19,1,0.0,-2.0
2025,1,Australian Grand Prix,Esteban Ocon,Haas F1 Team,19,3,3,13.0,Finished,correct,Correct,0.04619298245614035,89.15700000000001,5,19,1,4.0,6.0
2025,1,Australian Grand Prix,Oliver Bearman,Haas F1 Team,20,3,3,14.0,Finished,correct,Correct,0.17233333333333334,95.257,5,19,1,3.0,6.0
2025,1,Australian Grand Prix,Liam Lawson,Red Bull,18,3,3,15.0,Retired,correct_dnf,Correct — predicted out-of-points; the DNF delivered it,-0.33266304347826087,70.04599999999999,4,19,1,2.0,9.0
2025,1,Australian Grand Prix,Fernando Alonso,Aston Martin,12,3,3,17.0,Retired,correct_dnf,Correct — predicted out-of-points; the DNF delivered it,0.0363125,46.81,3,19,1,2.0,2.0
2025,1,Australian Grand Prix,Carlos Sainz,Williams,10,2,3,18.0,Retired,dnf_other,DNF destroyed the predicted outcome,,0.0,0,19,1,,
2025,1,Australian Grand Prix,Isack Hadjar,RB F1 Team,11,3,3,20.0,Retired,correct_dnf,Correct — predicted out-of-points; the DNF delivered it,,0.0,0,19,1,,
2025,2,Chinese Grand Prix,Oscar Piastri,McLaren,1,1,1,1.0,Finished,correct,Correct,-0.5261964285714286,23.938,1,0,0,0.0,0.0
2025,2,Chinese Grand Prix,Lando Norris,McLaren,3,1,1,2.0,Finished,correct,Correct,-0.352125,22.213,1,0,0,1.0,1.0
2025,2,Chinese Grand Prix,George Russell,Mercedes,2,1,1,3.0,Finished,correct,Correct,-0.32803571428571426,22.324,1,0,0,-1.0,-1.0
2025,2,Chinese Grand Prix,Max Verstappen,Red Bull,4,2,2,4.0,Finished,correct,Correct,-0.22876785714285713,22.454,1,0,0,-2.0,0.0
2025,2,Chinese Grand Prix,Esteban Ocon,Haas F1 Team,11,3,2,5.0,Finished,under_predict,Finished better than predicted — gained 4 places from grid,0.36610714285714285,23.114,1,0,0,1.0,4.0
2025,2,Chinese Grand Prix,Andrea Kimi Antonelli,Mercedes,8,2,2,6.0,Finished,correct,Correct,0.43358928571428573,22.675,1,0,0,1.0,0.0
2025,2,Chinese Grand Prix,Alexander Albon,Williams,10,2,2,7.0,Finished,correct,Correct,0.4795357142857143,23.362,1,0,0,-1.0,1.0
2025,2,Chinese Grand Prix,Oliver Bearman,Haas F1 Team,17,3,2,8.0,Finished,under_predict,Finished better than predicted — gained 7 places from grid,0.5685,22.808,1,0,0,1.0,7.0
2025,2,Chinese Grand Prix,Lance Stroll,Aston Martin,14,3,2,9.0,Finished,under_predict,Finished better than predicted,0.7274464285714286,22.995,1,0,0,0.0,2.0
2025,2,Chinese Grand Prix,Carlos Sainz,Williams,15,3,2,10.0,Finished,under_predict,Finished better than predicted,0.8378571428571429,22.721,1,0,0,0.0,2.0
2025,2,Chinese Grand Prix,Isack Hadjar,RB F1 Team,7,2,3,11.0,Finished,over_predict,Finished worse than predicted — slow race pace (+0.88s/lap vs field median) — lost 8 places from grid,0.8822857142857143,45.13,2,0,0,-2.0,-8.0
2025,2,Chinese Grand Prix,Liam Lawson,Red Bull,20,3,3,12.0,Finished,correct,Correct,0.9228571428571429,44.891000000000005,2,0,0,2.0,4.0
2025,2,Chinese Grand Prix,Fernando Alonso,Aston Martin,13,3,3,17.0,Retired,correct_dnf,Correct — predicted out-of-points; the DNF delivered it,10.836375,0.0,0,0,0,1.0,-7.0
2025,2,Chinese Grand Prix,Charles Leclerc,Ferrari,6,2,3,18.0,Disqualified,dnf_other,DNF destroyed the predicted outcome,-0.11171428571428571,22.151,1,0,0,1.0,1.0
2025,2,Chinese Grand Prix,Lewis Hamilton,Ferrari,5,2,3,19.0,Disqualified,dnf_other,DNF destroyed the predicted outcome,-0.0729642857142857,44.752,2,0,0,1.0,-1.0
2025,2,Chinese Grand Prix,Pierre Gasly,Alpine F1 Team,16,3,3,20.0,Disqualified,correct_dnf,Correct — predicted out-of-points; the DNF delivered it,0.6737142857142857,23.138,1,0,0,3.0,5.0
2025,3,Japanese Grand Prix,Max Verstappen,Red Bull,1,1,1,1.0,Finished,correct,Correct,-0.47222641509433966,24.397,1,0,0,0.0,0.0
2025,3,Japanese Grand Prix,Lando Norris,McLaren,2,1,1,2.0,Finished,correct,Correct,-0.44537735849056603,23.222,1,0,0,0.0,0.0
2025,3,Japanese Grand Prix,Oscar Piastri,McLaren,3,1,1,3.0,Finished,correct,Correct,-0.4320566037735849,23.037,1,0,0,0.0,0.0
2025,3,Japanese Grand Prix,Charles Leclerc,Ferrari,4,2,2,4.0,Finished,correct,Correct,-0.16850943396226414,23.346,1,0,0,0.0,0.0
2025,3,Japanese Grand Prix,George Russell,Mercedes,5,2,2,5.0,Finished,correct,Correct,-0.14464150943396226,23.184,1,0,0,0.0,0.0
2025,3,Japanese Grand Prix,Andrea Kimi Antonelli,Mercedes,6,2,2,6.0,Finished,correct,Correct,-0.11994339622641509,24.38,1,0,0,0.0,0.0
2025,3,Japanese Grand Prix,Lewis Hamilton,Ferrari,8,2,2,7.0,Finished,correct,Correct,0.07837735849056604,22.937,1,0,0,0.0,1.0
2025,3,Japanese Grand Prix,Isack Hadjar,RB F1 Team,7,2,2,8.0,Finished,correct,Correct,0.22841509433962265,23.333,1,0,0,0.0,-1.0
2025,3,Japanese Grand Prix,Alexander Albon,Williams,9,2,2,9.0,Finished,correct,Correct,0.28941509433962265,23.093,1,0,0,0.0,0.0
2025,3,Japanese Grand Prix,Oliver Bearman,Haas F1 Team,10,2,2,10.0,Finished,correct,Correct,0.556622641509434,24.834,1,0,0,0.0,0.0
2025,3,Japanese Grand Prix,Fernando Alonso,Aston Martin,13,3,3,11.0,Finished,correct,Correct,0.6095283018867924,25.708,1,0,0,2.0,2.0
2025,3,Japanese Grand Prix,Pierre Gasly,Alpine F1 Team,11,3,3,13.0,Finished,correct,Correct,0.6998867924528301,26.041,1,0,0,-1.0,-2.0
2025,3,Japanese Grand Prix,Carlos Sainz,Williams,12,3,3,14.0,Finished,correct,Correct,0.926433962264151,23.337,1,0,0,-4.0,-2.0
2025,3,Japanese Grand Prix,Liam Lawson,RB F1 Team,14,3,3,17.0,Finished,correct,Correct,1.0887924528301887,23.662,1,0,0,0.0,-3.0
2025,3,Japanese Grand Prix,Esteban Ocon,Haas F1 Team,18,3,3,18.0,Finished,correct,Correct,1.1020754716981132,24.464,1,0,0,1.0,0.0
2025,3,Japanese Grand Prix,Lance Stroll,Aston Martin,20,3,3,20.0,Lapped,correct,Correct,1.5316538461538463,47.332,2,0,0,1.0,0.0
2025,4,Bahrain Grand Prix,Oscar Piastri,McLaren,1,1,1,1.0,Finished,correct,Correct,-0.31392105263157893,49.397999999999996,2,3,32,0.0,0.0
2025,4,Bahrain Grand Prix,George Russell,Mercedes,2,1,1,2.0,Finished,correct,Correct,-0.042008771929824565,48.144000000000005,2,3,32,0.0,0.0
2025,4,Bahrain Grand Prix,Lando Norris,McLaren,6,2,1,3.0,Finished,under_predict,Finished better than predicted — gained 3 places from grid,-0.02842982456140351,53.857,2,3,32,3.0,3.0
2025,4,Bahrain Grand Prix,Charles Leclerc,Ferrari,3,1,2,4.0,Finished,over_predict,Finished worse than predicted — SC/VSC at lap 32 shuffled strategy,0.03132456140350877,49.043,2,3,32,-1.0,-1.0
2025,4,Bahrain Grand Prix,Lewis Hamilton,Ferrari,9,2,2,5.0,Finished,correct,Correct,0.17718421052631578,48.69,2,3,32,0.0,4.0
2025,4,Bahrain Grand Prix,Max Verstappen,Red Bull,7,2,2,6.0,Finished,correct,Correct,0.2895,54.585,2,3,32,-1.0,1.0
2025,4,Bahrain Grand Prix,Pierre Gasly,Alpine F1 Team,5,2,2,7.0,Finished,correct,Correct,0.3176929824561403,49.991,2,3,32,0.0,-2.0
2025,4,Bahrain Grand Prix,Esteban Ocon,Haas F1 Team,14,3,2,8.0,Finished,under_predict,Finished better than predicted — gained 6 places from grid,0.46228947368421053,49.708,2,3,32,1.0,6.0
2025,4,Bahrain Grand Prix,Oliver Bearman,Haas F1 Team,20,3,2,10.0,Finished,under_predict,Finished better than predicted — gained 10 places from grid,0.521061403508772,49.457,2,3,32,5.0,10.0
2025,4,Bahrain Grand Prix,Andrea Kimi Antonelli,Mercedes,4,2,3,11.0,Finished,over_predict,Finished worse than predicted — slow race pace (+0.53s/lap vs field median) — lost 7 places from grid — SC/VSC at lap 32 shuffled strategy,0.5284649122807018,74.006,3,3,32,-3.0,-7.0
2025,4,Bahrain Grand Prix,Alexander Albon,Williams,15,3,3,12.0,Finished,correct,Correct,0.5429035087719298,51.384,2,3,32,1.0,3.0
2025,4,Bahrain Grand Prix,Isack Hadjar,RB F1 Team,12,3,3,13.0,Finished,correct,Correct,0.6740438596491228,49.905,2,3,32,-4.0,-4.0
2025,4,Bahrain Grand Prix,Fernando Alonso,Aston Martin,13,3,3,15.0,Finished,correct,Correct,0.7446754385964912,49.672,2,3,32,1.0,-4.0
2025,4,Bahrain Grand Prix,Liam Lawson,RB F1 Team,17,3,3,16.0,Finished,correct,Correct,0.553359649122807,49.433,2,3,32,0.0,4.0
2025,4,Bahrain Grand Prix,Lance Stroll,Aston Martin,19,3,3,17.0,Finished,correct,Correct,0.8350087719298246,49.203,2,3,32,1.0,1.0
2025,4,Bahrain Grand Prix,Carlos Sainz,Williams,8,2,3,19.0,Retired,dnf_other,DNF destroyed the predicted outcome,1.7157222222222221,86.031,3,3,32,2.0,-12.0
2025,5,Saudi Arabian Grand Prix,Oscar Piastri,McLaren,2,1,1,1.0,Finished,correct,Correct,-0.8771100000000001,21.388,1,3,1,0.0,1.0
2025,5,Saudi Arabian Grand Prix,Max Verstappen,Red Bull,1,1,1,2.0,Finished,correct,Correct,-0.82025,26.03,1,3,1,0.0,-1.0
2025,5,Saudi Arabian Grand Prix,Charles Leclerc,Ferrari,4,2,1,3.0,Finished,under_predict,Finished better than predicted — fast race pace (-0.72s/lap vs field median),-0.7150299999999999,20.131,1,3,1,0.0,1.0
2025,5,Saudi Arabian Grand Prix,Lando Norris,McLaren,10,2,2,4.0,Finished,correct,Correct,-0.6931900000000001,20.427,1,3,1,2.0,6.0
2025,5,Saudi Arabian Grand Prix,George Russell,Mercedes,3,1,2,5.0,Finished,over_predict,Finished worse than predicted,-0.33238999999999996,20.329,1,3,1,0.0,-2.0
2025,5,Saudi Arabian Grand Prix,Andrea Kimi Antonelli,Mercedes,5,2,2,6.0,Finished,correct,Correct,-0.18334999999999999,20.399,1,3,1,0.0,-1.0
2025,5,Saudi Arabian Grand Prix,Lewis Hamilton,Ferrari,7,2,2,7.0,Finished,correct,Correct,-0.09565,20.144,1,3,1,1.0,0.0
2025,5,Saudi Arabian Grand Prix,Carlos Sainz,Williams,6,2,2,8.0,Finished,correct,Correct,0.41549,24.148,1,3,1,-1.0,-2.0
2025,5,Saudi Arabian Grand Prix,Alexander Albon,Williams,11,3,2,9.0,Finished,under_predict,Finished better than predicted,0.45319,22.135,1,3,1,2.0,2.0
2025,5,Saudi Arabian Grand Prix,Isack Hadjar,RB F1 Team,14,3,2,10.0,Finished,under_predict,Finished better than predicted — gained 4 places from grid,0.46470999999999996,20.827,1,3,1,3.0,4.0
2025,5,Saudi Arabian Grand Prix,Fernando Alonso,Aston Martin,13,3,3,11.0,Finished,correct,Correct,0.64123,21.891,1,3,1,3.0,1.0
2025,5,Saudi Arabian Grand Prix,Liam Lawson,RB F1 Team,12,3,3,12.0,Finished,correct,Correct,0.49191,20.534,1,3,1,0.0,1.0
2025,5,Saudi Arabian Grand Prix,Oliver Bearman,Haas F1 Team,15,3,3,13.0,Finished,correct,Correct,0.70677,22.095,1,3,1,2.0,2.0
2025,5,Saudi Arabian Grand Prix,Esteban Ocon,Haas F1 Team,19,3,3,14.0,Finished,correct,Correct,1.1173499999999998,21.512,1,3,1,2.0,5.0
2025,5,Saudi Arabian Grand Prix,Lance Stroll,Aston Martin,16,3,3,16.0,Lapped,correct,Correct,1.1183877551020407,20.487,1,3,1,2.0,0.0
2025,5,Saudi Arabian Grand Prix,Pierre Gasly,Alpine F1 Team,9,2,3,20.0,Retired,dnf_other,DNF destroyed the predicted outcome,,0.0,0,3,1,,
2025,6,Miami Grand Prix,Oscar Piastri,McLaren,4,2,1,1.0,Finished,under_predict,Finished better than predicted — fast race pace (-0.86s/lap vs field median) — gained 3 places from grid,-0.8558157894736842,22.106,1,4,2,1.0,3.0
2025,6,Miami Grand Prix,Lando Norris,McLaren,2,1,1,2.0,Finished,correct,Correct,-0.7745877192982455,22.044,1,4,2,-4.0,0.0
2025,6,Miami Grand Prix,George Russell,Mercedes,5,2,1,3.0,Finished,under_predict,Finished better than predicted,-0.19539473684210526,24.257,1,4,2,1.0,2.0
2025,6,Miami Grand Prix,Max Verstappen,Red Bull,1,1,2,4.0,Finished,over_predict,Finished worse than predicted — lost 3 places from grid — SC/VSC at lap 2 shuffled strategy,-0.15483333333333335,22.501,1,4,2,0.0,-3.0
2025,6,Miami Grand Prix,Alexander Albon,Williams,7,2,2,5.0,Finished,correct,Correct,-0.012535087719298245,21.906,1,4,2,2.0,2.0
2025,6,Miami Grand Prix,Andrea Kimi Antonelli,Mercedes,3,1,2,6.0,Finished,over_predict,Finished worse than predicted — lost 3 places from grid — SC/VSC at lap 2 shuffled strategy,0.11790350877192982,24.383,1,4,2,1.0,-3.0
2025,6,Miami Grand Prix,Charles Leclerc,Ferrari,8,2,2,7.0,Finished,correct,Correct,0.14481578947368423,22.183,1,4,2,0.0,1.0
2025,6,Miami Grand Prix,Lewis Hamilton,Ferrari,12,3,2,8.0,Finished,under_predict,Finished better than predicted — gained 4 places from grid,0.20007894736842105,23.104,1,4,2,0.0,4.0
2025,6,Miami Grand Prix,Carlos Sainz,Williams,6,2,2,9.0,Finished,correct,Correct,0.2069385964912281,22.415,1,4,2,-1.0,-3.0
2025,6,Miami Grand Prix,Isack Hadjar,RB F1 Team,11,3,3,11.0,Finished,correct,Correct,0.45299122807017544,22.115,1,4,2,0.0,0.0
2025,6,Miami Grand Prix,Esteban Ocon,Haas F1 Team,9,2,3,12.0,Finished,over_predict,Finished worse than predicted — slow race pace (+0.58s/lap vs field median) — lost 3 places from grid — SC/VSC at lap 2 shuffled strategy,0.5828859649122806,23.162,1,4,2,-1.0,-3.0
2025,6,Miami Grand Prix,Pierre Gasly,Alpine F1 Team,18,3,3,13.0,Finished,correct,Correct,0.730938596491228,22.06,1,4,2,0.0,5.0
2025,6,Miami Grand Prix,Fernando Alonso,Aston Martin,17,3,3,15.0,Lapped,correct,Correct,1.1286160714285713,23.602,1,4,2,0.0,2.0
2025,6,Miami Grand Prix,Lance Stroll,Aston Martin,19,3,3,16.0,Lapped,correct,Correct,1.2033125,22.317,1,4,2,4.0,3.0
2025,6,Miami Grand Prix,Liam Lawson,RB F1 Team,15,3,3,17.0,Retired,correct_dnf,Correct — predicted out-of-points; the DNF delivered it,2.2214722222222223,22.439,1,4,2,-4.0,-2.0
2025,6,Miami Grand Prix,Oliver Bearman,Haas F1 Team,20,3,3,19.0,Retired,correct_dnf,Correct — predicted out-of-points; the DNF delivered it,0.6085185185185185,0.0,0,4,2,4.0,7.0
2025,7,Emilia Romagna Grand Prix,Max Verstappen,Red Bull,2,1,1,1.0,Finished,correct,Correct,-0.21746825396825398,59.647999999999996,2,10,29,1.0,1.0
2025,7,Emilia Romagna Grand Prix,Lando Norris,McLaren,4,2,1,2.0,Finished,under_predict,Finished better than predicted,-0.1205,61.188,2,10,29,0.0,2.0
2025,7,Emilia Romagna Grand Prix,Oscar Piastri,McLaren,1,1,1,3.0,Finished,correct,Correct,-0.011817460317460319,61.582,2,10,29,-1.0,-2.0
2025,7,Emilia Romagna Grand Prix,Lewis Hamilton,Ferrari,12,3,2,4.0,Finished,under_predict,Finished better than predicted — gained 8 places from grid,0.010404761904761905,59.899,2,10,29,-1.0,8.0
2025,7,Emilia Romagna Grand Prix,Alexander Albon,Williams,7,2,2,5.0,Finished,correct,Correct,0.06737301587301588,60.257000000000005,2,10,29,0.0,2.0
2025,7,Emilia Romagna Grand Prix,Charles Leclerc,Ferrari,11,3,2,6.0,Finished,under_predict,Finished better than predicted — gained 5 places from grid,0.11227777777777777,61.532,2,10,29,1.0,5.0
2025,7,Emilia Romagna Grand Prix,George Russell,Mercedes,3,1,2,7.0,Finished,over_predict,Finished worse than predicted — lost 4 places from grid — SC/VSC at lap 29 shuffled strategy,0.13227777777777777,60.538,2,10,29,0.0,-4.0
2025,7,Emilia Romagna Grand Prix,Carlos Sainz,Williams,6,2,2,8.0,Finished,correct,Correct,0.1459920634920635,60.715,2,10,29,0.0,-2.0
2025,7,Emilia Romagna Grand Prix,Isack Hadjar,RB F1 Team,9,2,2,9.0,Finished,correct,Correct,0.1569126984126984,60.219,2,10,29,-2.0,0.0
2025,7,Emilia Romagna Grand Prix,Fernando Alonso,Aston Martin,5,2,3,11.0,Finished,over_predict,Finished worse than predicted — lost 6 places from grid — SC/VSC at lap 29 shuffled strategy,0.21507142857142858,61.049,2,10,29,0.0,-6.0
2025,7,Emilia Romagna Grand Prix,Pierre Gasly,Alpine F1 Team,10,2,3,13.0,Finished,over_predict,Finished worse than predicted — lost 3 places from grid — SC/VSC at lap 29 shuffled strategy,0.2813253968253968,63.491,2,10,29,1.0,-3.0
2025,7,Emilia Romagna Grand Prix,Liam Lawson,RB F1 Team,16,3,3,14.0,Finished,correct,Correct,0.29857936507936506,59.986000000000004,2,10,29,1.0,2.0
2025,7,Emilia Romagna Grand Prix,Lance Stroll,Aston Martin,8,2,3,15.0,Finished,over_predict,Finished worse than predicted — slow race pace (+0.31s/lap vs field median) — lost 7 places from grid — SC/VSC at lap 29 shuffled strategy,0.30623015873015874,65.714,2,10,29,0.0,-7.0
2025,7,Emilia Romagna Grand Prix,Franco Colapinto,Alpine F1 Team,15,3,3,16.0,Finished,correct,Correct,0.31286507936507935,61.424,2,10,29,-2.0,-1.0
2025,7,Emilia Romagna Grand Prix,Oliver Bearman,Haas F1 Team,16,3,3,17.0,Finished,correct,Correct,0.3191666666666667,88.17099999999999,2,10,29,-2.0,-1.0
2025,7,Emilia Romagna Grand Prix,Andrea Kimi Antonelli,Mercedes,13,3,3,19.0,Retired,correct_dnf,Correct — predicted out-of-points; the DNF delivered it,0.1640568181818182,30.051,1,10,29,1.0,5.0
2025,7,Emilia Romagna Grand Prix,Esteban Ocon,Haas F1 Team,18,3,3,20.0,Retired,correct_dnf,Correct — predicted out-of-points; the DNF delivered it,1.3492037037037037,30.506,1,10,29,-2.0,-1.0
2025,8,Monaco Grand Prix,Lando Norris,McLaren,1,1,1,1.0,Finished,correct,Correct,-1.7198397435897437,48.249,2,3,2,0.0,0.0
2025,8,Monaco Grand Prix,Charles Leclerc,Ferrari,2,1,1,2.0,Finished,correct,Correct,-1.679698717948718,47.254000000000005,2,3,2,0.0,0.0
2025,8,Monaco Grand Prix,Oscar Piastri,McLaren,3,1,1,3.0,Finished,correct,Correct,-1.6729423076923076,49.664,2,3,2,0.0,0.0
2025,8,Monaco Grand Prix,Max Verstappen,Red Bull,5,2,2,4.0,Finished,correct,Correct,-1.4560961538461539,48.064,2,3,2,1.0,1.0
2025,8,Monaco Grand Prix,Lewis Hamilton,Ferrari,4,2,2,5.0,Finished,correct,Correct,-1.0610320512820512,47.821,2,3,2,-3.0,-1.0
2025,8,Monaco Grand Prix,Isack Hadjar,RB F1 Team,6,2,2,6.0,Lapped,correct,Correct,0.08186363636363636,48.342,2,3,2,1.0,0.0
2025,8,Monaco Grand Prix,Esteban Ocon,Haas F1 Team,8,2,2,7.0,Lapped,correct,Correct,0.09416233766233767,50.348,2,3,2,0.0,1.0
2025,8,Monaco Grand Prix,Liam Lawson,RB F1 Team,9,2,2,8.0,Lapped,correct,Correct,0.10347402597402598,48.525999999999996,2,3,2,0.0,1.0
2025,8,Monaco Grand Prix,Alexander Albon,Williams,10,2,2,9.0,Lapped,correct,Correct,0.39035526315789476,48.117000000000004,2,3,2,0.0,1.0
2025,8,Monaco Grand Prix,Carlos Sainz,Williams,11,3,2,10.0,Lapped,under_predict,Finished better than predicted,0.4346052631578947,48.547,2,3,2,0.0,1.0
2025,8,Monaco Grand Prix,George Russell,Mercedes,14,3,3,11.0,Lapped,correct,Correct,0.6795,68.57,3,3,2,1.0,3.0
2025,8,Monaco Grand Prix,Oliver Bearman,Haas F1 Team,17,3,3,12.0,Lapped,correct,Correct,0.953828947368421,74.771,2,3,2,-2.0,5.0
2025,8,Monaco Grand Prix,Franco Colapinto,Alpine F1 Team,20,3,3,13.0,Lapped,correct,Correct,0.9856842105263158,48.852000000000004,2,3,2,5.0,7.0
2025,8,Monaco Grand Prix,Lance Stroll,Aston Martin,19,3,3,15.0,Lapped,correct,Correct,1.160434210526316,49.894000000000005,2,3,2,3.0,4.0
2025,8,Monaco Grand Prix,Andrea Kimi Antonelli,Mercedes,15,3,3,18.0,Lapped,correct,Correct,1.3631333333333335,49.294,2,3,2,1.0,-3.0
2025,8,Monaco Grand Prix,Fernando Alonso,Aston Martin,7,2,3,19.0,Retired,dnf_other,DNF destroyed the predicted outcome,-0.40784722222222225,25.375,1,3,2,1.0,1.0
2025,8,Monaco Grand Prix,Pierre Gasly,Alpine F1 Team,18,3,3,20.0,Retired,correct_dnf,Correct — predicted out-of-points; the DNF delivered it,1.2849285714285714,24.376,1,3,2,0.0,0.0
2025,9,Spanish Grand Prix,Oscar Piastri,McLaren,1,1,1,1.0,Finished,correct,Correct,0.015681818181818182,66.444,3,6,55,0.0,0.0
2025,9,Spanish Grand Prix,Lando Norris,McLaren,2,1,1,2.0,Finished,correct,Correct,0.053121212121212125,67.879,3,6,55,-1.0,0.0
2025,9,Spanish Grand Prix,Charles Leclerc,Ferrari,7,2,1,3.0,Finished,under_predict,Finished better than predicted — gained 4 places from grid,0.1740909090909091,66.139,3,6,55,2.0,4.0
2025,9,Spanish Grand Prix,George Russell,Mercedes,4,2,2,4.0,Finished,correct,Correct,0.18778787878787878,66.658,3,6,55,-2.0,0.0
2025,9,Spanish Grand Prix,Lewis Hamilton,Ferrari,5,2,2,6.0,Finished,correct,Correct,0.2506515151515152,69.203,3,6,55,1.0,-2.0
2025,9,Spanish Grand Prix,Isack Hadjar,RB F1 Team,9,2,2,7.0,Finished,correct,Correct,0.2584393939393939,65.62899999999999,3,6,55,0.0,1.0
2025,9,Spanish Grand Prix,Pierre Gasly,Alpine F1 Team,8,2,2,8.0,Finished,correct,Correct,0.2866212121212121,67.048,3,6,55,0.0,-1.0
2025,9,Spanish Grand Prix,Fernando Alonso,Aston Martin,10,2,2,9.0,Finished,correct,Correct,0.34240909090909094,67.24000000000001,3,6,55,0.0,0.0
2025,9,Spanish Grand Prix,Max Verstappen,Red Bull,3,1,2,10.0,Finished,over_predict,Finished worse than predicted — SC/VSC at lap 55 shuffled strategy,0.19486363636363638,87.801,4,6,55,1.0,-2.0
2025,9,Spanish Grand Prix,Liam Lawson,RB F1 Team,13,3,3,11.0,Finished,correct,Correct,0.402530303030303,44.166,2,6,55,0.0,2.0
2025,9,Spanish Grand Prix,Carlos Sainz,Williams,18,3,3,14.0,Finished,correct,Correct,0.45975757575757575,74.87700000000001,3,6,55,1.0,3.0
2025,9,Spanish Grand Prix,Franco Colapinto,Alpine F1 Team,19,3,3,15.0,Finished,correct,Correct,0.4911515151515151,66.484,3,6,55,1.0,3.0
2025,9,Spanish Grand Prix,Esteban Ocon,Haas F1 Team,17,3,3,16.0,Finished,correct,Correct,0.5035151515151515,45.022,2,6,55,1.0,0.0
2025,9,Spanish Grand Prix,Oliver Bearman,Haas F1 Team,15,3,3,17.0,Finished,correct,Correct,0.4257575757575757,67.044,3,6,55,0.0,2.0
2025,9,Spanish Grand Prix,Andrea Kimi Antonelli,Mercedes,6,2,3,18.0,Retired,dnf_other,DNF destroyed the predicted outcome,0.6063018867924528,45.691,2,6,55,-1.0,-1.0
2025,9,Spanish Grand Prix,Alexander Albon,Williams,11,3,3,19.0,Retired,correct_dnf,Correct — predicted out-of-points; the DNF delivered it,3.1665925925925924,68.497,2,6,55,-3.0,-8.0
2025,10,Canadian Grand Prix,George Russell,Mercedes,1,1,1,1.0,Finished,correct,Correct,-0.88935,103.495,5,5,66,0.0,0.0
2025,10,Canadian Grand Prix,Max Verstappen,Red Bull,2,1,1,2.0,Finished,correct,Correct,-0.8860928571428571,102.53199999999998,5,5,66,0.0,0.0
2025,10,Canadian Grand Prix,Andrea Kimi Antonelli,Mercedes,4,2,1,3.0,Finished,under_predict,Finished better than predicted — fast race pace (-0.87s/lap vs field median),-0.8748642857142858,102.286,5,5,66,1.0,1.0
2025,10,Canadian Grand Prix,Oscar Piastri,McLaren,3,1,2,4.0,Finished,over_predict,Finished worse than predicted — SC/VSC at lap 66 shuffled strategy,-0.8592214285714286,109.33,5,5,66,-1.0,-1.0
2025,10,Canadian Grand Prix,Charles Leclerc,Ferrari,8,2,2,5.0,Finished,correct,Correct,-0.8401785714285714,102.09899999999999,5,5,66,0.0,3.0
2025,10,Canadian Grand Prix,Lewis Hamilton,Ferrari,5,2,2,6.0,Finished,correct,Correct,-0.7363071428571428,101.672,5,5,66,0.0,-1.0
2025,10,Canadian Grand Prix,Fernando Alonso,Aston Martin,6,2,2,7.0,Finished,correct,Correct,-0.7326071428571429,120.28299999999999,6,5,66,0.0,-1.0
2025,10,Canadian Grand Prix,Esteban Ocon,Haas F1 Team,15,3,2,9.0,Lapped,under_predict,Finished better than predicted — gained 6 places from grid,0.9052173913043479,79.181,4,5,66,1.0,6.0
2025,10,Canadian Grand Prix,Carlos Sainz,Williams,17,3,2,10.0,Lapped,under_predict,Finished better than predicted — gained 7 places from grid,0.9112028985507247,77.94800000000001,4,5,66,1.0,7.0
2025,10,Canadian Grand Prix,Oliver Bearman,Haas F1 Team,14,3,3,11.0,Lapped,correct,Correct,0.9377391304347826,88.059,4,5,66,1.0,3.0
2025,10,Canadian Grand Prix,Franco Colapinto,Alpine F1 Team,12,3,3,13.0,Lapped,correct,Correct,0.9855797101449275,79.31299999999999,4,5,66,2.0,-1.0
2025,10,Canadian Grand Prix,Pierre Gasly,Alpine F1 Team,20,3,3,15.0,Lapped,correct,Correct,0.9990869565217392,78.627,4,5,66,0.0,5.0
2025,10,Canadian Grand Prix,Isack Hadjar,RB F1 Team,9,2,3,16.0,Lapped,over_predict,Finished worse than predicted — slow race pace (+1.01s/lap vs field median) — lost 7 places from grid — SC/VSC at lap 66 shuffled strategy,1.0104927536231885,84.38,4,5,66,-2.0,-7.0
2025,10,Canadian Grand Prix,Lance Stroll,Aston Martin,18,3,3,17.0,Lapped,correct,Correct,1.0152173913043478,118.71799999999999,5,5,66,0.0,1.0
2025,10,Canadian Grand Prix,Lando Norris,McLaren,7,2,3,18.0,Retired,dnf_other,DNF destroyed the predicted outcome,-1.0564848484848486,46.694,2,5,66,0.0,2.0
2025,10,Canadian Grand Prix,Liam Lawson,RB F1 Team,19,3,3,19.0,Retired,correct_dnf,Correct — predicted out-of-points; the DNF delivered it,1.0667735849056603,23.28,1,5,66,0.0,1.0
2025,10,Canadian Grand Prix,Alexander Albon,Williams,10,2,3,20.0,Retired,dnf_other,DNF destroyed the predicted outcome,0.8206086956521739,23.898,1,5,66,-2.0,-9.0
2025,11,Austrian Grand Prix,Lando Norris,McLaren,1,1,1,1.0,Finished,correct,Correct,-0.46532142857142855,43.558,2,3,1,0.0,0.0
2025,11,Austrian Grand Prix,Oscar Piastri,McLaren,3,1,1,2.0,Finished,correct,Correct,-0.4268214285714286,43.632000000000005,2,3,1,1.0,1.0
2025,11,Austrian Grand Prix,Charles Leclerc,Ferrari,2,1,1,3.0,Finished,correct,Correct,-0.1821785714285714,42.844,2,3,1,-1.0,-1.0
2025,11,Austrian Grand Prix,Lewis Hamilton,Ferrari,4,2,2,4.0,Finished,correct,Correct,-0.05075,42.445,2,3,1,0.0,0.0
2025,11,Austrian Grand Prix,George Russell,Mercedes,5,2,2,5.0,Finished,correct,Correct,0.42605,43.198,2,3,1,0.0,0.0
2025,11,Austrian Grand Prix,Liam Lawson,RB F1 Team,6,2,2,6.0,Finished,correct,Correct,0.5025928571428572,21.434,1,3,1,-3.0,0.0
2025,11,Austrian Grand Prix,Fernando Alonso,Aston Martin,11,3,2,7.0,Lapped,under_predict,Finished better than predicted — gained 4 places from grid,0.5587101449275362,21.865,1,3,1,1.0,4.0
2025,11,Austrian Grand Prix,Esteban Ocon,Haas F1 Team,17,3,2,10.0,Lapped,under_predict,Finished better than predicted — gained 7 places from grid,0.6826086956521739,45.471999999999994,2,3,1,3.0,7.0
2025,11,Austrian Grand Prix,Oliver Bearman,Haas F1 Team,15,3,3,11.0,Lapped,correct,Correct,0.8980869565217391,43.681,2,3,1,3.0,4.0
2025,11,Austrian Grand Prix,Isack Hadjar,RB F1 Team,13,3,3,12.0,Lapped,correct,Correct,0.9430579710144927,42.977000000000004,2,3,1,-3.0,1.0
2025,11,Austrian Grand Prix,Pierre Gasly,Alpine F1 Team,10,2,3,13.0,Lapped,over_predict,Finished worse than predicted — slow race pace (+1.02s/lap vs field median) — lost 3 places from grid,1.0169420289855073,44.064,2,3,1,4.0,-3.0
2025,11,Austrian Grand Prix,Lance Stroll,Aston Martin,16,3,3,14.0,Lapped,correct,Correct,1.0373333333333332,44.67,2,3,1,3.0,2.0
2025,11,Austrian Grand Prix,Franco Colapinto,Alpine F1 Team,14,3,3,15.0,Lapped,correct,Correct,1.084144927536232,44.125,2,3,1,3.0,-1.0
2025,11,Austrian Grand Prix,Alexander Albon,Williams,12,3,3,17.0,Retired,correct_dnf,Correct — predicted out-of-points; the DNF delivered it,1.5644666666666667,21.21,1,3,1,5.0,-4.0
2025,11,Austrian Grand Prix,Max Verstappen,Red Bull,7,2,3,18.0,Retired,dnf_other,DNF destroyed the predicted outcome,,0.0,0,3,1,,
2025,11,Austrian Grand Prix,Andrea Kimi Antonelli,Mercedes,9,2,3,19.0,Retired,dnf_other,DNF destroyed the predicted outcome,,0.0,0,3,1,,
2025,11,Austrian Grand Prix,Carlos Sainz,Williams,19,3,3,20.0,Did not start,correct_dnf,Correct — predicted out-of-points; the DNF delivered it,,0.0,0,3,1,,
2025,12,British Grand Prix,Lando Norris,McLaren,3,1,1,1.0,Finished,correct,Correct,-0.33533653846153844,58.843999999999994,2,10,2,0.0,2.0
2025,12,British Grand Prix,Oscar Piastri,McLaren,2,1,1,2.0,Finished,correct,Correct,-0.20433653846153846,69.771,2,10,2,0.0,0.0
2025,12,British Grand Prix,Lewis Hamilton,Ferrari,5,2,2,4.0,Finished,correct,Correct,0.43027884615384615,58.044,2,10,2,1.0,1.0
2025,12,British Grand Prix,Max Verstappen,Red Bull,1,1,2,5.0,Finished,over_predict,Finished worse than predicted — slow race pace (+0.76s/lap vs field median) — lost 4 places from grid — SC/VSC at lap 2 shuffled strategy,0.7566057692307693,57.870999999999995,2,10,2,0.0,-4.0
2025,12,British Grand Prix,Pierre Gasly,Alpine F1 Team,10,2,2,6.0,Finished,correct,Correct,0.8157596153846154,57.381,2,10,2,5.0,4.0
2025,12,British Grand Prix,Lance Stroll,Aston Martin,18,3,2,7.0,Finished,under_predict,Finished better than predicted — gained 11 places from grid,0.8301057692307693,86.531,3,10,2,6.0,11.0
2025,12,British Grand Prix,Alexander Albon,Williams,14,3,2,8.0,Finished,under_predict,Finished better than predicted — gained 6 places from grid,0.8980288461538461,58.543000000000006,2,10,2,5.0,6.0
2025,12,British Grand Prix,Fernando Alonso,Aston Martin,9,2,2,9.0,Finished,correct,Correct,0.9311634615384615,57.241,2,10,2,3.0,0.0
2025,12,British Grand Prix,George Russell,Mercedes,4,2,2,10.0,Finished,correct,Correct,1.0237788461538462,56.852,2,10,2,-10.0,-6.0
2025,12,British Grand Prix,Oliver Bearman,Haas F1 Team,8,2,3,11.0,Finished,over_predict,Finished worse than predicted — slow race pace (+1.05s/lap vs field median) — lost 3 places from grid — SC/VSC at lap 2 shuffled strategy,1.0511057692307693,58.291,2,10,2,-10.0,-3.0
2025,12,British Grand Prix,Carlos Sainz,Williams,11,3,3,12.0,Finished,correct,Correct,1.1375865384615387,58.209,2,10,2,4.0,-1.0
2025,12,British Grand Prix,Esteban Ocon,Haas F1 Team,15,3,3,13.0,Finished,correct,Correct,1.1512211538461539,58.208,2,10,2,2.0,2.0
2025,12,British Grand Prix,Charles Leclerc,Ferrari,6,2,3,14.0,Finished,over_predict,Finished worse than predicted — slow race pace (+1.29s/lap vs field median) — lost 8 places from grid — SC/VSC at lap 2 shuffled strategy,1.2892211538461538,57.929,2,10,2,-9.0,-8.0
2025,12,British Grand Prix,Andrea Kimi Antonelli,Mercedes,7,2,3,16.0,Retired,dnf_other,DNF destroyed the predicted outcome,1.6798695652173912,87.156,3,10,2,-1.0,-9.0
2025,12,British Grand Prix,Isack Hadjar,RB F1 Team,13,3,3,17.0,Retired,correct_dnf,Correct — predicted out-of-points; the DNF delivered it,1.2855588235294118,28.523,1,10,2,-3.0,-3.0
2025,12,British Grand Prix,Liam Lawson,RB F1 Team,16,3,3,19.0,Retired,correct_dnf,Correct — predicted out-of-points; the DNF delivered it,,0.0,0,10,2,,
2025,12,British Grand Prix,Franco Colapinto,Alpine F1 Team,20,3,3,20.0,Did not start,correct_dnf,Correct — predicted out-of-points; the DNF delivered it,,0.0,0,10,2,,
2025,13,Belgian Grand Prix,Oscar Piastri,McLaren,2,1,1,1.0,Finished,correct,Correct,-1.2440795454545455,23.844,1,5,1,0.0,1.0
2025,13,Belgian Grand Prix,Lando Norris,McLaren,1,1,1,2.0,Finished,correct,Correct,-1.166465909090909,24.376,1,5,1,0.0,-1.0
2025,13,Belgian Grand Prix,Charles Leclerc,Ferrari,3,1,1,3.0,Finished,correct,Correct,-0.7853295454545455,23.806,1,5,1,0.0,0.0
2025,13,Belgian Grand Prix,Max Verstappen,Red Bull,4,2,2,4.0,Finished,correct,Correct,-0.7501931818181818,25.913,1,5,1,0.0,0.0
2025,13,Belgian Grand Prix,George Russell,Mercedes,6,2,2,5.0,Finished,correct,Correct,-0.45173863636363637,23.635,1,5,1,0.0,1.0
2025,13,Belgian Grand Prix,Alexander Albon,Williams,5,2,2,6.0,Finished,correct,Correct,-0.3366704545454546,24.029,1,5,1,0.0,-1.0
2025,13,Belgian Grand Prix,Lewis Hamilton,Ferrari,16,3,2,7.0,Finished,under_predict,Finished better than predicted — fast race pace (-0.32s/lap vs field median) — gained 9 places from grid,-0.3195568181818182,23.284,1,5,1,-2.0,9.0
2025,13,Belgian Grand Prix,Liam Lawson,RB F1 Team,9,2,2,8.0,Finished,correct,Correct,-0.061511363636363635,23.269,1,5,1,0.0,1.0
2025,13,Belgian Grand Prix,Pierre Gasly,Alpine F1 Team,13,3,2,10.0,Finished,under_predict,Finished better than predicted — gained 3 places from grid,0.40851136363636364,26.825,1,5,1,0.0,3.0
2025,13,Belgian Grand Prix,Oliver Bearman,Haas F1 Team,12,3,3,11.0,Finished,correct,Correct,0.4183068181818182,24.13,1,5,1,0.0,1.0
2025,13,Belgian Grand Prix,Lance Stroll,Aston Martin,20,3,3,14.0,Finished,correct,Correct,0.5702613636363636,23.787,1,5,1,4.0,6.0
2025,13,Belgian Grand Prix,Esteban Ocon,Haas F1 Team,11,3,3,15.0,Finished,correct,Correct,0.7118977272727273,23.802,1,5,1,0.0,-4.0
2025,13,Belgian Grand Prix,Andrea Kimi Antonelli,Mercedes,18,3,3,16.0,Finished,correct,Correct,0.7268522727272727,46.668000000000006,2,5,1,-1.0,2.0
2025,13,Belgian Grand Prix,Fernando Alonso,Aston Martin,19,3,3,17.0,Finished,correct,Correct,0.7541931818181818,47.096000000000004,2,5,1,-1.0,2.0
2025,13,Belgian Grand Prix,Carlos Sainz,Williams,15,3,3,18.0,Finished,correct,Correct,0.847375,51.298,2,5,1,-2.0,-3.0
2025,13,Belgian Grand Prix,Franco Colapinto,Alpine F1 Team,17,3,3,19.0,Finished,correct,Correct,0.9206931818181818,47.114000000000004,2,5,1,2.0,-2.0
2025,13,Belgian Grand Prix,Isack Hadjar,RB F1 Team,8,2,3,20.0,Lapped,over_predict,Finished worse than predicted — slow race pace (+1.52s/lap vs field median) — lost 12 places from grid,1.518988372093023,46.956,2,5,1,0.0,-12.0
2025,14,Hungarian Grand Prix,Lando Norris,McLaren,3,1,1,1.0,Finished,correct,Correct,-0.7522285714285714,20.94,1,0,0,-2.0,2.0
2025,14,Hungarian Grand Prix,Oscar Piastri,McLaren,2,1,1,2.0,Finished,correct,Correct,-0.7422571428571428,42.085,2,0,0,0.0,0.0
2025,14,Hungarian Grand Prix,George Russell,Mercedes,4,2,1,3.0,Finished,under_predict,Finished better than predicted — fast race pace (-0.44s/lap vs field median),-0.43914285714285717,43.153,2,0,0,1.0,1.0
2025,14,Hungarian Grand Prix,Charles Leclerc,Ferrari,1,1,2,4.0,Finished,over_predict,Finished worse than predicted — lost 3 places from grid,-0.21565714285714285,42.266,2,0,0,0.0,-3.0
2025,14,Hungarian Grand Prix,Fernando Alonso,Aston Martin,5,2,2,5.0,Finished,correct,Correct,0.0912,22.204,1,0,0,1.0,0.0
2025,14,Hungarian Grand Prix,Lance Stroll,Aston Martin,6,2,2,7.0,Finished,correct,Correct,0.2216857142857143,21.464,1,0,0,-1.0,-1.0
2025,14,Hungarian Grand Prix,Liam Lawson,RB F1 Team,9,2,2,8.0,Finished,correct,Correct,0.2399285714285714,22.136,1,0,0,1.0,1.0
2025,14,Hungarian Grand Prix,Max Verstappen,Red Bull,8,2,2,9.0,Finished,correct,Correct,0.2855571428571429,42.691,2,0,0,-1.0,-1.0
2025,14,Hungarian Grand Prix,Andrea Kimi Antonelli,Mercedes,15,3,2,10.0,Lapped,under_predict,Finished better than predicted — gained 5 places from grid,0.5280144927536232,22.328,1,0,0,2.0,5.0
2025,14,Hungarian Grand Prix,Isack Hadjar,RB F1 Team,10,2,3,11.0,Lapped,over_predict,Finished worse than predicted — slow race pace (+0.54s/lap vs field median),0.5403478260869565,21.096,1,0,0,-1.0,-1.0
2025,14,Hungarian Grand Prix,Lewis Hamilton,Ferrari,12,3,3,12.0,Lapped,correct,Correct,0.560072463768116,21.15,1,0,0,-2.0,0.0
2025,14,Hungarian Grand Prix,Carlos Sainz,Williams,13,3,3,14.0,Lapped,correct,Correct,0.9001449275362319,43.093,2,0,0,1.0,-1.0
2025,14,Hungarian Grand Prix,Alexander Albon,Williams,20,3,3,15.0,Lapped,correct,Correct,0.9694927536231884,44.071,2,0,0,4.0,5.0
2025,14,Hungarian Grand Prix,Esteban Ocon,Haas F1 Team,18,3,3,16.0,Lapped,correct,Correct,1.073072463768116,22.444,1,0,0,3.0,2.0
2025,14,Hungarian Grand Prix,Franco Colapinto,Alpine F1 Team,14,3,3,18.0,Lapped,correct,Correct,1.1036811594202898,56.528000000000006,2,0,0,-4.0,-5.0
2025,14,Hungarian Grand Prix,Pierre Gasly,Alpine F1 Team,17,3,3,19.0,Lapped,correct,Correct,1.0888115942028984,21.699,1,0,0,-2.0,0.0
2025,14,Hungarian Grand Prix,Oliver Bearman,Haas F1 Team,11,3,3,20.0,Retired,correct_dnf,Correct — predicted out-of-points; the DNF delivered it,1.0507708333333332,21.754,1,0,0,1.0,-8.0
2025,15,Dutch Grand Prix,Oscar Piastri,McLaren,1,1,1,1.0,Finished,correct,Correct,0.008166666666666666,35.964,2,13,23,0.0,0.0
2025,15,Dutch Grand Prix,Max Verstappen,Red Bull,3,1,1,2.0,Finished,correct,Correct,0.025819444444444443,37.001,2,13,23,1.0,1.0
2025,15,Dutch Grand Prix,Isack Hadjar,RB F1 Team,4,2,1,3.0,Finished,under_predict,Finished better than predicted,0.05306944444444444,35.949,2,13,23,0.0,1.0
2025,15,Dutch Grand Prix,George Russell,Mercedes,5,2,2,4.0,Finished,correct,Correct,0.08669444444444445,36.176,2,13,23,-1.0,1.0
2025,15,Dutch Grand Prix,Alexander Albon,Williams,15,3,2,5.0,Finished,under_predict,Finished better than predicted — gained 10 places from grid,0.09604166666666668,37.532,2,13,23,5.0,10.0
2025,15,Dutch Grand Prix,Oliver Bearman,Haas F1 Team,19,3,2,6.0,Finished,under_predict,Finished better than predicted — gained 12 places from grid,0.13377777777777777,18.622,1,13,23,-1.0,12.0
2025,15,Dutch Grand Prix,Lance Stroll,Aston Martin,20,3,2,7.0,Finished,under_predict,Finished better than predicted — gained 12 places from grid,0.14006944444444447,35.159,2,13,23,1.0,12.0
2025,15,Dutch Grand Prix,Fernando Alonso,Aston Martin,10,2,2,8.0,Finished,correct,Correct,0.17079166666666665,35.366,2,13,23,-3.0,1.0
2025,15,Dutch Grand Prix,Esteban Ocon,Haas F1 Team,18,3,2,10.0,Finished,under_predict,Finished better than predicted — gained 7 places from grid,0.20348611111111112,18.27,1,13,23,2.0,7.0
2025,15,Dutch Grand Prix,Franco Colapinto,Alpine F1 Team,16,3,3,11.0,Finished,correct,Correct,0.20970833333333333,53.649,3,13,23,1.0,4.0
2025,15,Dutch Grand Prix,Liam Lawson,RB F1 Team,8,2,3,12.0,Finished,over_predict,Finished worse than predicted — lost 5 places from grid — SC/VSC at lap 23 shuffled strategy,0.24515277777777778,58.309999999999995,3,13,23,0.0,-5.0
2025,15,Dutch Grand Prix,Carlos Sainz,Williams,9,2,3,13.0,Finished,over_predict,Finished worse than predicted — lost 5 places from grid — SC/VSC at lap 23 shuffled strategy,0.2495,95.49600000000001,4,13,23,0.0,-5.0
2025,15,Dutch Grand Prix,Andrea Kimi Antonelli,Mercedes,11,3,3,16.0,Finished,correct,Correct,0.10579166666666667,56.20099999999999,3,13,23,-1.0,5.0
2025,15,Dutch Grand Prix,Pierre Gasly,Alpine F1 Team,14,3,3,17.0,Finished,correct,Correct,0.33634722222222224,19.223,1,13,23,0.0,-3.0
2025,15,Dutch Grand Prix,Lando Norris,McLaren,2,1,3,18.0,Retired,dnf_other,DNF destroyed the predicted outcome,-0.186171875,42.650000000000006,2,13,23,-1.0,0.0
2025,15,Dutch Grand Prix,Charles Leclerc,Ferrari,6,2,3,19.0,Retired,dnf_other,DNF destroyed the predicted outcome,-0.3591057692307692,34.123000000000005,2,13,23,1.0,1.0
2025,15,Dutch Grand Prix,Lewis Hamilton,Ferrari,7,2,3,20.0,Retired,dnf_other,DNF destroyed the predicted outcome,-0.4590681818181818,0.0,0,13,23,0.0,0.0
2025,16,Italian Grand Prix,Max Verstappen,Red Bull,1,1,1,1.0,Finished,correct,Correct,-0.6149528301886793,24.545,1,0,0,0.0,0.0
2025,16,Italian Grand Prix,Lando Norris,McLaren,2,1,1,2.0,Finished,correct,Correct,-0.2525566037735849,27.498,1,0,0,0.0,0.0
2025,16,Italian Grand Prix,Oscar Piastri,McLaren,3,1,1,3.0,Finished,correct,Correct,-0.21210377358490567,23.602,1,0,0,0.0,0.0
2025,16,Italian Grand Prix,Charles Leclerc,Ferrari,4,2,2,4.0,Finished,correct,Correct,-0.13148113207547169,24.235,1,0,0,0.0,0.0
2025,16,Italian Grand Prix,George Russell,Mercedes,6,2,2,5.0,Finished,correct,Correct,0.005443396226415095,25.021,1,0,0,1.0,1.0
2025,16,Italian Grand Prix,Lewis Hamilton,Ferrari,5,2,2,6.0,Finished,correct,Correct,0.09163207547169812,23.971,1,0,0,-3.0,-1.0
2025,16,Italian Grand Prix,Alexander Albon,Williams,14,3,2,7.0,Finished,under_predict,Finished better than predicted — gained 7 places from grid,0.33857547169811325,24.717,1,0,0,1.0,7.0
2025,16,Italian Grand Prix,Andrea Kimi Antonelli,Mercedes,7,2,2,9.0,Finished,correct,Correct,0.4182924528301887,24.916,1,0,0,-3.0,-1.0
2025,16,Italian Grand Prix,Isack Hadjar,RB F1 Team,16,3,2,10.0,Finished,under_predict,Finished better than predicted — gained 6 places from grid,0.5905377358490567,24.326,1,0,0,-2.0,6.0
2025,16,Italian Grand Prix,Carlos Sainz,Williams,13,3,3,11.0,Finished,correct,Correct,0.6014433962264151,24.605,1,0,0,1.0,2.0
2025,16,Italian Grand Prix,Oliver Bearman,Haas F1 Team,11,3,3,12.0,Finished,correct,Correct,0.6923679245283019,25.372,1,0,0,0.0,-1.0
2025,16,Italian Grand Prix,Liam Lawson,RB F1 Team,20,3,3,14.0,Finished,correct,Correct,0.9388396226415094,24.156,1,0,0,5.0,6.0
2025,16,Italian Grand Prix,Esteban Ocon,Haas F1 Team,15,3,3,15.0,Lapped,correct,Correct,0.98875,30.754,1,0,0,1.0,0.0
2025,16,Italian Grand Prix,Pierre Gasly,Alpine F1 Team,19,3,3,16.0,Lapped,correct,Correct,1.0599423076923076,25.012,1,0,0,0.0,3.0
2025,16,Italian Grand Prix,Franco Colapinto,Alpine F1 Team,18,3,3,17.0,Lapped,correct,Correct,1.0909230769230769,24.971,1,0,0,1.0,1.0
2025,16,Italian Grand Prix,Lance Stroll,Aston Martin,17,3,3,18.0,Lapped,correct,Correct,1.1265576923076923,38.418,1,0,0,1.0,-1.0
2025,16,Italian Grand Prix,Fernando Alonso,Aston Martin,9,2,3,19.0,Retired,dnf_other,DNF destroyed the predicted outcome,2.005708333333333,25.16,1,0,0,3.0,-10.0
2025,17,Azerbaijan Grand Prix,Max Verstappen,Red Bull,1,1,1,1.0,Finished,correct,Correct,-0.6396470588235293,20.221,1,4,1,0.0,0.0
2025,17,Azerbaijan Grand Prix,George Russell,Mercedes,5,2,1,2.0,Finished,under_predict,Finished better than predicted — fast race pace (-0.35s/lap vs field median) — gained 3 places from grid,-0.3531960784313725,19.809,1,4,1,0.0,3.0
2025,17,Azerbaijan Grand Prix,Carlos Sainz,Williams,2,1,1,3.0,Finished,correct,Correct,-0.26319607843137255,20.508,1,4,1,0.0,-1.0
2025,17,Azerbaijan Grand Prix,Andrea Kimi Antonelli,Mercedes,4,2,2,4.0,Finished,correct,Correct,-0.21298039215686274,20.669,1,4,1,0.0,0.0
2025,17,Azerbaijan Grand Prix,Liam Lawson,RB F1 Team,3,1,2,5.0,Finished,over_predict,Finished worse than predicted,0.013098039215686275,20.283,1,4,1,0.0,-2.0
2025,17,Azerbaijan Grand Prix,Lando Norris,McLaren,7,2,2,7.0,Finished,correct,Correct,0.03147058823529412,21.975,1,4,1,-1.0,0.0
2025,17,Azerbaijan Grand Prix,Lewis Hamilton,Ferrari,12,3,2,8.0,Finished,under_predict,Finished better than predicted — gained 4 places from grid,0.07231372549019607,20.062,1,4,1,2.0,4.0
2025,17,Azerbaijan Grand Prix,Charles Leclerc,Ferrari,10,2,2,9.0,Finished,correct,Correct,0.08141176470588235,20.542,1,4,1,1.0,1.0
2025,17,Azerbaijan Grand Prix,Isack Hadjar,RB F1 Team,8,2,2,10.0,Finished,correct,Correct,0.12470588235294118,20.294,1,4,1,1.0,-2.0
2025,17,Azerbaijan Grand Prix,Oliver Bearman,Haas F1 Team,15,3,3,12.0,Finished,correct,Correct,0.6988235294117647,21.194,1,4,1,0.0,2.0
2025,17,Azerbaijan Grand Prix,Alexander Albon,Williams,19,3,3,13.0,Finished,correct,Correct,0.5930980392156863,41.247,2,4,1,0.0,8.0
2025,17,Azerbaijan Grand Prix,Esteban Ocon,Haas F1 Team,20,3,3,14.0,Finished,correct,Correct,0.8815294117647059,41.45,2,4,1,2.0,6.0
2025,17,Azerbaijan Grand Prix,Fernando Alonso,Aston Martin,11,3,3,15.0,Finished,correct,Correct,0.9036274509803921,25.768,1,4,1,0.0,-4.0
2025,17,Azerbaijan Grand Prix,Lance Stroll,Aston Martin,14,3,3,17.0,Finished,correct,Correct,1.2503921568627452,21.82,1,4,1,1.0,-3.0
2025,17,Azerbaijan Grand Prix,Pierre Gasly,Alpine F1 Team,18,3,3,18.0,Lapped,correct,Correct,1.5224000000000002,21.5,1,4,1,2.0,0.0
2025,17,Azerbaijan Grand Prix,Franco Colapinto,Alpine F1 Team,16,3,3,19.0,Lapped,correct,Correct,1.5715999999999999,21.088,1,4,1,2.0,-3.0
2025,17,Azerbaijan Grand Prix,Oscar Piastri,McLaren,9,2,3,20.0,Retired,dnf_other,DNF destroyed the predicted outcome,,0.0,0,4,1,,
2025,18,Singapore Grand Prix,George Russell,Mercedes,1,1,1,1.0,Finished,correct,Correct,-1.056516129032258,23.966,1,0,0,0.0,0.0
2025,18,Singapore Grand Prix,Max Verstappen,Red Bull,2,1,1,2.0,Finished,correct,Correct,-0.9689354838709677,24.008,1,0,0,0.0,0.0
2025,18,Singapore Grand Prix,Lando Norris,McLaren,5,2,1,3.0,Finished,under_predict,Finished better than predicted — fast race pace (-0.96s/lap vs field median),-0.9586774193548386,23.314,1,0,0,2.0,2.0
2025,18,Singapore Grand Prix,Oscar Piastri,McLaren,3,1,2,4.0,Finished,over_predict,Finished worse than predicted,-0.9251290322580645,26.637,1,0,0,-1.0,-1.0
2025,18,Singapore Grand Prix,Andrea Kimi Antonelli,Mercedes,4,2,2,5.0,Finished,correct,Correct,-0.5132741935483871,23.806,1,0,0,-2.0,-1.0
2025,18,Singapore Grand Prix,Charles Leclerc,Ferrari,7,2,2,6.0,Finished,correct,Correct,-0.31464516129032255,23.63,1,0,0,2.0,1.0
2025,18,Singapore Grand Prix,Fernando Alonso,Aston Martin,10,2,2,7.0,Finished,correct,Correct,0.24456451612903227,30.749,1,0,0,1.0,2.0
2025,18,Singapore Grand Prix,Lewis Hamilton,Ferrari,6,2,2,8.0,Finished,correct,Correct,0.2378548387096774,48.138000000000005,2,0,0,-1.0,-1.0
2025,18,Singapore Grand Prix,Oliver Bearman,Haas F1 Team,9,2,2,9.0,Finished,correct,Correct,0.45198387096774195,23.979,1,0,0,-1.0,0.0
2025,18,Singapore Grand Prix,Carlos Sainz,Williams,20,3,2,10.0,Lapped,under_predict,Finished better than predicted — gained 10 places from grid,0.6836885245901639,24.075,1,0,0,2.0,10.0
2025,18,Singapore Grand Prix,Isack Hadjar,RB F1 Team,8,2,3,11.0,Lapped,over_predict,Finished worse than predicted — slow race pace (+0.79s/lap vs field median) — lost 3 places from grid,0.7915737704918033,23.827,1,0,0,0.0,-3.0
2025,18,Singapore Grand Prix,Lance Stroll,Aston Martin,15,3,3,13.0,Lapped,correct,Correct,0.9088688524590164,24.012,1,0,0,1.0,2.0
2025,18,Singapore Grand Prix,Alexander Albon,Williams,19,3,3,14.0,Lapped,correct,Correct,0.9224754098360656,25.732,1,0,0,-1.0,5.0
2025,18,Singapore Grand Prix,Liam Lawson,RB F1 Team,12,3,3,15.0,Lapped,correct,Correct,0.9523934426229508,24.027,1,0,0,0.0,-3.0
2025,18,Singapore Grand Prix,Franco Colapinto,Alpine F1 Team,16,3,3,16.0,Lapped,correct,Correct,1.2105081967213114,24.04,1,0,0,3.0,0.0
2025,18,Singapore Grand Prix,Esteban Ocon,Haas F1 Team,17,3,3,18.0,Lapped,correct,Correct,1.2800655737704918,25.078,1,0,0,0.0,-1.0
2025,18,Singapore Grand Prix,Pierre Gasly,Alpine F1 Team,18,3,3,19.0,Lapped,correct,Correct,1.2854426229508196,50.771,2,0,0,-1.0,-1.0
2025,19,United States Grand Prix,Max Verstappen,Red Bull,1,1,1,1.0,Finished,correct,Correct,-0.7073392857142856,23.987,1,2,7,0.0,0.0
2025,19,United States Grand Prix,Lando Norris,McLaren,2,1,1,2.0,Finished,correct,Correct,-0.5652142857142857,24.58,1,2,7,-1.0,0.0
2025,19,United States Grand Prix,Charles Leclerc,Ferrari,3,1,1,3.0,Finished,correct,Correct,-0.4328214285714286,23.718,1,2,7,1.0,0.0
2025,19,United States Grand Prix,Lewis Hamilton,Ferrari,5,2,2,4.0,Finished,correct,Correct,-0.19776785714285713,23.937,1,2,7,1.0,1.0
2025,19,United States Grand Prix,Oscar Piastri,McLaren,6,2,2,5.0,Finished,correct,Correct,-0.177375,23.452,1,2,7,1.0,1.0
2025,19,United States Grand Prix,George Russell,Mercedes,4,2,2,6.0,Finished,correct,Correct,-0.10991071428571429,23.555,1,2,7,-2.0,-2.0
2025,19,United States Grand Prix,Oliver Bearman,Haas F1 Team,8,2,2,9.0,Finished,correct,Correct,0.4484107142857143,24.11,1,2,7,0.0,-1.0
2025,19,United States Grand Prix,Fernando Alonso,Aston Martin,10,2,2,10.0,Finished,correct,Correct,0.5426785714285715,24.054,1,2,7,-2.0,0.0
2025,19,United States Grand Prix,Liam Lawson,RB F1 Team,12,3,3,11.0,Finished,correct,Correct,0.5999642857142856,23.681,1,2,7,-1.0,1.0
2025,19,United States Grand Prix,Lance Stroll,Aston Martin,18,3,3,12.0,Finished,correct,Correct,0.6279821428571429,24.192,1,2,7,0.0,6.0
2025,19,United States Grand Prix,Andrea Kimi Antonelli,Mercedes,7,2,3,13.0,Finished,over_predict,Finished worse than predicted — slow race pace (+0.65s/lap vs field median) — lost 6 places from grid,0.6452678571428571,23.949,1,2,7,0.0,-6.0
2025,19,United States Grand Prix,Alexander Albon,Williams,19,3,3,14.0,Finished,correct,Correct,0.7212321428571429,48.345,2,2,7,-1.0,5.0
2025,19,United States Grand Prix,Esteban Ocon,Haas F1 Team,17,3,3,15.0,Finished,correct,Correct,0.7755714285714286,25.06,1,2,7,2.0,2.0
2025,19,United States Grand Prix,Isack Hadjar,RB F1 Team,20,3,3,16.0,Finished,correct,Correct,0.9499285714285715,23.831,1,2,7,1.0,4.0
2025,19,United States Grand Prix,Franco Colapinto,Alpine F1 Team,15,3,3,17.0,Lapped,correct,Correct,1.1256545454545455,24.045,1,2,7,-2.0,-2.0
2025,19,United States Grand Prix,Pierre Gasly,Alpine F1 Team,14,3,3,19.0,Lapped,correct,Correct,1.1956181818181817,26.631,1,2,7,0.0,-5.0
2025,19,United States Grand Prix,Carlos Sainz,Williams,9,2,3,20.0,Retired,dnf_other,DNF destroyed the predicted outcome,-0.7176,0.0,0,2,7,0.0,1.0
2025,20,Mexico City Grand Prix,Lando Norris,McLaren,1,1,1,1.0,Finished,correct,Correct,-0.4678380281690141,22.567,1,1,70,0.0,0.0
2025,20,Mexico City Grand Prix,Charles Leclerc,Ferrari,2,1,1,2.0,Finished,correct,Correct,-0.04073943661971831,22.215,1,1,70,0.0,0.0
2025,20,Mexico City Grand Prix,Max Verstappen,Red Bull,5,2,1,3.0,Finished,under_predict,Finished better than predicted,-0.03052816901408451,22.762,1,1,70,1.0,2.0
2025,20,Mexico City Grand Prix,Oliver Bearman,Haas F1 Team,10,2,2,4.0,Finished,correct,Correct,0.10899295774647888,44.821,2,1,70,4.0,6.0
2025,20,Mexico City Grand Prix,Oscar Piastri,McLaren,8,2,2,5.0,Finished,correct,Correct,0.12462676056338029,45.37,2,1,70,-1.0,3.0
2025,20,Mexico City Grand Prix,Andrea Kimi Antonelli,Mercedes,6,2,2,6.0,Finished,correct,Correct,0.2059225352112676,46.998999999999995,2,1,70,-1.0,0.0
2025,20,Mexico City Grand Prix,George Russell,Mercedes,4,2,2,7.0,Finished,correct,Correct,0.24042957746478874,44.817,2,1,70,-1.0,-3.0
2025,20,Mexico City Grand Prix,Lewis Hamilton,Ferrari,3,1,2,8.0,Finished,over_predict,Finished worse than predicted — slow race pace (+0.33s/lap vs field median) — lost 5 places from grid,0.32717605633802815,56.65,2,1,70,0.0,-5.0
2025,20,Mexico City Grand Prix,Esteban Ocon,Haas F1 Team,12,3,2,9.0,Finished,under_predict,Finished better than predicted — gained 3 places from grid,0.5950352112676056,23.203,1,1,70,2.0,3.0
2025,20,Mexico City Grand Prix,Alexander Albon,Williams,17,3,3,12.0,Lapped,correct,Correct,0.81275,22.04,1,1,70,-1.0,5.0
2025,20,Mexico City Grand Prix,Isack Hadjar,RB F1 Team,9,2,3,13.0,Lapped,over_predict,Finished worse than predicted — slow race pace (+0.87s/lap vs field median) — lost 4 places from grid,0.8728357142857143,22.196,1,1,70,-2.0,-4.0
2025,20,Mexico City Grand Prix,Lance Stroll,Aston Martin,19,3,3,14.0,Lapped,correct,Correct,0.87825,45.784000000000006,2,1,70,0.0,5.0
2025,20,Mexico City Grand Prix,Pierre Gasly,Alpine F1 Team,18,3,3,15.0,Lapped,correct,Correct,1.4074642857142858,22.834,1,1,70,3.0,3.0
2025,20,Mexico City Grand Prix,Franco Colapinto,Alpine F1 Team,20,3,3,16.0,Lapped,correct,Correct,1.411692857142857,22.789,1,1,70,0.0,4.0
2025,20,Mexico City Grand Prix,Carlos Sainz,Williams,7,2,3,17.0,Retired,dnf_other,DNF destroyed the predicted outcome,0.8475298507462686,71.017,3,1,70,-5.0,-8.0
2025,20,Mexico City Grand Prix,Fernando Alonso,Aston Martin,14,3,3,18.0,Retired,correct_dnf,Correct — predicted out-of-points; the DNF delivered it,1.1116911764705883,26.816,1,1,70,-2.0,-2.0
2025,20,Mexico City Grand Prix,Liam Lawson,RB F1 Team,15,3,3,20.0,Retired,correct_dnf,Correct — predicted out-of-points; the DNF delivered it,11.4698,34.212,1,1,70,1.0,-5.0
2025,21,São Paulo Grand Prix,Lando Norris,McLaren,1,1,1,1.0,Finished,correct,Correct,-0.009169014084507042,46.727999999999994,2,6,2,0.0,0.0
2025,21,São Paulo Grand Prix,Andrea Kimi Antonelli,Mercedes,2,1,1,2.0,Finished,correct,Correct,0.13714084507042254,46.757000000000005,2,6,2,0.0,0.0
2025,21,São Paulo Grand Prix,Max Verstappen,Red Bull,16,3,1,3.0,Finished,under_predict,Finished better than predicted — gained 13 places from grid,0.1422394366197183,69.566,3,6,2,-2.0,13.0
2025,21,São Paulo Grand Prix,George Russell,Mercedes,6,2,2,4.0,Finished,correct,Correct,0.20585915492957746,46.486000000000004,2,6,2,-1.0,2.0
2025,21,São Paulo Grand Prix,Oscar Piastri,McLaren,4,2,2,5.0,Finished,correct,Correct,0.21264788732394366,57.757,2,6,2,0.0,-1.0
2025,21,São Paulo Grand Prix,Oliver Bearman,Haas F1 Team,8,2,2,6.0,Finished,correct,Correct,0.4081549295774648,48.402,2,6,2,-1.0,2.0
2025,21,São Paulo Grand Prix,Liam Lawson,RB F1 Team,7,2,2,7.0,Finished,correct,Correct,0.7322676056338029,22.899,1,6,2,1.0,0.0
2025,21,São Paulo Grand Prix,Isack Hadjar,RB F1 Team,5,2,2,8.0,Finished,correct,Correct,0.7355211267605634,47.168,2,6,2,0.0,-3.0
2025,21,São Paulo Grand Prix,Pierre Gasly,Alpine F1 Team,9,2,2,10.0,Finished,correct,Correct,0.7501830985915493,47.321,2,6,2,1.0,-1.0
2025,21,São Paulo Grand Prix,Alexander Albon,Williams,12,3,3,11.0,Finished,correct,Correct,0.7539859154929577,46.173,2,6,2,1.0,1.0
2025,21,São Paulo Grand Prix,Esteban Ocon,Haas F1 Team,17,3,3,12.0,Finished,correct,Correct,0.7611971830985915,48.381,2,6,2,-2.0,5.0
2025,21,São Paulo Grand Prix,Carlos Sainz,Williams,15,3,3,13.0,Finished,correct,Correct,0.7713943661971832,49.298,2,6,2,2.0,2.0
2025,21,São Paulo Grand Prix,Fernando Alonso,Aston Martin,11,3,3,14.0,Finished,correct,Correct,0.7762676056338029,47.504999999999995,2,6,2,1.0,-3.0
2025,21,São Paulo Grand Prix,Franco Colapinto,Alpine F1 Team,18,3,3,15.0,Finished,correct,Correct,0.8045915492957746,49.834,2,6,2,2.0,3.0
2025,21,São Paulo Grand Prix,Lance Stroll,Aston Martin,14,3,3,16.0,Finished,correct,Correct,0.8112112676056338,46.728,2,6,2,-1.0,-2.0
2025,21,São Paulo Grand Prix,Lewis Hamilton,Ferrari,13,3,3,18.0,Retired,correct_dnf,Correct — predicted out-of-points; the DNF delivered it,1.8027567567567566,94.25399999999999,3,6,2,-4.0,-5.0
2025,21,São Paulo Grand Prix,Charles Leclerc,Ferrari,3,1,3,19.0,Retired,dnf_other,DNF destroyed the predicted outcome,-0.3362,0.0,0,6,2,0.0,0.0
2025,22,Las Vegas Grand Prix,Max Verstappen,Red Bull,2,1,1,1.0,Finished,correct,Correct,-0.64464,21.708,1,3,2,1.0,1.0
2025,22,Las Vegas Grand Prix,George Russell,Mercedes,4,2,1,2.0,Finished,under_predict,Finished better than predicted,-0.17371999999999999,20.929,1,3,2,2.0,1.0
2025,22,Las Vegas Grand Prix,Andrea Kimi Antonelli,Mercedes,17,3,1,3.0,Finished,under_predict,Finished better than predicted — gained 13 places from grid,-0.13488,21.968,1,3,2,3.0,13.0
2025,22,Las Vegas Grand Prix,Charles Leclerc,Ferrari,9,2,2,4.0,Finished,correct,Correct,-0.03108,21.351,1,3,2,0.0,3.0
2025,22,Las Vegas Grand Prix,Carlos Sainz,Williams,3,1,2,5.0,Finished,over_predict,Finished worse than predicted — lost 4 places from grid — SC/VSC at lap 2 shuffled strategy,0.053840000000000006,21.164,1,3,2,-1.0,-4.0
2025,22,Las Vegas Grand Prix,Isack Hadjar,RB F1 Team,8,2,2,6.0,Finished,correct,Correct,0.2605,21.324,1,3,2,3.0,0.0
2025,22,Las Vegas Grand Prix,Lewis Hamilton,Ferrari,20,3,2,8.0,Finished,under_predict,Finished better than predicted — gained 10 places from grid,0.54274,21.638,1,3,2,7.0,10.0
2025,22,Las Vegas Grand Prix,Esteban Ocon,Haas F1 Team,13,3,2,9.0,Finished,under_predict,Finished better than predicted,0.5680599999999999,22.389,1,3,2,1.0,2.0
2025,22,Las Vegas Grand Prix,Oliver Bearman,Haas F1 Team,14,3,2,10.0,Finished,under_predict,Finished better than predicted,0.76634,21.491,1,3,2,6.0,2.0
2025,22,Las Vegas Grand Prix,Fernando Alonso,Aston Martin,7,2,3,11.0,Finished,over_predict,Finished worse than predicted — slow race pace (+1.06s/lap vs field median) — lost 6 places from grid — SC/VSC at lap 2 shuffled strategy,1.06152,21.068,1,3,2,-3.0,-6.0
2025,22,Las Vegas Grand Prix,Pierre Gasly,Alpine F1 Team,10,2,3,13.0,Finished,over_predict,Finished worse than predicted — slow race pace (+1.19s/lap vs field median) — lost 5 places from grid — SC/VSC at lap 2 shuffled strategy,1.1894,23.903,1,3,2,-7.0,-5.0
2025,22,Las Vegas Grand Prix,Liam Lawson,RB F1 Team,6,2,3,14.0,Lapped,over_predict,Finished worse than predicted — slow race pace (+1.34s/lap vs field median) — lost 10 places from grid — SC/VSC at lap 2 shuffled strategy,1.3420204081632654,54.022999999999996,2,3,2,0.0,-10.0
2025,22,Las Vegas Grand Prix,Franco Colapinto,Alpine F1 Team,15,3,3,15.0,Lapped,correct,Correct,1.4883061224489795,22.842,1,3,2,-1.0,-2.0
2025,22,Las Vegas Grand Prix,Alexander Albon,Williams,16,3,3,16.0,Retired,correct_dnf,Correct — predicted out-of-points; the DNF delivered it,2.686114285714286,82.73400000000001,3,3,2,1.0,-2.0
2025,22,Las Vegas Grand Prix,Lance Stroll,Aston Martin,12,3,3,18.0,Retired,correct_dnf,Correct — predicted out-of-points; the DNF delivered it,,0.0,0,3,2,,
2025,22,Las Vegas Grand Prix,Lando Norris,McLaren,1,1,3,19.0,Disqualified,dnf_other,DNF destroyed the predicted outcome,-0.22982,21.049,1,3,2,-2.0,-1.0
2025,22,Las Vegas Grand Prix,Oscar Piastri,McLaren,5,2,3,20.0,Disqualified,dnf_other,DNF destroyed the predicted outcome,-0.09164,21.371,1,3,2,-2.0,0.0
2025,23,Qatar Grand Prix,Max Verstappen,Red Bull,3,1,1,1.0,Finished,correct,Correct,-0.9820350877192981,58.138,2,5,7,1.0,2.0
2025,23,Qatar Grand Prix,Oscar Piastri,McLaren,1,1,1,2.0,Finished,correct,Correct,-0.8417719298245614,56.900000000000006,2,5,7,0.0,-1.0
2025,23,Qatar Grand Prix,Carlos Sainz,Williams,7,2,1,3.0,Finished,under_predict,Finished better than predicted — fast race pace (-0.58s/lap vs field median) — gained 4 places from grid,-0.5844035087719298,56.741,2,5,7,2.0,4.0
2025,23,Qatar Grand Prix,Lando Norris,McLaren,2,1,2,4.0,Finished,over_predict,Finished worse than predicted — SC/VSC at lap 7 shuffled strategy,-0.573,56.181,2,5,7,-1.0,-2.0
2025,23,Qatar Grand Prix,Andrea Kimi Antonelli,Mercedes,5,2,2,5.0,Finished,correct,Correct,-0.4852456140350877,60.54600000000001,2,5,7,1.0,0.0
2025,23,Qatar Grand Prix,George Russell,Mercedes,4,2,2,6.0,Finished,correct,Correct,-0.12942105263157896,62.318,2,5,7,-3.0,-2.0
2025,23,Qatar Grand Prix,Fernando Alonso,Aston Martin,8,2,2,7.0,Finished,correct,Correct,-0.03387719298245614,57.223,2,5,7,2.0,1.0
2025,23,Qatar Grand Prix,Charles Leclerc,Ferrari,10,2,2,8.0,Finished,correct,Correct,0.014192982456140351,59.394,2,5,7,0.0,2.0
2025,23,Qatar Grand Prix,Liam Lawson,RB F1 Team,12,3,2,9.0,Finished,under_predict,Finished better than predicted — gained 3 places from grid,0.07187719298245614,57.071,2,5,7,-1.0,3.0
2025,23,Qatar Grand Prix,Alexander Albon,Williams,15,3,3,11.0,Finished,correct,Correct,0.19219298245614036,58.347,2,5,7,-2.0,4.0
2025,23,Qatar Grand Prix,Lewis Hamilton,Ferrari,18,3,3,12.0,Finished,correct,Correct,0.3816491228070175,60.706999999999994,2,5,7,4.0,6.0
2025,23,Qatar Grand Prix,Franco Colapinto,Alpine F1 Team,20,3,3,14.0,Lapped,correct,Correct,0.5637142857142856,58.480000000000004,2,5,7,0.0,6.0
2025,23,Qatar Grand Prix,Esteban Ocon,Haas F1 Team,17,3,3,15.0,Lapped,correct,Correct,0.5810357142857143,99.01499999999999,3,5,7,2.0,2.0
2025,23,Qatar Grand Prix,Pierre Gasly,Alpine F1 Team,9,2,3,16.0,Lapped,over_predict,Finished worse than predicted — slow race pace (+0.59s/lap vs field median) — lost 7 places from grid — SC/VSC at lap 7 shuffled strategy,0.5933214285714286,61.902,2,5,7,0.0,-7.0
2025,23,Qatar Grand Prix,Lance Stroll,Aston Martin,19,3,3,17.0,Retired,correct_dnf,Correct — predicted out-of-points; the DNF delivered it,0.9028636363636364,91.85900000000001,3,5,7,0.0,2.0
2025,23,Qatar Grand Prix,Isack Hadjar,RB F1 Team,6,2,3,18.0,Retired,dnf_other,DNF destroyed the predicted outcome,1.2141545454545455,56.746,2,5,7,-2.0,-12.0
2025,23,Qatar Grand Prix,Oliver Bearman,Haas F1 Team,13,3,3,19.0,Retired,correct_dnf,Correct — predicted out-of-points; the DNF delivered it,1.419609756097561,111.582,3,5,7,1.0,-6.0
2025,24,Abu Dhabi Grand Prix,Max Verstappen,Red Bull,1,1,1,1.0,Finished,correct,Correct,-0.7637068965517242,21.703,1,0,0,0.0,0.0
2025,24,Abu Dhabi Grand Prix,Oscar Piastri,McLaren,3,1,1,2.0,Finished,correct,Correct,-0.5465689655172414,21.565,1,0,0,1.0,1.0
2025,24,Abu Dhabi Grand Prix,Lando Norris,McLaren,2,1,1,3.0,Finished,correct,Correct,-0.4779827586206897,42.730000000000004,2,0,0,-1.0,-1.0
2025,24,Abu Dhabi Grand Prix,Charles Leclerc,Ferrari,5,2,2,4.0,Finished,correct,Correct,-0.3623448275862069,42.594,2,0,0,1.0,1.0
2025,24,Abu Dhabi Grand Prix,George Russell,Mercedes,4,2,2,5.0,Finished,correct,Correct,0.07358620689655172,21.979,1,0,0,-2.0,-1.0
2025,24,Abu Dhabi Grand Prix,Fernando Alonso,Aston Martin,6,2,2,6.0,Finished,correct,Correct,0.40115517241379306,23.267,1,0,0,1.0,0.0
2025,24,Abu Dhabi Grand Prix,Esteban Ocon,Haas F1 Team,8,2,2,7.0,Finished,correct,Correct,0.44105172413793103,22.254,1,0,0,-1.0,1.0
2025,24,Abu Dhabi Grand Prix,Lewis Hamilton,Ferrari,16,3,2,8.0,Finished,under_predict,Finished better than predicted — gained 8 places from grid,0.4892241379310345,43.018,2,0,0,2.0,8.0
2025,24,Abu Dhabi Grand Prix,Lance Stroll,Aston Martin,15,3,2,10.0,Finished,under_predict,Finished better than predicted — gained 6 places from grid,0.5211724137931035,21.535,1,0,0,-1.0,6.0
2025,24,Abu Dhabi Grand Prix,Oliver Bearman,Haas F1 Team,11,3,3,12.0,Finished,correct,Correct,0.5495,22.263,1,0,0,-1.0,1.0
2025,24,Abu Dhabi Grand Prix,Carlos Sainz,Williams,12,3,3,13.0,Finished,correct,Correct,0.6528103448275862,21.799,1,0,0,-1.0,-1.0
2025,24,Abu Dhabi Grand Prix,Andrea Kimi Antonelli,Mercedes,14,3,3,15.0,Finished,correct,Correct,0.6914482758620689,22.155,1,0,0,-3.0,-1.0
2025,24,Abu Dhabi Grand Prix,Alexander Albon,Williams,17,3,3,16.0,Finished,correct,Correct,0.7074482758620689,43.046,2,0,0,2.0,1.0
2025,24,Abu Dhabi Grand Prix,Isack Hadjar,RB F1 Team,9,2,3,17.0,Lapped,over_predict,Finished worse than predicted — slow race pace (+0.81s/lap vs field median) — lost 8 places from grid,0.8099912280701754,21.932,1,0,0,1.0,-8.0
2025,24,Abu Dhabi Grand Prix,Liam Lawson,RB F1 Team,13,3,3,18.0,Lapped,correct,Correct,0.8684473684210526,28.369,1,0,0,2.0,-5.0
2025,24,Abu Dhabi Grand Prix,Pierre Gasly,Alpine F1 Team,19,3,3,19.0,Lapped,correct,Correct,0.9079035087719298,44.819,2,0,0,0.0,0.0
2025,24,Abu Dhabi Grand Prix,Franco Colapinto,Alpine F1 Team,20,3,3,20.0,Lapped,correct,Correct,1.0323771929824561,44.908,2,0,0,0.0,0.0
2026,1,Australian Grand Prix,George Russell,Mercedes,1,1,1,1.0,Finished,correct,Correct,-1.4934827586206898,17.794,1,4,12,-1.0,0.0
2026,1,Australian Grand Prix,Andrea Kimi Antonelli,Mercedes,2,1,1,2.0,Finished,correct,Correct,-1.4422068965517243,20.985,1,4,12,-5.0,0.0
2026,1,Australian Grand Prix,Charles Leclerc,Ferrari,4,2,1,3.0,Finished,under_predict,Finished better than predicted — fast race pace (-1.23s/lap vs field median),-1.2259137931034483,17.664,1,4,12,3.0,1.0
2026,1,Australian Grand Prix,Lewis Hamilton,Ferrari,7,2,2,4.0,Finished,correct,Correct,-1.2151379310344828,17.741,1,4,12,4.0,3.0
2026,1,Australian Grand Prix,Lando Norris,McLaren,6,2,2,5.0,Finished,correct,Correct,-0.6013965517241379,35.915,2,4,12,0.0,1.0
2026,1,Australian Grand Prix,Oliver Bearman,Haas F1 Team,12,3,2,7.0,Lapped,under_predict,Finished better than predicted — gained 5 places from grid,0.020219298245614033,18.774,1,4,12,-1.0,5.0
2026,1,Australian Grand Prix,Arvid Lindblad,RB F1 Team,9,2,2,8.0,Lapped,correct,Correct,0.1469385964912281,18.506,1,4,12,4.0,1.0
2026,1,Australian Grand Prix,Gabriel Bortoleto,Audi,10,2,2,9.0,Lapped,correct,Correct,0.16376315789473686,41.535,2,4,12,-1.0,1.0
2026,1,Australian Grand Prix,Pierre Gasly,Alpine F1 Team,14,3,2,10.0,Lapped,under_predict,Finished better than predicted — gained 4 places from grid,0.4488859649122807,18.672,1,4,12,5.0,4.0
2026,1,Australian Grand Prix,Esteban Ocon,Haas F1 Team,13,3,3,11.0,Lapped,correct,Correct,0.46332456140350875,18.57,1,4,12,5.0,2.0
2026,1,Australian Grand Prix,Alexander Albon,Williams,15,3,3,12.0,Lapped,correct,Correct,0.9234122807017544,36.522,2,4,12,3.0,3.0
2026,1,Australian Grand Prix,Liam Lawson,RB F1 Team,8,2,3,13.0,Lapped,over_predict,Finished worse than predicted — slow race pace (+0.94s/lap vs field median) — lost 5 places from grid — SC/VSC at lap 12 shuffled strategy,0.9426754385964912,37.302,2,4,12,-10.0,-5.0
2026,1,Australian Grand Prix,Franco Colapinto,Alpine F1 Team,16,3,3,14.0,Lapped,correct,Correct,1.6003482142857142,46.294,2,4,12,-1.0,2.0
2026,1,Australian Grand Prix,Sergio Pérez,Cadillac F1 Team,18,3,3,16.0,Lapped,correct,Correct,3.1539727272727274,40.322,2,4,12,-1.0,2.0
2026,1,Australian Grand Prix,Fernando Alonso,Aston Martin,17,3,3,18.0,Retired,correct_dnf,Correct — predicted out-of-points; the DNF delivered it,46.42790476190476,998.251,2,4,12,7.0,-1.0
2026,1,Australian Grand Prix,Valtteri Bottas,Cadillac F1 Team,19,3,3,19.0,Retired,correct_dnf,Correct — predicted out-of-points; the DNF delivered it,6.579566666666667,30.387,1,4,12,4.0,1.0
2026,1,Australian Grand Prix,Isack Hadjar,Red Bull,3,1,3,20.0,Retired,dnf_other,DNF destroyed the predicted outcome,-0.7910499999999999,0.0,0,4,12,-1.0,-2.0
2026,1,Australian Grand Prix,Oscar Piastri,McLaren,5,2,3,21.0,Did not start,dnf_other,DNF destroyed the predicted outcome,,0.0,0,4,12,,
2026,1,Australian Grand Prix,Nico Hülkenberg,Audi,11,3,3,22.0,Did not start,correct_dnf,Correct — predicted out-of-points; the DNF delivered it,,0.0,0,4,12,,
2026,2,Chinese Grand Prix,Andrea Kimi Antonelli,Mercedes,1,1,1,1.0,Finished,correct,Correct,-1.2767232142857141,23.005,1,3,11,-1.0,0.0
2026,2,Chinese Grand Prix,George Russell,Mercedes,2,1,1,2.0,Finished,correct,Correct,-1.1782410714285714,23.39,1,3,11,-2.0,0.0
2026,2,Chinese Grand Prix,Lewis Hamilton,Ferrari,3,1,1,3.0,Finished,correct,Correct,-0.8255267857142856,22.433,1,3,11,2.0,0.0
2026,2,Chinese Grand Prix,Charles Leclerc,Ferrari,4,2,2,4.0,Finished,correct,Correct,-0.7607589285714286,25.633,1,3,11,1.0,0.0
2026,2,Chinese Grand Prix,Oliver Bearman,Haas F1 Team,10,2,2,5.0,Finished,correct,Correct,-0.25408035714285715,22.967,1,3,11,-2.0,5.0
2026,2,Chinese Grand Prix,Pierre Gasly,Alpine F1 Team,7,2,2,6.0,Finished,correct,Correct,-0.21159821428571426,23.539,1,3,11,2.0,1.0
2026,2,Chinese Grand Prix,Liam Lawson,RB F1 Team,14,3,2,7.0,Finished,under_predict,Finished better than predicted — gained 7 places from grid,0.16234821428571428,22.721,1,3,11,7.0,7.0
2026,2,Chinese Grand Prix,Isack Hadjar,Red Bull,9,2,2,8.0,Finished,correct,Correct,0.28125892857142853,48.81,2,3,11,-9.0,1.0
2026,2,Chinese Grand Prix,Carlos Sainz,Williams,17,3,2,9.0,Lapped,under_predict,Finished better than predicted — gained 8 places from grid,0.6668272727272728,23.106,1,3,11,6.0,8.0
2026,2,Chinese Grand Prix,Franco Colapinto,Alpine F1 Team,12,3,2,10.0,Lapped,under_predict,Finished better than predicted,0.6801,23.195,1,3,11,6.0,2.0
2026,2,Chinese Grand Prix,Nico Hülkenberg,Audi,11,3,3,11.0,Lapped,correct,Correct,0.8383909090909091,37.358,1,3,11,-4.0,0.0
2026,2,Chinese Grand Prix,Arvid Lindblad,RB F1 Team,15,3,3,12.0,Lapped,correct,Correct,0.8696454545454545,23.29,1,3,11,7.0,3.0
2026,2,Chinese Grand Prix,Valtteri Bottas,Cadillac F1 Team,20,3,3,13.0,Lapped,correct,Correct,1.4756454545454547,27.795,1,3,11,6.0,7.0
2026,2,Chinese Grand Prix,Esteban Ocon,Haas F1 Team,13,3,3,14.0,Lapped,correct,Correct,1.6592454545454545,73.064,2,3,11,4.0,-1.0
2026,2,Chinese Grand Prix,Sergio Pérez,Cadillac F1 Team,22,3,3,15.0,Lapped,correct,Correct,1.8117,26.213,1,3,11,5.0,7.0
2026,2,Chinese Grand Prix,Max Verstappen,Red Bull,8,2,3,16.0,Retired,dnf_other,DNF destroyed the predicted outcome,1.0602111111111112,23.678,1,3,11,-5.0,-5.0
2026,2,Chinese Grand Prix,Fernando Alonso,Aston Martin,19,3,3,17.0,Retired,correct_dnf,Correct — predicted out-of-points; the DNF delivered it,2.129859375,23.291,1,3,11,9.0,2.0
2026,2,Chinese Grand Prix,Lance Stroll,Aston Martin,21,3,3,18.0,Retired,correct_dnf,Correct — predicted out-of-points; the DNF delivered it,2.0222777777777776,0.0,0,3,11,5.0,5.0
2026,2,Chinese Grand Prix,Oscar Piastri,McLaren,5,2,3,19.0,Did not start,dnf_other,DNF destroyed the predicted outcome,,0.0,0,3,11,,
2026,2,Chinese Grand Prix,Lando Norris,McLaren,6,2,3,20.0,Did not start,dnf_other,DNF destroyed the predicted outcome,,0.0,0,3,11,,
2026,2,Chinese Grand Prix,Gabriel Bortoleto,Audi,16,3,3,21.0,Did not start,correct_dnf,Correct — predicted out-of-points; the DNF delivered it,,0.0,0,3,11,,
2026,2,Chinese Grand Prix,Alexander Albon,Williams,18,3,3,22.0,Did not start,correct_dnf,Correct — predicted out-of-points; the DNF delivered it,,0.0,0,3,11,,
2026,3,Japanese Grand Prix,Andrea Kimi Antonelli,Mercedes,1,1,1,1.0,Finished,correct,Correct,-0.7365566037735849,23.288,1,6,22,-5.0,0.0
2026,3,Japanese Grand Prix,Oscar Piastri,McLaren,3,1,1,2.0,Finished,correct,Correct,-0.47765094339622644,23.444,1,6,22,2.0,1.0
2026,3,Japanese Grand Prix,Charles Leclerc,Ferrari,4,2,1,3.0,Finished,under_predict,Finished better than predicted — fast race pace (-0.45s/lap vs field median),-0.44844339622641505,22.992,1,6,22,2.0,1.0
2026,3,Japanese Grand Prix,George Russell,Mercedes,2,1,2,4.0,Finished,over_predict,Finished worse than predicted — SC/VSC at lap 22 shuffled strategy,-0.43931132075471696,22.937,1,6,22,-2.0,-2.0
2026,3,Japanese Grand Prix,Lando Norris,McLaren,5,2,2,5.0,Finished,correct,Correct,-0.29355660377358495,23.316,1,6,22,2.0,0.0
2026,3,Japanese Grand Prix,Lewis Hamilton,Ferrari,6,2,2,6.0,Finished,correct,Correct,-0.2641603773584906,22.891,1,6,22,1.0,0.0
2026,3,Japanese Grand Prix,Pierre Gasly,Alpine F1 Team,7,2,2,7.0,Finished,correct,Correct,-0.1263679245283019,24.304,1,6,22,0.0,0.0
2026,3,Japanese Grand Prix,Max Verstappen,Red Bull,11,3,2,8.0,Finished,under_predict,Finished better than predicted — gained 3 places from grid,-0.12000943396226416,24.49,1,6,22,1.0,3.0
2026,3,Japanese Grand Prix,Liam Lawson,RB F1 Team,14,3,2,9.0,Finished,under_predict,Finished better than predicted — gained 5 places from grid,0.21023584905660378,24.165,1,6,22,2.0,5.0
2026,3,Japanese Grand Prix,Esteban Ocon,Haas F1 Team,12,3,2,10.0,Finished,under_predict,Finished better than predicted,0.22978301886792454,24.629,1,6,22,1.0,2.0
2026,3,Japanese Grand Prix,Nico Hülkenberg,Audi,13,3,3,11.0,Finished,correct,Correct,0.24985849056603773,23.999,1,6,22,-6.0,2.0
2026,3,Japanese Grand Prix,Isack Hadjar,Red Bull,8,2,3,12.0,Finished,over_predict,Finished worse than predicted — slow race pace (+0.32s/lap vs field median) — lost 4 places from grid — SC/VSC at lap 22 shuffled strategy,0.3229528301886792,23.698,1,6,22,0.0,-4.0
2026,3,Japanese Grand Prix,Gabriel Bortoleto,Audi,9,2,3,13.0,Finished,over_predict,Finished worse than predicted — slow race pace (+0.38s/lap vs field median) — lost 4 places from grid — SC/VSC at lap 22 shuffled strategy,0.3781226415094339,24.63,1,6,22,-4.0,-4.0
2026,3,Japanese Grand Prix,Arvid Lindblad,RB F1 Team,10,2,3,14.0,Finished,over_predict,Finished worse than predicted — slow race pace (+0.39s/lap vs field median) — lost 4 places from grid — SC/VSC at lap 22 shuffled strategy,0.3926509433962264,26.335,1,6,22,1.0,-4.0
2026,3,Japanese Grand Prix,Carlos Sainz,Williams,16,3,3,15.0,Finished,correct,Correct,0.49000943396226415,24.396,1,6,22,1.0,1.0
2026,3,Japanese Grand Prix,Franco Colapinto,Alpine F1 Team,15,3,3,16.0,Finished,correct,Correct,0.5044433962264151,23.649,1,6,22,1.0,-1.0
2026,3,Japanese Grand Prix,Sergio Pérez,Cadillac F1 Team,19,3,3,17.0,Finished,correct,Correct,1.0078396226415094,27.307,1,6,22,1.0,2.0
2026,3,Japanese Grand Prix,Fernando Alonso,Aston Martin,21,3,3,18.0,Lapped,correct,Correct,1.5687211538461538,50.471999999999994,2,6,22,1.0,3.0
2026,3,Japanese Grand Prix,Valtteri Bottas,Cadillac F1 Team,20,3,3,19.0,Lapped,correct,Correct,1.8778173076923077,25.129,1,6,22,-1.0,1.0
2026,3,Japanese Grand Prix,Alexander Albon,Williams,17,3,3,20.0,Lapped,correct,Correct,3.026676470588235,154.90099999999998,6,6,22,0.0,-3.0
2026,3,Japanese Grand Prix,Lance Stroll,Aston Martin,22,3,3,21.0,Retired,correct_dnf,Correct — predicted out-of-points; the DNF delivered it,0.7870166666666667,48.584,2,6,22,0.0,2.0
2026,3,Japanese Grand Prix,Oliver Bearman,Haas F1 Team,18,3,3,22.0,Retired,correct_dnf,Correct — predicted out-of-points; the DNF delivered it,1.349125,25.081,1,6,22,2.0,0.0
2026,4,Miami Grand Prix,Andrea Kimi Antonelli,Mercedes,1,1,1,1.0,Finished,correct,Correct,-1.2015877192982456,22.128,1,6,6,-1.0,0.0
2026,4,Miami Grand Prix,Lando Norris,McLaren,4,2,1,2.0,Finished,under_predict,Finished better than predicted — fast race pace (-1.14s/lap vs field median),-1.144324561403509,22.565,1,6,6,1.0,2.0
2026,4,Miami Grand Prix,Oscar Piastri,McLaren,7,2,1,3.0,Finished,under_predict,Finished better than predicted — fast race pace (-0.73s/lap vs field median) — gained 4 places from grid,-0.7262894736842105,23.024,1,6,6,3.0,4.0
2026,4,Miami Grand Prix,George Russell,Mercedes,5,2,2,4.0,Finished,correct,Correct,-0.44630701754385965,22.042,1,6,6,0.0,1.0
2026,4,Miami Grand Prix,Max Verstappen,Red Bull,2,1,2,5.0,Finished,over_predict,Finished worse than predicted — lost 3 places from grid — SC/VSC at lap 6 shuffled strategy,-0.43055263157894735,22.547,1,6,6,-7.0,-3.0
2026,4,Miami Grand Prix,Lewis Hamilton,Ferrari,6,2,2,6.0,Finished,correct,Correct,-0.25855263157894737,23.779,1,6,6,0.0,-1.0
2026,4,Miami Grand Prix,Franco Colapinto,Alpine F1 Team,8,2,2,7.0,Finished,correct,Correct,-0.11613157894736842,23.093,1,6,6,1.0,0.0
2026,4,Miami Grand Prix,Charles Leclerc,Ferrari,3,1,2,8.0,Finished,over_predict,Finished worse than predicted — lost 3 places from grid — SC/VSC at lap 6 shuffled strategy,-0.425359649122807,23.386,1,6,6,2.0,-3.0
2026,4,Miami Grand Prix,Carlos Sainz,Williams,13,3,2,9.0,Finished,under_predict,Finished better than predicted — gained 4 places from grid,0.23827192982456138,23.595,1,6,6,2.0,4.0
2026,4,Miami Grand Prix,Alexander Albon,Williams,15,3,2,10.0,Finished,under_predict,Finished better than predicted — gained 5 places from grid,0.39441228070175444,23.016,1,6,6,5.0,5.0
2026,4,Miami Grand Prix,Oliver Bearman,Haas F1 Team,12,3,3,11.0,Lapped,correct,Correct,0.5773125,23.474,1,6,6,-2.0,1.0
2026,4,Miami Grand Prix,Gabriel Bortoleto,Audi,21,3,3,12.0,Lapped,correct,Correct,0.6300446428571429,23.986,1,6,6,3.0,9.0
2026,4,Miami Grand Prix,Esteban Ocon,Haas F1 Team,14,3,3,13.0,Lapped,correct,Correct,0.7107589285714285,24.027,1,6,6,1.0,1.0
2026,4,Miami Grand Prix,Arvid Lindblad,RB F1 Team,16,3,3,14.0,Lapped,correct,Correct,1.2626875,22.731,1,6,6,1.0,2.0
2026,4,Miami Grand Prix,Fernando Alonso,Aston Martin,17,3,3,15.0,Lapped,correct,Correct,1.8016696428571428,23.16,1,6,6,-3.0,2.0
2026,4,Miami Grand Prix,Sergio Pérez,Cadillac F1 Team,20,3,3,16.0,Lapped,correct,Correct,1.8471875,23.228,1,6,6,3.0,4.0
2026,4,Miami Grand Prix,Lance Stroll,Aston Martin,18,3,3,17.0,Lapped,correct,Correct,1.938580357142857,44.72,2,6,6,2.0,1.0
2026,4,Miami Grand Prix,Valtteri Bottas,Cadillac F1 Team,19,3,3,18.0,Lapped,correct,Correct,3.4277363636363636,64.529,3,6,6,-2.0,1.0
2026,4,Miami Grand Prix,Nico Hülkenberg,Audi,10,2,3,19.0,Retired,dnf_other,DNF destroyed the predicted outcome,12.589,33.71,1,6,6,-12.0,-9.0
2026,4,Miami Grand Prix,Liam Lawson,RB F1 Team,11,3,3,20.0,Retired,correct_dnf,Correct — predicted out-of-points; the DNF delivered it,8.989166666666666,0.0,0,6,6,3.0,-9.0
2026,4,Miami Grand Prix,Pierre Gasly,Alpine F1 Team,9,2,3,21.0,Retired,dnf_other,DNF destroyed the predicted outcome,-0.0665,0.0,0,6,6,-3.0,-2.0
2026,4,Miami Grand Prix,Isack Hadjar,Red Bull,22,3,3,22.0,Retired,correct_dnf,Correct — predicted out-of-points; the DNF delivered it,1.18225,0.0,0,6,6,3.0,6.0
2026,5,Canadian Grand Prix,Andrea Kimi Antonelli,Mercedes,2,1,1,1.0,Finished,correct,Correct,-1.06225,25.153,1,4,1,0.0,1.0
2026,5,Canadian Grand Prix,Lewis Hamilton,Ferrari,5,2,1,2.0,Finished,under_predict,Finished better than predicted — fast race pace (-0.90s/lap vs field median) — gained 3 places from grid,-0.9038970588235294,25.936,1,4,1,1.0,3.0
2026,5,Canadian Grand Prix,Max Verstappen,Red Bull,6,2,1,3.0,Finished,under_predict,Finished better than predicted — fast race pace (-0.90s/lap vs field median) — gained 3 places from grid,-0.8964264705882352,25.199,1,4,1,1.0,3.0
2026,5,Canadian Grand Prix,Charles Leclerc,Ferrari,8,2,2,4.0,Finished,correct,Correct,-0.41297058823529414,30.114,1,4,1,2.0,4.0
2026,5,Canadian Grand Prix,Isack Hadjar,Red Bull,7,2,2,5.0,Lapped,correct,Correct,0.10928358208955224,94.424,3,4,1,0.0,2.0
2026,5,Canadian Grand Prix,Franco Colapinto,Alpine F1 Team,10,2,2,6.0,Lapped,correct,Correct,0.3253582089552239,25.64,1,4,1,2.0,4.0
2026,5,Canadian Grand Prix,Liam Lawson,RB F1 Team,12,3,2,7.0,Lapped,under_predict,Finished better than predicted — gained 5 places from grid,0.5451343283582089,24.177,1,4,1,3.0,5.0
2026,5,Canadian Grand Prix,Pierre Gasly,Alpine F1 Team,14,3,2,8.0,Lapped,under_predict,Finished better than predicted — gained 6 places from grid,0.5501641791044777,25.644,1,4,1,2.0,6.0
2026,5,Canadian Grand Prix,Carlos Sainz,Williams,15,3,2,9.0,Lapped,under_predict,Finished better than predicted — gained 6 places from grid,0.9000447761194029,50.387,2,4,1,-1.0,6.0
2026,5,Canadian Grand Prix,Oliver Bearman,Haas F1 Team,16,3,2,10.0,Lapped,under_predict,Finished better than predicted — gained 6 places from grid,0.9154925373134328,44.957,1,4,1,5.0,6.0
2026,5,Canadian Grand Prix,Oscar Piastri,McLaren,4,2,3,11.0,Lapped,over_predict,Finished worse than predicted — slow race pace (+1.37s/lap vs field median) — lost 7 places from grid,1.369909090909091,96.851,3,4,1,-17.0,-7.0
2026,5,Canadian Grand Prix,Nico Hülkenberg,Audi,11,3,3,12.0,Lapped,correct,Correct,1.3923787878787879,55.976,2,4,1,1.0,-1.0
2026,5,Canadian Grand Prix,Gabriel Bortoleto,Audi,13,3,3,13.0,Lapped,correct,Correct,1.4222878787878788,52.944,2,4,1,0.0,0.0
2026,5,Canadian Grand Prix,Esteban Ocon,Haas F1 Team,17,3,3,14.0,Lapped,correct,Correct,2.2174242424242423,60.184,2,4,1,2.0,3.0
2026,5,Canadian Grand Prix,Lance Stroll,Aston Martin,21,3,3,15.0,Lapped,correct,Correct,3.8897109375,48.394999999999996,2,4,1,1.0,6.0
2026,5,Canadian Grand Prix,Valtteri Bottas,Cadillac F1 Team,22,3,3,16.0,Lapped,correct,Correct,4.4364765625,108.619,4,4,1,4.0,6.0
2026,5,Canadian Grand Prix,Sergio Pérez,Cadillac F1 Team,20,3,3,17.0,Retired,correct_dnf,Correct — predicted out-of-points; the DNF delivered it,2.621871794871795,75.874,3,4,1,3.0,5.0
2026,5,Canadian Grand Prix,Lando Norris,McLaren,3,1,3,18.0,Retired,dnf_other,DNF destroyed the predicted outcome,0.4016578947368421,52.277,2,4,1,2.0,-5.0
2026,5,Canadian Grand Prix,George Russell,Mercedes,1,1,3,19.0,Retired,dnf_other,DNF destroyed the predicted outcome,-1.8933103448275863,0.0,0,4,1,-2.0,0.0
2026,5,Canadian Grand Prix,Fernando Alonso,Aston Martin,19,3,3,20.0,Retired,correct_dnf,Correct — predicted out-of-points; the DNF delivered it,2.959,24.709,1,4,1,5.0,2.0
2026,5,Canadian Grand Prix,Alexander Albon,Williams,18,3,3,21.0,Retired,correct_dnf,Correct — predicted out-of-points; the DNF delivered it,0.501,0.0,0,4,1,-1.0,6.0
2026,5,Canadian Grand Prix,Arvid Lindblad,RB F1 Team,9,2,3,22.0,Did not start,dnf_other,DNF destroyed the predicted outcome,,0.0,0,4,1,,
2026,6,Monaco Grand Prix,Andrea Kimi Antonelli,Mercedes,1,1,1,1.0,Finished,correct,Correct,0.21899358974358976,2225.88,4,9,58,0.0,0.0
2026,6,Monaco Grand Prix,Lewis Hamilton,Ferrari,3,1,1,2.0,Finished,correct,Correct,0.29939102564102565,2258.428,5,9,58,1.0,1.0
2026,6,Monaco Grand Prix,Pierre Gasly,Alpine F1 Team,9,2,1,3.0,Finished,under_predict,Finished better than predicted — gained 6 places from grid,0.4801346153846154,2220.337,4,9,58,2.0,6.0
2026,6,Monaco Grand Prix,Isack Hadjar,Red Bull,5,2,2,4.0,Finished,correct,Correct,0.5189166666666666,2223.384,4,9,58,1.0,1.0
2026,6,Monaco Grand Prix,Oscar Piastri,McLaren,7,2,2,5.0,Finished,correct,Correct,0.5300320512820512,2250.768,5,9,58,1.0,2.0
2026,6,Monaco Grand Prix,Liam Lawson,RB F1 Team,10,2,2,6.0,Finished,correct,Correct,0.5594166666666667,2211.9750000000004,4,9,58,1.0,4.0
2026,6,Monaco Grand Prix,Arvid Lindblad,RB F1 Team,15,3,2,7.0,Finished,under_predict,Finished better than predicted — gained 8 places from grid,0.5909166666666666,2128.641,4,9,58,0.0,8.0
2026,6,Monaco Grand Prix,Alexander Albon,Williams,11,3,2,8.0,Finished,under_predict,Finished better than predicted — gained 3 places from grid,0.6473653846153846,2154.4390000000003,5,9,58,1.0,3.0
2026,6,Monaco Grand Prix,Esteban Ocon,Haas F1 Team,17,3,2,9.0,Finished,under_predict,Finished better than predicted — gained 7 places from grid,0.6951474358974359,2155.535,5,9,58,1.0,7.0
2026,6,Monaco Grand Prix,Fernando Alonso,Aston Martin,21,3,2,10.0,Finished,under_predict,Finished better than predicted — gained 9 places from grid,0.7561602564102564,2185.317,6,9,58,4.0,9.0
2026,6,Monaco Grand Prix,Gabriel Bortoleto,Audi,16,3,3,11.0,Finished,correct,Correct,0.7670448717948718,2212.4570000000003,7,9,58,-4.0,3.0
2026,6,Monaco Grand Prix,George Russell,Mercedes,6,2,3,12.0,Finished,over_predict,Finished worse than predicted — slow race pace (+0.77s/lap vs field median) — lost 8 places from grid — SC/VSC at lap 58 shuffled strategy,0.7748012820512821,2259.709,5,9,58,1.0,-8.0
2026,6,Monaco Grand Prix,Nico Hülkenberg,Audi,13,3,3,13.0,Finished,correct,Correct,0.6561987179487179,2176.674,6,9,58,1.0,4.0
2026,6,Monaco Grand Prix,Franco Colapinto,Alpine F1 Team,14,3,3,14.0,Finished,correct,Correct,0.7826346153846153,2161.4610000000002,5,9,58,1.0,-1.0
2026,6,Monaco Grand Prix,Sergio Pérez,Cadillac F1 Team,18,3,3,15.0,Finished,correct,Correct,0.7209551282051282,2189.454,6,9,58,4.0,7.0
2026,6,Monaco Grand Prix,Carlos Sainz,Williams,12,3,3,16.0,Retired,correct_dnf,Correct — predicted out-of-points; the DNF delivered it,0.6851642857142857,2155.4179999999997,5,9,58,1.0,2.0
2026,6,Monaco Grand Prix,Charles Leclerc,Ferrari,4,2,3,17.0,Retired,dnf_other,DNF destroyed the predicted outcome,-1.0915390625,80.303,3,9,58,1.0,1.0
2026,6,Monaco Grand Prix,Lance Stroll,Aston Martin,22,3,3,18.0,Retired,correct_dnf,Correct — predicted out-of-points; the DNF delivered it,1.2788303571428572,24.803,1,9,58,4.0,6.0
2026,6,Monaco Grand Prix,Lando Norris,McLaren,8,2,3,19.0,Retired,dnf_other,DNF destroyed the predicted outcome,-0.3507209302325581,0.0,0,9,58,0.0,2.0
2026,6,Monaco Grand Prix,Oliver Bearman,Haas F1 Team,19,3,3,20.0,Retired,correct_dnf,Correct — predicted out-of-points; the DNF delivered it,2.6242592592592593,32.127,1,9,58,-2.0,-1.0
2026,6,Monaco Grand Prix,Valtteri Bottas,Cadillac F1 Team,20,3,3,21.0,Retired,correct_dnf,Correct — predicted out-of-points; the DNF delivered it,4.0792,26.759,1,9,58,1.0,1.0
2026,6,Monaco Grand Prix,Max Verstappen,Red Bull,2,1,3,22.0,Retired,dnf_other,DNF destroyed the predicted outcome,,0.0,0,9,58,,
2026,7,Barcelona Grand Prix,Lewis Hamilton,Ferrari,2,1,1,1.0,Finished,correct,Correct,-1.2612878787878787,67.794,3,2,40,0.0,1.0
2026,7,Barcelona Grand Prix,George Russell,Mercedes,1,1,1,2.0,Finished,correct,Correct,-0.9649090909090908,43.757,2,2,40,0.0,-1.0
2026,7,Barcelona Grand Prix,Lando Norris,McLaren,4,2,1,3.0,Finished,under_predict,Finished better than predicted — fast race pace (-0.90s/lap vs field median),-0.9019090909090909,43.832,2,2,40,0.0,1.0
2026,7,Barcelona Grand Prix,Max Verstappen,Red Bull,5,2,2,4.0,Finished,correct,Correct,-0.6476969696969698,69.248,3,2,40,0.0,1.0
2026,7,Barcelona Grand Prix,Oscar Piastri,McLaren,7,2,2,5.0,Finished,correct,Correct,-0.3724848484848485,44.437,2,2,40,1.0,2.0
2026,7,Barcelona Grand Prix,Isack Hadjar,Red Bull,6,2,2,6.0,Lapped,correct,Correct,0.3658923076923077,66.92099999999999,3,2,40,-8.0,0.0
2026,7,Barcelona Grand Prix,Pierre Gasly,Alpine F1 Team,14,3,2,7.0,Lapped,under_predict,Finished better than predicted — gained 7 places from grid,0.8453076923076923,45.992,2,2,40,2.0,7.0
2026,7,Barcelona Grand Prix,Liam Lawson,RB F1 Team,8,2,2,8.0,Lapped,correct,Correct,1.0981538461538463,49.155,2,2,40,0.0,-1.0
2026,7,Barcelona Grand Prix,Arvid Lindblad,RB F1 Team,11,3,2,9.0,Lapped,under_predict,Finished better than predicted,1.1881538461538461,46.486000000000004,2,2,40,2.0,1.0
2026,7,Barcelona Grand Prix,Franco Colapinto,Alpine F1 Team,13,3,2,10.0,Lapped,under_predict,Finished better than predicted — gained 5 places from grid,1.0618923076923077,45.272999999999996,2,2,40,2.0,5.0
2026,7,Barcelona Grand Prix,Gabriel Bortoleto,Audi,12,3,3,11.0,Lapped,correct,Correct,1.71540625,70.983,3,2,40,-5.0,1.0
2026,7,Barcelona Grand Prix,Carlos Sainz,Williams,16,3,3,12.0,Lapped,correct,Correct,1.733828125,68.344,3,2,40,3.0,4.0
2026,7,Barcelona Grand Prix,Esteban Ocon,Haas F1 Team,17,3,3,13.0,Lapped,correct,Correct,2.222625,72.67,3,2,40,1.0,4.0
2026,7,Barcelona Grand Prix,Sergio Pérez,Cadillac F1 Team,19,3,3,14.0,Lapped,correct,Correct,2.7738888888888886,73.149,3,2,40,0.0,5.0
2026,7,Barcelona Grand Prix,Charles Leclerc,Ferrari,10,2,3,15.0,Retired,dnf_other,DNF destroyed the predicted outcome,-0.4655403225806452,44.373999999999995,2,2,40,3.0,4.0
2026,7,Barcelona Grand Prix,Andrea Kimi Antonelli,Mercedes,3,1,3,16.0,Retired,dnf_other,DNF destroyed the predicted outcome,-1.244155737704918,44.248000000000005,2,2,40,0.0,1.0
2026,7,Barcelona Grand Prix,Oliver Bearman,Haas F1 Team,15,3,3,17.0,Retired,correct_dnf,Correct — predicted out-of-points; the DNF delivered it,1.8683083333333335,47.019,2,2,40,0.0,0.0
2026,7,Barcelona Grand Prix,Alexander Albon,Williams,18,3,3,18.0,Lapped,correct,Correct,16.694990909090908,846.505,4,2,40,0.0,0.0
2026,7,Barcelona Grand Prix,Fernando Alonso,Aston Martin,22,3,3,19.0,Retired,correct_dnf,Correct — predicted out-of-points; the DNF delivered it,2.658,22.22,1,2,40,0.0,5.0
2026,7,Barcelona Grand Prix,Nico Hülkenberg,Audi,9,2,3,20.0,Retired,dnf_other,DNF destroyed the predicted outcome,1.006448275862069,22.869,1,2,40,-1.0,-3.0
2026,7,Barcelona Grand Prix,Valtteri Bottas,Cadillac F1 Team,20,3,3,21.0,Retired,correct_dnf,Correct — predicted out-of-points; the DNF delivered it,4.450233333333333,23.28,1,2,40,0.0,-1.0
2026,7,Barcelona Grand Prix,Lance Stroll,Aston Martin,21,3,3,22.0,Retired,correct_dnf,Correct — predicted out-of-points; the DNF delivered it,3.9006999999999996,0.0,0,2,40,0.0,-1.0
2026,8,Austrian Grand Prix,George Russell,Mercedes,1,1,1,1.0,Finished,correct,Correct,-0.6635352112676056,42.425,2,1,25,0.0,0.0
2026,8,Austrian Grand Prix,Max Verstappen,Red Bull,5,2,1,2.0,Finished,under_predict,Finished better than predicted — fast race pace (-0.64s/lap vs field median) — gained 3 places from grid,-0.6408450704225351,42.569,2,1,25,0.0,3.0
2026,8,Austrian Grand Prix,Andrea Kimi Antonelli,Mercedes,4,2,1,3.0,Finished,under_predict,Finished better than predicted — fast race pace (-0.64s/lap vs field median),-0.6355633802816901,42.915,2,1,25,0.0,1.0
2026,8,Austrian Grand Prix,Oscar Piastri,McLaren,7,2,2,4.0,Finished,correct,Correct,-0.3563661971830986,43.286,2,1,25,1.0,3.0
2026,8,Austrian Grand Prix,Lewis Hamilton,Ferrari,3,1,2,5.0,Finished,over_predict,Finished worse than predicted,-0.29180281690140847,63.885999999999996,3,1,25,1.0,-2.0
2026,8,Austrian Grand Prix,Isack Hadjar,Red Bull,8,2,2,6.0,Finished,correct,Correct,-0.24946478873239436,43.038,2,1,25,-1.0,2.0
2026,8,Austrian Grand Prix,Lando Norris,McLaren,6,2,2,7.0,Finished,correct,Correct,-0.21980281690140846,43.394,2,1,25,-1.0,-1.0
2026,8,Austrian Grand Prix,Charles Leclerc,Ferrari,2,1,2,8.0,Finished,over_predict,Finished worse than predicted — lost 6 places from grid,-0.020450704225352112,65.489,3,1,25,-1.0,-6.0
2026,8,Austrian Grand Prix,Liam Lawson,RB F1 Team,9,2,2,9.0,Lapped,correct,Correct,0.5770071428571428,43.567,2,1,25,1.0,0.0
2026,8,Austrian Grand Prix,Arvid Lindblad,RB F1 Team,10,2,2,10.0,Lapped,correct,Correct,0.6298071428571428,42.959,2,1,25,0.0,0.0
2026,8,Austrian Grand Prix,Gabriel Bortoleto,Audi,12,3,3,11.0,Lapped,correct,Correct,0.7910214285714287,44.482,2,1,25,1.0,1.0
2026,8,Austrian Grand Prix,Nico Hülkenberg,Audi,14,3,3,12.0,Lapped,correct,Correct,0.9077214285714286,44.176,2,1,25,0.0,2.0
2026,8,Austrian Grand Prix,Pierre Gasly,Alpine F1 Team,11,3,3,13.0,Lapped,correct,Correct,0.9186785714285715,64.392,3,1,25,-2.0,-2.0
2026,8,Austrian Grand Prix,Oliver Bearman,Haas F1 Team,13,3,3,14.0,Lapped,correct,Correct,1.2533357142857142,43.637,2,1,25,-2.0,-1.0
2026,8,Austrian Grand Prix,Franco Colapinto,Alpine F1 Team,16,3,3,15.0,Lapped,correct,Correct,1.2957642857142857,43.007000000000005,2,1,25,-4.0,1.0
2026,8,Austrian Grand Prix,Esteban Ocon,Haas F1 Team,15,3,3,16.0,Lapped,correct,Correct,1.7919202898550726,47.333,2,1,25,3.0,-1.0
2026,8,Austrian Grand Prix,Alexander Albon,Williams,18,3,3,17.0,Lapped,correct,Correct,1.8230797101449274,42.519,2,1,25,1.0,1.0
2026,8,Austrian Grand Prix,Fernando Alonso,Aston Martin,21,3,3,18.0,Lapped,correct,Correct,2.574301470588235,51.071,2,1,25,2.0,3.0
2026,8,Austrian Grand Prix,Lance Stroll,Aston Martin,22,3,3,19.0,Retired,correct_dnf,Correct — predicted out-of-points; the DNF delivered it,2.913955555555556,23.522,1,1,25,0.0,3.0
2026,8,Austrian Grand Prix,Carlos Sainz,Williams,17,3,3,20.0,Retired,correct_dnf,Correct — predicted out-of-points; the DNF delivered it,1.4994347826086958,21.371,1,1,25,1.0,2.0
2026,8,Austrian Grand Prix,Sergio Pérez,Cadillac F1 Team,19,3,3,21.0,Retired,correct_dnf,Correct — predicted out-of-points; the DNF delivered it,3.80175,0.0,0,1,25,1.0,-2.0
2026,8,Austrian Grand Prix,Valtteri Bottas,Cadillac F1 Team,20,3,3,22.0,Retired,correct_dnf,Correct — predicted out-of-points; the DNF delivered it,8.5615,0.0,0,1,25,-1.0,-2.0
2026,9,British Grand Prix,Charles Leclerc,Ferrari,2,1,1,1.0,Finished,correct,Correct,0.30591346153846155,57.331,2,4,48,1.0,1.0
2026,9,British Grand Prix,George Russell,Mercedes,4,2,1,2.0,Finished,under_predict,Finished better than predicted,0.314125,57.0,2,4,48,0.0,2.0
2026,9,British Grand Prix,Lewis Hamilton,Ferrari,3,1,1,3.0,Finished,correct,Correct,0.32075961538461534,63.596,2,4,48,1.0,0.0
2026,9,British Grand Prix,Lando Norris,McLaren,6,2,2,4.0,Finished,correct,Correct,0.32800961538461537,87.126,3,4,48,-1.0,2.0
2026,9,British Grand Prix,Isack Hadjar,Red Bull,5,2,2,5.0,Finished,correct,Correct,0.3366442307692308,96.05199999999999,3,4,48,0.0,0.0
2026,9,British Grand Prix,Liam Lawson,RB F1 Team,10,2,2,6.0,Finished,correct,Correct,0.3448173076923077,57.323,2,4,48,2.0,4.0
2026,9,British Grand Prix,Arvid Lindblad,RB F1 Team,9,2,2,7.0,Finished,correct,Correct,0.3484903846153846,61.117000000000004,2,4,48,0.0,2.0
2026,9,British Grand Prix,Gabriel Bortoleto,Audi,11,3,2,8.0,Finished,under_predict,Finished better than predicted — gained 3 places from grid,0.3523173076923077,58.587999999999994,2,4,48,-2.0,3.0
2026,9,British Grand Prix,Franco Colapinto,Alpine F1 Team,19,3,2,9.0,Finished,under_predict,Finished better than predicted — gained 9 places from grid,0.36800961538461535,58.821,2,4,48,3.0,9.0
2026,9,British Grand Prix,Pierre Gasly,Alpine F1 Team,12,3,2,10.0,Finished,under_predict,Finished better than predicted,0.3721634615384615,62.345,2,4,48,0.0,1.0
2026,9,British Grand Prix,Oscar Piastri,McLaren,8,2,3,11.0,Finished,over_predict,Finished worse than predicted — slow race pace (+0.38s/lap vs field median) — lost 4 places from grid — SC/VSC at lap 48 shuffled strategy,0.3831057692307692,99.149,3,4,48,-6.0,-4.0
2026,9,British Grand Prix,Oliver Bearman,Haas F1 Team,14,3,3,12.0,Finished,correct,Correct,0.40677884615384613,60.245000000000005,2,4,48,-6.0,0.0
2026,9,British Grand Prix,Esteban Ocon,Haas F1 Team,17,3,3,13.0,Finished,correct,Correct,0.41191346153846153,74.465,2,4,48,6.0,2.0
2026,9,British Grand Prix,Sergio Pérez,Cadillac F1 Team,20,3,3,14.0,Finished,correct,Correct,0.4482788461538461,59.239999999999995,2,4,48,3.0,4.0
2026,9,British Grand Prix,Andrea Kimi Antonelli,Mercedes,1,1,3,15.0,Finished,over_predict,Finished worse than predicted — slow race pace (+0.36s/lap vs field median) — lost 8 places from grid — SC/VSC at lap 48 shuffled strategy,0.3637019230769231,103.81300000000002,3,4,48,-2.0,-8.0
2026,9,British Grand Prix,Valtteri Bottas,Cadillac F1 Team,18,3,3,16.0,Finished,correct,Correct,0.462875,61.183,2,4,48,0.0,1.0
2026,9,British Grand Prix,Carlos Sainz,Williams,15,3,3,17.0,Lapped,correct,Correct,0.3903557692307692,58.113,2,4,48,5.0,2.0
2026,9,British Grand Prix,Fernando Alonso,Aston Martin,22,3,3,18.0,Lapped,correct,Correct,3.1599117647058823,58.696,2,4,48,1.0,4.0
2026,9,British Grand Prix,Lance Stroll,Aston Martin,21,3,3,19.0,Lapped,correct,Correct,3.1946176470588235,74.968,2,4,48,2.0,2.0
2026,9,British Grand Prix,Max Verstappen,Red Bull,7,2,3,20.0,Retired,dnf_other,DNF destroyed the predicted outcome,-0.6376413043478262,57.688,2,4,48,1.0,4.0
2026,9,British Grand Prix,Alexander Albon,Williams,16,3,3,21.0,Retired,correct_dnf,Correct — predicted out-of-points; the DNF delivered it,5.690383720930233,189.12699999999998,5,4,48,-6.0,-5.0
2026,9,British Grand Prix,Nico Hülkenberg,Audi,13,3,3,22.0,Retired,correct_dnf,Correct — predicted out-of-points; the DNF delivered it,1.4772083333333332,64.83699999999999,2,4,48,-2.0,-2.0
2026,10,Belgian Grand Prix,Andrea Kimi Antonelli,Mercedes,1,1,1,1.0,Finished,correct,Correct,-1.3795681818181817,23.093,1,5,1,0.0,0.0
2026,10,Belgian Grand Prix,Charles Leclerc,Ferrari,5,2,1,2.0,Finished,under_predict,Finished better than predicted — fast race pace (-1.34s/lap vs field median) — gained 3 places from grid,-1.3352045454545456,23.164,1,5,1,3.0,3.0
2026,10,Belgian Grand Prix,Max Verstappen,Red Bull,2,1,1,3.0,Finished,correct,Correct,-1.11625,23.128,1,5,1,-1.0,-1.0
2026,10,Belgian Grand Prix,Lewis Hamilton,Ferrari,6,2,2,4.0,Finished,correct,Correct,-0.9876363636363636,32.201,1,5,1,1.0,2.0
2026,10,Belgian Grand Prix,Oscar Piastri,McLaren,7,2,2,5.0,Finished,correct,Correct,-0.9480227272727273,23.292,1,5,1,3.0,2.0
2026,10,Belgian Grand Prix,Isack Hadjar,Red Bull,10,2,2,6.0,Finished,correct,Correct,-0.8498636363636364,71.88,3,5,1,-6.0,4.0
2026,10,Belgian Grand Prix,Lando Norris,McLaren,3,1,2,7.0,Finished,over_predict,Finished worse than predicted — lost 4 places from grid,-0.8337954545454545,28.314,1,5,1,-7.0,-4.0
2026,10,Belgian Grand Prix,Gabriel Bortoleto,Audi,9,2,2,8.0,Finished,correct,Correct,-0.26275,23.127,1,5,1,0.0,1.0
2026,10,Belgian Grand Prix,Arvid Lindblad,RB F1 Team,8,2,2,9.0,Finished,correct,Correct,-0.23397727272727273,24.81,1,5,1,1.0,-1.0
2026,10,Belgian Grand Prix,Franco Colapinto,Alpine F1 Team,13,3,2,10.0,Finished,under_predict,Finished better than predicted — gained 3 places from grid,0.34854545454545455,24.146,1,5,1,5.0,3.0
2026,10,Belgian Grand Prix,Pierre Gasly,Alpine F1 Team,12,3,3,11.0,Finished,correct,Correct,0.37022727272727274,24.177,1,5,1,1.0,1.0
2026,10,Belgian Grand Prix,Liam Lawson,RB F1 Team,11,3,3,12.0,Finished,correct,Correct,0.38231818181818183,23.722,1,5,1,5.0,-1.0
2026,10,Belgian Grand Prix,Nico Hülkenberg,Audi,14,3,3,13.0,Finished,correct,Correct,0.4010681818181818,26.098,1,5,1,1.0,1.0
2026,10,Belgian Grand Prix,Oliver Bearman,Haas F1 Team,16,3,3,14.0,Finished,correct,Correct,0.7673636363636364,55.536,2,5,1,1.0,2.0
2026,10,Belgian Grand Prix,Alexander Albon,Williams,17,3,3,15.0,Finished,correct,Correct,0.9996136363636364,22.638,1,5,1,5.0,2.0
2026,10,Belgian Grand Prix,Carlos Sainz,Williams,15,3,3,16.0,Finished,correct,Correct,1.02625,34.841,1,5,1,1.0,-1.0
2026,10,Belgian Grand Prix,Esteban Ocon,Haas F1 Team,18,3,3,17.0,Finished,correct,Correct,1.1414545454545455,57.864000000000004,2,5,1,-3.0,1.0
2026,10,Belgian Grand Prix,Valtteri Bottas,Cadillac F1 Team,19,3,3,18.0,Lapped,correct,Correct,2.5896046511627904,56.504000000000005,2,5,1,-1.0,1.0
2026,10,Belgian Grand Prix,Fernando Alonso,Aston Martin,21,3,3,19.0,Lapped,correct,Correct,4.342952380952381,47.936,2,5,1,4.0,2.0
2026,10,Belgian Grand Prix,Lance Stroll,Aston Martin,22,3,3,20.0,Retired,correct_dnf,Correct — predicted out-of-points; the DNF delivered it,3.86612,31.649,1,5,1,3.0,2.0
2026,10,Belgian Grand Prix,Sergio Pérez,Cadillac F1 Team,20,3,3,21.0,Retired,correct_dnf,Correct — predicted out-of-points; the DNF delivered it,6.110538461538462,52.989000000000004,2,5,1,2.0,-1.0
2026,10,Belgian Grand Prix,George Russell,Mercedes,4,2,3,22.0,Retired,dnf_other,DNF destroyed the predicted outcome,,0.0,0,5,1,,
2026,11,Hungarian Grand Prix,Lando Norris,McLaren,1,1,1,1.0,Finished,correct,Correct,-1.1091142857142857,66.137,3,0,0,-1.0,0.0
2026,11,Hungarian Grand Prix,Max Verstappen,Red Bull,6,2,1,2.0,Finished,under_predict,Finished better than predicted — fast race pace (-0.89s/lap vs field median) — gained 4 places from grid,-0.8936857142857143,43.64,2,0,0,3.0,4.0
2026,11,Hungarian Grand Prix,Andrea Kimi Antonelli,Mercedes,4,2,1,3.0,Finished,under_predict,Finished better than predicted — fast race pace (-0.84s/lap vs field median),-0.8415714285714285,42.684,2,0,0,-2.0,1.0
2026,11,Hungarian Grand Prix,Charles Leclerc,Ferrari,3,1,2,4.0,Finished,over_predict,Finished worse than predicted,-0.7685428571428571,65.63900000000001,3,0,0,-2.0,-2.0
2026,11,Hungarian Grand Prix,Lewis Hamilton,Ferrari,2,1,2,5.0,Finished,over_predict,Finished worse than predicted,-0.8299714285714286,65.861,3,0,0,-2.0,-2.0
2026,11,Hungarian Grand Prix,Isack Hadjar,Red Bull,8,2,2,6.0,Finished,correct,Correct,-0.31642857142857145,44.033,2,0,0,1.0,2.0
2026,11,Hungarian Grand Prix,George Russell,Mercedes,7,2,2,7.0,Finished,correct,Correct,-0.28764285714285714,44.266,2,0,0,-12.0,0.0
2026,11,Hungarian Grand Prix,Liam Lawson,RB F1 Team,11,3,2,8.0,Lapped,under_predict,Finished better than predicted — gained 3 places from grid,0.4930434782608696,43.521,2,0,0,3.0,3.0
2026,11,Hungarian Grand Prix,Nico Hülkenberg,Audi,10,2,2,9.0,Lapped,correct,Correct,0.5270869565217391,43.606,2,0,0,0.0,1.0
2026,11,Hungarian Grand Prix,Arvid Lindblad,RB F1 Team,9,2,2,10.0,Lapped,correct,Correct,0.8266231884057971,21.395,1,0,0,0.0,-1.0
2026,11,Hungarian Grand Prix,Gabriel Bortoleto,Audi,14,3,3,11.0,Lapped,correct,Correct,0.8407971014492753,21.749,1,0,0,1.0,3.0
2026,11,Hungarian Grand Prix,Pierre Gasly,Alpine F1 Team,12,3,3,12.0,Lapped,correct,Correct,0.8611014492753624,64.77199999999999,3,0,0,1.0,0.0
2026,11,Hungarian Grand Prix,Lance Stroll,Aston Martin,20,3,3,13.0,Lapped,correct,Correct,1.0118115942028985,46.03,2,0,0,0.0,7.0
2026,11,Hungarian Grand Prix,Fernando Alonso,Aston Martin,16,3,3,14.0,Lapped,correct,Correct,1.0440434782608694,44.788,2,0,0,1.0,2.0
2026,11,Hungarian Grand Prix,Franco Colapinto,Alpine F1 Team,13,3,3,15.0,Lapped,correct,Correct,1.3855220588235295,45.201,2,0,0,-1.0,-2.0
2026,11,Hungarian Grand Prix,Esteban Ocon,Haas F1 Team,15,3,3,16.0,Lapped,correct,Correct,1.517625,44.903999999999996,2,0,0,3.0,-1.0
2026,11,Hungarian Grand Prix,Alexander Albon,Williams,19,3,3,17.0,Lapped,correct,Correct,2.103948529411765,44.862,2,0,0,1.0,1.0
2026,11,Hungarian Grand Prix,Carlos Sainz,Williams,18,3,3,18.0,Lapped,correct,Correct,2.1075367647058822,72.35400000000001,3,0,0,1.0,-1.0
2026,11,Hungarian Grand Prix,Oliver Bearman,Haas F1 Team,17,3,3,19.0,Lapped,correct,Correct,2.096139705882353,44.84,2,0,0,1.0,0.0
2026,11,Hungarian Grand Prix,Oscar Piastri,McLaren,5,2,3,20.0,Retired,dnf_other,DNF destroyed the predicted outcome,-1.0712272727272727,43.485,2,0,0,4.0,3.0
2026,11,Hungarian Grand Prix,Sergio Pérez,Cadillac F1 Team,22,3,3,21.0,Retired,correct_dnf,Correct — predicted out-of-points; the DNF delivered it,4.259989583333333,47.473,2,0,0,0.0,1.0
2026,11,Hungarian Grand Prix,Valtteri Bottas,Cadillac F1 Team,21,3,3,22.0,Retired,correct_dnf,Correct — predicted out-of-points; the DNF delivered it,1.7768846153846154,0.0,0,0,0,0.0,1.0
